case_id,maze_file,step,rank,selected,real_r,real_c,local_r,local_c,tile,score,deltaR,Iproxy,tailGain,qEff,pathLen,margin,projectedR,unknownCompSum,dominant_term
train_0290,C:\Users\tao20\Desktop\Algorithm\AIPlayerDesktop\data\蔡扬的\train\train_0290.json,0,1,True,1,1,1,0, ,5.736266666666669,0,18.000000000000004,0.0,1.0,1,8.0,0,12,Iproxy
train_0290,C:\Users\tao20\Desktop\Algorithm\AIPlayerDesktop\data\蔡扬的\train\train_0290.json,0,2,False,1,2,1,1, ,4.916266666666669,0,18.000000000000004,0.0,1.0,2,8.0,0,12,Iproxy
train_0290,C:\Users\tao20\Desktop\Algorithm\AIPlayerDesktop\data\蔡扬的\train\train_0290.json,1,1,True,1,2,1,1, ,4.789948070175434,0,15.157894736842103,0.0,1.0,1,8.0,0,12,Iproxy
train_0290,C:\Users\tao20\Desktop\Algorithm\AIPlayerDesktop\data\蔡扬的\train\train_0290.json,1,2,False,2,1,2,0, ,4.789948070175434,0,15.157894736842103,0.0,1.0,1,8.0,0,12,Iproxy
train_0290,C:\Users\tao20\Desktop\Algorithm\AIPlayerDesktop\data\蔡扬的\train\train_0290.json,2,1,True,2,3,2,2,G,93.09191078787879,50,45.81818181818182,0.0,1.0,2,0.0,50,12,deltaR
train_0290,C:\Users\tao20\Desktop\Algorithm\AIPlayerDesktop\data\蔡扬的\train\train_0290.json,2,2,False,1,3,1,2, ,66.6619107878788,0,45.81818181818182,25.0,1.0,1,8.0,0,12,Iproxy
train_0290,C:\Users\tao20\Desktop\Algorithm\AIPlayerDesktop\data\蔡扬的\train\train_0290.json,2,3,False,2,1,2,0, ,47.391910787878786,0,45.81818181818182,10.0,1.0,2,8.0,0,12,Iproxy
train_0290,C:\Users\tao20\Desktop\Algorithm\AIPlayerDesktop\data\蔡扬的\train\train_0290.json,3,1,True,2,3,2,2,G,91.06884741688889,50,40.31999999999999,0.0,1.0,1,0.0,50,12,deltaR
train_0290,C:\Users\tao20\Desktop\Algorithm\AIPlayerDesktop\data\蔡扬的\train\train_0290.json,3,2,False,2,1,2,0, ,43.728847416888875,0,40.31999999999999,10.0,1.0,3,8.0,0,12,Iproxy
train_0290,C:\Users\tao20\Desktop\Algorithm\AIPlayerDesktop\data\蔡扬的\train\train_0290.json,4,1,True,3,3,3,2, ,30.987486937777454,0,36.00000000000001,0.0,9.9999980000004,1,0.0,50,12,Iproxy
train_0290,C:\Users\tao20\Desktop\Algorithm\AIPlayerDesktop\data\蔡扬的\train\train_0290.json,4,2,False,2,1,2,0, ,6.3874918577764745,0,36.00000000000001,0.0,9.9999980000004,4,0.0,50,12,pathLen
train_0290,C:\Users\tao20\Desktop\Algorithm\AIPlayerDesktop\data\蔡扬的\train\train_0290.json,5,1,True,2,1,2,0, ,2.4961835362004265,0,32.516129032258064,0.0,8.333331944444677,5,0.0,50,12,pathLen
train_0290,C:\Users\tao20\Desktop\Algorithm\AIPlayerDesktop\data\蔡扬的\train\train_0290.json,6,1,True,2,1,2,0, ,14.248433624812485,0,32.516129032258064,0.0,7.142856122449126,4,0.0,50,12,Iproxy
train_0290,C:\Users\tao20\Desktop\Algorithm\AIPlayerDesktop\data\蔡扬的\train\train_0290.json,7,1,True,2,1,2,0, ,23.11332938673801,0,32.516129032258064,0.0,6.249999218750098,3,0.0,50,12,Iproxy
train_0290,C:\Users\tao20\Desktop\Algorithm\AIPlayerDesktop\data\蔡扬的\train\train_0290.json,8,1,True,2,1,2,0, ,30.0262779728318,0,32.516129032258064,0.0,5.555554938271674,2,0.0,50,12,Iproxy
train_0290,C:\Users\tao20\Desktop\Algorithm\AIPlayerDesktop\data\蔡扬的\train\train_0290.json,9,1,True,2,1,2,0, ,35.55663696698458,0,32.516129032258064,0.0,4.99999950000005,1,0.0,50,12,Iproxy
train_0290,C:\Users\tao20\Desktop\Algorithm\AIPlayerDesktop\data\蔡扬的\train\train_0290.json,10,1,True,3,1,3,0, ,33.898185387728354,0,30.545454545454543,0.0,4.545454132231443,1,0.0,50,12,Iproxy
train_0290,C:\Users\tao20\Desktop\Algorithm\AIPlayerDesktop\data\蔡扬的\train\train_0290.json,11,1,True,4,1,4,0, ,32.32056539855844,0,28.799999999999997,0.0,4.166666319444474,1,0.0,50,12,Iproxy
train_0290,C:\Users\tao20\Desktop\Algorithm\AIPlayerDesktop\data\蔡扬的\train\train_0290.json,12,1,True,5,2,5,1,G,100.55941358446582,50,45.473684210526315,0.0,3.846153550295881,2,0.0,100,12,deltaR
train_0290,C:\Users\tao20\Desktop\Algorithm\AIPlayerDesktop\data\蔡扬的\train\train_0290.json,12,2,False,5,1,5,0, ,84.46325949570843,0,45.473684210526315,25.0,3.846153550295881,1,0.0,50,12,Iproxy
train_0290,C:\Users\tao20\Desktop\Algorithm\AIPlayerDesktop\data\蔡扬的\train\train_0290.json,13,1,True,5,2,5,1,G,100.04258532511955,50,42.14634146341463,0.0,3.571428316326549,1,0.0,100,12,deltaR
train_0290,C:\Users\tao20\Desktop\Algorithm\AIPlayerDesktop\data\蔡扬的\train\train_0290.json,13,2,False,6,1,6,0, ,70.54258532511955,0,42.14634146341463,16.666666666666668,3.571428316326549,1,0.0,50,12,Iproxy
train_0290,C:\Users\tao20\Desktop\Algorithm\AIPlayerDesktop\data\蔡扬的\train\train_0290.json,14,1,True,5,3,5,2, ,45.20281496893684,0,40.18604651162791,0.0,6.666666222222252,1,0.0,100,12,Iproxy
train_0290,C:\Users\tao20\Desktop\Algorithm\AIPlayerDesktop\data\蔡扬的\train\train_0290.json,14,2,False,6,1,6,0, ,39.73614866671459,0,40.18604651162791,0.0,6.666666222222252,2,0.0,100,12,Iproxy
train_0290,C:\Users\tao20\Desktop\Algorithm\AIPlayerDesktop\data\蔡扬的\train\train_0290.json,14,3,False,6,3,6,2, ,39.73614866671459,0,40.18604651162791,0.0,6.666666222222252,2,0.0,100,12,Iproxy
train_0290,C:\Users\tao20\Desktop\Algorithm\AIPlayerDesktop\data\蔡扬的\train\train_0290.json,15,1,True,6,3,6,2, ,43.377310163910586,0,38.4,0.0,6.249999609375024,1,0.0,100,12,Iproxy
train_0290,C:\Users\tao20\Desktop\Algorithm\AIPlayerDesktop\data\蔡扬的\train\train_0290.json,15,2,False,6,1,6,0, ,33.12731080453555,0,38.4,0.0,6.249999609375024,3,0.0,100,12,Iproxy
train_0290,C:\Users\tao20\Desktop\Algorithm\AIPlayerDesktop\data\蔡扬的\train\train_0290.json,16,1,True,7,3,7,2, ,40.65477125467089,0,36.00000000000001,0.0,5.882352595155729,1,0.0,100,12,Iproxy
train_0290,C:\Users\tao20\Desktop\Algorithm\AIPlayerDesktop\data\蔡扬的\train\train_0290.json,16,2,False,6,1,6,0, ,26.184183870587795,0,36.00000000000001,0.0,5.882352595155729,4,0.0,100,12,Iproxy
train_0290,C:\Users\tao20\Desktop\Algorithm\AIPlayerDesktop\data\蔡扬的\train\train_0290.json,17,1,True,8,3,8,2, ,38.19902913662375,0,33.882352941176464,0.0,5.555555246913597,1,0.0,100,12,Iproxy
train_0290,C:\Users\tao20\Desktop\Algorithm\AIPlayerDesktop\data\蔡扬的\train\train_0290.json,17,2,False,6,1,6,0, ,19.976807926747156,0,33.882352941176464,0.0,5.555555246913597,5,0.0,100,12,Iproxy
train_0290,C:\Users\tao20\Desktop\Algorithm\AIPlayerDesktop\data\蔡扬的\train\train_0290.json,18,1,True,9,3,9,2, ,35.97487455188835,0,32.0,0.0,5.263157617728546,1,0.0,100,12,Iproxy
train_0290,C:\Users\tao20\Desktop\Algorithm\AIPlayerDesktop\data\蔡扬的\train\train_0290.json,18,2,False,9,4,9,3, ,31.65908530535094,0,32.0,0.0,5.263157617728546,2,0.0,100,12,Iproxy
train_0290,C:\Users\tao20\Desktop\Algorithm\AIPlayerDesktop\data\蔡扬的\train\train_0290.json,18,3,False,6,1,6,0, ,14.395928319201307,0,32.0,0.0,5.263157617728546,6,0.0,100,12,Iproxy
train_0290,C:\Users\tao20\Desktop\Algorithm\AIPlayerDesktop\data\蔡扬的\train\train_0290.json,19,1,True,9,4,9,3, ,33.95289080548395,0,30.315789473684212,0.0,4.999999750000012,1,0.0,100,12,Iproxy
train_0290,C:\Users\tao20\Desktop\Algorithm\AIPlayerDesktop\data\蔡扬的\train\train_0290.json,19,2,False,10,3,10,2, ,33.95289080548395,0,30.315789473684212,0.0,4.999999750000012,1,0.0,100,12,Iproxy
train_0290,C:\Users\tao20\Desktop\Algorithm\AIPlayerDesktop\data\蔡扬的\train\train_0290.json,19,3,False,6,1,6,0, ,9.352892035483897,0,30.315789473684212,0.0,4.999999750000012,7,0.0,100,12,pathLen
train_0290,C:\Users\tao20\Desktop\Algorithm\AIPlayerDesktop\data\蔡扬的\train\train_0290.json,20,1,True,9,5,9,4, ,32.108286750450155,0,28.799999999999997,0.0,4.761904535147403,1,0.0,100,12,Iproxy
train_0290,C:\Users\tao20\Desktop\Algorithm\AIPlayerDesktop\data\蔡扬的\train\train_0290.json,20,2,False,10,3,10,2, ,28.203525031629287,0,28.799999999999997,0.0,4.761904535147403,2,0.0,100,12,Iproxy
train_0290,C:\Users\tao20\Desktop\Algorithm\AIPlayerDesktop\data\蔡扬的\train\train_0290.json,20,3,False,6,1,6,0, ,4.774954718704063,0,28.799999999999997,0.0,4.761904535147403,8,0.0,100,12,pathLen
train_0290,C:\Users\tao20\Desktop\Algorithm\AIPlayerDesktop\data\蔡扬的\train\train_0290.json,21,1,True,10,3,10,2, ,22.96547083050624,0,27.428571428571423,0.0,4.545454338842984,3,0.0,100,12,Iproxy
train_0290,C:\Users\tao20\Desktop\Algorithm\AIPlayerDesktop\data\蔡扬的\train\train_0290.json,21,2,False,6,1,6,0, ,0.6018354833987587,0,27.428571428571423,0.0,4.545454338842984,9,0.0,100,12,pathLen
train_0290,C:\Users\tao20\Desktop\Algorithm\AIPlayerDesktop\data\蔡扬的\train\train_0290.json,22,1,True,10,3,10,2, ,26.896171715273567,0,27.428571428571423,0.0,4.347825897920613,2,0.0,100,12,Iproxy
train_0290,C:\Users\tao20\Desktop\Algorithm\AIPlayerDesktop\data\蔡扬的\train\train_0290.json,22,2,False,6,1,6,0, ,5.504868297504153,0,27.428571428571423,0.0,4.347825897920613,8,0.0,100,12,pathLen
train_0290,C:\Users\tao20\Desktop\Algorithm\AIPlayerDesktop\data\蔡扬的\train\train_0290.json,23,1,True,10,3,10,2, ,30.51339381060052,0,27.428571428571423,0.0,4.166666493055563,1,0.0,100,12,Iproxy
train_0290,C:\Users\tao20\Desktop\Algorithm\AIPlayerDesktop\data\蔡扬的\train\train_0290.json,23,2,False,6,1,6,0, ,10.013394664767151,0,27.428571428571423,0.0,4.166666493055563,7,0.0,100,12,pathLen
train_0290,C:\Users\tao20\Desktop\Algorithm\AIPlayerDesktop\data\蔡扬的\train\train_0290.json,24,1,True,11,3,11,2, ,28.989432301384966,0,26.181818181818183,0.0,3.9999998400000063,1,0.0,100,12,Iproxy
train_0290,C:\Users\tao20\Desktop\Algorithm\AIPlayerDesktop\data\蔡扬的\train\train_0290.json,24,2,False,11,2,11,1, ,25.70943243258496,0,26.181818181818183,0.0,3.9999998400000063,2,0.0,100,12,Iproxy
train_0290,C:\Users\tao20\Desktop\Algorithm\AIPlayerDesktop\data\蔡扬的\train\train_0290.json,24,3,False,11,4,11,3, ,25.70943243258496,0,26.181818181818183,0.0,3.9999998400000063,2,0.0,100,12,Iproxy
train_0290,C:\Users\tao20\Desktop\Algorithm\AIPlayerDesktop\data\蔡扬的\train\train_0290.json,24,4,False,6,1,6,0, ,6.029433219784931,0,26.181818181818183,0.0,3.9999998400000063,8,0.0,100,12,pathLen
train_0290,C:\Users\tao20\Desktop\Algorithm\AIPlayerDesktop\data\蔡扬的\train\train_0290.json,25,1,True,11,2,11,1, ,27.578972118014793,0,25.043478260869566,0.0,3.8461536982248576,1,0.0,100,12,Iproxy
train_0290,C:\Users\tao20\Desktop\Algorithm\AIPlayerDesktop\data\蔡扬的\train\train_0290.json,25,2,False,11,4,11,3, ,27.578972118014793,0,25.043478260869566,0.0,3.8461536982248576,1,0.0,100,12,Iproxy
train_0290,C:\Users\tao20\Desktop\Algorithm\AIPlayerDesktop\data\蔡扬的\train\train_0290.json,25,3,False,6,1,6,0, ,2.3482038576597297,0,25.043478260869566,0.0,3.8461536982248576,9,0.0,100,12,pathLen
train_0290,C:\Users\tao20\Desktop\Algorithm\AIPlayerDesktop\data\蔡扬的\train\train_0290.json,26,1,True,11,1,11,0,G,88.54742915533616,50,34.0,0.0,3.7037035665294975,1,0.0,150,12,deltaR
train_0290,C:\Users\tao20\Desktop\Algorithm\AIPlayerDesktop\data\蔡扬的\train\train_0290.json,26,2,False,11,4,11,3, ,50.88539223078198,0,34.0,12.5,3.7037035665294975,2,0.0,100,12,Iproxy
train_0290,C:\Users\tao20\Desktop\Algorithm\AIPlayerDesktop\data\蔡扬的\train\train_0290.json,26,3,False,6,1,6,0, ,16.339096834348474,0,34.0,4.166666666666667,3.7037035665294975,10,0.0,100,12,pathLen
train_0290,C:\Users\tao20\Desktop\Algorithm\AIPlayerDesktop\data\蔡扬的\train\train_0290.json,27,1,True,11,4,11,3, ,26.57607353690217,0,32.64000000000001,0.0,5.357142665816333,3,0.0,150,12,Iproxy
train_0290,C:\Users\tao20\Desktop\Algorithm\AIPlayerDesktop\data\蔡扬的\train\train_0290.json,27,2,False,6,1,6,0, ,-8.566782350852975,0,32.64000000000001,0.0,5.357142665816333,11,0.0,150,12,pathLen
train_0290,C:\Users\tao20\Desktop\Algorithm\AIPlayerDesktop\data\蔡扬的\train\train_0290.json,28,1,True,11,4,11,3, ,31.13873181312208,0,32.64000000000001,0.0,5.172413614744358,2,0.0,150,12,Iproxy
train_0290,C:\Users\tao20\Desktop\Algorithm\AIPlayerDesktop\data\蔡扬的\train\train_0290.json,28,2,False,6,1,6,0, ,-2.79230149960091,0,32.64000000000001,0.0,5.172413614744358,10,0.0,150,12,pathLen
train_0290,C:\Users\tao20\Desktop\Algorithm\AIPlayerDesktop\data\蔡扬的\train\train_0290.json,29,1,True,11,4,11,3, ,35.41496679516347,0,32.64000000000001,0.0,4.999999833333339,1,0.0,150,12,Iproxy
train_0290,C:\Users\tao20\Desktop\Algorithm\AIPlayerDesktop\data\蔡扬的\train\train_0290.json,29,2,False,6,1,6,0, ,2.6149678884967713,0,32.64000000000001,0.0,4.999999833333339,9,0.0,150,12,pathLen
train_0290,C:\Users\tao20\Desktop\Algorithm\AIPlayerDesktop\data\蔡扬的\train\train_0290.json,30,1,True,12,5,12,4,G,91.78892892863325,50,41.14285714285714,0.0,4.838709521331951,2,0.0,200,12,deltaR
train_0290,C:\Users\tao20\Desktop\Algorithm\AIPlayerDesktop\data\蔡扬的\train\train_0290.json,30,2,False,11,5,11,4, ,76.50667073612546,0,41.14285714285714,25.0,4.838709521331951,1,0.0,150,12,Iproxy
train_0290,C:\Users\tao20\Desktop\Algorithm\AIPlayerDesktop\data\蔡扬的\train\train_0290.json,30,3,False,6,1,6,0, ,14.777763699464899,0,41.14285714285714,3.8461538461538463,4.838709521331951,10,0.0,150,12,pathLen
train_0290,C:\Users\tao20\Desktop\Algorithm\AIPlayerDesktop\data\蔡扬的\train\train_0290.json,31,1,True,12,5,12,4,G,87.67816648851708,50,34.63291139240506,0.0,4.68749985351563,1,0.0,200,12,deltaR
train_0290,C:\Users\tao20\Desktop\Algorithm\AIPlayerDesktop\data\蔡扬的\train\train_0290.json,31,2,False,11,6,11,5,T,28.178166488517085,-30,34.63291139240506,16.666666666666668,4.68749985351563,1,0.0,120,12,Iproxy
train_0290,C:\Users\tao20\Desktop\Algorithm\AIPlayerDesktop\data\蔡扬的\train\train_0290.json,31,3,False,6,1,6,0, ,3.971436920458153,0,34.63291139240506,3.8461538461538463,4.68749985351563,11,0.0,150,12,pathLen
train_0290,C:\Users\tao20\Desktop\Algorithm\AIPlayerDesktop\data\蔡扬的\train\train_0290.json,32,1,True,13,5,13,4,T,-1.7194215857597994,-30,28.09756097560976,0.0,6.060605876951337,1,0.0,170,12,deltaR
train_0290,C:\Users\tao20\Desktop\Algorithm\AIPlayerDesktop\data\蔡扬的\train\train_0290.json,32,2,False,11,6,11,5,T,-6.6891184048598955,-30,28.09756097560976,0.0,6.060605876951337,2,0.0,170,12,deltaR
train_0290,C:\Users\tao20\Desktop\Algorithm\AIPlayerDesktop\data\蔡扬的\train\train_0290.json,32,3,False,13,4,13,3, ,-6.6891184048598955,-30,28.09756097560976,0.0,6.060605876951337,2,0.0,170,12,deltaR
train_0290,C:\Users\tao20\Desktop\Algorithm\AIPlayerDesktop\data\蔡扬的\train\train_0290.json,32,4,False,13,6,13,5, ,-6.6891184048598955,-30,28.09756097560976,0.0,6.060605876951337,2,0.0,170,12,deltaR
train_0290,C:\Users\tao20\Desktop\Algorithm\AIPlayerDesktop\data\蔡扬的\train\train_0290.json,32,5,False,6,1,6,0, ,-26.386086595860853,0,28.09756097560976,0.0,6.060605876951337,12,0.0,200,12,pathLen
train_0290,C:\Users\tao20\Desktop\Algorithm\AIPlayerDesktop\data\蔡扬的\train\train_0290.json,33,1,True,13,4,13,3, ,27.60252565813809,0,27.105882352941173,0.0,4.9999998529411815,1,0.0,170,12,Iproxy
train_0290,C:\Users\tao20\Desktop\Algorithm\AIPlayerDesktop\data\蔡扬的\train\train_0290.json,33,2,False,13,6,13,5, ,27.60252565813809,0,27.105882352941173,0.0,4.9999998529411815,1,0.0,170,12,Iproxy
train_0290,C:\Users\tao20\Desktop\Algorithm\AIPlayerDesktop\data\蔡扬的\train\train_0290.json,33,3,False,11,6,11,5,T,-10.597474100685446,-30,27.105882352941173,0.0,4.9999998529411815,3,0.0,140,12,deltaR
train_0290,C:\Users\tao20\Desktop\Algorithm\AIPlayerDesktop\data\蔡扬的\train\train_0290.json,33,4,False,6,1,6,0, ,-21.597472894803133,0,27.105882352941173,0.0,4.9999998529411815,13,0.0,170,12,pathLen
train_0290,C:\Users\tao20\Desktop\Algorithm\AIPlayerDesktop\data\蔡扬的\train\train_0290.json,34,1,True,13,3,13,2, ,26.67351636105931,0,26.482758620689648,0.0,4.857142718367351,1,0.0,170,12,Iproxy
train_0290,C:\Users\tao20\Desktop\Algorithm\AIPlayerDesktop\data\蔡扬的\train\train_0290.json,34,2,False,13,6,13,5, ,22.690659331998084,0,26.482758620689648,0.0,4.857142718367351,2,0.0,170,12,Iproxy
train_0290,C:\Users\tao20\Desktop\Algorithm\AIPlayerDesktop\data\蔡扬的\train\train_0290.json,34,3,False,11,6,11,5,T,-15.275054726124372,-30,26.482758620689648,0.0,4.857142718367351,4,0.0,140,12,deltaR
train_0290,C:\Users\tao20\Desktop\Algorithm\AIPlayerDesktop\data\蔡扬的\train\train_0290.json,34,4,False,6,1,6,0, ,-25.103625016736647,0,26.482758620689648,0.0,4.857142718367351,14,0.0,170,12,pathLen
train_0290,C:\Users\tao20\Desktop\Algorithm\AIPlayerDesktop\data\蔡扬的\train\train_0290.json,35,1,True,13,2,13,1, ,25.82241670916883,0,25.887640449438198,0.0,4.722222091049387,1,0.0,170,12,Iproxy
train_0290,C:\Users\tao20\Desktop\Algorithm\AIPlayerDesktop\data\蔡扬的\train\train_0290.json,35,2,False,13,6,13,5, ,18.077972479847837,0,25.887640449438198,0.0,4.722222091049387,3,0.0,170,12,Iproxy
train_0290,C:\Users\tao20\Desktop\Algorithm\AIPlayerDesktop\data\蔡扬的\train\train_0290.json,35,3,False,11,6,11,5,T,-19.666471749473157,-30,25.887640449438198,0.0,4.722222091049387,5,0.0,140,12,deltaR
train_0290,C:\Users\tao20\Desktop\Algorithm\AIPlayerDesktop\data\蔡扬的\train\train_0290.json,35,4,False,6,1,6,0, ,-28.388692896078133,0,25.887640449438198,0.0,4.722222091049387,15,0.0,170,12,pathLen
train_0290,C:\Users\tao20\Desktop\Algorithm\AIPlayerDesktop\data\蔡扬的\train\train_0290.json,36,1,True,13,1,13,0, ,25.036567571405392,0,25.318681318681318,0.0,4.594594470416366,1,0.0,170,12,Iproxy
train_0290,C:\Users\tao20\Desktop\Algorithm\AIPlayerDesktop\data\蔡扬的\train\train_0290.json,36,2,False,13,6,13,5, ,13.733865174181133,0,25.318681318681318,0.0,4.594594470416366,4,0.0,170,12,Iproxy
train_0290,C:\Users\tao20\Desktop\Algorithm\AIPlayerDesktop\data\蔡扬的\train\train_0290.json,36,3,False,11,6,11,5,T,-23.801269757301707,-30,25.318681318681318,0.0,4.594594470416366,6,0.0,140,12,deltaR
train_0290,C:\Users\tao20\Desktop\Algorithm\AIPlayerDesktop\data\蔡扬的\train\train_0290.json,36,4,False,6,1,6,0, ,-31.47694441471591,0,25.318681318681318,0.0,4.594594470416366,16,0.0,170,12,pathLen
train_0290,C:\Users\tao20\Desktop\Algorithm\AIPlayerDesktop\data\蔡扬的\train\train_0290.json,37,1,True,13,6,13,5, ,9.632214285427246,0,24.774193548387093,0.0,4.473684092797788,5,0.0,170,12,Iproxy
train_0290,C:\Users\tao20\Desktop\Algorithm\AIPlayerDesktop\data\蔡扬的\train\train_0290.json,37,2,False,11,6,11,5,T,-27.704627626761127,-30,24.774193548387093,0.0,4.473684092797788,7,0.0,140,12,pathLen
train_0290,C:\Users\tao20\Desktop\Algorithm\AIPlayerDesktop\data\蔡扬的\train\train_0290.json,37,3,False,6,1,6,0, ,-34.38883718770299,0,24.774193548387093,0.0,4.473684092797788,17,0.0,170,12,pathLen
train_0290,C:\Users\tao20\Desktop\Algorithm\AIPlayerDesktop\data\蔡扬的\train\train_0290.json,38,1,True,13,6,13,5, ,13.508585769456046,0,24.774193548387093,0.0,4.358974247205789,4,0.0,170,12,Iproxy
train_0290,C:\Users\tao20\Desktop\Algorithm\AIPlayerDesktop\data\蔡扬的\train\train_0290.json,38,2,False,11,6,11,5,T,-23.640131995961447,-30,24.774193548387093,0.0,4.358974247205789,6,0.0,140,12,deltaR
train_0290,C:\Users\tao20\Desktop\Algorithm\AIPlayerDesktop\data\蔡扬的\train\train_0290.json,38,3,False,6,1,6,0, ,-29.383720823048915,0,24.774193548387093,0.0,4.358974247205789,16,0.0,170,12,pathLen
train_0290,C:\Users\tao20\Desktop\Algorithm\AIPlayerDesktop\data\蔡扬的\train\train_0290.json,39,1,True,13,6,13,5, ,17.216383349180322,0,24.774193548387093,0.0,4.249999893750003,3,0.0,170,12,Iproxy
train_0290,C:\Users\tao20\Desktop\Algorithm\AIPlayerDesktop\data\蔡扬的\train\train_0290.json,39,2,False,11,6,11,5,T,-19.753616476569682,-30,24.774193548387093,0.0,4.249999893750003,5,0.0,140,12,deltaR
train_0290,C:\Users\tao20\Desktop\Algorithm\AIPlayerDesktop\data\蔡扬的\train\train_0290.json,39,3,False,6,1,6,0, ,-24.6036156053197,0,24.774193548387093,0.0,4.249999893750003,15,0.0,170,12,pathLen
train_0290,C:\Users\tao20\Desktop\Algorithm\AIPlayerDesktop\data\蔡扬的\train\train_0290.json,40,1,True,13,6,13,5, ,20.763672683670414,0,24.774193548387093,0.0,4.146341362284358,2,0.0,170,12,Iproxy
train_0290,C:\Users\tao20\Desktop\Algorithm\AIPlayerDesktop\data\蔡扬的\train\train_0290.json,40,2,False,11,6,11,5,T,-16.036327150475934,-30,24.774193548387093,0.0,4.146341362284358,4,0.0,140,12,deltaR
train_0290,C:\Users\tao20\Desktop\Algorithm\AIPlayerDesktop\data\蔡扬的\train\train_0290.json,40,3,False,6,1,6,0, ,-20.036326321207664,0,24.774193548387093,0.0,4.146341362284358,14,0.0,170,12,pathLen
train_0290,C:\Users\tao20\Desktop\Algorithm\AIPlayerDesktop\data\蔡扬的\train\train_0290.json,41,1,True,13,6,13,5, ,24.15845652180323,0,24.774193548387093,0.0,4.047618951247168,1,0.0,170,12,Iproxy
train_0290,C:\Users\tao20\Desktop\Algorithm\AIPlayerDesktop\data\蔡扬的\train\train_0290.json,41,2,False,11,6,11,5,T,-12.479638558242126,-30,24.774193548387093,0.0,4.047618951247168,3,0.0,140,12,deltaR
train_0290,C:\Users\tao20\Desktop\Algorithm\AIPlayerDesktop\data\蔡扬的\train\train_0290.json,41,3,False,6,1,6,0, ,-15.6701139584689,0,24.774193548387093,0.0,4.047618951247168,13,0.0,170,12,pathLen
train_0290,C:\Users\tao20\Desktop\Algorithm\AIPlayerDesktop\data\蔡扬的\train\train_0290.json,42,1,True,13,7,13,6, ,23.27460133662228,0,24.000000000000004,0.0,3.9534882801514355,1,0.0,170,12,Iproxy
train_0290,C:\Users\tao20\Desktop\Algorithm\AIPlayerDesktop\data\蔡扬的\train\train_0290.json,42,2,False,11,6,11,5,T,-16.450979832550253,-30,24.000000000000004,0.0,3.9534882801514355,4,0.0,140,12,deltaR
train_0290,C:\Users\tao20\Desktop\Algorithm\AIPlayerDesktop\data\蔡扬的\train\train_0290.json,42,3,False,6,1,6,0, ,-18.86958372979202,0,24.000000000000004,0.0,3.9534882801514355,14,0.0,170,12,pathLen
train_0290,C:\Users\tao20\Desktop\Algorithm\AIPlayerDesktop\data\蔡扬的\train\train_0290.json,43,1,True,11,6,11,5,T,-20.242412361359072,-30,23.27272727272727,0.0,3.8636362758264484,5,0.0,140,12,deltaR
train_0290,C:\Users\tao20\Desktop\Algorithm\AIPlayerDesktop\data\蔡扬的\train\train_0290.json,43,2,False,6,1,6,0, ,-21.924229823135946,0,23.27272727272727,0.0,3.8636362758264484,15,0.0,170,12,pathLen
train_0290,C:\Users\tao20\Desktop\Algorithm\AIPlayerDesktop\data\蔡扬的\train\train_0290.json,44,1,True,11,6,11,5,T,-16.884163437099296,-30,23.27272727272727,0.0,3.7777776938271628,4,0.0,140,12,deltaR
train_0290,C:\Users\tao20\Desktop\Algorithm\AIPlayerDesktop\data\蔡扬的\train\train_0290.json,44,2,False,6,1,6,0, ,-17.861940526482027,0,23.27272727272727,0.0,3.7777776938271628,14,0.0,170,12,pathLen
train_0290,C:\Users\tao20\Desktop\Algorithm\AIPlayerDesktop\data\蔡扬的\train\train_0290.json,45,1,True,11,6,11,5,T,-13.657595928235693,-30,23.27272727272727,0.0,3.6956520935727806,3,0.0,140,12,deltaR
train_0290,C:\Users\tao20\Desktop\Algorithm\AIPlayerDesktop\data\蔡扬的\train\train_0290.json,45,2,False,6,1,6,0, ,-13.96194309553249,0,23.27272727272727,0.0,3.6956520935727806,13,0.0,170,12,pathLen
train_0290,C:\Users\tao20\Desktop\Algorithm\AIPlayerDesktop\data\蔡扬的\train\train_0290.json,46,1,False,6,1,6,0, ,-10.216371723843427,0,23.27272727272727,0.0,3.617021199637847,12,0.0,170,12,pathLen
train_0290,C:\Users\tao20\Desktop\Algorithm\AIPlayerDesktop\data\蔡扬的\train\train_0290.json,46,2,True,11,6,11,5,T,-10.556797886813088,-30,23.27272727272727,0.0,3.617021199637847,2,0.0,140,12,deltaR
train_0290,C:\Users\tao20\Desktop\Algorithm\AIPlayerDesktop\data\蔡扬的\train\train_0290.json,47,1,False,6,1,6,0, ,-6.617588860290468,0,23.27272727272727,0.0,3.541666592881946,11,0.0,170,12,pathLen
train_0290,C:\Users\tao20\Desktop\Algorithm\AIPlayerDesktop\data\蔡扬的\train\train_0290.json,47,2,True,11,6,11,5,T,-7.575922798658512,-30,23.27272727272727,0.0,3.541666592881946,1,0.0,140,12,deltaR
train_0290,C:\Users\tao20\Desktop\Algorithm\AIPlayerDesktop\data\蔡扬的\train\train_0290.json,48,1,True,11,7,11,6, ,22.423938844839466,0,22.81188118811881,0.0,2.8571427988338205,1,0.0,140,12,Iproxy
train_0290,C:\Users\tao20\Desktop\Algorithm\AIPlayerDesktop\data\蔡扬的\train\train_0290.json,48,2,False,10,7,10,6, ,20.081081749795732,0,22.81188118811881,0.0,2.8571427988338205,2,0.0,140,12,Iproxy
train_0290,C:\Users\tao20\Desktop\Algorithm\AIPlayerDesktop\data\蔡扬的\train\train_0290.json,48,3,False,6,1,6,0, ,-3.3474892006415935,0,22.81188118811881,0.0,2.8571427988338205,12,0.0,140,12,pathLen
train_0290,C:\Users\tao20\Desktop\Algorithm\AIPlayerDesktop\data\蔡扬的\train\train_0290.json,49,1,True,10,7,10,6, ,21.92001704081973,0,22.36893203883495,0.0,2.7999999440000014,1,0.0,140,12,Iproxy
train_0290,C:\Users\tao20\Desktop\Algorithm\AIPlayerDesktop\data\蔡扬的\train\train_0290.json,49,2,False,11,8,11,7, ,21.92001704081973,0,22.36893203883495,0.0,2.7999999440000014,1,0.0,140,12,Iproxy
train_0290,C:\Users\tao20\Desktop\Algorithm\AIPlayerDesktop\data\蔡扬的\train\train_0290.json,49,3,False,6,1,6,0, ,-5.631982408140285,0,22.36893203883495,0.0,2.7999999440000014,13,0.0,140,12,pathLen
train_0290,C:\Users\tao20\Desktop\Algorithm\AIPlayerDesktop\data\蔡扬的\train\train_0290.json,50,1,True,9,7,9,6, ,21.42632637374328,0,21.942857142857143,0.0,2.7450979853902355,1,0.0,140,12,Iproxy
train_0290,C:\Users\tao20\Desktop\Algorithm\AIPlayerDesktop\data\蔡扬的\train\train_0290.json,50,2,False,9,8,9,7, ,19.175346025723286,0,21.942857142857143,0.0,2.7450979853902355,2,0.0,140,12,Iproxy
train_0290,C:\Users\tao20\Desktop\Algorithm\AIPlayerDesktop\data\蔡扬的\train\train_0290.json,50,3,False,11,8,11,7, ,19.175346025723286,0,21.942857142857143,0.0,2.7450979853902355,2,0.0,140,12,Iproxy
train_0290,C:\Users\tao20\Desktop\Algorithm\AIPlayerDesktop\data\蔡扬的\train\train_0290.json,50,4,False,6,1,6,0, ,-7.836418150516629,0,21.942857142857143,0.0,2.7450979853902355,14,0.0,140,12,pathLen
train_0290,C:\Users\tao20\Desktop\Algorithm\AIPlayerDesktop\data\蔡扬的\train\train_0290.json,51,1,True,8,7,8,6, ,20.943882708130037,0,21.532710280373838,0.0,2.6923076405325457,1,0.0,140,12,Iproxy
train_0290,C:\Users\tao20\Desktop\Algorithm\AIPlayerDesktop\data\蔡扬的\train\train_0290.json,51,2,False,9,8,9,7, ,20.943882708130037,0,21.532710280373838,0.0,2.6923076405325457,1,0.0,140,12,Iproxy
train_0290,C:\Users\tao20\Desktop\Algorithm\AIPlayerDesktop\data\蔡扬的\train\train_0290.json,51,3,False,11,8,11,7, ,16.52849817765666,0,21.532710280373838,0.0,2.6923076405325457,3,0.0,140,12,Iproxy
train_0290,C:\Users\tao20\Desktop\Algorithm\AIPlayerDesktop\data\蔡扬的\train\train_0290.json,51,4,False,6,1,6,0, ,-9.963809005183588,0,21.532710280373838,0.0,2.6923076405325457,15,0.0,140,12,pathLen
train_0290,C:\Users\tao20\Desktop\Algorithm\AIPlayerDesktop\data\蔡扬的\train\train_0290.json,52,1,True,7,7,7,6, ,20.256507042914734,0,20.94545454545455,0.0,2.6415093841224646,1,0.0,140,12,Iproxy
train_0290,C:\Users\tao20\Desktop\Algorithm\AIPlayerDesktop\data\蔡扬的\train\train_0290.json,52,2,False,9,8,9,7, ,18.090469347934313,0,20.94545454545455,0.0,2.6415093841224646,2,0.0,140,12,Iproxy
train_0290,C:\Users\tao20\Desktop\Algorithm\AIPlayerDesktop\data\蔡扬的\train\train_0290.json,52,3,False,11,8,11,7, ,13.758393957973471,0,20.94545454545455,0.0,2.6415093841224646,4,0.0,140,12,Iproxy
train_0290,C:\Users\tao20\Desktop\Algorithm\AIPlayerDesktop\data\蔡扬的\train\train_0290.json,52,4,False,6,1,6,0, ,-12.23405838179158,0,20.94545454545455,0.0,2.6415093841224646,16,0.0,140,12,pathLen
train_0290,C:\Users\tao20\Desktop\Algorithm\AIPlayerDesktop\data\蔡扬的\train\train_0290.json,53,1,True,6,7,6,6, ,19.592968297665426,0,20.38938053097345,0.0,2.5925925445816196,1,0.0,140,12,Iproxy
train_0290,C:\Users\tao20\Desktop\Algorithm\AIPlayerDesktop\data\蔡扬的\train\train_0290.json,53,2,False,9,8,9,7, ,15.34111652455157,0,20.38938053097345,0.0,2.5925925445816196,3,0.0,140,12,Iproxy
train_0290,C:\Users\tao20\Desktop\Algorithm\AIPlayerDesktop\data\蔡扬的\train\train_0290.json,53,3,False,11,8,11,7, ,11.089264751437714,0,20.38938053097345,0.0,2.5925925445816196,5,0.0,140,12,Iproxy
train_0290,C:\Users\tao20\Desktop\Algorithm\AIPlayerDesktop\data\蔡扬的\train\train_0290.json,53,4,False,6,1,6,0, ,-14.421845887245421,0,20.38938053097345,0.0,2.5925925445816196,17,0.0,140,12,pathLen
train_0290,C:\Users\tao20\Desktop\Algorithm\AIPlayerDesktop\data\蔡扬的\train\train_0290.json,54,1,True,5,7,5,6, ,18.953704315973866,0,19.862068965517246,0.0,2.545454499173555,1,0.0,140,12,Iproxy
train_0290,C:\Users\tao20\Desktop\Algorithm\AIPlayerDesktop\data\蔡扬的\train\train_0290.json,54,2,False,5,6,5,5, ,16.86643162665155,0,19.862068965517246,0.0,2.545454499173555,2,0.0,140,12,Iproxy
train_0290,C:\Users\tao20\Desktop\Algorithm\AIPlayerDesktop\data\蔡扬的\train\train_0290.json,54,3,False,5,8,5,7, ,16.86643162665155,0,19.862068965517246,0.0,2.545454499173555,2,0.0,140,12,Iproxy
train_0290,C:\Users\tao20\Desktop\Algorithm\AIPlayerDesktop\data\蔡扬的\train\train_0290.json,54,4,False,9,8,9,7, ,12.691886248006922,0,19.862068965517246,0.0,2.545454499173555,4,0.0,140,12,Iproxy
train_0290,C:\Users\tao20\Desktop\Algorithm\AIPlayerDesktop\data\蔡扬的\train\train_0290.json,54,5,False,11,8,11,7, ,8.517340869362293,0,19.862068965517246,0.0,2.545454499173555,6,0.0,140,12,Iproxy
train_0290,C:\Users\tao20\Desktop\Algorithm\AIPlayerDesktop\data\蔡扬的\train\train_0290.json,54,6,False,6,1,6,0, ,-16.529931402505486,0,19.862068965517246,0.0,2.545454499173555,18,0.0,140,12,pathLen
train_0290,C:\Users\tao20\Desktop\Algorithm\AIPlayerDesktop\data\蔡扬的\train\train_0290.json,55,1,True,4,7,4,6, ,18.338677660905336,0,19.36134453781513,0.0,2.499999955357144,1,0.0,140,12,Iproxy
train_0290,C:\Users\tao20\Desktop\Algorithm\AIPlayerDesktop\data\蔡扬的\train\train_0290.json,55,2,False,5,6,5,5, ,18.338677660905336,0,19.36134453781513,0.0,2.499999955357144,1,0.0,140,12,Iproxy
train_0290,C:\Users\tao20\Desktop\Algorithm\AIPlayerDesktop\data\蔡扬的\train\train_0290.json,55,3,False,5,8,5,7, ,18.338677660905336,0,19.36134453781513,0.0,2.499999955357144,1,0.0,140,12,Iproxy
train_0290,C:\Users\tao20\Desktop\Algorithm\AIPlayerDesktop\data\蔡扬的\train\train_0290.json,55,4,False,9,8,9,7, ,10.138677807333902,0,19.36134453781513,0.0,2.499999955357144,5,0.0,140,12,Iproxy
train_0290,C:\Users\tao20\Desktop\Algorithm\AIPlayerDesktop\data\蔡扬的\train\train_0290.json,55,5,False,11,8,11,7, ,6.038677880548187,0,19.36134453781513,0.0,2.499999955357144,7,0.0,140,12,Iproxy
train_0290,C:\Users\tao20\Desktop\Algorithm\AIPlayerDesktop\data\蔡扬的\train\train_0290.json,55,6,False,6,1,6,0, ,-18.561321680166113,0,19.36134453781513,0.0,2.499999955357144,19,0.0,140,12,pathLen
train_0290,C:\Users\tao20\Desktop\Algorithm\AIPlayerDesktop\data\蔡扬的\train\train_0290.json,56,1,True,3,7,3,6, ,17.747516667558813,0,18.885245901639344,0.0,2.4561403077870123,1,0.0,140,12,Iproxy
train_0290,C:\Users\tao20\Desktop\Algorithm\AIPlayerDesktop\data\蔡扬的\train\train_0290.json,56,2,False,3,6,3,5, ,15.733481615173462,0,18.885245901639344,0.0,2.4561403077870123,2,0.0,140,12,Iproxy
train_0290,C:\Users\tao20\Desktop\Algorithm\AIPlayerDesktop\data\蔡扬的\train\train_0290.json,56,3,False,3,8,3,7, ,15.733481615173462,0,18.885245901639344,0.0,2.4561403077870123,2,0.0,140,12,Iproxy
train_0290,C:\Users\tao20\Desktop\Algorithm\AIPlayerDesktop\data\蔡扬的\train\train_0290.json,56,4,False,5,6,5,5, ,15.733481615173462,0,18.885245901639344,0.0,2.4561403077870123,2,0.0,140,12,Iproxy
train_0290,C:\Users\tao20\Desktop\Algorithm\AIPlayerDesktop\data\蔡扬的\train\train_0290.json,56,5,False,5,8,5,7, ,15.733481615173462,0,18.885245901639344,0.0,2.4561403077870123,2,0.0,140,12,Iproxy
train_0290,C:\Users\tao20\Desktop\Algorithm\AIPlayerDesktop\data\蔡扬的\train\train_0290.json,56,6,False,9,8,9,7, ,7.6773414056320615,0,18.885245901639344,0.0,2.4561403077870123,6,0.0,140,12,Iproxy
train_0290,C:\Users\tao20\Desktop\Algorithm\AIPlayerDesktop\data\蔡扬的\train\train_0290.json,56,7,False,11,8,11,7, ,3.6492713008613613,0,18.885245901639344,0.0,2.4561403077870123,8,0.0,140,12,pathLen
train_0290,C:\Users\tao20\Desktop\Algorithm\AIPlayerDesktop\data\蔡扬的\train\train_0290.json,56,8,False,6,1,6,0, ,-20.519149327762836,0,18.885245901639344,0.0,2.4561403077870123,20,0.0,140,12,pathLen
train_0290,C:\Users\tao20\Desktop\Algorithm\AIPlayerDesktop\data\蔡扬的\train\train_0290.json,57,1,True,3,6,3,5, ,17.17962023406292,0,18.432000000000002,0.0,2.413793061831154,1,0.0,140,12,Iproxy
train_0290,C:\Users\tao20\Desktop\Algorithm\AIPlayerDesktop\data\蔡扬的\train\train_0290.json,57,2,False,3,8,3,7, ,17.17962023406292,0,18.432000000000002,0.0,2.413793061831154,1,0.0,140,12,Iproxy
train_0290,C:\Users\tao20\Desktop\Algorithm\AIPlayerDesktop\data\蔡扬的\train\train_0290.json,57,3,False,5,6,5,5, ,13.220999612659828,0,18.432000000000002,0.0,2.413793061831154,3,0.0,140,12,Iproxy
train_0290,C:\Users\tao20\Desktop\Algorithm\AIPlayerDesktop\data\蔡扬的\train\train_0290.json,57,4,False,5,8,5,7, ,13.220999612659828,0,18.432000000000002,0.0,2.413793061831154,3,0.0,140,12,Iproxy
train_0290,C:\Users\tao20\Desktop\Algorithm\AIPlayerDesktop\data\蔡扬的\train\train_0290.json,57,5,False,9,8,9,7, ,5.303758369853643,0,18.432000000000002,0.0,2.413793061831154,7,0.0,140,12,Iproxy
train_0290,C:\Users\tao20\Desktop\Algorithm\AIPlayerDesktop\data\蔡扬的\train\train_0290.json,57,6,False,11,8,11,7, ,1.3451377484505507,0,18.432000000000002,0.0,2.413793061831154,9,0.0,140,12,pathLen
train_0290,C:\Users\tao20\Desktop\Algorithm\AIPlayerDesktop\data\蔡扬的\train\train_0290.json,57,7,False,6,1,6,0, ,-22.406585979968007,0,18.432000000000002,0.0,2.413793061831154,21,0.0,140,12,pathLen
train_0290,C:\Users\tao20\Desktop\Algorithm\AIPlayerDesktop\data\蔡扬的\train\train_0290.json,58,1,True,2,5,2,4, ,14.68847271241604,0,18.000000000000004,0.0,2.372881315713876,2,0.0,140,12,Iproxy
train_0290,C:\Users\tao20\Desktop\Algorithm\AIPlayerDesktop\data\蔡扬的\train\train_0290.json,58,2,False,3,8,3,7, ,14.68847271241604,0,18.000000000000004,0.0,2.372881315713876,2,0.0,140,12,Iproxy
train_0290,C:\Users\tao20\Desktop\Algorithm\AIPlayerDesktop\data\蔡扬的\train\train_0290.json,58,3,False,5,8,5,7, ,10.796947354645283,0,18.000000000000004,0.0,2.372881315713876,4,0.0,140,12,Iproxy
train_0290,C:\Users\tao20\Desktop\Algorithm\AIPlayerDesktop\data\蔡扬的\train\train_0290.json,58,4,False,9,8,9,7, ,3.0138966391037716,0,18.000000000000004,0.0,2.372881315713876,8,0.0,140,12,pathLen
train_0290,C:\Users\tao20\Desktop\Algorithm\AIPlayerDesktop\data\蔡扬的\train\train_0290.json,58,5,False,11,8,11,7, ,-0.8776287186669833,0,18.000000000000004,0.0,2.372881315713876,10,0.0,140,12,pathLen
train_0290,C:\Users\tao20\Desktop\Algorithm\AIPlayerDesktop\data\蔡扬的\train\train_0290.json,58,6,False,5,6,5,5, ,-3.1380511979948134,0,4.500000000000001,0.0,2.372881315713876,4,0.0,140,3,pathLen
train_0290,C:\Users\tao20\Desktop\Algorithm\AIPlayerDesktop\data\蔡扬的\train\train_0290.json,58,7,False,6,1,6,0, ,-24.226780865291524,0,18.000000000000004,0.0,2.372881315713876,22,0.0,140,12,pathLen
train_0290,C:\Users\tao20\Desktop\Algorithm\AIPlayerDesktop\data\蔡扬的\train\train_0290.json,58,8,False,3,5,3,4, ,-1e+18,0,0.0,0.0,2.372881315713876,1,0.0,140,0,pathLen
train_0290,C:\Users\tao20\Desktop\Algorithm\AIPlayerDesktop\data\蔡扬的\train\train_0290.json,59,1,True,2,5,2,4, ,16.562748736794546,0,18.000000000000004,0.0,2.3333332944444454,1,0.0,140,12,Iproxy
train_0290,C:\Users\tao20\Desktop\Algorithm\AIPlayerDesktop\data\蔡扬的\train\train_0290.json,59,2,False,3,8,3,7, ,12.736082133905658,0,18.000000000000004,0.0,2.3333332944444454,3,0.0,140,12,Iproxy
train_0290,C:\Users\tao20\Desktop\Algorithm\AIPlayerDesktop\data\蔡扬的\train\train_0290.json,59,3,False,5,8,5,7, ,8.909415531016766,0,18.000000000000004,0.0,2.3333332944444454,5,0.0,140,12,Iproxy
train_0290,C:\Users\tao20\Desktop\Algorithm\AIPlayerDesktop\data\蔡扬的\train\train_0290.json,59,4,False,9,8,9,7, ,1.2560823252389852,0,18.000000000000004,0.0,2.3333332944444454,9,0.0,140,12,pathLen
train_0290,C:\Users\tao20\Desktop\Algorithm\AIPlayerDesktop\data\蔡扬的\train\train_0290.json,59,5,False,11,8,11,7, ,-2.5705842776499033,0,18.000000000000004,0.0,2.3333332944444454,11,0.0,140,12,pathLen
train_0290,C:\Users\tao20\Desktop\Algorithm\AIPlayerDesktop\data\蔡扬的\train\train_0290.json,59,6,False,5,6,5,5, ,-4.9476459976624785,0,4.500000000000001,0.0,2.3333332944444454,5,0.0,140,3,pathLen
train_0290,C:\Users\tao20\Desktop\Algorithm\AIPlayerDesktop\data\蔡扬的\train\train_0290.json,59,7,False,6,1,6,0, ,-25.530583894983245,0,18.000000000000004,0.0,2.3333332944444454,23,0.0,140,12,pathLen
train_0290,C:\Users\tao20\Desktop\Algorithm\AIPlayerDesktop\data\蔡扬的\train\train_0290.json,60,1,True,1,5,1,4, ,16.208470651296633,0,17.72307692307692,0.0,2.2950819295888207,1,0.0,140,12,Iproxy
train_0290,C:\Users\tao20\Desktop\Algorithm\AIPlayerDesktop\data\蔡扬的\train\train_0290.json,60,2,False,3,8,3,7, ,10.562569104508135,0,17.72307692307692,0.0,2.2950819295888207,4,0.0,140,12,Iproxy
train_0290,C:\Users\tao20\Desktop\Algorithm\AIPlayerDesktop\data\蔡扬的\train\train_0290.json,60,3,False,5,8,5,7, ,6.798634739982468,0,17.72307692307692,0.0,2.2950819295888207,6,0.0,140,12,Iproxy
train_0290,C:\Users\tao20\Desktop\Algorithm\AIPlayerDesktop\data\蔡扬的\train\train_0290.json,60,4,False,9,8,9,7, ,-0.729233989068863,0,17.72307692307692,0.0,2.2950819295888207,10,0.0,140,12,pathLen
train_0290,C:\Users\tao20\Desktop\Algorithm\AIPlayerDesktop\data\蔡扬的\train\train_0290.json,60,5,False,11,8,11,7, ,-4.49316835359453,0,17.72307692307692,0.0,2.2950819295888207,12,0.0,140,12,pathLen
train_0290,C:\Users\tao20\Desktop\Algorithm\AIPlayerDesktop\data\蔡扬的\train\train_0290.json,60,6,False,5,6,5,5, ,-6.769193635187132,0,4.43076923076923,0.0,2.2950819295888207,6,0.0,140,3,pathLen
train_0290,C:\Users\tao20\Desktop\Algorithm\AIPlayerDesktop\data\蔡扬的\train\train_0290.json,60,7,False,6,1,6,0, ,-27.076774540748527,0,17.72307692307692,0.0,2.2950819295888207,24,0.0,140,12,pathLen
train_0290,C:\Users\tao20\Desktop\Algorithm\AIPlayerDesktop\data\蔡扬的\train\train_0290.json,61,1,True,3,8,3,7, ,8.459068998765812,0,17.454545454545453,0.0,2.2580644797086373,5,0.0,140,12,Iproxy
train_0290,C:\Users\tao20\Desktop\Algorithm\AIPlayerDesktop\data\蔡扬的\train\train_0290.json,61,2,False,5,8,5,7, ,4.755843252043647,0,17.454545454545453,0.0,2.2580644797086373,7,0.0,140,12,Iproxy
train_0290,C:\Users\tao20\Desktop\Algorithm\AIPlayerDesktop\data\蔡扬的\train\train_0290.json,61,3,False,9,8,9,7, ,-2.6506082414006826,0,17.454545454545453,0.0,2.2580644797086373,11,0.0,140,12,pathLen
train_0290,C:\Users\tao20\Desktop\Algorithm\AIPlayerDesktop\data\蔡扬的\train\train_0290.json,61,4,False,11,8,11,7, ,-6.353833988122847,0,17.454545454545453,0.0,2.2580644797086373,13,0.0,140,12,pathLen
train_0290,C:\Users\tao20\Desktop\Algorithm\AIPlayerDesktop\data\蔡扬的\train\train_0290.json,61,5,False,5,6,5,5, ,-8.532006772134771,0,4.363636363636363,0.0,2.2580644797086373,7,0.0,140,3,pathLen
train_0290,C:\Users\tao20\Desktop\Algorithm\AIPlayerDesktop\data\蔡扬的\train\train_0290.json,61,6,False,6,1,6,0, ,-28.573188468455843,0,17.454545454545453,0.0,2.2580644797086373,25,0.0,140,12,pathLen
train_0290,C:\Users\tao20\Desktop\Algorithm\AIPlayerDesktop\data\蔡扬的\train\train_0290.json,62,1,True,3,8,3,7, ,10.348879052334567,0,17.454545454545453,0.0,2.222222186948854,4,0.0,140,12,Iproxy
train_0290,C:\Users\tao20\Desktop\Algorithm\AIPlayerDesktop\data\蔡扬的\train\train_0290.json,62,2,False,5,8,5,7, ,6.704434665738447,0,17.454545454545453,0.0,2.222222186948854,6,0.0,140,12,Iproxy
train_0290,C:\Users\tao20\Desktop\Algorithm\AIPlayerDesktop\data\蔡扬的\train\train_0290.json,62,3,False,9,8,9,7, ,-0.5844541074537943,0,17.454545454545453,0.0,2.222222186948854,10,0.0,140,12,pathLen
train_0290,C:\Users\tao20\Desktop\Algorithm\AIPlayerDesktop\data\蔡扬的\train\train_0290.json,62,4,False,11,8,11,7, ,-4.228898494049915,0,17.454545454545453,0.0,2.222222186948854,12,0.0,140,12,pathLen
train_0290,C:\Users\tao20\Desktop\Algorithm\AIPlayerDesktop\data\蔡扬的\train\train_0290.json,62,5,False,5,6,5,5, ,-6.523891203406659,0,4.363636363636363,0.0,2.222222186948854,6,0.0,140,3,pathLen
train_0290,C:\Users\tao20\Desktop\Algorithm\AIPlayerDesktop\data\蔡扬的\train\train_0290.json,62,6,False,6,1,6,0, ,-26.095564813626638,0,17.454545454545453,0.0,2.222222186948854,24,0.0,140,12,pathLen
train_0290,C:\Users\tao20\Desktop\Algorithm\AIPlayerDesktop\data\蔡扬的\train\train_0290.json,63,1,True,3,8,3,7, ,12.193025477573308,0,17.454545454545453,0.0,2.187499965820313,3,0.0,140,12,Iproxy
train_0290,C:\Users\tao20\Desktop\Algorithm\AIPlayerDesktop\data\蔡扬的\train\train_0290.json,63,2,False,5,8,5,7, ,8.605525533627995,0,17.454545454545453,0.0,2.187499965820313,5,0.0,140,12,Iproxy
train_0290,C:\Users\tao20\Desktop\Algorithm\AIPlayerDesktop\data\蔡扬的\train\train_0290.json,63,3,False,9,8,9,7, ,1.4305256457373687,0,17.454545454545453,0.0,2.187499965820313,9,0.0,140,12,pathLen
train_0290,C:\Users\tao20\Desktop\Algorithm\AIPlayerDesktop\data\蔡扬的\train\train_0290.json,63,4,False,11,8,11,7, ,-2.156974298207942,0,17.454545454545453,0.0,2.187499965820313,11,0.0,140,12,pathLen
train_0290,C:\Users\tao20\Desktop\Algorithm\AIPlayerDesktop\data\蔡扬的\train\train_0290.json,63,5,False,5,6,5,5, ,-4.5751810114904625,0,4.363636363636363,0.0,2.187499965820313,5,0.0,140,3,pathLen
train_0290,C:\Users\tao20\Desktop\Algorithm\AIPlayerDesktop\data\蔡扬的\train\train_0290.json,63,6,False,6,1,6,0, ,-23.68197396187982,0,17.454545454545453,0.0,2.187499965820313,23,0.0,140,12,pathLen
train_0290,C:\Users\tao20\Desktop\Algorithm\AIPlayerDesktop\data\蔡扬的\train\train_0290.json,64,1,True,3,8,3,7, ,13.991173809898351,0,17.454545454545453,0.0,2.15384612071006,2,0.0,140,12,Iproxy
train_0290,C:\Users\tao20\Desktop\Algorithm\AIPlayerDesktop\data\蔡扬的\train\train_0290.json,64,2,False,5,8,5,7, ,10.458866171933852,0,17.454545454545453,0.0,2.15384612071006,4,0.0,140,12,Iproxy
train_0290,C:\Users\tao20\Desktop\Algorithm\AIPlayerDesktop\data\蔡扬的\train\train_0290.json,64,3,False,9,8,9,7, ,3.3942508960048574,0,17.454545454545453,0.0,2.15384612071006,8,0.0,140,12,Iproxy
train_0290,C:\Users\tao20\Desktop\Algorithm\AIPlayerDesktop\data\蔡扬的\train\train_0290.json,64,4,False,11,8,11,7, ,-0.13805674195964102,0,17.454545454545453,0.0,2.15384612071006,10,0.0,140,12,pathLen
train_0290,C:\Users\tao20\Desktop\Algorithm\AIPlayerDesktop\data\蔡扬的\train\train_0290.json,64,5,False,5,6,5,5, ,-2.6837449139632836,0,4.363636363636363,0.0,2.15384612071006,4,0.0,140,3,pathLen
train_0290,C:\Users\tao20\Desktop\Algorithm\AIPlayerDesktop\data\蔡扬的\train\train_0290.json,64,6,False,6,1,6,0, ,-21.33190256974663,0,17.454545454545453,0.0,2.15384612071006,22,0.0,140,12,pathLen
train_0290,C:\Users\tao20\Desktop\Algorithm\AIPlayerDesktop\data\蔡扬的\train\train_0290.json,65,1,True,3,8,3,7, ,15.743452378320622,0,17.454545454545453,0.0,2.1212120890725443,1,0.0,140,12,Iproxy
train_0290,C:\Users\tao20\Desktop\Algorithm\AIPlayerDesktop\data\蔡扬的\train\train_0290.json,65,2,False,5,8,5,7, ,12.26466455224165,0,17.454545454545453,0.0,2.1212120890725443,3,0.0,140,12,Iproxy
train_0290,C:\Users\tao20\Desktop\Algorithm\AIPlayerDesktop\data\蔡扬的\train\train_0290.json,65,3,False,9,8,9,7, ,5.307088900083704,0,17.454545454545453,0.0,2.1212120890725443,7,0.0,140,12,Iproxy
train_0290,C:\Users\tao20\Desktop\Algorithm\AIPlayerDesktop\data\蔡扬的\train\train_0290.json,65,4,False,11,8,11,7, ,1.8283010740047327,0,17.454545454545453,0.0,2.1212120890725443,9,0.0,140,12,pathLen
train_0290,C:\Users\tao20\Desktop\Algorithm\AIPlayerDesktop\data\蔡扬的\train\train_0290.json,65,5,False,5,6,5,5, ,-0.8474701662784314,0,4.363636363636363,0.0,2.1212120890725443,3,0.0,140,3,pathLen
train_0290,C:\Users\tao20\Desktop\Algorithm\AIPlayerDesktop\data\蔡扬的\train\train_0290.json,65,6,False,6,1,6,0, ,-19.044425882469103,0,17.454545454545453,0.0,2.1212120890725443,21,0.0,140,12,pathLen
train_0290,C:\Users\tao20\Desktop\Algorithm\AIPlayerDesktop\data\蔡扬的\train\train_0290.json,66,1,True,3,9,3,8,G,70.6660567581023,50,22.4,0.0,2.089552207618624,1,0.0,190,12,deltaR
train_0290,C:\Users\tao20\Desktop\Algorithm\AIPlayerDesktop\data\蔡扬的\train\train_0290.json,66,2,False,2,9,2,8, ,68.95262394785503,50,22.4,0.0,2.089552207618624,2,0.0,190,12,deltaR
train_0290,C:\Users\tao20\Desktop\Algorithm\AIPlayerDesktop\data\蔡扬的\train\train_0290.json,66,3,False,5,8,5,7, ,25.775758327360485,0,22.4,8.333333333333334,2.089552207618624,4,0.0,140,12,Iproxy
train_0290,C:\Users\tao20\Desktop\Algorithm\AIPlayerDesktop\data\蔡扬的\train\train_0290.json,66,4,False,9,8,9,7, ,14.822027086371396,0,22.4,5.0,2.089552207618624,8,0.0,140,12,Iproxy
train_0290,C:\Users\tao20\Desktop\Algorithm\AIPlayerDesktop\data\蔡扬的\train\train_0290.json,66,5,False,11,8,11,7, ,10.370161465876851,0,22.4,4.166666666666667,2.089552207618624,10,0.0,140,12,Iproxy
train_0290,C:\Users\tao20\Desktop\Algorithm\AIPlayerDesktop\data\蔡扬的\train\train_0290.json,66,6,False,5,6,5,5, ,8.991141151098306,0,5.6,8.333333333333334,2.089552207618624,4,0.0,140,3,pathLen
train_0290,C:\Users\tao20\Desktop\Algorithm\AIPlayerDesktop\data\蔡扬的\train\train_0290.json,66,7,False,6,1,6,0, ,-12.75353225709041,0,22.4,2.0833333333333335,2.089552207618624,22,0.0,140,12,pathLen
train_0290,C:\Users\tao20\Desktop\Algorithm\AIPlayerDesktop\data\蔡扬的\train\train_0290.json,67,1,True,2,9,2,8, ,19.52015163108926,0,21.91304347826087,0.0,2.794117605968859,1,0.0,190,12,Iproxy
train_0290,C:\Users\tao20\Desktop\Algorithm\AIPlayerDesktop\data\蔡扬的\train\train_0290.json,67,2,False,5,8,5,7, ,10.355445883511402,0,21.91304347826087,0.0,2.794117605968859,5,0.0,190,12,Iproxy
train_0290,C:\Users\tao20\Desktop\Algorithm\AIPlayerDesktop\data\蔡扬的\train\train_0290.json,67,3,False,9,8,9,7, ,1.1907401359335452,0,21.91304347826087,0.0,2.794117605968859,9,0.0,190,12,pathLen
train_0290,C:\Users\tao20\Desktop\Algorithm\AIPlayerDesktop\data\蔡扬的\train\train_0290.json,67,4,False,11,8,11,7, ,-3.3916127378553824,0,21.91304347826087,0.0,2.794117605968859,11,0.0,190,12,pathLen
train_0290,C:\Users\tao20\Desktop\Algorithm\AIPlayerDesktop\data\蔡扬的\train\train_0290.json,67,5,False,5,6,5,5, ,-6.00305016747639,0,5.478260869565218,0.0,2.794117605968859,5,0.0,190,3,pathLen
train_0290,C:\Users\tao20\Desktop\Algorithm\AIPlayerDesktop\data\蔡扬的\train\train_0290.json,67,6,False,6,1,6,0, ,-30.885729980588955,0,21.91304347826087,0.0,2.794117605968859,23,0.0,190,12,pathLen
train_0290,C:\Users\tao20\Desktop\Algorithm\AIPlayerDesktop\data\蔡扬的\train\train_0290.json,68,1,True,1,9,1,8, ,18.98882205869531,0,21.446808510638295,0.0,2.753623148498215,1,0.0,190,12,Iproxy
train_0290,C:\Users\tao20\Desktop\Algorithm\AIPlayerDesktop\data\蔡扬的\train\train_0290.json,68,2,False,1,8,1,7, ,16.730851076926772,0,21.446808510638295,0.0,2.753623148498215,2,0.0,190,12,Iproxy
train_0290,C:\Users\tao20\Desktop\Algorithm\AIPlayerDesktop\data\蔡扬的\train\train_0290.json,68,3,False,1,10,1,9, ,16.730851076926772,0,21.446808510638295,0.0,2.753623148498215,2,0.0,190,12,Iproxy
train_0290,C:\Users\tao20\Desktop\Algorithm\AIPlayerDesktop\data\蔡扬的\train\train_0290.json,68,4,False,5,8,5,7, ,7.698967149852628,0,21.446808510638295,0.0,2.753623148498215,6,0.0,190,12,Iproxy
train_0290,C:\Users\tao20\Desktop\Algorithm\AIPlayerDesktop\data\蔡扬的\train\train_0290.json,68,5,False,9,8,9,7, ,-1.33291677722152,0,21.446808510638295,0.0,2.753623148498215,10,0.0,190,12,pathLen
train_0290,C:\Users\tao20\Desktop\Algorithm\AIPlayerDesktop\data\蔡扬的\train\train_0290.json,68,6,False,11,8,11,7, ,-5.84885874075859,0,21.446808510638295,0.0,2.753623148498215,12,0.0,190,12,pathLen
train_0290,C:\Users\tao20\Desktop\Algorithm\AIPlayerDesktop\data\蔡扬的\train\train_0290.json,68,7,False,5,6,5,5, ,-8.236127630495258,0,5.361702127659574,0.0,2.753623148498215,6,0.0,190,3,pathLen
train_0290,C:\Users\tao20\Desktop\Algorithm\AIPlayerDesktop\data\蔡扬的\train\train_0290.json,68,8,False,6,1,6,0, ,-32.94451052198103,0,21.446808510638295,0.0,2.753623148498215,24,0.0,190,12,pathLen
train_0290,C:\Users\tao20\Desktop\Algorithm\AIPlayerDesktop\data\蔡扬的\train\train_0290.json,69,1,True,1,8,1,7, ,18.46383096111164,0,20.999999999999996,0.0,2.714285675510205,1,0.0,190,12,Iproxy
train_0290,C:\Users\tao20\Desktop\Algorithm\AIPlayerDesktop\data\蔡扬的\train\train_0290.json,69,2,False,1,10,1,9, ,18.46383096111164,0,20.999999999999996,0.0,2.714285675510205,1,0.0,190,12,Iproxy
train_0290,C:\Users\tao20\Desktop\Algorithm\AIPlayerDesktop\data\蔡扬的\train\train_0290.json,69,3,False,5,8,5,7, ,5.109545437601433,0,20.999999999999996,0.0,2.714285675510205,7,0.0,190,12,Iproxy
train_0290,C:\Users\tao20\Desktop\Algorithm\AIPlayerDesktop\data\蔡扬的\train\train_0290.json,69,4,False,9,8,9,7, ,-3.7933115780720392,0,20.999999999999996,0.0,2.714285675510205,11,0.0,190,12,pathLen
train_0290,C:\Users\tao20\Desktop\Algorithm\AIPlayerDesktop\data\蔡扬的\train\train_0290.json,69,5,False,11,8,11,7, ,-8.244740085908777,0,20.999999999999996,0.0,2.714285675510205,13,0.0,190,12,pathLen
train_0290,C:\Users\tao20\Desktop\Algorithm\AIPlayerDesktop\data\蔡扬的\train\train_0290.json,69,6,False,5,6,5,5, ,-10.407613473671073,0,5.249999999999999,0.0,2.714285675510205,7,0.0,190,3,pathLen
train_0290,C:\Users\tao20\Desktop\Algorithm\AIPlayerDesktop\data\蔡扬的\train\train_0290.json,69,7,False,6,1,6,0, ,-34.953311132929194,0,20.999999999999996,0.0,2.714285675510205,25,0.0,190,12,pathLen
train_0290,C:\Users\tao20\Desktop\Algorithm\AIPlayerDesktop\data\蔡扬的\train\train_0290.json,70,1,True,1,10,1,9, ,15.903282579724397,0,20.712328767123285,0.0,2.6760563003372355,2,0.0,190,12,Iproxy
train_0290,C:\Users\tao20\Desktop\Algorithm\AIPlayerDesktop\data\蔡扬的\train\train_0290.json,70,2,False,5,8,5,7, ,2.7370855820651983,0,20.712328767123285,0.0,2.6760563003372355,8,0.0,190,12,pathLen
train_0290,C:\Users\tao20\Desktop\Algorithm\AIPlayerDesktop\data\蔡扬的\train\train_0290.json,70,3,False,9,8,9,7, ,-6.040379083040936,0,20.712328767123285,0.0,2.6760563003372355,12,0.0,190,12,pathLen
train_0290,C:\Users\tao20\Desktop\Algorithm\AIPlayerDesktop\data\蔡扬的\train\train_0290.json,70,4,False,11,8,11,7, ,-10.429111415594,0,20.712328767123285,0.0,2.6760563003372355,14,0.0,190,12,pathLen
train_0290,C:\Users\tao20\Desktop\Algorithm\AIPlayerDesktop\data\蔡扬的\train\train_0290.json,70,5,False,5,6,5,5, ,-12.481925602142898,0,5.178082191780821,0.0,2.6760563003372355,8,0.0,190,3,pathLen
train_0290,C:\Users\tao20\Desktop\Algorithm\AIPlayerDesktop\data\蔡扬的\train\train_0290.json,70,6,False,6,1,6,0, ,-36.76150541091239,0,20.712328767123285,0.0,2.6760563003372355,26,0.0,190,12,pathLen
train_0290,C:\Users\tao20\Desktop\Algorithm\AIPlayerDesktop\data\蔡扬的\train\train_0290.json,70,7,False,1,7,1,6, ,-1e+18,0,0.0,0.0,2.6760563003372355,1,0.0,190,0,pathLen
train_0290,C:\Users\tao20\Desktop\Algorithm\AIPlayerDesktop\data\蔡扬的\train\train_0290.json,71,1,True,1,10,1,9, ,18.036836553323067,0,20.712328767123285,0.0,2.638888852237655,1,0.0,190,12,Iproxy
train_0290,C:\Users\tao20\Desktop\Algorithm\AIPlayerDesktop\data\蔡扬的\train\train_0290.json,71,2,False,5,8,5,7, ,5.053503400313808,0,20.712328767123285,0.0,2.638888852237655,7,0.0,190,12,Iproxy
train_0290,C:\Users\tao20\Desktop\Algorithm\AIPlayerDesktop\data\蔡扬的\train\train_0290.json,71,3,False,9,8,9,7, ,-3.6020520350257,0,20.712328767123285,0.0,2.638888852237655,11,0.0,190,12,pathLen
train_0290,C:\Users\tao20\Desktop\Algorithm\AIPlayerDesktop\data\蔡扬的\train\train_0290.json,71,4,False,11,8,11,7, ,-7.929829752695451,0,20.712328767123285,0.0,2.638888852237655,13,0.0,190,12,pathLen
train_0290,C:\Users\tao20\Desktop\Algorithm\AIPlayerDesktop\data\蔡扬的\train\train_0290.json,71,5,False,5,6,5,5, ,-10.09704065880465,0,5.178082191780821,0.0,2.638888852237655,7,0.0,190,3,pathLen
train_0290,C:\Users\tao20\Desktop\Algorithm\AIPlayerDesktop\data\蔡扬的\train\train_0290.json,71,6,False,6,1,6,0, ,-33.89649605871397,0,20.712328767123285,0.0,2.638888852237655,25,0.0,190,12,pathLen
train_0290,C:\Users\tao20\Desktop\Algorithm\AIPlayerDesktop\data\蔡扬的\train\train_0290.json,71,7,False,1,7,1,6, ,-1e+18,0,0.0,0.0,2.638888852237655,2,0.0,190,0,pathLen
train_0290,C:\Users\tao20\Desktop\Algorithm\AIPlayerDesktop\data\蔡扬的\train\train_0290.json,72,1,True,1,11,1,10, ,17.5532835366696,0,20.295302013422816,0.0,2.602739690373429,1,0.0,190,12,Iproxy
train_0290,C:\Users\tao20\Desktop\Algorithm\AIPlayerDesktop\data\蔡扬的\train\train_0290.json,72,2,False,2,11,2,10, ,15.419036990563388,0,20.295302013422816,0.0,2.602739690373429,2,0.0,190,12,Iproxy
train_0290,C:\Users\tao20\Desktop\Algorithm\AIPlayerDesktop\data\蔡扬的\train\train_0290.json,72,3,False,5,8,5,7, ,2.61355771392612,0,20.295302013422816,0.0,2.602739690373429,8,0.0,190,12,pathLen
train_0290,C:\Users\tao20\Desktop\Algorithm\AIPlayerDesktop\data\蔡扬的\train\train_0290.json,72,4,False,9,8,9,7, ,-5.923428470498724,0,20.295302013422816,0.0,2.602739690373429,12,0.0,190,12,pathLen
train_0290,C:\Users\tao20\Desktop\Algorithm\AIPlayerDesktop\data\蔡扬的\train\train_0290.json,72,5,False,11,8,11,7, ,-10.191921562711148,0,20.295302013422816,0.0,2.602739690373429,14,0.0,190,12,pathLen
train_0290,C:\Users\tao20\Desktop\Algorithm\AIPlayerDesktop\data\蔡扬的\train\train_0290.json,72,6,False,5,6,5,5, ,-12.15208984815574,0,5.073825503355704,0.0,2.602739690373429,8,0.0,190,3,pathLen
train_0290,C:\Users\tao20\Desktop\Algorithm\AIPlayerDesktop\data\蔡扬的\train\train_0290.json,72,7,False,6,1,6,0, ,-35.80288011598569,0,20.295302013422816,0.0,2.602739690373429,26,0.0,190,12,pathLen
train_0290,C:\Users\tao20\Desktop\Algorithm\AIPlayerDesktop\data\蔡扬的\train\train_0290.json,72,8,False,1,7,1,6, ,-1e+18,0,0.0,0.0,2.602739690373429,3,0.0,190,0,pathLen
train_0290,C:\Users\tao20\Desktop\Algorithm\AIPlayerDesktop\data\蔡扬的\train\train_0290.json,73,1,True,2,11,2,10, ,17.075730705947688,0,19.89473684210526,0.0,2.5675675328707093,1,0.0,190,12,Iproxy
train_0290,C:\Users\tao20\Desktop\Algorithm\AIPlayerDesktop\data\蔡扬的\train\train_0290.json,73,2,False,5,8,5,7, ,0.2324876903158355,0,19.89473684210526,0.0,2.5675675328707093,9,0.0,190,12,pathLen
train_0290,C:\Users\tao20\Desktop\Algorithm\AIPlayerDesktop\data\蔡扬的\train\train_0290.json,73,3,False,9,8,9,7, ,-8.189133817500089,0,19.89473684210526,0.0,2.5675675328707093,13,0.0,190,12,pathLen
train_0290,C:\Users\tao20\Desktop\Algorithm\AIPlayerDesktop\data\蔡扬的\train\train_0290.json,73,4,False,11,8,11,7, ,-12.399944571408053,0,19.89473684210526,0.0,2.5675675328707093,15,0.0,190,12,pathLen
train_0290,C:\Users\tao20\Desktop\Algorithm\AIPlayerDesktop\data\蔡扬的\train\train_0290.json,73,5,False,5,6,5,5, ,-14.153364371860416,0,4.973684210526315,0.0,2.5675675328707093,9,0.0,190,3,pathLen
train_0290,C:\Users\tao20\Desktop\Algorithm\AIPlayerDesktop\data\蔡扬的\train\train_0290.json,73,6,False,6,1,6,0, ,-37.664809094855826,0,19.89473684210526,0.0,2.5675675328707093,27,0.0,190,12,pathLen
train_0290,C:\Users\tao20\Desktop\Algorithm\AIPlayerDesktop\data\蔡扬的\train\train_0290.json,73,7,False,1,7,1,6, ,-1e+18,0,0.0,0.0,2.5675675328707093,4,0.0,190,0,pathLen
train_0290,C:\Users\tao20\Desktop\Algorithm\AIPlayerDesktop\data\蔡扬的\train\train_0290.json,74,1,True,3,11,3,10, ,16.739014666317974,0,19.636363636363637,0.0,2.533333299555556,1,0.0,190,12,Iproxy
train_0290,C:\Users\tao20\Desktop\Algorithm\AIPlayerDesktop\data\蔡扬的\train\train_0290.json,74,2,False,3,12,3,11, ,14.661681360682419,0,19.636363636363637,0.0,2.533333299555556,2,0.0,190,12,Iproxy
train_0290,C:\Users\tao20\Desktop\Algorithm\AIPlayerDesktop\data\蔡扬的\train\train_0290.json,74,3,False,5,8,5,7, ,-1.956985084402028,0,19.636363636363637,0.0,2.533333299555556,10,0.0,190,12,pathLen
train_0290,C:\Users\tao20\Desktop\Algorithm\AIPlayerDesktop\data\蔡扬的\train\train_0290.json,74,4,False,9,8,9,7, ,-10.266318306944253,0,19.636363636363637,0.0,2.533333299555556,14,0.0,190,12,pathLen
train_0290,C:\Users\tao20\Desktop\Algorithm\AIPlayerDesktop\data\蔡扬的\train\train_0290.json,74,5,False,11,8,11,7, ,-14.420984918215364,0,19.636363636363637,0.0,2.533333299555556,16,0.0,190,12,pathLen
train_0290,C:\Users\tao20\Desktop\Algorithm\AIPlayerDesktop\data\蔡扬的\train\train_0290.json,74,6,False,5,6,5,5, ,-16.069246063367174,0,4.909090909090909,0.0,2.533333299555556,10,0.0,190,3,pathLen
train_0290,C:\Users\tao20\Desktop\Algorithm\AIPlayerDesktop\data\蔡扬的\train\train_0290.json,74,7,False,6,1,6,0, ,-39.34898458584203,0,19.636363636363637,0.0,2.533333299555556,28,0.0,190,12,pathLen
train_0290,C:\Users\tao20\Desktop\Algorithm\AIPlayerDesktop\data\蔡扬的\train\train_0290.json,74,8,False,1,7,1,6, ,-1e+18,0,0.0,0.0,2.533333299555556,5,0.0,190,0,pathLen
train_0290,C:\Users\tao20\Desktop\Algorithm\AIPlayerDesktop\data\蔡扬的\train\train_0290.json,75,1,True,3,12,3,11, ,16.411352898271453,0,19.384615384615387,0.0,2.4999999671052637,1,0.0,190,12,Iproxy
train_0290,C:\Users\tao20\Desktop\Algorithm\AIPlayerDesktop\data\蔡扬的\train\train_0290.json,75,2,False,4,11,4,10, ,16.411352898271453,0,19.384615384615387,0.0,2.4999999671052637,1,0.0,190,12,Iproxy
train_0290,C:\Users\tao20\Desktop\Algorithm\AIPlayerDesktop\data\蔡扬的\train\train_0290.json,75,3,False,5,8,5,7, ,-4.088646831991706,0,19.384615384615387,0.0,2.4999999671052637,11,0.0,190,12,pathLen
train_0290,C:\Users\tao20\Desktop\Algorithm\AIPlayerDesktop\data\蔡扬的\train\train_0290.json,75,4,False,9,8,9,7, ,-12.28864672409697,0,19.384615384615387,0.0,2.4999999671052637,15,0.0,190,12,pathLen
train_0290,C:\Users\tao20\Desktop\Algorithm\AIPlayerDesktop\data\蔡扬的\train\train_0290.json,75,5,False,11,8,11,7, ,-16.388646670149605,0,19.384615384615387,0.0,2.4999999671052637,17,0.0,190,12,pathLen
train_0290,C:\Users\tao20\Desktop\Algorithm\AIPlayerDesktop\data\蔡扬的\train\train_0290.json,75,6,False,5,6,5,5, ,-17.934661485465035,0,4.846153846153847,0.0,2.4999999671052637,11,0.0,190,3,pathLen
train_0290,C:\Users\tao20\Desktop\Algorithm\AIPlayerDesktop\data\蔡扬的\train\train_0290.json,75,7,False,6,1,6,0, ,-40.988646346465394,0,19.384615384615387,0.0,2.4999999671052637,29,0.0,190,12,pathLen
train_0290,C:\Users\tao20\Desktop\Algorithm\AIPlayerDesktop\data\蔡扬的\train\train_0290.json,75,8,False,1,7,1,6, ,-1e+18,0,0.0,0.0,2.4999999671052637,6,0.0,190,0,pathLen
train_0290,C:\Users\tao20\Desktop\Algorithm\AIPlayerDesktop\data\蔡扬的\train\train_0290.json,76,1,True,3,13,3,12, ,15.967314644592005,0,19.018867924528305,0.0,2.467532435486592,1,0.0,190,12,Iproxy
train_0290,C:\Users\tao20\Desktop\Algorithm\AIPlayerDesktop\data\蔡扬的\train\train_0290.json,76,2,False,2,13,2,12, ,13.943938047492999,0,19.018867924528305,0.0,2.467532435486592,2,0.0,190,12,Iproxy
train_0290,C:\Users\tao20\Desktop\Algorithm\AIPlayerDesktop\data\蔡扬的\train\train_0290.json,76,3,False,4,11,4,10, ,13.943938047492999,0,19.018867924528305,0.0,2.467532435486592,2,0.0,190,12,Iproxy
train_0290,C:\Users\tao20\Desktop\Algorithm\AIPlayerDesktop\data\蔡扬的\train\train_0290.json,76,4,False,5,8,5,7, ,-6.28982792349705,0,19.018867924528305,0.0,2.467532435486592,12,0.0,190,12,pathLen
train_0290,C:\Users\tao20\Desktop\Algorithm\AIPlayerDesktop\data\蔡扬的\train\train_0290.json,76,5,False,9,8,9,7, ,-14.383334311893073,0,19.018867924528305,0.0,2.467532435486592,16,0.0,190,12,pathLen
train_0290,C:\Users\tao20\Desktop\Algorithm\AIPlayerDesktop\data\蔡扬的\train\train_0290.json,76,6,False,11,8,11,7, ,-18.430087506091084,0,19.018867924528305,0.0,2.467532435486592,18,0.0,190,12,pathLen
train_0290,C:\Users\tao20\Desktop\Algorithm\AIPlayerDesktop\data\蔡扬的\train\train_0290.json,76,7,False,5,6,5,5, ,-19.782846354765308,0,4.754716981132076,0.0,2.467532435486592,12,0.0,190,3,pathLen
train_0290,C:\Users\tao20\Desktop\Algorithm\AIPlayerDesktop\data\蔡扬的\train\train_0290.json,76,8,False,6,1,6,0, ,-42.710606671279145,0,19.018867924528305,0.0,2.467532435486592,30,0.0,190,12,pathLen
train_0290,C:\Users\tao20\Desktop\Algorithm\AIPlayerDesktop\data\蔡扬的\train\train_0290.json,76,9,False,1,7,1,6, ,-1e+18,0,0.0,0.0,2.467532435486592,7,0.0,190,0,pathLen
train_0290,C:\Users\tao20\Desktop\Algorithm\AIPlayerDesktop\data\蔡扬的\train\train_0290.json,77,1,True,2,13,2,12, ,15.531521695722232,0,18.666666666666664,0.0,2.435897404667982,1,0.0,190,12,Iproxy
train_0290,C:\Users\tao20\Desktop\Algorithm\AIPlayerDesktop\data\蔡扬的\train\train_0290.json,77,2,False,4,11,4,10, ,11.536649952066742,0,18.666666666666664,0.0,2.435897404667982,3,0.0,190,12,Iproxy
train_0290,C:\Users\tao20\Desktop\Algorithm\AIPlayerDesktop\data\蔡扬的\train\train_0290.json,77,3,False,5,8,5,7, ,-8.437708766210712,0,18.666666666666664,0.0,2.435897404667982,13,0.0,190,12,pathLen
train_0290,C:\Users\tao20\Desktop\Algorithm\AIPlayerDesktop\data\蔡扬的\train\train_0290.json,77,4,False,9,8,9,7, ,-16.42745225352169,0,18.666666666666664,0.0,2.435897404667982,17,0.0,190,12,pathLen
train_0290,C:\Users\tao20\Desktop\Algorithm\AIPlayerDesktop\data\蔡扬的\train\train_0290.json,77,5,False,11,8,11,7, ,-20.422323997177184,0,18.666666666666664,0.0,2.435897404667982,19,0.0,190,12,pathLen
train_0290,C:\Users\tao20\Desktop\Algorithm\AIPlayerDesktop\data\蔡扬的\train\train_0290.json,77,6,False,5,6,5,5, ,-21.584426941873193,0,4.666666666666666,0.0,2.435897404667982,13,0.0,190,3,pathLen
train_0290,C:\Users\tao20\Desktop\Algorithm\AIPlayerDesktop\data\蔡扬的\train\train_0290.json,77,7,False,6,1,6,0, ,-44.391554459110125,0,18.666666666666664,0.0,2.435897404667982,31,0.0,190,12,pathLen
train_0290,C:\Users\tao20\Desktop\Algorithm\AIPlayerDesktop\data\蔡扬的\train\train_0290.json,77,8,False,1,7,1,6, ,-1e+18,0,0.0,0.0,2.435897404667982,8,0.0,190,0,pathLen
train_0290,C:\Users\tao20\Desktop\Algorithm\AIPlayerDesktop\data\蔡扬的\train\train_0290.json,78,1,True,4,11,4,10, ,6.806493752683752,0,15.804878048780488,0.0,2.405063260695402,4,0.0,190,12,Iproxy
train_0290,C:\Users\tao20\Desktop\Algorithm\AIPlayerDesktop\data\蔡扬的\train\train_0290.json,78,2,False,5,8,5,7, ,-12.915024985018542,0,15.804878048780488,0.0,2.405063260695402,14,0.0,190,12,pathLen
train_0290,C:\Users\tao20\Desktop\Algorithm\AIPlayerDesktop\data\蔡扬的\train\train_0290.json,78,3,False,1,13,1,12,T,-17.277050626005558,-30,15.804878048780488,0.0,2.405063260695402,1,0.0,160,12,deltaR
train_0290,C:\Users\tao20\Desktop\Algorithm\AIPlayerDesktop\data\蔡扬的\train\train_0290.json,78,4,False,9,8,9,7, ,-20.80363248009946,0,15.804878048780488,0.0,2.405063260695402,18,0.0,190,12,pathLen
train_0290,C:\Users\tao20\Desktop\Algorithm\AIPlayerDesktop\data\蔡扬的\train\train_0290.json,78,5,False,5,6,5,5, ,-23.936350920842045,0,3.951219512195122,0.0,2.405063260695402,14,0.0,190,3,pathLen
train_0290,C:\Users\tao20\Desktop\Algorithm\AIPlayerDesktop\data\蔡扬的\train\train_0290.json,78,6,False,11,8,11,7, ,-24.74793622763992,0,15.804878048780488,0.0,2.405063260695402,20,0.0,190,12,pathLen
train_0290,C:\Users\tao20\Desktop\Algorithm\AIPlayerDesktop\data\蔡扬的\train\train_0290.json,78,7,False,6,1,6,0, ,-48.413758712882675,0,15.804878048780488,0.0,2.405063260695402,32,0.0,190,12,pathLen
train_0290,C:\Users\tao20\Desktop\Algorithm\AIPlayerDesktop\data\蔡扬的\train\train_0290.json,78,8,False,1,7,1,6, ,-1e+18,0,0.0,0.0,2.405063260695402,9,0.0,190,0,pathLen
train_0290,C:\Users\tao20\Desktop\Algorithm\AIPlayerDesktop\data\蔡扬的\train\train_0290.json,79,1,True,4,11,4,10, ,8.735409318548713,0,15.804878048780488,0.0,2.3749999703125004,3,0.0,190,12,Iproxy
train_0290,C:\Users\tao20\Desktop\Algorithm\AIPlayerDesktop\data\蔡扬的\train\train_0290.json,79,2,False,5,8,5,7, ,-10.739590438013789,0,15.804878048780488,0.0,2.3749999703125004,13,0.0,190,12,pathLen
train_0290,C:\Users\tao20\Desktop\Algorithm\AIPlayerDesktop\data\蔡扬的\train\train_0290.json,79,3,False,9,8,9,7, ,-18.529590340638794,0,15.804878048780488,0.0,2.3749999703125004,17,0.0,190,12,pathLen
train_0290,C:\Users\tao20\Desktop\Algorithm\AIPlayerDesktop\data\蔡扬的\train\train_0290.json,79,4,False,1,13,1,12,T,-19.317090705795035,-30,15.804878048780488,0.0,2.3749999703125004,2,0.0,160,12,deltaR
train_0290,C:\Users\tao20\Desktop\Algorithm\AIPlayerDesktop\data\蔡扬的\train\train_0290.json,79,5,False,5,6,5,5, ,-21.673022372151888,0,3.951219512195122,0.0,2.3749999703125004,13,0.0,190,3,pathLen
train_0290,C:\Users\tao20\Desktop\Algorithm\AIPlayerDesktop\data\蔡扬的\train\train_0290.json,79,6,False,11,8,11,7, ,-22.424590291951294,0,15.804878048780488,0.0,2.3749999703125004,19,0.0,190,12,pathLen
train_0290,C:\Users\tao20\Desktop\Algorithm\AIPlayerDesktop\data\蔡扬的\train\train_0290.json,79,7,False,6,1,6,0, ,-45.7945899998263,0,15.804878048780488,0.0,2.3749999703125004,31,0.0,190,12,pathLen
train_0290,C:\Users\tao20\Desktop\Algorithm\AIPlayerDesktop\data\蔡扬的\train\train_0290.json,79,8,False,1,7,1,6, ,-1e+18,0,0.0,0.0,2.3749999703125004,8,0.0,190,0,pathLen
train_0290,C:\Users\tao20\Desktop\Algorithm\AIPlayerDesktop\data\蔡扬的\train\train_0290.json,80,1,True,4,11,4,10, ,10.637242110965548,0,15.804878048780488,0.0,2.345678983386679,2,0.0,190,12,Iproxy
train_0290,C:\Users\tao20\Desktop\Algorithm\AIPlayerDesktop\data\蔡扬的\train\train_0290.json,80,2,False,5,8,5,7, ,-8.597325552805218,0,15.804878048780488,0.0,2.345678983386679,12,0.0,190,12,pathLen
train_0290,C:\Users\tao20\Desktop\Algorithm\AIPlayerDesktop\data\蔡扬的\train\train_0290.json,80,3,False,9,8,9,7, ,-16.291152618313525,0,15.804878048780488,0.0,2.345678983386679,16,0.0,190,12,pathLen
train_0290,C:\Users\tao20\Desktop\Algorithm\AIPlayerDesktop\data\蔡扬的\train\train_0290.json,80,4,False,5,6,5,5, ,-19.460442285594993,0,3.951219512195122,0.0,2.345678983386679,12,0.0,190,3,pathLen
train_0290,C:\Users\tao20\Desktop\Algorithm\AIPlayerDesktop\data\蔡扬的\train\train_0290.json,80,5,False,11,8,11,7, ,-20.138066151067676,0,15.804878048780488,0.0,2.345678983386679,18,0.0,190,12,pathLen
train_0290,C:\Users\tao20\Desktop\Algorithm\AIPlayerDesktop\data\蔡扬的\train\train_0290.json,80,6,False,1,13,1,12,T,-21.286214655411527,-30,15.804878048780488,0.0,2.345678983386679,3,0.0,160,12,deltaR
train_0290,C:\Users\tao20\Desktop\Algorithm\AIPlayerDesktop\data\蔡扬的\train\train_0290.json,80,7,False,6,1,6,0, ,-43.2195473475926,0,15.804878048780488,0.0,2.345678983386679,30,0.0,190,12,pathLen
train_0290,C:\Users\tao20\Desktop\Algorithm\AIPlayerDesktop\data\蔡扬的\train\train_0290.json,80,8,False,1,7,1,6, ,-1e+18,0,0.0,0.0,2.345678983386679,7,0.0,190,0,pathLen
train_0290,C:\Users\tao20\Desktop\Algorithm\AIPlayerDesktop\data\蔡扬的\train\train_0290.json,81,1,True,4,11,4,10, ,12.50915278545222,0,15.804878048780488,0.0,2.317073142474718,1,0.0,190,12,Iproxy
train_0290,C:\Users\tao20\Desktop\Algorithm\AIPlayerDesktop\data\蔡扬的\train\train_0290.json,81,2,False,5,8,5,7, ,-6.490846982840463,0,15.804878048780488,0.0,2.317073142474718,11,0.0,190,12,pathLen
train_0290,C:\Users\tao20\Desktop\Algorithm\AIPlayerDesktop\data\蔡扬的\train\train_0290.json,81,3,False,9,8,9,7, ,-14.09084689015754,0,15.804878048780488,0.0,2.317073142474718,15,0.0,190,12,pathLen
train_0290,C:\Users\tao20\Desktop\Algorithm\AIPlayerDesktop\data\蔡扬的\train\train_0290.json,81,4,False,5,6,5,5, ,-17.29771155455158,0,3.951219512195122,0.0,2.317073142474718,11,0.0,190,3,pathLen
train_0290,C:\Users\tao20\Desktop\Algorithm\AIPlayerDesktop\data\蔡扬的\train\train_0290.json,81,5,False,11,8,11,7, ,-17.890846843816075,0,15.804878048780488,0.0,2.317073142474718,17,0.0,190,12,pathLen
train_0290,C:\Users\tao20\Desktop\Algorithm\AIPlayerDesktop\data\蔡扬的\train\train_0290.json,81,6,False,1,13,1,12,T,-23.190847145035583,-30,15.804878048780488,0.0,2.317073142474718,4,0.0,160,12,deltaR
train_0290,C:\Users\tao20\Desktop\Algorithm\AIPlayerDesktop\data\蔡扬的\train\train_0290.json,81,7,False,6,1,6,0, ,-40.6908465657673,0,15.804878048780488,0.0,2.317073142474718,29,0.0,190,12,pathLen
train_0290,C:\Users\tao20\Desktop\Algorithm\AIPlayerDesktop\data\蔡扬的\train\train_0290.json,81,8,False,1,7,1,6, ,-1e+18,0,0.0,0.0,2.317073142474718,6,0.0,190,0,pathLen
train_0290,C:\Users\tao20\Desktop\Algorithm\AIPlayerDesktop\data\蔡扬的\train\train_0290.json,82,1,True,5,11,5,10, ,12.188124513499575,0,15.520958083832335,0.0,2.2891565989258242,1,0.0,190,12,Iproxy
train_0290,C:\Users\tao20\Desktop\Algorithm\AIPlayerDesktop\data\蔡扬的\train\train_0290.json,82,2,False,5,12,5,11, ,10.3110161023804,0,15.520958083832335,0.0,2.2891565989258242,2,0.0,190,12,Iproxy
train_0290,C:\Users\tao20\Desktop\Algorithm\AIPlayerDesktop\data\蔡扬的\train\train_0290.json,82,3,False,5,8,5,7, ,-8.460068008811358,0,15.520958083832335,0.0,2.2891565989258242,12,0.0,190,12,pathLen
train_0290,C:\Users\tao20\Desktop\Algorithm\AIPlayerDesktop\data\蔡扬的\train\train_0290.json,82,4,False,9,8,9,7, ,-15.968501653288062,0,15.520958083832335,0.0,2.2891565989258242,16,0.0,190,12,pathLen
train_0290,C:\Users\tao20\Desktop\Algorithm\AIPlayerDesktop\data\蔡扬的\train\train_0290.json,82,5,False,5,6,5,5, ,-19.00899270227542,0,3.8802395209580838,0.0,2.2891565989258242,12,0.0,190,3,pathLen
train_0290,C:\Users\tao20\Desktop\Algorithm\AIPlayerDesktop\data\蔡扬的\train\train_0290.json,82,6,False,11,8,11,7, ,-19.72271847552641,0,15.520958083832335,0.0,2.2891565989258242,18,0.0,190,12,pathLen
train_0290,C:\Users\tao20\Desktop\Algorithm\AIPlayerDesktop\data\蔡扬的\train\train_0290.json,82,7,False,1,13,1,12,T,-25.32030913097713,-30,15.520958083832335,0.0,2.2891565989258242,5,0.0,160,12,deltaR
train_0290,C:\Users\tao20\Desktop\Algorithm\AIPlayerDesktop\data\蔡扬的\train\train_0290.json,82,8,False,6,1,6,0, ,-42.24801940895652,0,15.520958083832335,0.0,2.2891565989258242,30,0.0,190,12,pathLen
train_0290,C:\Users\tao20\Desktop\Algorithm\AIPlayerDesktop\data\蔡扬的\train\train_0290.json,82,9,False,1,7,1,6, ,-1e+18,0,0.0,0.0,2.2891565989258242,7,0.0,190,0,pathLen
train_0290,C:\Users\tao20\Desktop\Algorithm\AIPlayerDesktop\data\蔡扬的\train\train_0290.json,83,1,True,5,12,5,11, ,11.869623415857046,0,15.24705882352941,0.0,2.2619047349773247,1,0.0,190,12,Iproxy
train_0290,C:\Users\tao20\Desktop\Algorithm\AIPlayerDesktop\data\蔡扬的\train\train_0290.json,83,2,False,6,11,6,10, ,11.869623415857046,0,15.24705882352941,0.0,2.2619047349773247,1,0.0,190,12,Iproxy
train_0290,C:\Users\tao20\Desktop\Algorithm\AIPlayerDesktop\data\蔡扬的\train\train_0290.json,83,3,False,5,8,5,7, ,-10.387519176319826,0,15.24705882352941,0.0,2.2619047349773247,13,0.0,190,12,pathLen
train_0290,C:\Users\tao20\Desktop\Algorithm\AIPlayerDesktop\data\蔡扬的\train\train_0290.json,83,4,False,9,8,9,7, ,-17.806566707045448,0,15.24705882352941,0.0,2.2619047349773247,17,0.0,190,12,pathLen
train_0290,C:\Users\tao20\Desktop\Algorithm\AIPlayerDesktop\data\蔡扬的\train\train_0290.json,83,5,False,5,6,5,5, ,-20.680808150223665,0,3.8117647058823527,0.0,2.2619047349773247,13,0.0,190,3,pathLen
train_0290,C:\Users\tao20\Desktop\Algorithm\AIPlayerDesktop\data\蔡扬的\train\train_0290.json,83,6,False,11,8,11,7, ,-21.516090472408266,0,15.24705882352941,0.0,2.2619047349773247,19,0.0,190,12,pathLen
train_0290,C:\Users\tao20\Desktop\Algorithm\AIPlayerDesktop\data\蔡扬的\train\train_0290.json,83,7,False,1,13,1,12,T,-27.404185997549988,-30,15.24705882352941,0.0,2.2619047349773247,6,0.0,160,12,deltaR
train_0290,C:\Users\tao20\Desktop\Algorithm\AIPlayerDesktop\data\蔡扬的\train\train_0290.json,83,8,False,6,1,6,0, ,-43.773233064585135,0,15.24705882352941,0.0,2.2619047349773247,31,0.0,190,12,pathLen
train_0290,C:\Users\tao20\Desktop\Algorithm\AIPlayerDesktop\data\蔡扬的\train\train_0290.json,83,9,False,1,7,1,6, ,-1e+18,0,0.0,0.0,2.2619047349773247,8,0.0,190,0,pathLen
train_0290,C:\Users\tao20\Desktop\Algorithm\AIPlayerDesktop\data\蔡扬的\train\train_0290.json,84,1,True,5,13,5,12, ,11.641573732309878,0,15.069767441860467,0.0,2.2352940913494814,1,0.0,190,12,Iproxy
train_0290,C:\Users\tao20\Desktop\Algorithm\AIPlayerDesktop\data\蔡扬的\train\train_0290.json,84,2,False,6,11,6,10, ,9.808632577403303,0,15.069767441860467,0.0,2.2352940913494814,2,0.0,190,12,Iproxy
train_0290,C:\Users\tao20\Desktop\Algorithm\AIPlayerDesktop\data\蔡扬的\train\train_0290.json,84,3,False,6,13,6,12, ,9.808632577403303,0,15.069767441860467,0.0,2.2352940913494814,2,0.0,190,12,Iproxy
train_0290,C:\Users\tao20\Desktop\Algorithm\AIPlayerDesktop\data\蔡扬的\train\train_0290.json,84,4,False,5,8,5,7, ,-12.186661281475592,0,15.069767441860467,0.0,2.2352940913494814,14,0.0,190,12,pathLen
train_0290,C:\Users\tao20\Desktop\Algorithm\AIPlayerDesktop\data\蔡扬的\train\train_0290.json,84,5,False,9,8,9,7, ,-19.518425901101892,0,15.069767441860467,0.0,2.2352940913494814,18,0.0,190,12,pathLen
train_0290,C:\Users\tao20\Desktop\Algorithm\AIPlayerDesktop\data\蔡扬的\train\train_0290.json,84,6,False,5,6,5,5, ,-22.29254744688793,0,3.7674418604651168,0.0,2.2352940913494814,14,0.0,190,3,pathLen
train_0290,C:\Users\tao20\Desktop\Algorithm\AIPlayerDesktop\data\蔡扬的\train\train_0290.json,84,7,False,11,8,11,7, ,-23.18430821091504,0,15.069767441860467,0.0,2.2352940913494814,20,0.0,190,12,pathLen
train_0290,C:\Users\tao20\Desktop\Algorithm\AIPlayerDesktop\data\蔡扬的\train\train_0290.json,84,8,False,1,13,1,12,T,-29.35607319712957,-30,15.069767441860467,0.0,2.2352940913494814,7,0.0,160,12,deltaR
train_0290,C:\Users\tao20\Desktop\Algorithm\AIPlayerDesktop\data\蔡扬的\train\train_0290.json,84,9,False,6,1,6,0, ,-45.17960206979394,0,15.069767441860467,0.0,2.2352940913494814,32,0.0,190,12,pathLen
train_0290,C:\Users\tao20\Desktop\Algorithm\AIPlayerDesktop\data\蔡扬的\train\train_0290.json,84,10,False,1,7,1,6, ,-1e+18,0,0.0,0.0,2.2352940913494814,9,0.0,190,0,pathLen
train_0290,C:\Users\tao20\Desktop\Algorithm\AIPlayerDesktop\data\蔡扬的\train\train_0290.json,85,1,True,6,13,6,12, ,11.419732428081968,0,14.896551724137927,0.0,2.2093022998918337,1,0.0,190,12,Iproxy
train_0290,C:\Users\tao20\Desktop\Algorithm\AIPlayerDesktop\data\蔡扬的\train\train_0290.json,85,2,False,6,11,6,10, ,7.79647665625936,0,14.896551724137927,0.0,2.2093022998918337,3,0.0,190,12,Iproxy
train_0290,C:\Users\tao20\Desktop\Algorithm\AIPlayerDesktop\data\蔡扬的\train\train_0290.json,85,3,False,5,8,5,7, ,-13.943057974676282,0,14.896551724137927,0.0,2.2093022998918337,15,0.0,190,12,pathLen
train_0290,C:\Users\tao20\Desktop\Algorithm\AIPlayerDesktop\data\蔡扬的\train\train_0290.json,85,4,False,9,8,9,7, ,-21.1895695183215,0,14.896551724137927,0.0,2.2093022998918337,19,0.0,190,12,pathLen
train_0290,C:\Users\tao20\Desktop\Algorithm\AIPlayerDesktop\data\蔡扬的\train\train_0290.json,85,5,False,5,6,5,5, ,-23.866578210171234,0,3.7241379310344818,0.0,2.2093022998918337,15,0.0,190,3,pathLen
train_0290,C:\Users\tao20\Desktop\Algorithm\AIPlayerDesktop\data\蔡扬的\train\train_0290.json,85,6,False,11,8,11,7, ,-24.812825290144104,0,14.896551724137927,0.0,2.2093022998918337,21,0.0,190,12,pathLen
train_0290,C:\Users\tao20\Desktop\Algorithm\AIPlayerDesktop\data\蔡扬的\train\train_0290.json,85,7,False,1,13,1,12,T,-31.261662773297157,-30,14.896551724137927,0.0,2.2093022998918337,8,0.0,160,12,deltaR
train_0290,C:\Users\tao20\Desktop\Algorithm\AIPlayerDesktop\data\蔡扬的\train\train_0290.json,85,8,False,6,1,6,0, ,-46.55235992107975,0,14.896551724137927,0.0,2.2093022998918337,33,0.0,190,12,pathLen
train_0290,C:\Users\tao20\Desktop\Algorithm\AIPlayerDesktop\data\蔡扬的\train\train_0290.json,85,9,False,1,7,1,6, ,-1e+18,0,0.0,0.0,2.2093022998918337,10,0.0,190,0,pathLen
train_0290,C:\Users\tao20\Desktop\Algorithm\AIPlayerDesktop\data\蔡扬的\train\train_0290.json,86,1,True,7,13,7,12, ,11.12191869684692,0,14.644067796610168,0.0,2.1839080208746204,1,0.0,190,12,Iproxy
train_0290,C:\Users\tao20\Desktop\Algorithm\AIPlayerDesktop\data\蔡扬的\train\train_0290.json,86,2,False,6,11,6,10, ,5.749504965495356,0,14.644067796610168,0.0,2.1839080208746204,4,0.0,190,12,Iproxy
train_0290,C:\Users\tao20\Desktop\Algorithm\AIPlayerDesktop\data\蔡扬的\train\train_0290.json,86,3,False,5,8,5,7, ,-15.740149959910907,0,14.644067796610168,0.0,2.1839080208746204,16,0.0,190,12,pathLen
train_0290,C:\Users\tao20\Desktop\Algorithm\AIPlayerDesktop\data\蔡扬的\train\train_0290.json,86,4,False,9,8,9,7, ,-22.90336826837966,0,14.644067796610168,0.0,2.1839080208746204,20,0.0,190,12,pathLen
train_0290,C:\Users\tao20\Desktop\Algorithm\AIPlayerDesktop\data\蔡扬的\train\train_0290.json,86,5,False,5,6,5,5, ,-25.42469241538399,0,3.661016949152542,0.0,2.1839080208746204,16,0.0,190,3,pathLen
train_0290,C:\Users\tao20\Desktop\Algorithm\AIPlayerDesktop\data\蔡扬的\train\train_0290.json,86,6,False,11,8,11,7, ,-26.484977422614037,0,14.644067796610168,0.0,2.1839080208746204,22,0.0,190,12,pathLen
train_0290,C:\Users\tao20\Desktop\Algorithm\AIPlayerDesktop\data\蔡扬的\train\train_0290.json,86,7,False,1,13,1,12,T,-33.20451792009058,-30,14.644067796610168,0.0,2.1839080208746204,9,0.0,160,12,deltaR
train_0290,C:\Users\tao20\Desktop\Algorithm\AIPlayerDesktop\data\蔡扬的\train\train_0290.json,86,8,False,6,1,6,0, ,-47.9746323480203,0,14.644067796610168,0.0,2.1839080208746204,34,0.0,190,12,pathLen
train_0290,C:\Users\tao20\Desktop\Algorithm\AIPlayerDesktop\data\蔡扬的\train\train_0290.json,86,9,False,1,7,1,6, ,-1e+18,0,0.0,0.0,2.1839080208746204,11,0.0,190,0,pathLen
train_0290,C:\Users\tao20\Desktop\Algorithm\AIPlayerDesktop\data\蔡扬的\train\train_0290.json,87,1,True,6,11,6,10, ,1.6198927476568183,0,12.000000000000002,0.0,2.1590908845557855,5,0.0,190,12,Iproxy
train_0290,C:\Users\tao20\Desktop\Algorithm\AIPlayerDesktop\data\蔡扬的\train\train_0290.json,87,2,False,5,8,5,7, ,-19.62556155637211,0,12.000000000000002,0.0,2.1590908845557855,17,0.0,190,12,pathLen
train_0290,C:\Users\tao20\Desktop\Algorithm\AIPlayerDesktop\data\蔡扬的\train\train_0290.json,87,3,False,8,13,8,12,T,-21.298289151000205,-30,12.000000000000002,0.0,2.1590908845557855,1,0.0,160,12,deltaR
train_0290,C:\Users\tao20\Desktop\Algorithm\AIPlayerDesktop\data\蔡扬的\train\train_0290.json,87,4,False,9,8,9,7, ,-26.707379657715087,0,12.000000000000002,0.0,2.1590908845557855,21,0.0,190,12,pathLen
train_0290,C:\Users\tao20\Desktop\Algorithm\AIPlayerDesktop\data\蔡扬的\train\train_0290.json,87,5,False,5,6,5,5, ,-27.47968558712376,0,3.0000000000000004,0.0,2.1590908845557855,17,0.0,190,3,pathLen
train_0290,C:\Users\tao20\Desktop\Algorithm\AIPlayerDesktop\data\蔡扬的\train\train_0290.json,87,6,False,11,8,11,7, ,-30.248288708386575,0,12.000000000000002,0.0,2.1590908845557855,23,0.0,190,12,pathLen
train_0290,C:\Users\tao20\Desktop\Algorithm\AIPlayerDesktop\data\蔡扬的\train\train_0290.json,87,7,False,1,13,1,12,T,-37.232379879021906,-30,12.000000000000002,0.0,2.1590908845557855,10,0.0,160,12,deltaR
train_0290,C:\Users\tao20\Desktop\Algorithm\AIPlayerDesktop\data\蔡扬的\train\train_0290.json,87,8,False,6,1,6,0, ,-51.4937430124155,0,12.000000000000002,0.0,2.1590908845557855,35,0.0,190,12,pathLen
train_0290,C:\Users\tao20\Desktop\Algorithm\AIPlayerDesktop\data\蔡扬的\train\train_0290.json,87,9,False,1,7,1,6, ,-1e+18,0,0.0,0.0,2.1590908845557855,12,0.0,190,0,pathLen
train_0290,C:\Users\tao20\Desktop\Algorithm\AIPlayerDesktop\data\蔡扬的\train\train_0290.json,88,1,True,6,11,6,10, ,3.3826430818709703,0,12.000000000000002,0.0,2.1348314366872874,4,0.0,190,12,Iproxy
train_0290,C:\Users\tao20\Desktop\Algorithm\AIPlayerDesktop\data\蔡扬的\train\train_0290.json,88,2,False,5,8,5,7, ,-17.624098255131937,0,12.000000000000002,0.0,2.1348314366872874,16,0.0,190,12,pathLen
train_0290,C:\Users\tao20\Desktop\Algorithm\AIPlayerDesktop\data\蔡扬的\train\train_0290.json,88,3,False,8,13,8,12,T,-23.11623336196188,-30,12.000000000000002,0.0,2.1348314366872874,2,0.0,160,12,deltaR
train_0290,C:\Users\tao20\Desktop\Algorithm\AIPlayerDesktop\data\蔡扬的\train\train_0290.json,88,4,False,9,8,9,7, ,-24.62634536746624,0,12.000000000000002,0.0,2.1348314366872874,20,0.0,190,12,pathLen
train_0290,C:\Users\tao20\Desktop\Algorithm\AIPlayerDesktop\data\蔡扬的\train\train_0290.json,88,5,False,5,6,5,5, ,-25.412765900785892,0,3.0000000000000004,0.0,2.1348314366872874,16,0.0,190,3,pathLen
train_0290,C:\Users\tao20\Desktop\Algorithm\AIPlayerDesktop\data\蔡扬的\train\train_0290.json,88,6,False,11,8,11,7, ,-28.12746892363339,0,12.000000000000002,0.0,2.1348314366872874,22,0.0,190,12,pathLen
train_0290,C:\Users\tao20\Desktop\Algorithm\AIPlayerDesktop\data\蔡扬的\train\train_0290.json,88,7,False,1,13,1,12,T,-35.37016580854691,-30,12.000000000000002,0.0,2.1348314366872874,9,0.0,160,12,deltaR
train_0290,C:\Users\tao20\Desktop\Algorithm\AIPlayerDesktop\data\蔡扬的\train\train_0290.json,88,8,False,6,1,6,0, ,-49.134210260636294,0,12.000000000000002,0.0,2.1348314366872874,34,0.0,190,12,pathLen
train_0290,C:\Users\tao20\Desktop\Algorithm\AIPlayerDesktop\data\蔡扬的\train\train_0290.json,88,9,False,1,7,1,6, ,-1e+18,0,0.0,0.0,2.1348314366872874,11,0.0,190,0,pathLen
train_0290,C:\Users\tao20\Desktop\Algorithm\AIPlayerDesktop\data\蔡扬的\train\train_0290.json,89,1,True,6,11,6,10, ,5.121736774471431,0,12.000000000000002,0.0,2.1111110876543213,3,0.0,190,12,Iproxy
train_0290,C:\Users\tao20\Desktop\Algorithm\AIPlayerDesktop\data\蔡扬的\train\train_0290.json,89,2,False,5,8,5,7, ,-15.65159632804709,0,12.000000000000002,0.0,2.1111110876543213,15,0.0,190,12,pathLen
train_0290,C:\Users\tao20\Desktop\Algorithm\AIPlayerDesktop\data\蔡扬的\train\train_0290.json,89,3,False,9,8,9,7, ,-22.57604069555326,0,12.000000000000002,0.0,2.1111110876543213,19,0.0,190,12,pathLen
train_0290,C:\Users\tao20\Desktop\Algorithm\AIPlayerDesktop\data\蔡扬的\train\train_0290.json,89,4,False,5,6,5,5, ,-23.387898865622887,0,3.0000000000000004,0.0,2.1111110876543213,15,0.0,190,3,pathLen
train_0290,C:\Users\tao20\Desktop\Algorithm\AIPlayerDesktop\data\蔡扬的\train\train_0290.json,89,5,False,8,13,8,12,T,-24.878263225528567,-30,12.000000000000002,0.0,2.1111110876543213,3,0.0,160,12,deltaR
train_0290,C:\Users\tao20\Desktop\Algorithm\AIPlayerDesktop\data\蔡扬的\train\train_0290.json,89,6,False,11,8,11,7, ,-26.038262879306345,0,12.000000000000002,0.0,2.1111110876543213,21,0.0,190,12,pathLen
train_0290,C:\Users\tao20\Desktop\Algorithm\AIPlayerDesktop\data\蔡扬的\train\train_0290.json,89,7,False,1,13,1,12,T,-33.53381868491128,-30,12.000000000000002,0.0,2.1111110876543213,8,0.0,160,12,deltaR
train_0290,C:\Users\tao20\Desktop\Algorithm\AIPlayerDesktop\data\蔡扬的\train\train_0290.json,89,8,False,6,1,6,0, ,-46.811595981824865,0,12.000000000000002,0.0,2.1111110876543213,33,0.0,190,12,pathLen
train_0290,C:\Users\tao20\Desktop\Algorithm\AIPlayerDesktop\data\蔡扬的\train\train_0290.json,89,9,False,1,7,1,6, ,-1e+18,0,0.0,0.0,2.1111110876543213,10,0.0,190,0,pathLen
train_0290,C:\Users\tao20\Desktop\Algorithm\AIPlayerDesktop\data\蔡扬的\train\train_0290.json,90,1,True,6,11,6,10, ,6.835038148270174,0,12.000000000000002,0.0,2.087912064967999,2,0.0,190,12,Iproxy
train_0290,C:\Users\tao20\Desktop\Algorithm\AIPlayerDesktop\data\蔡扬的\train\train_0290.json,90,2,False,5,8,5,7, ,-13.710016571014938,0,12.000000000000002,0.0,2.087912064967999,14,0.0,190,12,pathLen
train_0290,C:\Users\tao20\Desktop\Algorithm\AIPlayerDesktop\data\蔡扬的\train\train_0290.json,90,3,False,9,8,9,7, ,-20.558368144109977,0,12.000000000000002,0.0,2.087912064967999,18,0.0,190,12,pathLen
train_0290,C:\Users\tao20\Desktop\Algorithm\AIPlayerDesktop\data\蔡扬的\train\train_0290.json,90,4,False,5,6,5,5, ,-21.404427022128207,0,3.0000000000000004,0.0,2.087912064967999,14,0.0,190,3,pathLen
train_0290,C:\Users\tao20\Desktop\Algorithm\AIPlayerDesktop\data\蔡扬的\train\train_0290.json,90,5,False,11,8,11,7, ,-23.982543930657492,0,12.000000000000002,0.0,2.087912064967999,20,0.0,190,12,pathLen
train_0290,C:\Users\tao20\Desktop\Algorithm\AIPlayerDesktop\data\蔡扬的\train\train_0290.json,90,6,False,8,13,8,12,T,-26.589137638277343,-30,12.000000000000002,0.0,2.087912064967999,4,0.0,160,12,deltaR
train_0290,C:\Users\tao20\Desktop\Algorithm\AIPlayerDesktop\data\蔡扬的\train\train_0290.json,90,7,False,1,13,1,12,T,-31.72540131809862,-30,12.000000000000002,0.0,2.087912064967999,7,0.0,160,12,deltaR
train_0290,C:\Users\tao20\Desktop\Algorithm\AIPlayerDesktop\data\蔡扬的\train\train_0290.json,90,8,False,6,1,6,0, ,-44.527598649942604,0,12.000000000000002,0.0,2.087912064967999,32,0.0,190,12,pathLen
train_0290,C:\Users\tao20\Desktop\Algorithm\AIPlayerDesktop\data\蔡扬的\train\train_0290.json,90,9,False,1,7,1,6, ,-1e+18,0,0.0,0.0,2.087912064967999,9,0.0,190,0,pathLen
train_0290,C:\Users\tao20\Desktop\Algorithm\AIPlayerDesktop\data\蔡扬的\train\train_0290.json,91,1,True,6,11,6,10, ,8.521050800128803,0,12.000000000000002,0.0,2.065217368856333,1,0.0,190,12,Iproxy
train_0290,C:\Users\tao20\Desktop\Algorithm\AIPlayerDesktop\data\蔡扬的\train\train_0290.json,91,2,False,5,8,5,7, ,-11.800688109417514,0,12.000000000000002,0.0,2.065217368856333,13,0.0,190,12,pathLen
train_0290,C:\Users\tao20\Desktop\Algorithm\AIPlayerDesktop\data\蔡扬的\train\train_0290.json,91,3,False,9,8,9,7, ,-18.574601079266284,0,12.000000000000002,0.0,2.065217368856333,17,0.0,190,12,pathLen
train_0290,C:\Users\tao20\Desktop\Algorithm\AIPlayerDesktop\data\蔡扬的\train\train_0290.json,91,4,False,5,6,5,5, ,-19.46158489136076,0,3.0000000000000004,0.0,2.065217368856333,13,0.0,190,3,pathLen
train_0290,C:\Users\tao20\Desktop\Algorithm\AIPlayerDesktop\data\蔡扬的\train\train_0290.json,91,5,False,11,8,11,7, ,-21.96155756419067,0,12.000000000000002,0.0,2.065217368856333,19,0.0,190,12,pathLen
train_0290,C:\Users\tao20\Desktop\Algorithm\AIPlayerDesktop\data\蔡扬的\train\train_0290.json,91,6,False,8,13,8,12,T,-28.252862169719968,-30,12.000000000000002,0.0,2.065217368856333,5,0.0,160,12,deltaR
train_0290,C:\Users\tao20\Desktop\Algorithm\AIPlayerDesktop\data\蔡扬的\train\train_0290.json,91,7,False,1,13,1,12,T,-29.94634041218216,-30,12.000000000000002,0.0,2.065217368856333,6,0.0,160,12,deltaR
train_0290,C:\Users\tao20\Desktop\Algorithm\AIPlayerDesktop\data\蔡扬的\train\train_0290.json,91,8,False,6,1,6,0, ,-42.28329647373699,0,12.000000000000002,0.0,2.065217368856333,31,0.0,190,12,pathLen
train_0290,C:\Users\tao20\Desktop\Algorithm\AIPlayerDesktop\data\蔡扬的\train\train_0290.json,91,9,False,1,7,1,6, ,-1e+18,0,0.0,0.0,2.065217368856333,8,0.0,190,0,pathLen
train_0290,C:\Users\tao20\Desktop\Algorithm\AIPlayerDesktop\data\蔡扬的\train\train_0290.json,92,1,True,7,11,7,10, ,8.378517915826395,0,11.86813186813187,0.0,2.0430107307203147,1,0.0,190,12,Iproxy
train_0290,C:\Users\tao20\Desktop\Algorithm\AIPlayerDesktop\data\蔡扬的\train\train_0290.json,92,2,False,5,8,5,7, ,-13.399976473652158,0,11.86813186813187,0.0,2.0430107307203147,14,0.0,190,12,pathLen
train_0290,C:\Users\tao20\Desktop\Algorithm\AIPlayerDesktop\data\蔡扬的\train\train_0290.json,92,3,False,9,8,9,7, ,-20.10105167041479,0,11.86813186813187,0.0,2.0430107307203147,18,0.0,190,12,pathLen
train_0290,C:\Users\tao20\Desktop\Algorithm\AIPlayerDesktop\data\蔡扬的\train\train_0290.json,92,4,False,5,6,5,5, ,-20.940316509914947,0,2.9670329670329676,0.0,2.0430107307203147,14,0.0,190,3,pathLen
train_0290,C:\Users\tao20\Desktop\Algorithm\AIPlayerDesktop\data\蔡扬的\train\train_0290.json,92,5,False,11,8,11,7, ,-23.451589268796106,0,11.86813186813187,0.0,2.0430107307203147,20,0.0,190,12,pathLen
train_0290,C:\Users\tao20\Desktop\Algorithm\AIPlayerDesktop\data\蔡扬的\train\train_0290.json,92,6,False,8,13,8,12,T,-29.99782608012689,-30,11.86813186813187,0.0,2.0430107307203147,6,0.0,160,12,deltaR
train_0290,C:\Users\tao20\Desktop\Algorithm\AIPlayerDesktop\data\蔡扬的\train\train_0290.json,92,7,False,1,13,1,12,T,-31.673094879317553,-30,11.86813186813187,0.0,2.0430107307203147,7,0.0,160,12,deltaR
train_0290,C:\Users\tao20\Desktop\Algorithm\AIPlayerDesktop\data\蔡扬的\train\train_0290.json,92,8,False,6,1,6,0, ,-43.554814859084,0,11.86813186813187,0.0,2.0430107307203147,32,0.0,190,12,pathLen
train_0290,C:\Users\tao20\Desktop\Algorithm\AIPlayerDesktop\data\蔡扬的\train\train_0290.json,92,9,False,1,7,1,6, ,-1e+18,0,0.0,0.0,2.0430107307203147,9,0.0,190,0,pathLen
train_0290,C:\Users\tao20\Desktop\Algorithm\AIPlayerDesktop\data\蔡扬的\train\train_0290.json,93,1,True,5,8,5,7, ,-14.968599636955945,0,11.739130434782608,0.0,2.0212765742417385,15,0.0,190,12,pathLen
train_0290,C:\Users\tao20\Desktop\Algorithm\AIPlayerDesktop\data\蔡扬的\train\train_0290.json,93,2,False,9,8,9,7, ,-21.598386800468845,0,11.739130434782608,0.0,2.0212765742417385,19,0.0,190,12,pathLen
train_0290,C:\Users\tao20\Desktop\Algorithm\AIPlayerDesktop\data\蔡扬的\train\train_0290.json,93,3,False,5,6,5,5, ,-22.38842630661902,0,2.934782608695652,0.0,2.0212765742417385,15,0.0,190,3,pathLen
train_0290,C:\Users\tao20\Desktop\Algorithm\AIPlayerDesktop\data\蔡扬的\train\train_0290.json,93,4,False,11,8,11,7, ,-24.913280382225295,0,11.739130434782608,0.0,2.0212765742417385,21,0.0,190,12,pathLen
train_0290,C:\Users\tao20\Desktop\Algorithm\AIPlayerDesktop\data\蔡扬的\train\train_0290.json,93,5,False,8,13,8,12,T,-31.70902530993014,-30,11.739130434782608,0.0,2.0212765742417385,7,0.0,160,12,deltaR
train_0290,C:\Users\tao20\Desktop\Algorithm\AIPlayerDesktop\data\蔡扬的\train\train_0290.json,93,6,False,1,13,1,12,T,-33.366472100808366,-30,11.739130434782608,0.0,2.0212765742417385,8,0.0,160,12,deltaR
train_0290,C:\Users\tao20\Desktop\Algorithm\AIPlayerDesktop\data\蔡扬的\train\train_0290.json,93,7,False,6,1,6,0, ,-44.802641872764,0,11.739130434782608,0.0,2.0212765742417385,33,0.0,190,12,pathLen
train_0290,C:\Users\tao20\Desktop\Algorithm\AIPlayerDesktop\data\蔡扬的\train\train_0290.json,93,8,False,1,7,1,6, ,-1e+18,0,0.0,0.0,2.0212765742417385,10,0.0,190,0,pathLen
train_0290,C:\Users\tao20\Desktop\Algorithm\AIPlayerDesktop\data\蔡扬的\train\train_0290.json,94,1,True,5,8,5,7, ,-13.108020890833552,0,11.739130434782608,0.0,1.9999999789473688,14,0.0,190,12,pathLen
train_0290,C:\Users\tao20\Desktop\Algorithm\AIPlayerDesktop\data\蔡扬的\train\train_0290.json,94,2,False,9,8,9,7, ,-19.66802082178092,0,11.739130434782608,0.0,1.9999999789473688,18,0.0,190,12,pathLen
train_0290,C:\Users\tao20\Desktop\Algorithm\AIPlayerDesktop\data\蔡扬的\train\train_0290.json,94,3,False,5,6,5,5, ,-20.49700504144523,0,2.934782608695652,0.0,1.9999999789473688,14,0.0,190,3,pathLen
train_0290,C:\Users\tao20\Desktop\Algorithm\AIPlayerDesktop\data\蔡扬的\train\train_0290.json,94,4,False,11,8,11,7, ,-22.948020787254606,0,11.739130434782608,0.0,1.9999999789473688,20,0.0,190,12,pathLen
train_0290,C:\Users\tao20\Desktop\Algorithm\AIPlayerDesktop\data\蔡扬的\train\train_0290.json,94,5,False,8,13,8,12,T,-29.988021028938817,-30,11.739130434782608,0.0,1.9999999789473688,6,0.0,160,12,deltaR
train_0290,C:\Users\tao20\Desktop\Algorithm\AIPlayerDesktop\data\蔡扬的\train\train_0290.json,94,6,False,1,13,1,12,T,-31.628021011675656,-30,11.739130434782608,0.0,1.9999999789473688,7,0.0,160,12,deltaR
train_0290,C:\Users\tao20\Desktop\Algorithm\AIPlayerDesktop\data\蔡扬的\train\train_0290.json,94,7,False,6,1,6,0, ,-42.62802058009672,0,11.739130434782608,0.0,1.9999999789473688,32,0.0,190,12,pathLen
train_0290,C:\Users\tao20\Desktop\Algorithm\AIPlayerDesktop\data\蔡扬的\train\train_0290.json,94,8,False,1,7,1,6, ,-1e+18,0,0.0,0.0,1.9999999789473688,9,0.0,190,0,pathLen
train_0290,C:\Users\tao20\Desktop\Algorithm\AIPlayerDesktop\data\蔡扬的\train\train_0290.json,95,1,True,5,8,5,7, ,-11.278836266402621,0,11.739130434782608,0.0,1.9791666460503474,13,0.0,190,12,pathLen
train_0290,C:\Users\tao20\Desktop\Algorithm\AIPlayerDesktop\data\蔡扬的\train\train_0290.json,95,2,False,9,8,9,7, ,-17.77050286544776,0,11.739130434782608,0.0,1.9791666460503474,17,0.0,190,12,pathLen
train_0290,C:\Users\tao20\Desktop\Algorithm\AIPlayerDesktop\data\蔡扬的\train\train_0290.json,95,3,False,5,6,5,5, ,-18.643146401773183,0,2.934782608695652,0.0,1.9791666460503474,13,0.0,190,3,pathLen
train_0290,C:\Users\tao20\Desktop\Algorithm\AIPlayerDesktop\data\蔡扬的\train\train_0290.json,95,4,False,11,8,11,7, ,-21.016336164970326,0,11.739130434782608,0.0,1.9791666460503474,19,0.0,190,12,pathLen
train_0290,C:\Users\tao20\Desktop\Algorithm\AIPlayerDesktop\data\蔡扬的\train\train_0290.json,95,5,False,8,13,8,12,T,-28.295503068312343,-30,11.739130434782608,0.0,1.9791666460503474,5,0.0,160,12,deltaR
train_0290,C:\Users\tao20\Desktop\Algorithm\AIPlayerDesktop\data\蔡扬的\train\train_0290.json,95,6,False,1,13,1,12,T,-29.918419718073626,-30,11.739130434782608,0.0,1.9791666460503474,6,0.0,160,12,deltaR
train_0290,C:\Users\tao20\Desktop\Algorithm\AIPlayerDesktop\data\蔡扬的\train\train_0290.json,95,7,False,6,1,6,0, ,-40.491335962105744,0,11.739130434782608,0.0,1.9791666460503474,31,0.0,190,12,pathLen
train_0290,C:\Users\tao20\Desktop\Algorithm\AIPlayerDesktop\data\蔡扬的\train\train_0290.json,95,8,False,1,7,1,6, ,-1e+18,0,0.0,0.0,1.9791666460503474,8,0.0,190,0,pathLen
train_0290,C:\Users\tao20\Desktop\Algorithm\AIPlayerDesktop\data\蔡扬的\train\train_0290.json,96,1,True,5,8,5,7, ,-9.481465374516787,0,11.739130434782608,0.0,1.9587628664045065,12,0.0,190,12,pathLen
train_0290,C:\Users\tao20\Desktop\Algorithm\AIPlayerDesktop\data\蔡扬的\train\train_0290.json,96,2,False,9,8,9,7, ,-15.906207576323567,0,11.739130434782608,0.0,1.9587628664045065,16,0.0,190,12,pathLen
train_0290,C:\Users\tao20\Desktop\Algorithm\AIPlayerDesktop\data\蔡扬的\train\train_0290.json,96,3,False,5,6,5,5, ,-16.826036297694458,0,2.934782608695652,0.0,1.9587628664045065,12,0.0,190,3,pathLen
train_0290,C:\Users\tao20\Desktop\Algorithm\AIPlayerDesktop\data\蔡扬的\train\train_0290.json,96,4,False,11,8,11,7, ,-19.118578677226957,0,11.739130434782608,0.0,1.9587628664045065,18,0.0,190,12,pathLen
train_0290,C:\Users\tao20\Desktop\Algorithm\AIPlayerDesktop\data\蔡扬的\train\train_0290.json,96,5,False,1,13,1,12,T,-28.23816652135492,-30,11.739130434782608,0.0,1.9587628664045065,5,0.0,160,12,deltaR
train_0290,C:\Users\tao20\Desktop\Algorithm\AIPlayerDesktop\data\蔡扬的\train\train_0290.json,96,6,False,8,13,8,12,T,-29.844352071806615,-30,11.739130434782608,0.0,1.9587628664045065,6,0.0,160,12,deltaR
train_0290,C:\Users\tao20\Desktop\Algorithm\AIPlayerDesktop\data\蔡扬的\train\train_0290.json,96,7,False,6,1,6,0, ,-38.3928052826473,0,11.739130434782608,0.0,1.9587628664045065,30,0.0,190,12,pathLen
train_0290,C:\Users\tao20\Desktop\Algorithm\AIPlayerDesktop\data\蔡扬的\train\train_0290.json,96,8,False,1,7,1,6, ,-1e+18,0,0.0,0.0,1.9587628664045065,7,0.0,190,0,pathLen
train_0290,C:\Users\tao20\Desktop\Algorithm\AIPlayerDesktop\data\蔡扬的\train\train_0290.json,97,1,True,5,8,5,7, ,-7.716048852363199,0,11.739130434782608,0.0,1.9387754904206582,11,0.0,190,12,pathLen
train_0290,C:\Users\tao20\Desktop\Algorithm\AIPlayerDesktop\data\蔡扬的\train\train_0290.json,97,2,False,9,8,9,7, ,-14.075232460942958,0,11.739130434782608,0.0,1.9387754904206582,15,0.0,190,12,pathLen
train_0290,C:\Users\tao20\Desktop\Algorithm\AIPlayerDesktop\data\蔡扬的\train\train_0290.json,97,3,False,5,6,5,5, ,-15.044828405786554,0,2.934782608695652,0.0,1.9387754904206582,11,0.0,190,3,pathLen
train_0290,C:\Users\tao20\Desktop\Algorithm\AIPlayerDesktop\data\蔡扬的\train\train_0290.json,97,4,False,11,8,11,7, ,-17.254824265232834,0,11.739130434782608,0.0,1.9387754904206582,17,0.0,190,12,pathLen
train_0290,C:\Users\tao20\Desktop\Algorithm\AIPlayerDesktop\data\蔡扬的\train\train_0290.json,97,5,False,1,13,1,12,T,-26.587477537348622,-30,11.739130434782608,0.0,1.9387754904206582,4,0.0,160,12,deltaR
train_0290,C:\Users\tao20\Desktop\Algorithm\AIPlayerDesktop\data\蔡扬的\train\train_0290.json,97,6,False,8,13,8,12,T,-31.356865243783442,-30,11.739130434782608,0.0,1.9387754904206582,7,0.0,160,12,deltaR
train_0290,C:\Users\tao20\Desktop\Algorithm\AIPlayerDesktop\data\蔡扬的\train\train_0290.json,97,7,False,6,1,6,0, ,-36.332375090972114,0,11.739130434782608,0.0,1.9387754904206582,29,0.0,190,12,pathLen
train_0290,C:\Users\tao20\Desktop\Algorithm\AIPlayerDesktop\data\蔡扬的\train\train_0290.json,97,8,False,1,7,1,6, ,-1e+18,0,0.0,0.0,1.9387754904206582,6,0.0,190,0,pathLen
train_0290,C:\Users\tao20\Desktop\Algorithm\AIPlayerDesktop\data\蔡扬的\train\train_0290.json,98,1,True,5,8,5,7, ,-5.982511634917165,0,11.739130434782608,0.0,1.9191918998061426,10,0.0,190,12,pathLen
train_0290,C:\Users\tao20\Desktop\Algorithm\AIPlayerDesktop\data\蔡扬的\train\train_0290.json,98,2,False,9,8,9,7, ,-12.277461066281314,0,11.739130434782608,0.0,1.9191918998061426,14,0.0,190,12,pathLen
train_0290,C:\Users\tao20\Desktop\Algorithm\AIPlayerDesktop\data\蔡扬的\train\train_0290.json,98,3,False,5,6,5,5, ,-13.298658092537066,0,2.934782608695652,0.0,1.9191918998061426,10,0.0,190,3,pathLen
train_0290,C:\Users\tao20\Desktop\Algorithm\AIPlayerDesktop\data\蔡扬的\train\train_0290.json,98,4,False,11,8,11,7, ,-15.424935781963386,0,11.739130434782608,0.0,1.9191918998061426,16,0.0,190,12,pathLen
train_0290,C:\Users\tao20\Desktop\Algorithm\AIPlayerDesktop\data\蔡扬的\train\train_0290.json,98,5,False,1,13,1,12,T,-28.11382484571198,-30,11.739130434782608,0.0,1.9191918998061426,5,0.0,160,12,deltaR
train_0290,C:\Users\tao20\Desktop\Algorithm\AIPlayerDesktop\data\蔡扬的\train\train_0290.json,98,6,False,8,13,8,12,T,-32.835036919235094,-30,11.739130434782608,0.0,1.9191918998061426,8,0.0,160,12,deltaR
train_0290,C:\Users\tao20\Desktop\Algorithm\AIPlayerDesktop\data\蔡扬的\train\train_0290.json,98,7,False,6,1,6,0, ,-34.30978407605583,0,11.739130434782608,0.0,1.9191918998061426,28,0.0,190,12,pathLen
train_0290,C:\Users\tao20\Desktop\Algorithm\AIPlayerDesktop\data\蔡扬的\train\train_0290.json,98,8,False,1,7,1,6, ,-1e+18,0,0.0,0.0,1.9191918998061426,5,0.0,190,0,pathLen
train_0290,C:\Users\tao20\Desktop\Algorithm\AIPlayerDesktop\data\蔡扬的\train\train_0290.json,99,1,True,5,8,5,7, ,-4.280613218477148,0,11.739130434782608,0.0,1.8999999810000003,9,0.0,190,12,pathLen
train_0290,C:\Users\tao20\Desktop\Algorithm\AIPlayerDesktop\data\蔡扬的\train\train_0290.json,99,2,False,9,8,9,7, ,-10.512613156157148,0,11.739130434782608,0.0,1.8999999810000003,13,0.0,190,12,pathLen
train_0290,C:\Users\tao20\Desktop\Algorithm\AIPlayerDesktop\data\蔡扬的\train\train_0290.json,99,3,False,5,6,5,5, ,-11.586653199454288,0,2.934782608695652,0.0,1.8999999810000003,9,0.0,190,3,pathLen
train_0290,C:\Users\tao20\Desktop\Algorithm\AIPlayerDesktop\data\蔡扬的\train\train_0290.json,99,4,False,11,8,11,7, ,-13.628613124997148,0,11.739130434782608,0.0,1.8999999810000003,15,0.0,190,12,pathLen
train_0290,C:\Users\tao20\Desktop\Algorithm\AIPlayerDesktop\data\蔡扬的\train\train_0290.json,99,5,False,1,13,1,12,T,-29.60661326521715,-30,11.739130434782608,0.0,1.8999999810000003,6,0.0,160,12,deltaR
train_0290,C:\Users\tao20\Desktop\Algorithm\AIPlayerDesktop\data\蔡扬的\train\train_0290.json,99,6,False,6,1,6,0, ,-32.32461293803715,0,11.739130434782608,0.0,1.8999999810000003,27,0.0,190,12,pathLen
train_0290,C:\Users\tao20\Desktop\Algorithm\AIPlayerDesktop\data\蔡扬的\train\train_0290.json,99,7,False,8,13,8,12,T,-34.28061321847715,-30,11.739130434782608,0.0,1.8999999810000003,9,0.0,160,12,deltaR
train_0290,C:\Users\tao20\Desktop\Algorithm\AIPlayerDesktop\data\蔡扬的\train\train_0290.json,99,8,False,1,7,1,6, ,-1e+18,0,0.0,0.0,1.8999999810000003,4,0.0,190,0,pathLen
train_0290,C:\Users\tao20\Desktop\Algorithm\AIPlayerDesktop\data\蔡扬的\train\train_0290.json,100,1,True,5,8,5,7, ,-2.609987537671268,0,11.739130434782608,0.0,1.8811881001862565,8,0.0,190,12,pathLen
train_0290,C:\Users\tao20\Desktop\Algorithm\AIPlayerDesktop\data\蔡扬的\train\train_0290.json,100,2,False,9,8,9,7, ,-8.78028450628219,0,11.739130434782608,0.0,1.8811881001862565,12,0.0,190,12,pathLen
train_0290,C:\Users\tao20\Desktop\Algorithm\AIPlayerDesktop\data\蔡扬的\train\train_0290.json,100,3,False,5,6,5,5, ,-9.907942337334198,0,2.934782608695652,0.0,1.8811881001862565,8,0.0,190,3,pathLen
train_0290,C:\Users\tao20\Desktop\Algorithm\AIPlayerDesktop\data\蔡扬的\train\train_0290.json,100,4,False,11,8,11,7, ,-11.86543299058765,0,11.739130434782608,0.0,1.8811881001862565,14,0.0,190,12,pathLen
train_0290,C:\Users\tao20\Desktop\Algorithm\AIPlayerDesktop\data\蔡扬的\train\train_0290.json,100,5,False,6,1,6,0, ,-30.37632389642041,0,11.739130434782608,0.0,1.8811881001862565,26,0.0,190,12,pathLen
train_0290,C:\Users\tao20\Desktop\Algorithm\AIPlayerDesktop\data\蔡扬的\train\train_0290.json,100,6,False,1,13,1,12,T,-31.067413295518538,-30,11.739130434782608,0.0,1.8811881001862565,7,0.0,160,12,deltaR
train_0290,C:\Users\tao20\Desktop\Algorithm\AIPlayerDesktop\data\蔡扬的\train\train_0290.json,100,7,False,8,13,8,12,T,-35.69513602197673,-30,11.739130434782608,0.0,1.8811881001862565,10,0.0,160,12,deltaR
train_0290,C:\Users\tao20\Desktop\Algorithm\AIPlayerDesktop\data\蔡扬的\train\train_0290.json,100,8,False,1,7,1,6, ,-1e+18,0,0.0,0.0,1.8811881001862565,3,0.0,190,0,pathLen
train_0290,C:\Users\tao20\Desktop\Algorithm\AIPlayerDesktop\data\蔡扬的\train\train_0290.json,101,1,True,5,8,5,7, ,-0.9701745517712812,0,11.739130434782608,0.0,1.862745079777009,7,0.0,190,12,pathLen
train_0290,C:\Users\tao20\Desktop\Algorithm\AIPlayerDesktop\data\蔡扬的\train\train_0290.json,101,2,False,9,8,9,7, ,-7.0799784134398696,0,11.739130434782608,0.0,1.862745079777009,11,0.0,190,12,pathLen
train_0290,C:\Users\tao20\Desktop\Algorithm\AIPlayerDesktop\data\蔡扬的\train\train_0290.json,101,3,False,5,6,5,5, ,-8.261661206382843,0,2.934782608695652,0.0,1.862745079777009,7,0.0,190,3,pathLen
train_0290,C:\Users\tao20\Desktop\Algorithm\AIPlayerDesktop\data\蔡扬的\train\train_0290.json,101,4,False,11,8,11,7, ,-10.134880344274164,0,11.739130434782608,0.0,1.862745079777009,13,0.0,190,12,pathLen
train_0290,C:\Users\tao20\Desktop\Algorithm\AIPlayerDesktop\data\蔡扬的\train\train_0290.json,101,5,False,6,1,6,0, ,-28.46429192927993,0,11.739130434782608,0.0,1.862745079777009,25,0.0,190,12,pathLen
train_0290,C:\Users\tao20\Desktop\Algorithm\AIPlayerDesktop\data\蔡扬的\train\train_0290.json,101,6,False,1,13,1,12,T,-32.497625517188425,-30,11.739130434782608,0.0,1.862745079777009,8,0.0,160,12,deltaR
train_0290,C:\Users\tao20\Desktop\Algorithm\AIPlayerDesktop\data\蔡扬的\train\train_0290.json,101,7,False,8,13,8,12,T,-37.07997841343987,-30,11.739130434782608,0.0,1.862745079777009,11,0.0,160,12,deltaR
train_0290,C:\Users\tao20\Desktop\Algorithm\AIPlayerDesktop\data\蔡扬的\train\train_0290.json,101,8,False,1,7,1,6, ,-1e+18,0,0.0,0.0,1.862745079777009,2,0.0,190,0,pathLen
train_0290,C:\Users\tao20\Desktop\Algorithm\AIPlayerDesktop\data\蔡扬的\train\train_0290.json,102,1,True,5,8,5,7, ,0.6393547842013501,0,11.739130434782608,0.0,1.8446601762654353,6,0.0,190,12,Iproxy
train_0290,C:\Users\tao20\Desktop\Algorithm\AIPlayerDesktop\data\蔡扬的\train\train_0290.json,102,2,False,9,8,9,7, ,-5.4111305939492755,0,11.739130434782608,0.0,1.8446601762654353,10,0.0,190,12,pathLen
train_0290,C:\Users\tao20\Desktop\Algorithm\AIPlayerDesktop\data\蔡扬的\train\train_0290.json,102,3,False,5,6,5,5, ,-6.646957354369119,0,2.934782608695652,0.0,1.8446601762654353,6,0.0,190,3,pathLen
train_0290,C:\Users\tao20\Desktop\Algorithm\AIPlayerDesktop\data\蔡扬的\train\train_0290.json,102,4,False,11,8,11,7, ,-8.436373283024592,0,11.739130434782608,0.0,1.8446601762654353,12,0.0,190,12,pathLen
train_0290,C:\Users\tao20\Desktop\Algorithm\AIPlayerDesktop\data\蔡扬的\train\train_0290.json,102,5,False,6,1,6,0, ,-26.587829417476478,0,11.739130434782608,0.0,1.8446601762654353,24,0.0,190,12,pathLen
train_0290,C:\Users\tao20\Desktop\Algorithm\AIPlayerDesktop\data\蔡扬的\train\train_0290.json,102,6,False,1,13,1,12,T,-33.89850924941162,-30,11.739130434782608,0.0,1.8446601762654353,9,0.0,160,12,deltaR
train_0290,C:\Users\tao20\Desktop\Algorithm\AIPlayerDesktop\data\蔡扬的\train\train_0290.json,102,7,False,8,13,8,12,T,-38.436373283024594,-30,11.739130434782608,0.0,1.8446601762654353,12,0.0,160,12,deltaR
train_0290,C:\Users\tao20\Desktop\Algorithm\AIPlayerDesktop\data\蔡扬的\train\train_0290.json,102,8,False,1,7,1,6, ,-1e+18,0,0.0,0.0,1.8446601762654353,3,0.0,190,0,pathLen
train_0290,C:\Users\tao20\Desktop\Algorithm\AIPlayerDesktop\data\蔡扬的\train\train_0290.json,103,1,True,5,8,5,7, ,2.2191788242884396,0,11.739130434782608,0.0,1.8269230593565091,5,0.0,190,12,Iproxy
train_0290,C:\Users\tao20\Desktop\Algorithm\AIPlayerDesktop\data\蔡扬的\train\train_0290.json,103,2,False,9,8,9,7, ,-3.773128810400909,0,11.739130434782608,0.0,1.8269230593565091,9,0.0,190,12,pathLen
train_0290,C:\Users\tao20\Desktop\Algorithm\AIPlayerDesktop\data\蔡扬的\train\train_0290.json,103,3,False,5,6,5,5, ,-5.062993701449155,0,2.934782608695652,0.0,1.8269230593565091,5,0.0,190,3,pathLen
train_0290,C:\Users\tao20\Desktop\Algorithm\AIPlayerDesktop\data\蔡扬的\train\train_0290.json,103,4,False,11,8,11,7, ,-6.769282627745586,0,11.739130434782608,0.0,1.8269230593565091,11,0.0,190,12,pathLen
train_0290,C:\Users\tao20\Desktop\Algorithm\AIPlayerDesktop\data\蔡扬的\train\train_0290.json,103,5,False,6,1,6,0, ,-24.74620553181363,0,11.739130434782608,0.0,1.8269230593565091,23,0.0,190,12,pathLen
train_0290,C:\Users\tao20\Desktop\Algorithm\AIPlayerDesktop\data\蔡扬的\train\train_0290.json,103,6,False,1,13,1,12,T,-35.27120571907325,-30,11.739130434782608,0.0,1.8269230593565091,10,0.0,160,12,deltaR
train_0290,C:\Users\tao20\Desktop\Algorithm\AIPlayerDesktop\data\蔡扬的\train\train_0290.json,103,7,False,8,13,8,12,T,-39.76543644509026,-30,11.739130434782608,0.0,1.8269230593565091,13,0.0,160,12,deltaR
train_0290,C:\Users\tao20\Desktop\Algorithm\AIPlayerDesktop\data\蔡扬的\train\train_0290.json,103,8,False,1,7,1,6, ,-1e+18,0,0.0,0.0,1.8269230593565091,4,0.0,190,0,pathLen
train_0290,C:\Users\tao20\Desktop\Algorithm\AIPlayerDesktop\data\蔡扬的\train\train_0290.json,104,1,True,5,8,5,7, ,3.769909741916374,0,11.739130434782608,0.0,1.8095237922902496,4,0.0,190,12,Iproxy
train_0290,C:\Users\tao20\Desktop\Algorithm\AIPlayerDesktop\data\蔡扬的\train\train_0290.json,104,2,False,9,8,9,7, ,-2.1653282967956446,0,11.739130434782608,0.0,1.8095237922902496,8,0.0,190,12,pathLen
train_0290,C:\Users\tao20\Desktop\Algorithm\AIPlayerDesktop\data\蔡扬的\train\train_0290.json,104,3,False,5,6,5,5, ,-3.5089510935549204,0,2.934782608695652,0.0,1.8095237922902496,4,0.0,190,3,pathLen
train_0290,C:\Users\tao20\Desktop\Algorithm\AIPlayerDesktop\data\蔡扬的\train\train_0290.json,104,4,False,11,8,11,7, ,-5.132947316151654,0,11.739130434782608,0.0,1.8095237922902496,10,0.0,190,12,pathLen
train_0290,C:\Users\tao20\Desktop\Algorithm\AIPlayerDesktop\data\蔡扬的\train\train_0290.json,104,5,False,6,1,6,0, ,-22.93866143228771,0,11.739130434782608,0.0,1.8095237922902496,22,0.0,190,12,pathLen
train_0290,C:\Users\tao20\Desktop\Algorithm\AIPlayerDesktop\data\蔡扬的\train\train_0290.json,104,6,False,1,13,1,12,T,-36.616756825829654,-30,11.739130434782608,0.0,1.8095237922902496,11,0.0,160,12,deltaR
train_0290,C:\Users\tao20\Desktop\Algorithm\AIPlayerDesktop\data\蔡扬的\train\train_0290.json,104,7,False,8,13,8,12,T,-41.06818535486367,-30,11.739130434782608,0.0,1.8095237922902496,14,0.0,160,12,deltaR
train_0290,C:\Users\tao20\Desktop\Algorithm\AIPlayerDesktop\data\蔡扬的\train\train_0290.json,104,8,False,1,7,1,6, ,-1e+18,0,0.0,0.0,1.8095237922902496,5,0.0,190,0,pathLen
train_0290,C:\Users\tao20\Desktop\Algorithm\AIPlayerDesktop\data\蔡扬的\train\train_0290.json,105,1,True,5,8,5,7, ,5.292181390345288,0,11.739130434782608,0.0,1.7924528132787472,3,0.0,190,12,Iproxy
train_0290,C:\Users\tao20\Desktop\Algorithm\AIPlayerDesktop\data\蔡扬的\train\train_0290.json,105,2,False,9,8,9,7, ,-0.5870638372090013,0,11.739130434782608,0.0,1.7924528132787472,7,0.0,190,12,pathLen
train_0290,C:\Users\tao20\Desktop\Algorithm\AIPlayerDesktop\data\蔡扬的\train\train_0290.json,105,3,False,5,6,5,5, ,-1.9840300929129664,0,2.934782608695652,0.0,1.7924528132787472,3,0.0,190,3,pathLen
train_0290,C:\Users\tao20\Desktop\Algorithm\AIPlayerDesktop\data\蔡扬的\train\train_0290.json,105,4,False,11,8,11,7, ,-3.5266864509861477,0,11.739130434782608,0.0,1.7924528132787472,9,0.0,190,12,pathLen
train_0290,C:\Users\tao20\Desktop\Algorithm\AIPlayerDesktop\data\蔡扬的\train\train_0290.json,105,5,False,6,1,6,0, ,-21.16442213364902,0,11.739130434782608,0.0,1.7924528132787472,21,0.0,190,12,pathLen
train_0290,C:\Users\tao20\Desktop\Algorithm\AIPlayerDesktop\data\蔡扬的\train\train_0290.json,105,6,False,1,13,1,12,T,-37.93612037165187,-30,11.739130434782608,0.0,1.7924528132787472,12,0.0,160,12,deltaR
train_0290,C:\Users\tao20\Desktop\Algorithm\AIPlayerDesktop\data\蔡扬的\train\train_0290.json,105,7,False,8,13,8,12,T,-42.34555429231759,-30,11.739130434782608,0.0,1.7924528132787472,15,0.0,160,12,deltaR
train_0290,C:\Users\tao20\Desktop\Algorithm\AIPlayerDesktop\data\蔡扬的\train\train_0290.json,105,8,False,1,7,1,6, ,-1e+18,0,0.0,0.0,1.7924528132787472,6,0.0,190,0,pathLen
train_0290,C:\Users\tao20\Desktop\Algorithm\AIPlayerDesktop\data\蔡扬的\train\train_0290.json,106,1,True,5,8,5,7, ,6.786639829823167,0,11.739130434782608,0.0,1.7757009179841037,2,0.0,190,12,Iproxy
train_0290,C:\Users\tao20\Desktop\Algorithm\AIPlayerDesktop\data\蔡扬的\train\train_0290.json,106,2,False,9,8,9,7, ,0.9623408188353064,0,11.739130434782608,0.0,1.7757009179841037,6,0.0,190,12,Iproxy
train_0290,C:\Users\tao20\Desktop\Algorithm\AIPlayerDesktop\data\蔡扬的\train\train_0290.json,106,3,False,5,6,5,5, ,-0.4874521716646556,0,2.934782608695652,0.0,1.7757009179841037,2,0.0,190,3,pathLen
train_0290,C:\Users\tao20\Desktop\Algorithm\AIPlayerDesktop\data\蔡扬的\train\train_0290.json,106,4,False,11,8,11,7, ,-1.9498086866586224,0,11.739130434782608,0.0,1.7757009179841037,8,0.0,190,12,pathLen
train_0290,C:\Users\tao20\Desktop\Algorithm\AIPlayerDesktop\data\蔡扬的\train\train_0290.json,106,5,False,6,1,6,0, ,-19.4227057196222,0,11.739130434782608,0.0,1.7757009179841037,20,0.0,190,12,pathLen
train_0290,C:\Users\tao20\Desktop\Algorithm\AIPlayerDesktop\data\蔡扬的\train\train_0290.json,106,6,False,1,13,1,12,T,-39.23018245039345,-30,11.739130434782608,0.0,1.7757009179841037,13,0.0,160,12,deltaR
train_0290,C:\Users\tao20\Desktop\Algorithm\AIPlayerDesktop\data\蔡扬的\train\train_0290.json,106,7,False,8,13,8,12,T,-43.59840670863434,-30,11.739130434782608,0.0,1.7757009179841037,16,0.0,160,12,deltaR
train_0290,C:\Users\tao20\Desktop\Algorithm\AIPlayerDesktop\data\蔡扬的\train\train_0290.json,106,8,False,1,7,1,6, ,-1e+18,0,0.0,0.0,1.7757009179841037,7,0.0,190,0,pathLen
train_0290,C:\Users\tao20\Desktop\Algorithm\AIPlayerDesktop\data\蔡扬的\train\train_0290.json,107,1,True,5,8,5,7, ,8.253935975526712,0,11.739130434782608,0.0,1.759259242969822,1,0.0,190,12,Iproxy
train_0290,C:\Users\tao20\Desktop\Algorithm\AIPlayerDesktop\data\蔡扬的\train\train_0290.json,107,2,False,9,8,9,7, ,2.4835656585856976,0,11.739130434782608,0.0,1.759259242969822,5,0.0,190,12,Iproxy
train_0290,C:\Users\tao20\Desktop\Algorithm\AIPlayerDesktop\data\蔡扬的\train\train_0290.json,107,3,False,5,6,5,5, ,0.9815395594552379,0,2.934782608695652,0.0,1.759259242969822,1,0.0,190,3,Iproxy
train_0290,C:\Users\tao20\Desktop\Algorithm\AIPlayerDesktop\data\蔡扬的\train\train_0290.json,107,4,False,11,8,11,7, ,-0.40161949988481105,0,11.739130434782608,0.0,1.759259242969822,7,0.0,190,12,pathLen
train_0290,C:\Users\tao20\Desktop\Algorithm\AIPlayerDesktop\data\蔡扬的\train\train_0290.json,107,5,False,6,1,6,0, ,-17.71273045070786,0,11.739130434782608,0.0,1.759259242969822,19,0.0,190,12,pathLen
train_0290,C:\Users\tao20\Desktop\Algorithm\AIPlayerDesktop\data\蔡扬的\train\train_0290.json,107,6,False,1,13,1,12,T,-40.49976755453159,-30,11.739130434782608,0.0,1.759259242969822,14,0.0,160,12,deltaR
train_0290,C:\Users\tao20\Desktop\Algorithm\AIPlayerDesktop\data\蔡扬的\train\train_0290.json,107,7,False,8,13,8,12,T,-44.827545292237346,-30,11.739130434782608,0.0,1.759259242969822,17,0.0,160,12,deltaR
train_0290,C:\Users\tao20\Desktop\Algorithm\AIPlayerDesktop\data\蔡扬的\train\train_0290.json,107,8,False,1,7,1,6, ,-1e+18,0,0.0,0.0,1.759259242969822,8,0.0,190,0,pathLen
train_0290,C:\Users\tao20\Desktop\Algorithm\AIPlayerDesktop\data\蔡扬的\train\train_0290.json,108,1,True,9,8,9,7, ,1.0014070706623315,0,11.612903225806448,0.0,1.7431192500631263,6,0.0,190,12,Iproxy
train_0290,C:\Users\tao20\Desktop\Algorithm\AIPlayerDesktop\data\蔡扬的\train\train_0290.json,108,2,False,5,6,5,5, ,-0.4643271248602989,0,2.903225806451612,0.0,1.7431192500631263,2,0.0,190,3,pathLen
train_0290,C:\Users\tao20\Desktop\Algorithm\AIPlayerDesktop\data\蔡扬的\train\train_0290.json,108,3,False,11,8,11,7, ,-1.8573084994411957,0,11.612903225806448,0.0,1.7431192500631263,8,0.0,190,12,pathLen
train_0290,C:\Users\tao20\Desktop\Algorithm\AIPlayerDesktop\data\蔡扬的\train\train_0290.json,108,4,False,6,1,6,0, ,-19.00960192006236,0,11.612903225806448,0.0,1.7431192500631263,20,0.0,190,12,pathLen
train_0290,C:\Users\tao20\Desktop\Algorithm\AIPlayerDesktop\data\蔡扬的\train\train_0290.json,108,5,False,1,13,1,12,T,-41.862812994803534,-30,11.612903225806448,0.0,1.7431192500631263,15,0.0,160,12,deltaR
train_0290,C:\Users\tao20\Desktop\Algorithm\AIPlayerDesktop\data\蔡扬的\train\train_0290.json,108,6,False,8,13,8,12,T,-46.150886349958824,-30,11.612903225806448,0.0,1.7431192500631263,18,0.0,160,12,pathLen
train_0290,C:\Users\tao20\Desktop\Algorithm\AIPlayerDesktop\data\蔡扬的\train\train_0290.json,108,7,False,1,7,1,6, ,-1e+18,0,0.0,0.0,1.7431192500631263,9,0.0,190,0,pathLen
train_0290,C:\Users\tao20\Desktop\Algorithm\AIPlayerDesktop\data\蔡扬的\train\train_0290.json,108,8,False,5,9,5,8, ,-1e+18,0,0.0,0.0,1.7431192500631263,1,0.0,190,0,pathLen
train_0290,C:\Users\tao20\Desktop\Algorithm\AIPlayerDesktop\data\蔡扬的\train\train_0290.json,109,1,True,9,8,9,7, ,2.483966842824181,0,11.612903225806448,0.0,1.7272727115702482,5,0.0,190,12,Iproxy
train_0290,C:\Users\tao20\Desktop\Algorithm\AIPlayerDesktop\data\蔡扬的\train\train_0290.json,109,2,False,5,6,5,5, ,0.975082616577946,0,2.903225806451612,0.0,1.7272727115702482,1,0.0,190,3,Iproxy
train_0290,C:\Users\tao20\Desktop\Algorithm\AIPlayerDesktop\data\蔡扬的\train\train_0290.json,109,3,False,11,8,11,7, ,-0.34876040415102594,0,11.612903225806448,0.0,1.7272727115702482,7,0.0,190,12,pathLen
train_0290,C:\Users\tao20\Desktop\Algorithm\AIPlayerDesktop\data\蔡扬的\train\train_0290.json,109,4,False,6,1,6,0, ,-17.345123886002263,0,11.612903225806448,0.0,1.7272727115702482,19,0.0,190,12,pathLen
train_0290,C:\Users\tao20\Desktop\Algorithm\AIPlayerDesktop\data\蔡扬的\train\train_0290.json,109,5,False,1,13,1,12,T,-40.26330576856425,-30,11.612903225806448,0.0,1.7272727115702482,14,0.0,160,12,deltaR
train_0290,C:\Users\tao20\Desktop\Algorithm\AIPlayerDesktop\data\蔡扬的\train\train_0290.json,109,6,False,8,13,8,12,T,-44.51239663902706,-30,11.612903225806448,0.0,1.7272727115702482,17,0.0,160,12,deltaR
train_0290,C:\Users\tao20\Desktop\Algorithm\AIPlayerDesktop\data\蔡扬的\train\train_0290.json,109,7,False,1,7,1,6, ,-1e+18,0,0.0,0.0,1.7272727115702482,8,0.0,190,0,pathLen
train_0290,C:\Users\tao20\Desktop\Algorithm\AIPlayerDesktop\data\蔡扬的\train\train_0290.json,109,8,False,5,9,5,8, ,-1e+18,0,0.0,0.0,1.7272727115702482,2,0.0,190,0,pathLen
train_0290,C:\Users\tao20\Desktop\Algorithm\AIPlayerDesktop\data\蔡扬的\train\train_0290.json,110,1,True,9,8,9,7, ,3.9419555398595225,0,11.612903225806448,0.0,1.7117116962908856,4,0.0,190,12,Iproxy
train_0290,C:\Users\tao20\Desktop\Algorithm\AIPlayerDesktop\data\蔡扬的\train\train_0290.json,110,2,False,11,8,11,7, ,1.1347483579424704,0,11.612903225806448,0.0,1.7117116962908856,6,0.0,190,12,Iproxy
train_0290,C:\Users\tao20\Desktop\Algorithm\AIPlayerDesktop\data\蔡扬的\train\train_0290.json,110,3,False,5,6,5,5, ,-0.4181147059936454,0,2.903225806451612,0.0,1.7117116962908856,2,0.0,190,3,pathLen
train_0290,C:\Users\tao20\Desktop\Algorithm\AIPlayerDesktop\data\蔡扬的\train\train_0290.json,110,4,False,6,1,6,0, ,-15.70849473355984,0,11.612903225806448,0.0,1.7117116962908856,18,0.0,190,12,pathLen
train_0290,C:\Users\tao20\Desktop\Algorithm\AIPlayerDesktop\data\蔡扬的\train\train_0290.json,110,5,False,1,13,1,12,T,-41.49768396068426,-30,11.612903225806448,0.0,1.7117116962908856,15,0.0,160,12,deltaR
train_0290,C:\Users\tao20\Desktop\Algorithm\AIPlayerDesktop\data\蔡扬的\train\train_0290.json,110,6,False,8,13,8,12,T,-45.70849473355984,-30,11.612903225806448,0.0,1.7117116962908856,18,0.0,160,12,pathLen
train_0290,C:\Users\tao20\Desktop\Algorithm\AIPlayerDesktop\data\蔡扬的\train\train_0290.json,110,7,False,1,7,1,6, ,-1e+18,0,0.0,0.0,1.7117116962908856,9,0.0,190,0,pathLen
train_0290,C:\Users\tao20\Desktop\Algorithm\AIPlayerDesktop\data\蔡扬的\train\train_0290.json,110,8,False,5,9,5,8, ,-1e+18,0,0.0,0.0,1.7117116962908856,3,0.0,190,0,pathLen
train_0290,C:\Users\tao20\Desktop\Algorithm\AIPlayerDesktop\data\蔡扬的\train\train_0290.json,111,1,True,9,8,9,7, ,5.375623609985327,0,11.612903225806448,0.0,1.696428556281888,3,0.0,190,12,Iproxy
train_0290,C:\Users\tao20\Desktop\Algorithm\AIPlayerDesktop\data\蔡扬的\train\train_0290.json,111,2,False,11,8,11,7, ,2.593480777683032,0,11.612903225806448,0.0,1.696428556281888,5,0.0,190,12,Iproxy
train_0290,C:\Users\tao20\Desktop\Algorithm\AIPlayerDesktop\data\蔡扬的\train\train_0290.json,111,3,False,5,6,5,5, ,-1.7860047838437514,0,2.903225806451612,0.0,1.696428556281888,3,0.0,190,3,pathLen
train_0290,C:\Users\tao20\Desktop\Algorithm\AIPlayerDesktop\data\蔡扬的\train\train_0290.json,111,4,False,6,1,6,0, ,-14.099376216130745,0,11.612903225806448,0.0,1.696428556281888,17,0.0,190,12,pathLen
train_0290,C:\Users\tao20\Desktop\Algorithm\AIPlayerDesktop\data\蔡扬的\train\train_0290.json,111,5,False,1,13,1,12,T,-42.708304799979594,-30,11.612903225806448,0.0,1.696428556281888,16,0.0,160,12,deltaR
train_0290,C:\Users\tao20\Desktop\Algorithm\AIPlayerDesktop\data\蔡扬的\train\train_0290.json,111,6,False,8,13,8,12,T,-46.881519048433034,-30,11.612903225806448,0.0,1.696428556281888,19,0.0,160,12,pathLen
train_0290,C:\Users\tao20\Desktop\Algorithm\AIPlayerDesktop\data\蔡扬的\train\train_0290.json,111,7,False,1,7,1,6, ,-1e+18,0,0.0,0.0,1.696428556281888,10,0.0,190,0,pathLen
train_0290,C:\Users\tao20\Desktop\Algorithm\AIPlayerDesktop\data\蔡扬的\train\train_0290.json,111,8,False,5,9,5,8, ,-1e+18,0,0.0,0.0,1.696428556281888,4,0.0,190,0,pathLen
train_0290,C:\Users\tao20\Desktop\Algorithm\AIPlayerDesktop\data\蔡扬的\train\train_0290.json,112,1,True,9,8,9,7, ,6.785290122743933,0,11.612903225806448,0.0,1.681415914323753,2,0.0,190,12,Iproxy
train_0290,C:\Users\tao20\Desktop\Algorithm\AIPlayerDesktop\data\蔡扬的\train\train_0290.json,112,2,False,11,8,11,7, ,4.027768023252978,0,11.612903225806448,0.0,1.681415914323753,4,0.0,190,12,Iproxy
train_0290,C:\Users\tao20\Desktop\Algorithm\AIPlayerDesktop\data\蔡扬的\train\train_0290.json,112,3,False,5,6,5,5, ,-3.1293411434231877,0,2.903225806451612,0.0,1.681415914323753,4,0.0,190,3,pathLen
train_0290,C:\Users\tao20\Desktop\Algorithm\AIPlayerDesktop\data\蔡扬的\train\train_0290.json,112,4,False,6,1,6,0, ,-12.51736457369275,0,11.612903225806448,0.0,1.681415914323753,16,0.0,190,12,pathLen
train_0290,C:\Users\tao20\Desktop\Algorithm\AIPlayerDesktop\data\蔡扬的\train\train_0290.json,112,5,False,1,13,1,12,T,-43.89612562343823,-30,11.612903225806448,0.0,1.681415914323753,17,0.0,160,12,deltaR
train_0290,C:\Users\tao20\Desktop\Algorithm\AIPlayerDesktop\data\蔡扬的\train\train_0290.json,112,6,False,8,13,8,12,T,-48.032408772674664,-30,11.612903225806448,0.0,1.681415914323753,20,0.0,160,12,pathLen
train_0290,C:\Users\tao20\Desktop\Algorithm\AIPlayerDesktop\data\蔡扬的\train\train_0290.json,112,7,False,1,7,1,6, ,-1e+18,0,0.0,0.0,1.681415914323753,11,0.0,190,0,pathLen
train_0290,C:\Users\tao20\Desktop\Algorithm\AIPlayerDesktop\data\蔡扬的\train\train_0290.json,112,8,False,5,9,5,8, ,-1e+18,0,0.0,0.0,1.681415914323753,5,0.0,190,0,pathLen
train_0290,C:\Users\tao20\Desktop\Algorithm\AIPlayerDesktop\data\蔡扬的\train\train_0290.json,113,1,True,9,8,9,7, ,8.171325058593418,0,11.612903225806448,0.0,1.6666666520467839,1,0.0,190,12,Iproxy
train_0290,C:\Users\tao20\Desktop\Algorithm\AIPlayerDesktop\data\蔡扬的\train\train_0290.json,113,2,False,11,8,11,7, ,5.4379917492366925,0,11.612903225806448,0.0,1.6666666520467839,3,0.0,190,12,Iproxy
train_0290,C:\Users\tao20\Desktop\Algorithm\AIPlayerDesktop\data\蔡扬的\train\train_0290.json,113,3,False,5,6,5,5, ,-4.448835345073869,0,2.903225806451612,0.0,1.6666666520467839,5,0.0,190,3,pathLen
train_0290,C:\Users\tao20\Desktop\Algorithm\AIPlayerDesktop\data\蔡扬的\train\train_0290.json,113,4,False,6,1,6,0, ,-10.962008106903662,0,11.612903225806448,0.0,1.6666666520467839,15,0.0,190,12,pathLen
train_0290,C:\Users\tao20\Desktop\Algorithm\AIPlayerDesktop\data\蔡扬的\train\train_0290.json,113,5,False,1,13,1,12,T,-45.06200807093875,-30,11.612903225806448,0.0,1.6666666520467839,18,0.0,160,12,deltaR
train_0290,C:\Users\tao20\Desktop\Algorithm\AIPlayerDesktop\data\蔡扬的\train\train_0290.json,113,6,False,8,13,8,12,T,-49.16200803497384,-30,11.612903225806448,0.0,1.6666666520467839,21,0.0,160,12,pathLen
train_0290,C:\Users\tao20\Desktop\Algorithm\AIPlayerDesktop\data\蔡扬的\train\train_0290.json,113,7,False,1,7,1,6, ,-1e+18,0,0.0,0.0,1.6666666520467839,12,0.0,190,0,pathLen
train_0290,C:\Users\tao20\Desktop\Algorithm\AIPlayerDesktop\data\蔡扬的\train\train_0290.json,113,8,False,5,9,5,8, ,-1e+18,0,0.0,0.0,1.6666666520467839,6,0.0,190,0,pathLen
train_0290,C:\Users\tao20\Desktop\Algorithm\AIPlayerDesktop\data\蔡扬的\train\train_0290.json,114,1,True,9,9,9,8, ,8.008885378412321,0,11.428571428571427,0.0,1.6521738986767487,1,0.0,190,12,Iproxy
train_0290,C:\Users\tao20\Desktop\Algorithm\AIPlayerDesktop\data\蔡扬的\train\train_0290.json,114,2,False,11,8,11,7, ,3.9445375876675195,0,11.428571428571427,0.0,1.6521738986767487,4,0.0,190,12,Iproxy
train_0290,C:\Users\tao20\Desktop\Algorithm\AIPlayerDesktop\data\蔡扬的\train\train_0290.json,114,3,False,8,9,8,8, ,-1.9292595292192631,0,0.9523809523809523,0.0,1.6521738986767487,2,0.0,190,1,pathLen
train_0290,C:\Users\tao20\Desktop\Algorithm\AIPlayerDesktop\data\蔡扬的\train\train_0290.json,114,4,False,5,6,5,5, ,-5.78777858765779,0,2.8571428571428568,0.0,1.6521738986767487,6,0.0,190,3,pathLen
train_0290,C:\Users\tao20\Desktop\Algorithm\AIPlayerDesktop\data\蔡扬的\train\train_0290.json,114,5,False,6,1,6,0, ,-12.312853575311687,0,11.428571428571427,0.0,1.6521738986767487,16,0.0,190,12,pathLen
train_0290,C:\Users\tao20\Desktop\Algorithm\AIPlayerDesktop\data\蔡扬的\train\train_0290.json,114,6,False,1,13,1,12,T,-46.37720136605649,-30,11.428571428571427,0.0,1.6521738986767487,19,0.0,160,12,pathLen
train_0290,C:\Users\tao20\Desktop\Algorithm\AIPlayerDesktop\data\蔡扬的\train\train_0290.json,114,7,False,8,13,8,12,T,-50.44154915680129,-30,11.428571428571427,0.0,1.6521738986767487,22,0.0,160,12,pathLen
train_0290,C:\Users\tao20\Desktop\Algorithm\AIPlayerDesktop\data\蔡扬的\train\train_0290.json,114,8,False,1,7,1,6, ,-1e+18,0,0.0,0.0,1.6521738986767487,13,0.0,190,0,pathLen
train_0290,C:\Users\tao20\Desktop\Algorithm\AIPlayerDesktop\data\蔡扬的\train\train_0290.json,114,9,False,5,9,5,8, ,-1e+18,0,0.0,0.0,1.6521738986767487,7,0.0,190,0,pathLen
train_0290,C:\Users\tao20\Desktop\Algorithm\AIPlayerDesktop\data\蔡扬的\train\train_0290.json,115,1,True,11,8,11,7, ,2.519295198888262,0,11.308900523560206,0.0,1.6379310203626636,5,0.0,190,12,Iproxy
train_0290,C:\Users\tao20\Desktop\Algorithm\AIPlayerDesktop\data\蔡扬的\train\train_0290.json,115,2,False,8,9,8,8, ,-0.5735357381661187,0,0.9424083769633506,0.0,1.6379310203626636,1,0.0,190,1,pathLen
train_0290,C:\Users\tao20\Desktop\Algorithm\AIPlayerDesktop\data\蔡扬的\train\train_0290.json,115,3,False,5,6,5,5, ,-7.093020961287893,0,2.8272251308900516,0.0,1.6379310203626636,7,0.0,190,3,pathLen
train_0290,C:\Users\tao20\Desktop\Algorithm\AIPlayerDesktop\data\蔡扬的\train\train_0290.json,115,4,False,6,1,6,0, ,-13.597946041480345,0,11.308900523560206,0.0,1.6379310203626636,17,0.0,190,12,pathLen
train_0290,C:\Users\tao20\Desktop\Algorithm\AIPlayerDesktop\data\蔡扬的\train\train_0290.json,115,5,False,1,13,1,12,T,-47.6272563515725,-30,11.308900523560206,0.0,1.6379310203626636,20,0.0,160,12,pathLen
train_0290,C:\Users\tao20\Desktop\Algorithm\AIPlayerDesktop\data\蔡扬的\train\train_0290.json,115,6,False,8,13,8,12,T,-51.65656666166465,-30,11.308900523560206,0.0,1.6379310203626636,23,0.0,160,12,pathLen
train_0290,C:\Users\tao20\Desktop\Algorithm\AIPlayerDesktop\data\蔡扬的\train\train_0290.json,115,7,False,1,7,1,6, ,-1e+18,0,0.0,0.0,1.6379310203626636,14,0.0,190,0,pathLen
train_0290,C:\Users\tao20\Desktop\Algorithm\AIPlayerDesktop\data\蔡扬的\train\train_0290.json,115,8,False,5,9,5,8, ,-1e+18,0,0.0,0.0,1.6379310203626636,8,0.0,190,0,pathLen
train_0290,C:\Users\tao20\Desktop\Algorithm\AIPlayerDesktop\data\蔡扬的\train\train_0290.json,116,1,True,11,8,11,7, ,3.88367133050164,0,11.308900523560206,0.0,1.6239316100518666,4,0.0,190,12,Iproxy
train_0290,C:\Users\tao20\Desktop\Algorithm\AIPlayerDesktop\data\蔡扬的\train\train_0290.json,116,2,False,8,9,8,8, ,-1.8957339228624144,0,0.9424083769633506,0.0,1.6239316100518666,2,0.0,190,1,pathLen
train_0290,C:\Users\tao20\Desktop\Algorithm\AIPlayerDesktop\data\蔡扬的\train\train_0290.json,116,3,False,5,6,5,5, ,-5.687201768587244,0,2.8272251308900516,0.0,1.6239316100518666,6,0.0,190,3,pathLen
train_0290,C:\Users\tao20\Desktop\Algorithm\AIPlayerDesktop\data\蔡扬的\train\train_0290.json,116,4,False,6,1,6,0, ,-12.095815712408728,0,11.308900523560206,0.0,1.6239316100518666,16,0.0,190,12,pathLen
train_0290,C:\Users\tao20\Desktop\Algorithm\AIPlayerDesktop\data\蔡扬的\train\train_0290.json,116,5,False,1,13,1,12,T,-46.09068747313632,-30,11.308900523560206,0.0,1.6239316100518666,19,0.0,160,12,pathLen
train_0290,C:\Users\tao20\Desktop\Algorithm\AIPlayerDesktop\data\蔡扬的\train\train_0290.json,116,6,False,8,13,8,12,T,-50.08555923386391,-30,11.308900523560206,0.0,1.6239316100518666,22,0.0,160,12,pathLen
train_0290,C:\Users\tao20\Desktop\Algorithm\AIPlayerDesktop\data\蔡扬的\train\train_0290.json,116,7,False,1,7,1,6, ,-1e+18,0,0.0,0.0,1.6239316100518666,13,0.0,190,0,pathLen
train_0290,C:\Users\tao20\Desktop\Algorithm\AIPlayerDesktop\data\蔡扬的\train\train_0290.json,116,8,False,5,9,5,8, ,-1e+18,0,0.0,0.0,1.6239316100518666,7,0.0,190,0,pathLen
train_0290,C:\Users\tao20\Desktop\Algorithm\AIPlayerDesktop\data\蔡扬的\train\train_0290.json,117,1,True,11,8,11,7, ,5.2294337991644255,0,11.308900523560206,0.0,1.6101694778799198,3,0.0,190,12,Iproxy
train_0290,C:\Users\tao20\Desktop\Algorithm\AIPlayerDesktop\data\蔡扬的\train\train_0290.json,117,2,False,8,9,8,8, ,-3.19514602268885,0,0.9424083769633506,0.0,1.6101694778799198,3,0.0,190,1,pathLen
train_0290,C:\Users\tao20\Desktop\Algorithm\AIPlayerDesktop\data\蔡扬的\train\train_0290.json,117,3,False,5,6,5,5, ,-4.304082180620414,0,2.8272251308900516,0.0,1.6101694778799198,5,0.0,190,3,pathLen
train_0290,C:\Users\tao20\Desktop\Algorithm\AIPlayerDesktop\data\蔡扬的\train\train_0290.json,117,4,False,6,1,6,0, ,-10.614633863173983,0,11.308900523560206,0.0,1.6101694778799198,15,0.0,190,12,pathLen
train_0290,C:\Users\tao20\Desktop\Algorithm\AIPlayerDesktop\data\蔡扬的\train\train_0290.json,117,5,False,1,13,1,12,T,-44.575650778758586,-30,11.308900523560206,0.0,1.6101694778799198,18,0.0,160,12,deltaR
train_0290,C:\Users\tao20\Desktop\Algorithm\AIPlayerDesktop\data\蔡扬的\train\train_0290.json,117,6,False,8,13,8,12,T,-48.536667694343194,-30,11.308900523560206,0.0,1.6101694778799198,21,0.0,160,12,pathLen
train_0290,C:\Users\tao20\Desktop\Algorithm\AIPlayerDesktop\data\蔡扬的\train\train_0290.json,117,7,False,1,7,1,6, ,-1e+18,0,0.0,0.0,1.6101694778799198,12,0.0,190,0,pathLen
train_0290,C:\Users\tao20\Desktop\Algorithm\AIPlayerDesktop\data\蔡扬的\train\train_0290.json,117,8,False,5,9,5,8, ,-1e+18,0,0.0,0.0,1.6101694778799198,6,0.0,190,0,pathLen
train_0290,C:\Users\tao20\Desktop\Algorithm\AIPlayerDesktop\data\蔡扬的\train\train_0290.json,118,1,True,11,8,11,7, ,6.556190304416953,0,11.308900523560206,0.0,1.5966386420450536,2,0.0,190,12,Iproxy
train_0290,C:\Users\tao20\Desktop\Algorithm\AIPlayerDesktop\data\蔡扬的\train\train_0290.json,118,2,False,8,9,8,8, ,-4.472418272793539,0,0.9424083769633506,0.0,1.5966386420450536,4,0.0,190,1,pathLen
train_0290,C:\Users\tao20\Desktop\Algorithm\AIPlayerDesktop\data\蔡扬的\train\train_0290.json,118,3,False,5,6,5,5, ,-5.561792699518953,0,2.8272251308900516,0.0,1.5966386420450536,6,0.0,190,3,pathLen
train_0290,C:\Users\tao20\Desktop\Algorithm\AIPlayerDesktop\data\蔡扬的\train\train_0290.json,118,4,False,6,1,6,0, ,-9.154733933306375,0,11.308900523560206,0.0,1.5966386420450536,14,0.0,190,12,pathLen
train_0290,C:\Users\tao20\Desktop\Algorithm\AIPlayerDesktop\data\蔡扬的\train\train_0290.json,118,5,False,1,13,1,12,T,-45.700952365691094,-30,11.308900523560206,0.0,1.5966386420450536,19,0.0,160,12,pathLen
train_0290,C:\Users\tao20\Desktop\Algorithm\AIPlayerDesktop\data\蔡扬的\train\train_0290.json,118,6,False,8,13,8,12,T,-49.62868342512192,-30,11.308900523560206,0.0,1.5966386420450536,22,0.0,160,12,pathLen
train_0290,C:\Users\tao20\Desktop\Algorithm\AIPlayerDesktop\data\蔡扬的\train\train_0290.json,118,7,False,1,7,1,6, ,-1e+18,0,0.0,0.0,1.5966386420450536,13,0.0,190,0,pathLen
train_0290,C:\Users\tao20\Desktop\Algorithm\AIPlayerDesktop\data\蔡扬的\train\train_0290.json,118,8,False,5,9,5,8, ,-1e+18,0,0.0,0.0,1.5966386420450536,7,0.0,190,0,pathLen
train_0290,C:\Users\tao20\Desktop\Algorithm\AIPlayerDesktop\data\蔡扬的\train\train_0290.json,119,1,True,11,8,11,7, ,7.863725924954403,0,11.308900523560206,0.0,1.583333320138889,1,0.0,190,12,Iproxy
train_0290,C:\Users\tao20\Desktop\Algorithm\AIPlayerDesktop\data\蔡扬的\train\train_0290.json,119,2,False,8,9,8,8, ,-5.72816167528042,0,0.9424083769633506,0.0,1.583333320138889,5,0.0,190,1,pathLen
train_0290,C:\Users\tao20\Desktop\Algorithm\AIPlayerDesktop\data\蔡扬的\train\train_0290.json,119,3,False,5,6,5,5, ,-6.797818445730149,0,2.8272251308900516,0.0,1.583333320138889,7,0.0,190,3,pathLen
train_0290,C:\Users\tao20\Desktop\Algorithm\AIPlayerDesktop\data\蔡扬的\train\train_0290.json,119,4,False,6,1,6,0, ,-7.716273945212265,0,11.308900523560206,0.0,1.583333320138889,13,0.0,190,12,pathLen
train_0290,C:\Users\tao20\Desktop\Algorithm\AIPlayerDesktop\data\蔡扬的\train\train_0290.json,119,5,False,1,13,1,12,T,-46.804607202809485,-30,11.308900523560206,0.0,1.583333320138889,20,0.0,160,12,pathLen
train_0290,C:\Users\tao20\Desktop\Algorithm\AIPlayerDesktop\data\蔡扬的\train\train_0290.json,119,6,False,8,13,8,12,T,-50.69960717035115,-30,11.308900523560206,0.0,1.583333320138889,23,0.0,160,12,pathLen
train_0290,C:\Users\tao20\Desktop\Algorithm\AIPlayerDesktop\data\蔡扬的\train\train_0290.json,119,7,False,1,7,1,6, ,-1e+18,0,0.0,0.0,1.583333320138889,14,0.0,190,0,pathLen
train_0290,C:\Users\tao20\Desktop\Algorithm\AIPlayerDesktop\data\蔡扬的\train\train_0290.json,119,8,False,5,9,5,8, ,-1e+18,0,0.0,0.0,1.583333320138889,8,0.0,190,0,pathLen
train_0290,C:\Users\tao20\Desktop\Algorithm\AIPlayerDesktop\data\蔡扬的\train\train_0290.json,120,1,True,11,9,11,8, ,7.756968607193461,0,11.191709844559586,0.0,1.570247920907042,1,0.0,190,12,Iproxy
train_0290,C:\Users\tao20\Desktop\Algorithm\AIPlayerDesktop\data\蔡扬的\train\train_0290.json,120,2,False,12,9,12,8, ,6.469365312049687,0,11.191709844559586,0.0,1.570247920907042,2,0.0,190,12,Iproxy
train_0290,C:\Users\tao20\Desktop\Algorithm\AIPlayerDesktop\data\蔡扬的\train\train_0290.json,120,3,False,8,9,8,8, ,-6.971905445667877,0,0.9326424870466321,0.0,1.570247920907042,6,0.0,190,1,pathLen
train_0290,C:\Users\tao20\Desktop\Algorithm\AIPlayerDesktop\data\蔡扬的\train\train_0290.json,120,4,False,5,6,5,5, ,-8.039683385565887,0,2.7979274611398965,0.0,1.570247920907042,8,0.0,190,3,pathLen
train_0290,C:\Users\tao20\Desktop\Algorithm\AIPlayerDesktop\data\蔡扬的\train\train_0290.json,120,5,False,6,1,6,0, ,-8.981874229675604,0,11.191709844559586,0.0,1.570247920907042,14,0.0,190,12,pathLen
train_0290,C:\Users\tao20\Desktop\Algorithm\AIPlayerDesktop\data\蔡扬的\train\train_0290.json,120,6,False,1,13,1,12,T,-47.99509729568203,-30,11.191709844559586,0.0,1.570247920907042,21,0.0,160,12,pathLen
train_0290,C:\Users\tao20\Desktop\Algorithm\AIPlayerDesktop\data\蔡扬的\train\train_0290.json,120,7,False,8,13,8,12,T,-51.85790718111335,-30,11.191709844559586,0.0,1.570247920907042,24,0.0,160,12,pathLen
train_0290,C:\Users\tao20\Desktop\Algorithm\AIPlayerDesktop\data\蔡扬的\train\train_0290.json,120,8,False,1,7,1,6, ,-1e+18,0,0.0,0.0,1.570247920907042,15,0.0,190,0,pathLen
train_0290,C:\Users\tao20\Desktop\Algorithm\AIPlayerDesktop\data\蔡扬的\train\train_0290.json,120,9,False,5,9,5,8, ,-1e+18,0,0.0,0.0,1.570247920907042,9,0.0,190,0,pathLen
train_0290,C:\Users\tao20\Desktop\Algorithm\AIPlayerDesktop\data\蔡扬的\train\train_0290.json,121,1,True,11,10,11,9, ,7.644456517513812,0,11.076923076923078,0.0,1.5573770364149424,1,0.0,190,12,Iproxy
train_0290,C:\Users\tao20\Desktop\Algorithm\AIPlayerDesktop\data\蔡扬的\train\train_0290.json,121,2,False,12,9,12,8, ,7.644456517513812,0,11.076923076923078,0.0,1.5573770364149424,1,0.0,190,12,Iproxy
train_0290,C:\Users\tao20\Desktop\Algorithm\AIPlayerDesktop\data\蔡扬的\train\train_0290.json,121,3,False,8,9,8,8, ,-8.195885381740597,0,0.9230769230769232,0.0,1.5573770364149424,7,0.0,190,1,pathLen
train_0290,C:\Users\tao20\Desktop\Algorithm\AIPlayerDesktop\data\蔡扬的\train\train_0290.json,121,4,False,5,6,5,5, ,-9.263066106898757,0,2.7692307692307696,0.0,1.5573770364149424,9,0.0,190,3,pathLen
train_0290,C:\Users\tao20\Desktop\Algorithm\AIPlayerDesktop\data\蔡扬的\train\train_0290.json,121,5,False,6,1,6,0, ,-10.234231860529725,0,11.076923076923078,0.0,1.5573770364149424,15,0.0,190,12,pathLen
train_0290,C:\Users\tao20\Desktop\Algorithm\AIPlayerDesktop\data\蔡扬的\train\train_0290.json,121,6,False,1,13,1,12,T,-49.17357604955149,-30,11.076923076923078,0.0,1.5573770364149424,22,0.0,160,12,pathLen
train_0290,C:\Users\tao20\Desktop\Algorithm\AIPlayerDesktop\data\蔡扬的\train\train_0290.json,121,7,False,8,13,8,12,T,-53.00472355913225,-30,11.076923076923078,0.0,1.5573770364149424,25,0.0,160,12,pathLen
train_0290,C:\Users\tao20\Desktop\Algorithm\AIPlayerDesktop\data\蔡扬的\train\train_0290.json,121,8,False,1,7,1,6, ,-1e+18,0,0.0,0.0,1.5573770364149424,16,0.0,190,0,pathLen
train_0290,C:\Users\tao20\Desktop\Algorithm\AIPlayerDesktop\data\蔡扬的\train\train_0290.json,121,9,False,5,9,5,8, ,-1e+18,0,0.0,0.0,1.5573770364149424,10,0.0,190,0,pathLen
train_0290,C:\Users\tao20\Desktop\Algorithm\AIPlayerDesktop\data\蔡扬的\train\train_0290.json,122,1,True,11,11,11,10, ,7.4773494796044755,0,10.90909090909091,0.0,1.5447154345958094,1,0.0,190,12,Iproxy
train_0290,C:\Users\tao20\Desktop\Algorithm\AIPlayerDesktop\data\蔡扬的\train\train_0290.json,122,2,False,12,9,12,8, ,6.210682823235912,0,10.90909090909091,0.0,1.5447154345958094,2,0.0,190,12,Iproxy
train_0290,C:\Users\tao20\Desktop\Algorithm\AIPlayerDesktop\data\蔡扬的\train\train_0290.json,122,3,False,8,9,8,8, ,-9.404665239617422,0,0.9090909090909092,0.0,1.5447154345958094,8,0.0,190,1,pathLen
train_0290,C:\Users\tao20\Desktop\Algorithm\AIPlayerDesktop\data\蔡扬的\train\train_0290.json,122,4,False,5,6,5,5, ,-10.480662529692376,0,2.7272727272727275,0.0,1.5447154345958094,10,0.0,190,3,pathLen
train_0290,C:\Users\tao20\Desktop\Algorithm\AIPlayerDesktop\data\蔡扬的\train\train_0290.json,122,5,False,6,1,6,0, ,-11.522650365923978,0,10.90909090909091,0.0,1.5447154345958094,16,0.0,190,12,pathLen
train_0290,C:\Users\tao20\Desktop\Algorithm\AIPlayerDesktop\data\蔡扬的\train\train_0290.json,122,6,False,1,13,1,12,T,-50.38931696050392,-30,10.90909090909091,0.0,1.5447154345958094,23,0.0,160,12,pathLen
train_0290,C:\Users\tao20\Desktop\Algorithm\AIPlayerDesktop\data\蔡扬的\train\train_0290.json,122,7,False,8,13,8,12,T,-54.18931692960961,-30,10.90909090909091,0.0,1.5447154345958094,26,0.0,160,12,pathLen
train_0290,C:\Users\tao20\Desktop\Algorithm\AIPlayerDesktop\data\蔡扬的\train\train_0290.json,122,8,False,1,7,1,6, ,-1e+18,0,0.0,0.0,1.5447154345958094,17,0.0,190,0,pathLen
train_0290,C:\Users\tao20\Desktop\Algorithm\AIPlayerDesktop\data\蔡扬的\train\train_0290.json,122,9,False,5,9,5,8, ,-1e+18,0,0.0,0.0,1.5447154345958094,11,0.0,190,0,pathLen
train_0290,C:\Users\tao20\Desktop\Algorithm\AIPlayerDesktop\data\蔡扬的\train\train_0290.json,123,1,True,12,9,12,8, ,4.792586690425589,0,10.746268656716415,0.0,1.5322580521592093,3,0.0,190,12,Iproxy
train_0290,C:\Users\tao20\Desktop\Algorithm\AIPlayerDesktop\data\蔡扬的\train\train_0290.json,123,2,False,8,9,8,8, ,-10.594569300040193,0,0.8955223880597013,0.0,1.5322580521592093,9,0.0,190,1,pathLen
train_0290,C:\Users\tao20\Desktop\Algorithm\AIPlayerDesktop\data\蔡扬的\train\train_0290.json,123,3,False,5,6,5,5, ,-11.680482255791755,0,2.686567164179104,0.0,1.5322580521592093,11,0.0,190,3,pathLen
train_0290,C:\Users\tao20\Desktop\Algorithm\AIPlayerDesktop\data\蔡扬的\train\train_0290.json,123,4,False,6,1,6,0, ,-12.79773574836213,0,10.746268656716415,0.0,1.5322580521592093,17,0.0,190,12,pathLen
train_0290,C:\Users\tao20\Desktop\Algorithm\AIPlayerDesktop\data\蔡扬的\train\train_0290.json,123,5,False,1,13,1,12,T,-51.59289696775599,-30,10.746268656716415,0.0,1.5322580521592093,24,0.0,160,12,pathLen
train_0290,C:\Users\tao20\Desktop\Algorithm\AIPlayerDesktop\data\蔡扬的\train\train_0290.json,123,6,False,8,13,8,12,T,-55.36225177606765,-30,10.746268656716415,0.0,1.5322580521592093,27,0.0,160,12,pathLen
train_0290,C:\Users\tao20\Desktop\Algorithm\AIPlayerDesktop\data\蔡扬的\train\train_0290.json,123,7,False,1,7,1,6, ,-1e+18,0,0.0,0.0,1.5322580521592093,18,0.0,190,0,pathLen
train_0290,C:\Users\tao20\Desktop\Algorithm\AIPlayerDesktop\data\蔡扬的\train\train_0290.json,123,8,False,5,9,5,8, ,-1e+18,0,0.0,0.0,1.5322580521592093,12,0.0,190,0,pathLen
train_0290,C:\Users\tao20\Desktop\Algorithm\AIPlayerDesktop\data\蔡扬的\train\train_0290.json,124,1,True,12,9,12,8, ,6.027887971708597,0,10.746268656716415,0.0,1.5199999878400001,2,0.0,190,12,Iproxy
train_0290,C:\Users\tao20\Desktop\Algorithm\AIPlayerDesktop\data\蔡扬的\train\train_0290.json,124,2,False,8,9,8,8, ,-9.26114259091655,0,0.8955223880597013,0.0,1.5199999878400001,8,0.0,190,1,pathLen
train_0290,C:\Users\tao20\Desktop\Algorithm\AIPlayerDesktop\data\蔡扬的\train\train_0290.json,124,3,False,5,6,5,5, ,-10.333827912346452,0,2.686567164179104,0.0,1.5199999878400001,10,0.0,190,3,pathLen
train_0290,C:\Users\tao20\Desktop\Algorithm\AIPlayerDesktop\data\蔡扬的\train\train_0290.json,124,4,False,6,1,6,0, ,-11.421711888694604,0,10.746268656716415,0.0,1.5199999878400001,16,0.0,190,12,pathLen
train_0290,C:\Users\tao20\Desktop\Algorithm\AIPlayerDesktop\data\蔡扬的\train\train_0290.json,124,5,False,1,13,1,12,T,-50.1465118188962,-30,10.746268656716415,0.0,1.5199999878400001,23,0.0,160,12,pathLen
train_0290,C:\Users\tao20\Desktop\Algorithm\AIPlayerDesktop\data\蔡扬的\train\train_0290.json,124,6,False,8,13,8,12,T,-53.885711788982604,-30,10.746268656716415,0.0,1.5199999878400001,26,0.0,160,12,pathLen
train_0290,C:\Users\tao20\Desktop\Algorithm\AIPlayerDesktop\data\蔡扬的\train\train_0290.json,124,7,False,1,7,1,6, ,-1e+18,0,0.0,0.0,1.5199999878400001,17,0.0,190,0,pathLen
train_0290,C:\Users\tao20\Desktop\Algorithm\AIPlayerDesktop\data\蔡扬的\train\train_0290.json,124,8,False,5,9,5,8, ,-1e+18,0,0.0,0.0,1.5199999878400001,11,0.0,190,0,pathLen
train_0290,C:\Users\tao20\Desktop\Algorithm\AIPlayerDesktop\data\蔡扬的\train\train_0290.json,125,1,True,12,9,12,8, ,7.251177187494978,0,10.746268656716415,0.0,1.507936495968758,1,0.0,190,12,Iproxy
train_0290,C:\Users\tao20\Desktop\Algorithm\AIPlayerDesktop\data\蔡扬的\train\train_0290.json,125,2,False,8,9,8,8, ,-7.948248394011557,0,0.8955223880597013,0.0,1.507936495968758,7,0.0,190,1,pathLen
train_0290,C:\Users\tao20\Desktop\Algorithm\AIPlayerDesktop\data\蔡扬的\train\train_0290.json,125,3,False,5,6,5,5, ,-9.006650061702093,0,2.686567164179104,0.0,1.507936495968758,9,0.0,190,3,pathLen
train_0290,C:\Users\tao20\Desktop\Algorithm\AIPlayerDesktop\data\蔡扬的\train\train_0290.json,125,4,False,6,1,6,0, ,-10.059933786226361,0,10.746268656716415,0.0,1.507936495968758,15,0.0,190,12,pathLen
train_0290,C:\Users\tao20\Desktop\Algorithm\AIPlayerDesktop\data\蔡扬的\train\train_0290.json,125,5,False,1,13,1,12,T,-48.71548927308703,-30,10.746268656716415,0.0,1.507936495968758,22,0.0,160,12,pathLen
train_0290,C:\Users\tao20\Desktop\Algorithm\AIPlayerDesktop\data\蔡扬的\train\train_0290.json,125,6,False,8,13,8,12,T,-52.425013053170176,-30,10.746268656716415,0.0,1.507936495968758,25,0.0,160,12,pathLen
train_0290,C:\Users\tao20\Desktop\Algorithm\AIPlayerDesktop\data\蔡扬的\train\train_0290.json,125,7,False,1,7,1,6, ,-1e+18,0,0.0,0.0,1.507936495968758,16,0.0,190,0,pathLen
train_0290,C:\Users\tao20\Desktop\Algorithm\AIPlayerDesktop\data\蔡扬的\train\train_0290.json,125,8,False,5,9,5,8, ,-1e+18,0,0.0,0.0,1.507936495968758,10,0.0,190,0,pathLen
train_0290,C:\Users\tao20\Desktop\Algorithm\AIPlayerDesktop\data\蔡扬的\train\train_0290.json,126,1,True,13,10,13,9,G,58.710268216816644,50,14.187192118226598,0.0,1.4960629803459609,2,0.0,240,12,deltaR
train_0290,C:\Users\tao20\Desktop\Algorithm\AIPlayerDesktop\data\蔡扬的\train\train_0290.json,126,2,False,13,9,13,8, ,40.68703986070033,0,14.187192118226598,25.0,1.4960629803459609,1,0.0,190,12,tailGain
train_0290,C:\Users\tao20\Desktop\Algorithm\AIPlayerDesktop\data\蔡扬的\train\train_0290.json,126,3,False,8,9,8,8, ,-3.2929464347784085,0,1.1822660098522166,4.545454545454546,1.4960629803459609,8,0.0,190,1,pathLen
train_0290,C:\Users\tao20\Desktop\Algorithm\AIPlayerDesktop\data\蔡扬的\train\train_0290.json,126,4,False,5,6,5,5, ,-4.7459943319216435,0,3.5467980295566495,3.8461538461538463,1.4960629803459609,10,0.0,190,3,pathLen
train_0290,C:\Users\tao20\Desktop\Algorithm\AIPlayerDesktop\data\蔡扬的\train\train_0290.json,126,5,False,6,1,6,0, ,-5.22769269229183,0,14.187192118226598,2.6315789473684212,1.4960629803459609,16,0.0,190,12,pathLen
train_0290,C:\Users\tao20\Desktop\Algorithm\AIPlayerDesktop\data\蔡扬的\train\train_0290.json,126,6,False,5,9,5,8, ,-9.101630939863423,0,0.0,3.5714285714285716,1.4960629803459609,11,0.0,190,0,pathLen
train_0290,C:\Users\tao20\Desktop\Algorithm\AIPlayerDesktop\data\蔡扬的\train\train_0290.json,126,7,False,1,7,1,6, ,-17.780117946022692,0,0.0,2.5,1.4960629803459609,17,0.0,190,0,pathLen
train_0290,C:\Users\tao20\Desktop\Algorithm\AIPlayerDesktop\data\蔡扬的\train\train_0290.json,126,8,False,1,13,1,12,T,-44.68655168935618,-30,14.187192118226598,1.9230769230769231,1.4960629803459609,23,0.0,160,12,pathLen
train_0290,C:\Users\tao20\Desktop\Algorithm\AIPlayerDesktop\data\蔡扬的\train\train_0290.json,126,9,False,8,13,8,12,T,-48.61156158121945,-30,14.187192118226598,1.7241379310344827,1.4960629803459609,26,0.0,160,12,pathLen
train_0290,C:\Users\tao20\Desktop\Algorithm\AIPlayerDesktop\data\蔡扬的\train\train_0290.json,127,1,True,13,10,13,9,G,59.7887170470942,50,14.04878048780488,0.0,1.4843749884033204,1,0.0,240,12,deltaR
train_0290,C:\Users\tao20\Desktop\Algorithm\AIPlayerDesktop\data\蔡扬的\train\train_0290.json,127,2,False,8,9,8,8, ,-4.446619612042002,0,1.1707317073170733,4.545454545454546,1.4843749884033204,9,0.0,190,1,pathLen
train_0290,C:\Users\tao20\Desktop\Algorithm\AIPlayerDesktop\data\蔡扬的\train\train_0290.json,127,3,False,5,6,5,5, ,-5.906817030232488,0,3.51219512195122,3.8461538461538463,1.4843749884033204,11,0.0,190,3,pathLen
train_0290,C:\Users\tao20\Desktop\Algorithm\AIPlayerDesktop\data\蔡扬的\train\train_0290.json,127,4,False,6,1,6,0, ,-6.449440695494204,0,14.04878048780488,2.6315789473684212,1.4843749884033204,17,0.0,190,12,pathLen
train_0290,C:\Users\tao20\Desktop\Algorithm\AIPlayerDesktop\data\蔡扬的\train\train_0290.json,127,5,False,5,9,5,8, ,-10.21339274303153,0,0.0,3.5714285714285716,1.4843749884033204,12,0.0,190,0,pathLen
train_0290,C:\Users\tao20\Desktop\Algorithm\AIPlayerDesktop\data\蔡扬的\train\train_0290.json,127,6,False,1,7,1,6, ,-18.83437482883301,0,0.0,2.5,1.4843749884033204,18,0.0,190,0,pathLen
train_0290,C:\Users\tao20\Desktop\Algorithm\AIPlayerDesktop\data\蔡扬的\train\train_0290.json,127,7,False,1,13,1,12,T,-45.84121061880781,-30,14.04878048780488,1.9230769230769231,1.4843749884033204,24,0.0,160,12,pathLen
train_0290,C:\Users\tao20\Desktop\Algorithm\AIPlayerDesktop\data\蔡扬的\train\train_0290.json,127,8,False,8,13,8,12,T,-49.737468050492176,-30,14.04878048780488,1.7241379310344827,1.4843749884033204,27,0.0,160,12,pathLen
train_0290,C:\Users\tao20\Desktop\Algorithm\AIPlayerDesktop\data\蔡扬的\train\train_0290.json,128,1,True,13,11,13,10, ,9.319267403929729,0,13.913043478260867,0.0,1.8604651018568596,1,0.0,240,12,Iproxy
train_0290,C:\Users\tao20\Desktop\Algorithm\AIPlayerDesktop\data\蔡扬的\train\train_0290.json,128,2,False,8,9,8,8, ,-14.352076436271886,0,1.1594202898550725,0.0,1.8604651018568596,10,0.0,240,1,pathLen
train_0290,C:\Users\tao20\Desktop\Algorithm\AIPlayerDesktop\data\蔡扬的\train\train_0290.json,128,3,False,5,6,5,5, ,-15.59576440540841,0,3.478260869565217,0.0,1.8604651018568596,12,0.0,240,3,pathLen
train_0290,C:\Users\tao20\Desktop\Algorithm\AIPlayerDesktop\data\蔡扬的\train\train_0290.json,128,4,False,6,1,6,0, ,-16.615616115954893,0,13.913043478260867,0.0,1.8604651018568596,18,0.0,240,12,pathLen
train_0290,C:\Users\tao20\Desktop\Algorithm\AIPlayerDesktop\data\蔡扬的\train\train_0290.json,128,5,False,1,13,1,12,T,-57.294685800613266,-30,13.913043478260867,0.0,1.8604651018568596,25,0.0,210,12,pathLen
train_0290,C:\Users\tao20\Desktop\Algorithm\AIPlayerDesktop\data\蔡扬的\train\train_0290.json,128,6,False,8,13,8,12,T,-61.87142995118114,-30,13.913043478260867,0.0,1.8604651018568596,28,0.0,210,12,pathLen
train_0290,C:\Users\tao20\Desktop\Algorithm\AIPlayerDesktop\data\蔡扬的\train\train_0290.json,128,7,False,1,7,1,6, ,-1e+18,0,0.0,0.0,1.8604651018568596,19,0.0,240,0,pathLen
train_0290,C:\Users\tao20\Desktop\Algorithm\AIPlayerDesktop\data\蔡扬的\train\train_0290.json,128,8,False,5,9,5,8, ,-1e+18,0,0.0,0.0,1.8604651018568596,13,0.0,240,0,pathLen
train_0290,C:\Users\tao20\Desktop\Algorithm\AIPlayerDesktop\data\蔡扬的\train\train_0290.json,129,1,True,13,12,13,11, ,9.168091155766135,0,13.779904306220098,0.0,1.846153831952663,1,0.0,240,12,Iproxy
train_0290,C:\Users\tao20\Desktop\Algorithm\AIPlayerDesktop\data\蔡扬的\train\train_0290.json,129,2,False,8,9,8,8, ,-15.762146122715741,0,1.1483253588516749,0.0,1.846153831952663,11,0.0,240,1,pathLen
train_0290,C:\Users\tao20\Desktop\Algorithm\AIPlayerDesktop\data\蔡扬的\train\train_0290.json,129,3,False,5,6,5,5, ,-17.009515524123554,0,3.4449760765550246,0.0,1.846153831952663,13,0.0,240,3,pathLen
train_0290,C:\Users\tao20\Desktop\Algorithm\AIPlayerDesktop\data\蔡扬的\train\train_0290.json,129,4,False,6,1,6,0, ,-18.08113940385517,0,13.779904306220098,0.0,1.846153831952663,19,0.0,240,12,pathLen
train_0290,C:\Users\tao20\Desktop\Algorithm\AIPlayerDesktop\data\蔡扬的\train\train_0290.json,129,5,False,1,13,1,12,T,-58.67806239926345,-30,13.779904306220098,0.0,1.846153831952663,26,0.0,210,12,pathLen
train_0290,C:\Users\tao20\Desktop\Algorithm\AIPlayerDesktop\data\蔡扬的\train\train_0290.json,129,6,False,8,13,8,12,T,-63.219600825867005,-30,13.779904306220098,0.0,1.846153831952663,29,0.0,210,12,pathLen
train_0290,C:\Users\tao20\Desktop\Algorithm\AIPlayerDesktop\data\蔡扬的\train\train_0290.json,129,7,False,1,7,1,6, ,-1e+18,0,0.0,0.0,1.846153831952663,20,0.0,240,0,pathLen
train_0290,C:\Users\tao20\Desktop\Algorithm\AIPlayerDesktop\data\蔡扬的\train\train_0290.json,129,8,False,5,9,5,8, ,-1e+18,0,0.0,0.0,1.846153831952663,14,0.0,240,0,pathLen
train_0290,C:\Users\tao20\Desktop\Algorithm\AIPlayerDesktop\data\蔡扬的\train\train_0290.json,130,1,True,13,13,13,12, ,8.958474285821897,0,13.584905660377359,0.0,1.8320610547170912,1,0.0,240,12,Iproxy
train_0290,C:\Users\tao20\Desktop\Algorithm\AIPlayerDesktop\data\蔡扬的\train\train_0290.json,130,2,False,12,13,12,12, ,7.456184220953883,0,13.584905660377359,0.0,1.8320610547170912,2,0.0,240,12,Iproxy
train_0290,C:\Users\tao20\Desktop\Algorithm\AIPlayerDesktop\data\蔡扬的\train\train_0290.json,130,3,False,8,9,8,8, ,-17.155750415858684,0,1.1320754716981132,0.0,1.8320610547170912,12,0.0,240,1,pathLen
train_0290,C:\Users\tao20\Desktop\Algorithm\AIPlayerDesktop\data\蔡扬的\train\train_0290.json,130,4,False,5,6,5,5, ,-18.416869820479725,0,3.3962264150943398,0.0,1.8320610547170912,14,0.0,240,3,pathLen
train_0290,C:\Users\tao20\Desktop\Algorithm\AIPlayerDesktop\data\蔡扬的\train\train_0290.json,130,5,False,6,1,6,0, ,-19.585036946670378,0,13.584905660377359,0.0,1.8320610547170912,20,0.0,240,12,pathLen
train_0290,C:\Users\tao20\Desktop\Algorithm\AIPlayerDesktop\data\蔡扬的\train\train_0290.json,130,6,False,1,13,1,12,T,-60.10106740074648,-30,13.584905660377359,0.0,1.8320610547170912,27,0.0,210,12,pathLen
train_0290,C:\Users\tao20\Desktop\Algorithm\AIPlayerDesktop\data\蔡扬的\train\train_0290.json,130,7,False,8,13,8,12,T,-64.60793759535053,-30,13.584905660377359,0.0,1.8320610547170912,30,0.0,210,12,pathLen
train_0290,C:\Users\tao20\Desktop\Algorithm\AIPlayerDesktop\data\蔡扬的\train\train_0290.json,130,8,False,1,7,1,6, ,-1e+18,0,0.0,0.0,1.8320610547170912,21,0.0,240,0,pathLen
train_0290,C:\Users\tao20\Desktop\Algorithm\AIPlayerDesktop\data\蔡扬的\train\train_0290.json,130,9,False,5,9,5,8, ,-1e+18,0,0.0,0.0,1.8320610547170912,15,0.0,240,0,pathLen
train_0290,C:\Users\tao20\Desktop\Algorithm\AIPlayerDesktop\data\蔡扬的\train\train_0290.json,131,1,True,12,13,12,12, ,8.745559501725769,0,13.395348837209301,0.0,1.8181818044077136,1,0.0,240,12,Iproxy
train_0290,C:\Users\tao20\Desktop\Algorithm\AIPlayerDesktop\data\蔡扬的\train\train_0290.json,131,2,False,8,9,8,8, ,-18.52877898654122,0,1.1162790697674418,0.0,1.8181818044077136,13,0.0,240,1,pathLen
train_0290,C:\Users\tao20\Desktop\Algorithm\AIPlayerDesktop\data\蔡扬的\train\train_0290.json,131,3,False,5,6,5,5, ,-19.804519048879854,0,3.3488372093023253,0.0,1.8181818044077136,15,0.0,240,3,pathLen
train_0290,C:\Users\tao20\Desktop\Algorithm\AIPlayerDesktop\data\蔡扬的\train\train_0290.json,131,4,False,6,1,6,0, ,-21.072622090560735,0,13.395348837209301,0.0,1.8181818044077136,21,0.0,240,12,pathLen
train_0290,C:\Users\tao20\Desktop\Algorithm\AIPlayerDesktop\data\蔡扬的\train\train_0290.json,131,5,False,1,13,1,12,T,-61.50898564786101,-30,13.395348837209301,0.0,1.8181818044077136,28,0.0,210,12,pathLen
train_0290,C:\Users\tao20\Desktop\Algorithm\AIPlayerDesktop\data\蔡扬的\train\train_0290.json,131,6,False,8,13,8,12,T,-65.98171288670399,-30,13.395348837209301,0.0,1.8181818044077136,31,0.0,210,12,pathLen
train_0290,C:\Users\tao20\Desktop\Algorithm\AIPlayerDesktop\data\蔡扬的\train\train_0290.json,131,7,False,1,7,1,6, ,-1e+18,0,0.0,0.0,1.8181818044077136,22,0.0,240,0,pathLen
train_0290,C:\Users\tao20\Desktop\Algorithm\AIPlayerDesktop\data\蔡扬的\train\train_0290.json,131,8,False,5,9,5,8, ,-1e+18,0,0.0,0.0,1.8181818044077136,16,0.0,240,0,pathLen
train_0290,C:\Users\tao20\Desktop\Algorithm\AIPlayerDesktop\data\蔡扬的\train\train_0290.json,132,1,True,11,13,11,12, ,8.585048957037667,0,13.271889400921657,0.0,1.8045112646277348,1,0.0,240,12,Iproxy
train_0290,C:\Users\tao20\Desktop\Algorithm\AIPlayerDesktop\data\蔡扬的\train\train_0290.json,132,2,False,8,9,8,8, ,-19.877060301757027,0,1.1059907834101381,0.0,1.8045112646277348,14,0.0,240,1,pathLen
train_0290,C:\Users\tao20\Desktop\Algorithm\AIPlayerDesktop\data\蔡扬的\train\train_0290.json,132,3,False,5,6,5,5, ,-21.159000743407777,0,3.317972350230414,0.0,1.8045112646277348,16,0.0,240,3,pathLen
train_0290,C:\Users\tao20\Desktop\Algorithm\AIPlayerDesktop\data\蔡扬的\train\train_0290.json,132,4,False,6,1,6,0, ,-22.48863501985192,0,13.271889400921657,0.0,1.8045112646277348,22,0.0,240,12,pathLen
train_0290,C:\Users\tao20\Desktop\Algorithm\AIPlayerDesktop\data\蔡扬的\train\train_0290.json,132,5,False,1,13,1,12,T,-62.846529678815116,-30,13.271889400921657,0.0,1.8045112646277348,29,0.0,210,12,pathLen
train_0290,C:\Users\tao20\Desktop\Algorithm\AIPlayerDesktop\data\蔡扬的\train\train_0290.json,132,6,False,8,13,8,12,T,-67.28562738979934,-30,13.271889400921657,0.0,1.8045112646277348,32,0.0,210,12,pathLen
train_0290,C:\Users\tao20\Desktop\Algorithm\AIPlayerDesktop\data\蔡扬的\train\train_0290.json,132,7,False,1,7,1,6, ,-1e+18,0,0.0,0.0,1.8045112646277348,23,0.0,240,0,pathLen
train_0290,C:\Users\tao20\Desktop\Algorithm\AIPlayerDesktop\data\蔡扬的\train\train_0290.json,132,8,False,5,9,5,8, ,-1e+18,0,0.0,0.0,1.8045112646277348,17,0.0,240,0,pathLen
train_0290,C:\Users\tao20\Desktop\Algorithm\AIPlayerDesktop\data\蔡扬的\train\train_0290.json,133,1,True,8,9,8,8, ,-21.205156501979975,0,1.0958904109589043,0.0,1.7910447627533974,15,0.0,240,1,pathLen
train_0290,C:\Users\tao20\Desktop\Algorithm\AIPlayerDesktop\data\蔡扬的\train\train_0290.json,133,2,False,5,6,5,5, ,-22.49308175312192,0,3.287671232876713,0.0,1.7910447627533974,17,0.0,240,3,pathLen
train_0290,C:\Users\tao20\Desktop\Algorithm\AIPlayerDesktop\data\蔡扬的\train\train_0290.json,133,3,False,6,1,6,0, ,-23.88277526688732,0,13.150684931506852,0.0,1.7910447627533974,23,0.0,240,12,pathLen
train_0290,C:\Users\tao20\Desktop\Algorithm\AIPlayerDesktop\data\蔡扬的\train\train_0290.json,133,4,False,1,13,1,12,T,-64.16337220509183,-30,13.150684931506852,0.0,1.7910447627533974,30,0.0,210,12,pathLen
train_0290,C:\Users\tao20\Desktop\Algorithm\AIPlayerDesktop\data\蔡扬的\train\train_0290.json,133,5,False,8,13,8,12,T,-68.56934232146519,-30,13.150684931506852,0.0,1.7910447627533974,33,0.0,210,12,pathLen
train_0290,C:\Users\tao20\Desktop\Algorithm\AIPlayerDesktop\data\蔡扬的\train\train_0290.json,133,6,False,1,7,1,6, ,-1e+18,0,0.0,0.0,1.7910447627533974,24,0.0,240,0,pathLen
train_0290,C:\Users\tao20\Desktop\Algorithm\AIPlayerDesktop\data\蔡扬的\train\train_0290.json,133,7,False,5,9,5,8, ,-1e+18,0,0.0,0.0,1.7910447627533974,18,0.0,240,0,pathLen
train_0290,C:\Users\tao20\Desktop\Algorithm\AIPlayerDesktop\data\蔡扬的\train\train_0290.json,134,1,True,8,9,8,8, ,-19.58929490627641,0,1.0958904109589043,0.0,1.7777777646090536,14,0.0,240,1,pathLen
train_0290,C:\Users\tao20\Desktop\Algorithm\AIPlayerDesktop\data\蔡扬的\train\train_0290.json,134,2,False,5,6,5,5, ,-20.865662777364218,0,3.287671232876713,0.0,1.7777777646090536,16,0.0,240,3,pathLen
train_0290,C:\Users\tao20\Desktop\Algorithm\AIPlayerDesktop\data\蔡扬的\train\train_0290.json,134,3,False,6,1,6,0, ,-22.23598489632107,0,13.150684931506852,0.0,1.7777777646090536,22,0.0,240,12,pathLen
train_0290,C:\Users\tao20\Desktop\Algorithm\AIPlayerDesktop\data\蔡扬的\train\train_0290.json,134,4,False,1,13,1,12,T,-62.44042926517704,-30,13.150684931506852,0.0,1.7777777646090536,29,0.0,210,12,pathLen
train_0290,C:\Users\tao20\Desktop\Algorithm\AIPlayerDesktop\data\蔡扬的\train\train_0290.json,134,5,False,8,13,8,12,T,-66.81376256611532,-30,13.150684931506852,0.0,1.7777777646090536,32,0.0,210,12,pathLen
train_0290,C:\Users\tao20\Desktop\Algorithm\AIPlayerDesktop\data\蔡扬的\train\train_0290.json,134,6,False,1,7,1,6, ,-1e+18,0,0.0,0.0,1.7777777646090536,23,0.0,240,0,pathLen
train_0290,C:\Users\tao20\Desktop\Algorithm\AIPlayerDesktop\data\蔡扬的\train\train_0290.json,134,7,False,5,9,5,8, ,-1e+18,0,0.0,0.0,1.7777777646090536,17,0.0,240,0,pathLen
train_0290,C:\Users\tao20\Desktop\Algorithm\AIPlayerDesktop\data\蔡扬的\train\train_0290.json,135,1,True,8,9,8,8, ,-17.996250934886067,0,1.0958904109589043,0.0,1.7647058693771627,13,0.0,240,1,pathLen
train_0290,C:\Users\tao20\Desktop\Algorithm\AIPlayerDesktop\data\蔡扬的\train\train_0290.json,135,2,False,5,6,5,5, ,-19.259341295315636,0,3.287671232876713,0.0,1.7647058693771627,15,0.0,240,3,pathLen
train_0290,C:\Users\tao20\Desktop\Algorithm\AIPlayerDesktop\data\蔡扬的\train\train_0290.json,135,3,False,6,1,6,0, ,-20.602071478580882,0,13.150684931506852,0.0,1.7647058693771627,21,0.0,240,12,pathLen
train_0290,C:\Users\tao20\Desktop\Algorithm\AIPlayerDesktop\data\蔡扬的\train\train_0290.json,135,4,False,1,13,1,12,T,-60.731483168805795,-30,13.150684931506852,0.0,1.7647058693771627,28,0.0,210,12,pathLen
train_0290,C:\Users\tao20\Desktop\Algorithm\AIPlayerDesktop\data\蔡扬的\train\train_0290.json,135,5,False,8,13,8,12,T,-65.07265960747361,-30,13.150684931506852,0.0,1.7647058693771627,31,0.0,210,12,pathLen
train_0290,C:\Users\tao20\Desktop\Algorithm\AIPlayerDesktop\data\蔡扬的\train\train_0290.json,135,6,False,1,7,1,6, ,-1e+18,0,0.0,0.0,1.7647058693771627,22,0.0,240,0,pathLen
train_0290,C:\Users\tao20\Desktop\Algorithm\AIPlayerDesktop\data\蔡扬的\train\train_0290.json,135,7,False,5,9,5,8, ,-1e+18,0,0.0,0.0,1.7647058693771627,16,0.0,240,0,pathLen
train_0290,C:\Users\tao20\Desktop\Algorithm\AIPlayerDesktop\data\蔡扬的\train\train_0290.json,136,1,True,8,9,8,8, ,-16.425706604889402,0,1.0958904109589043,0.0,1.751824804731206,12,0.0,240,1,pathLen
train_0290,C:\Users\tao20\Desktop\Algorithm\AIPlayerDesktop\data\蔡扬的\train\train_0290.json,136,2,False,5,6,5,5, ,-17.674200337317256,0,3.287671232876713,0.0,1.751824804731206,14,0.0,240,3,pathLen
train_0290,C:\Users\tao20\Desktop\Algorithm\AIPlayerDesktop\data\蔡扬的\train\train_0290.json,136,3,False,6,1,6,0, ,-18.982933113603828,0,13.150684931506852,0.0,1.751824804731206,20,0.0,240,12,pathLen
train_0290,C:\Users\tao20\Desktop\Algorithm\AIPlayerDesktop\data\蔡扬的\train\train_0290.json,136,4,False,1,13,1,12,T,-59.038407492760946,-30,13.150684931506852,0.0,1.751824804731206,27,0.0,210,12,pathLen
train_0290,C:\Users\tao20\Desktop\Algorithm\AIPlayerDesktop\data\蔡扬的\train\train_0290.json,136,5,False,8,13,8,12,T,-63.347896512399714,-30,13.150684931506852,0.0,1.751824804731206,30,0.0,210,12,pathLen
train_0290,C:\Users\tao20\Desktop\Algorithm\AIPlayerDesktop\data\蔡扬的\train\train_0290.json,136,6,False,1,7,1,6, ,-1e+18,0,0.0,0.0,1.751824804731206,21,0.0,240,0,pathLen
train_0290,C:\Users\tao20\Desktop\Algorithm\AIPlayerDesktop\data\蔡扬的\train\train_0290.json,136,7,False,5,9,5,8, ,-1e+18,0,0.0,0.0,1.751824804731206,15,0.0,240,0,pathLen
train_0290,C:\Users\tao20\Desktop\Algorithm\AIPlayerDesktop\data\蔡扬的\train\train_0290.json,137,1,True,8,9,8,8, ,-14.87731826160693,0,1.0958904109589043,0.0,1.7391304221802144,11,0.0,240,1,pathLen
train_0290,C:\Users\tao20\Desktop\Algorithm\AIPlayerDesktop\data\蔡扬的\train\train_0290.json,137,2,False,5,6,5,5, ,-16.11021586106528,0,3.287671232876713,0.0,1.7391304221802144,13,0.0,240,3,pathLen
train_0290,C:\Users\tao20\Desktop\Algorithm\AIPlayerDesktop\data\蔡扬的\train\train_0290.json,137,3,False,6,1,6,0, ,-17.379994220064525,0,13.150684931506852,0.0,1.7391304221802144,19,0.0,240,12,pathLen
train_0290,C:\Users\tao20\Desktop\Algorithm\AIPlayerDesktop\data\蔡扬的\train\train_0290.json,137,4,False,1,13,1,12,T,-57.36260284337896,-30,13.150684931506852,0.0,1.7391304221802144,26,0.0,210,12,pathLen
train_0290,C:\Users\tao20\Desktop\Algorithm\AIPlayerDesktop\data\蔡扬的\train\train_0290.json,137,5,False,8,13,8,12,T,-61.640863681942285,-30,13.150684931506852,0.0,1.7391304221802144,29,0.0,210,12,pathLen
train_0290,C:\Users\tao20\Desktop\Algorithm\AIPlayerDesktop\data\蔡扬的\train\train_0290.json,137,6,False,1,7,1,6, ,-1e+18,0,0.0,0.0,1.7391304221802144,20,0.0,240,0,pathLen
train_0290,C:\Users\tao20\Desktop\Algorithm\AIPlayerDesktop\data\蔡扬的\train\train_0290.json,137,7,False,5,9,5,8, ,-1e+18,0,0.0,0.0,1.7391304221802144,14,0.0,240,0,pathLen
train_0290,C:\Users\tao20\Desktop\Algorithm\AIPlayerDesktop\data\蔡扬的\train\train_0290.json,138,1,True,8,9,8,8, ,-13.350724194743929,0,1.0958904109589043,0.0,1.726618692614254,10,0.0,240,1,pathLen
train_0290,C:\Users\tao20\Desktop\Algorithm\AIPlayerDesktop\data\蔡扬的\train\train_0290.json,138,2,False,5,6,5,5, ,-14.5672806812454,0,3.287671232876713,0.0,1.726618692614254,12,0.0,240,3,pathLen
train_0290,C:\Users\tao20\Desktop\Algorithm\AIPlayerDesktop\data\蔡扬的\train\train_0290.json,138,3,False,6,1,6,0, ,-15.794302886670962,0,13.150684931506852,0.0,1.726618692614254,18,0.0,240,12,pathLen
train_0290,C:\Users\tao20\Desktop\Algorithm\AIPlayerDesktop\data\蔡扬的\train\train_0290.json,138,4,False,1,13,1,12,T,-55.70509418227678,-30,13.150684931506852,0.0,1.726618692614254,25,0.0,210,12,pathLen
train_0290,C:\Users\tao20\Desktop\Algorithm\AIPlayerDesktop\data\蔡扬的\train\train_0290.json,138,5,False,8,13,8,12,T,-59.952576166107846,-30,13.150684931506852,0.0,1.726618692614254,28,0.0,210,12,pathLen
train_0290,C:\Users\tao20\Desktop\Algorithm\AIPlayerDesktop\data\蔡扬的\train\train_0290.json,138,6,False,1,7,1,6, ,-1e+18,0,0.0,0.0,1.726618692614254,19,0.0,240,0,pathLen
train_0290,C:\Users\tao20\Desktop\Algorithm\AIPlayerDesktop\data\蔡扬的\train\train_0290.json,138,7,False,5,9,5,8, ,-1e+18,0,0.0,0.0,1.726618692614254,13,0.0,240,0,pathLen
train_0290,C:\Users\tao20\Desktop\Algorithm\AIPlayerDesktop\data\蔡扬的\train\train_0290.json,139,1,True,8,9,8,8, ,-11.845550645780792,0,1.0958904109589043,0.0,1.7142857020408164,9,0.0,240,1,pathLen
train_0290,C:\Users\tao20\Desktop\Algorithm\AIPlayerDesktop\data\蔡扬的\train\train_0290.json,139,2,False,5,6,5,5, ,-13.045223526566865,0,3.287671232876713,0.0,1.7142857020408164,11,0.0,240,3,pathLen
train_0290,C:\Users\tao20\Desktop\Algorithm\AIPlayerDesktop\data\蔡扬的\train\train_0290.json,139,3,False,6,1,6,0, ,-14.22660866308378,0,13.150684931506852,0.0,1.7142857020408164,17,0.0,240,12,pathLen
train_0290,C:\Users\tao20\Desktop\Algorithm\AIPlayerDesktop\data\蔡扬的\train\train_0290.json,139,4,False,1,13,1,12,T,-54.06660859279806,-30,13.150684931506852,0.0,1.7142857020408164,24,0.0,210,12,pathLen
train_0290,C:\Users\tao20\Desktop\Algorithm\AIPlayerDesktop\data\蔡扬的\train\train_0290.json,139,5,False,8,13,8,12,T,-58.28375141981847,-30,13.150684931506852,0.0,1.7142857020408164,27,0.0,210,12,pathLen
train_0290,C:\Users\tao20\Desktop\Algorithm\AIPlayerDesktop\data\蔡扬的\train\train_0290.json,139,6,False,1,7,1,6, ,-1e+18,0,0.0,0.0,1.7142857020408164,18,0.0,240,0,pathLen
train_0290,C:\Users\tao20\Desktop\Algorithm\AIPlayerDesktop\data\蔡扬的\train\train_0290.json,139,7,False,5,9,5,8, ,-1e+18,0,0.0,0.0,1.7142857020408164,12,0.0,240,0,pathLen
train_0290,C:\Users\tao20\Desktop\Algorithm\AIPlayerDesktop\data\蔡扬的\train\train_0290.json,140,1,True,8,9,8,8, ,-10.361416531866904,0,1.0958904109589043,0.0,1.7021276475026408,8,0.0,240,1,pathLen
train_0290,C:\Users\tao20\Desktop\Algorithm\AIPlayerDesktop\data\蔡扬的\train\train_0290.json,140,2,False,5,6,5,5, ,-11.5438242022704,0,3.287671232876713,0.0,1.7021276475026408,10,0.0,240,3,pathLen
train_0290,C:\Users\tao20\Desktop\Algorithm\AIPlayerDesktop\data\蔡扬的\train\train_0290.json,140,3,False,6,1,6,0, ,-12.677424706229631,0,13.150684931506852,0.0,1.7021276475026408,16,0.0,240,12,pathLen
train_0290,C:\Users\tao20\Desktop\Algorithm\AIPlayerDesktop\data\蔡扬的\train\train_0290.json,140,4,False,1,13,1,12,T,-52.44763740289479,-30,13.150684931506852,0.0,1.7021276475026408,23,0.0,210,12,pathLen
train_0290,C:\Users\tao20\Desktop\Algorithm\AIPlayerDesktop\data\蔡扬的\train\train_0290.json,140,5,False,8,13,8,12,T,-56.634871415751284,-30,13.150684931506852,0.0,1.7021276475026408,26,0.0,210,12,pathLen
train_0290,C:\Users\tao20\Desktop\Algorithm\AIPlayerDesktop\data\蔡扬的\train\train_0290.json,140,6,False,1,7,1,6, ,-1e+18,0,0.0,0.0,1.7021276475026408,17,0.0,240,0,pathLen
train_0290,C:\Users\tao20\Desktop\Algorithm\AIPlayerDesktop\data\蔡扬的\train\train_0290.json,140,7,False,5,9,5,8, ,-1e+18,0,0.0,0.0,1.7021276475026408,11,0.0,240,0,pathLen
train_0290,C:\Users\tao20\Desktop\Algorithm\AIPlayerDesktop\data\蔡扬的\train\train_0290.json,141,1,True,8,9,8,8, ,-8.897937146258043,0,1.0958904109589043,0.0,1.6901408331680223,7,0.0,240,1,pathLen
train_0290,C:\Users\tao20\Desktop\Algorithm\AIPlayerDesktop\data\蔡扬的\train\train_0290.json,141,2,False,5,6,5,5, ,-10.062825640400787,0,3.287671232876713,0.0,1.6901408331680223,9,0.0,240,3,pathLen
train_0290,C:\Users\tao20\Desktop\Algorithm\AIPlayerDesktop\data\蔡扬的\train\train_0290.json,141,3,False,6,1,6,0, ,-11.147077414449809,0,13.150684931506852,0.0,1.6901408331680223,15,0.0,240,12,pathLen
train_0290,C:\Users\tao20\Desktop\Algorithm\AIPlayerDesktop\data\蔡扬的\train\train_0290.json,141,4,False,1,13,1,12,T,-50.848485796834254,-30,13.150684931506852,0.0,1.6901408331680223,22,0.0,210,12,pathLen
train_0290,C:\Users\tao20\Desktop\Algorithm\AIPlayerDesktop\data\蔡扬的\train\train_0290.json,141,5,False,8,13,8,12,T,-55.00623224642759,-30,13.150684931506852,0.0,1.6901408331680223,25,0.0,210,12,pathLen
train_0290,C:\Users\tao20\Desktop\Algorithm\AIPlayerDesktop\data\蔡扬的\train\train_0290.json,141,6,False,1,7,1,6, ,-1e+18,0,0.0,0.0,1.6901408331680223,16,0.0,240,0,pathLen
train_0290,C:\Users\tao20\Desktop\Algorithm\AIPlayerDesktop\data\蔡扬的\train\train_0290.json,141,7,False,5,9,5,8, ,-1e+18,0,0.0,0.0,1.6901408331680223,10,0.0,240,0,pathLen
train_0290,C:\Users\tao20\Desktop\Algorithm\AIPlayerDesktop\data\蔡扬的\train\train_0290.json,142,1,True,8,9,8,8, ,-7.454727043171808,0,1.0958904109589043,0.0,1.6783216665851632,6,0.0,240,1,pathLen
train_0290,C:\Users\tao20\Desktop\Algorithm\AIPlayerDesktop\data\蔡扬的\train\train_0290.json,142,2,False,5,6,5,5, ,-8.601943463517085,0,3.287671232876713,0.0,1.6783216665851632,8,0.0,240,3,pathLen
train_0290,C:\Users\tao20\Desktop\Algorithm\AIPlayerDesktop\data\蔡扬的\train\train_0290.json,142,3,False,6,1,6,0, ,-9.635746055271326,0,13.150684931506852,0.0,1.6783216665851632,14,0.0,240,12,pathLen
train_0290,C:\Users\tao20\Desktop\Algorithm\AIPlayerDesktop\data\蔡扬的\train\train_0290.json,142,4,False,1,13,1,12,T,-49.26931242147016,-30,13.150684931506852,0.0,1.6783216665851632,21,0.0,210,12,pathLen
train_0290,C:\Users\tao20\Desktop\Algorithm\AIPlayerDesktop\data\蔡扬的\train\train_0290.json,142,5,False,8,13,8,12,T,-53.39798372126967,-30,13.150684931506852,0.0,1.6783216665851632,24,0.0,210,12,pathLen
train_0290,C:\Users\tao20\Desktop\Algorithm\AIPlayerDesktop\data\蔡扬的\train\train_0290.json,142,6,False,1,7,1,6, ,-1e+18,0,0.0,0.0,1.6783216665851632,15,0.0,240,0,pathLen
train_0290,C:\Users\tao20\Desktop\Algorithm\AIPlayerDesktop\data\蔡扬的\train\train_0290.json,142,7,False,5,9,5,8, ,-1e+18,0,0.0,0.0,1.6783216665851632,9,0.0,240,0,pathLen
train_0290,C:\Users\tao20\Desktop\Algorithm\AIPlayerDesktop\data\蔡扬的\train\train_0290.json,143,1,True,8,9,8,8, ,-6.031402273211802,0,1.0958904109589043,0.0,1.6666666550925926,5,0.0,240,1,pathLen
train_0290,C:\Users\tao20\Desktop\Algorithm\AIPlayerDesktop\data\蔡扬的\train\train_0290.json,143,2,False,5,6,5,5, ,-7.160873562227996,0,3.287671232876713,0.0,1.6666666550925926,7,0.0,240,3,pathLen
train_0290,C:\Users\tao20\Desktop\Algorithm\AIPlayerDesktop\data\蔡扬的\train\train_0290.json,143,3,False,6,1,6,0, ,-8.143494391273103,0,13.150684931506852,0.0,1.6666666550925926,13,0.0,240,12,pathLen
train_0290,C:\Users\tao20\Desktop\Algorithm\AIPlayerDesktop\data\蔡扬的\train\train_0290.json,143,4,False,1,13,1,12,T,-47.71016099150458,-30,13.150684931506852,0.0,1.6666666550925926,20,0.0,210,12,pathLen
train_0290,C:\Users\tao20\Desktop\Algorithm\AIPlayerDesktop\data\蔡扬的\train\train_0290.json,143,5,False,8,13,8,12,T,-51.81016096303236,-30,13.150684931506852,0.0,1.6666666550925926,23,0.0,210,12,pathLen
train_0290,C:\Users\tao20\Desktop\Algorithm\AIPlayerDesktop\data\蔡扬的\train\train_0290.json,143,6,False,1,7,1,6, ,-1e+18,0,0.0,0.0,1.6666666550925926,14,0.0,240,0,pathLen
train_0290,C:\Users\tao20\Desktop\Algorithm\AIPlayerDesktop\data\蔡扬的\train\train_0290.json,143,7,False,5,9,5,8, ,-1e+18,0,0.0,0.0,1.6666666550925926,8,0.0,240,0,pathLen
train_0290,C:\Users\tao20\Desktop\Algorithm\AIPlayerDesktop\data\蔡扬的\train\train_0290.json,144,1,True,8,9,8,8, ,-4.627582102139904,0,1.0958904109589043,0.0,1.6551724023781214,4,0.0,240,1,pathLen
train_0290,C:\Users\tao20\Desktop\Algorithm\AIPlayerDesktop\data\蔡扬的\train\train_0290.json,144,2,False,5,6,5,5, ,-5.739298086719356,0,3.287671232876713,0.0,1.6551724023781214,6,0.0,240,3,pathLen
train_0290,C:\Users\tao20\Desktop\Algorithm\AIPlayerDesktop\data\蔡扬的\train\train_0290.json,144,3,False,6,1,6,0, ,-9.384778647376827,0,13.150684931506852,0.0,1.6551724023781214,14,0.0,240,12,pathLen
train_0290,C:\Users\tao20\Desktop\Algorithm\AIPlayerDesktop\data\蔡扬的\train\train_0290.json,144,4,False,1,13,1,12,T,-46.17098549712712,-30,13.150684931506852,0.0,1.6551724023781214,19,0.0,210,12,pathLen
train_0290,C:\Users\tao20\Desktop\Algorithm\AIPlayerDesktop\data\蔡扬的\train\train_0290.json,144,5,False,8,13,8,12,T,-50.2427096069773,-30,13.150684931506852,0.0,1.6551724023781214,22,0.0,210,12,pathLen
train_0290,C:\Users\tao20\Desktop\Algorithm\AIPlayerDesktop\data\蔡扬的\train\train_0290.json,144,6,False,1,7,1,6, ,-1e+18,0,0.0,0.0,1.6551724023781214,13,0.0,240,0,pathLen
train_0290,C:\Users\tao20\Desktop\Algorithm\AIPlayerDesktop\data\蔡扬的\train\train_0290.json,144,7,False,5,9,5,8, ,-1e+18,0,0.0,0.0,1.6551724023781214,7,0.0,240,0,pathLen
train_0290,C:\Users\tao20\Desktop\Algorithm\AIPlayerDesktop\data\蔡扬的\train\train_0290.json,145,1,True,8,9,8,8, ,-3.242890319086514,0,1.0958904109589043,0.0,1.6438356051792082,3,0.0,240,1,pathLen
train_0290,C:\Users\tao20\Desktop\Algorithm\AIPlayerDesktop\data\蔡扬的\train\train_0290.json,145,2,False,5,6,5,5, ,-4.336890172271739,0,3.287671232876713,0.0,1.6438356051792082,5,0.0,240,3,pathLen
train_0290,C:\Users\tao20\Desktop\Algorithm\AIPlayerDesktop\data\蔡扬的\train\train_0290.json,145,3,False,6,1,6,0, ,-10.607834707852202,0,13.150684931506852,0.0,1.6438356051792082,15,0.0,240,12,pathLen
train_0290,C:\Users\tao20\Desktop\Algorithm\AIPlayerDesktop\data\蔡扬的\train\train_0290.json,145,4,False,1,13,1,12,T,-44.65167029659305,-30,13.150684931506852,0.0,1.6438356051792082,18,0.0,210,12,deltaR
train_0290,C:\Users\tao20\Desktop\Algorithm\AIPlayerDesktop\data\蔡扬的\train\train_0290.json,145,5,False,8,13,8,12,T,-48.6955058853339,-30,13.150684931506852,0.0,1.6438356051792082,21,0.0,210,12,pathLen
train_0290,C:\Users\tao20\Desktop\Algorithm\AIPlayerDesktop\data\蔡扬的\train\train_0290.json,145,6,False,1,7,1,6, ,-1e+18,0,0.0,0.0,1.6438356051792082,12,0.0,240,0,pathLen
train_0290,C:\Users\tao20\Desktop\Algorithm\AIPlayerDesktop\data\蔡扬的\train\train_0290.json,145,7,False,5,9,5,8, ,-1e+18,0,0.0,0.0,1.6438356051792082,6,0.0,240,0,pathLen
train_0290,C:\Users\tao20\Desktop\Algorithm\AIPlayerDesktop\data\蔡扬的\train\train_0290.json,146,1,True,8,9,8,8, ,-1.8769562189439886,0,1.0958904109589043,0.0,1.6326530501180065,2,0.0,240,1,pathLen
train_0290,C:\Users\tao20\Desktop\Algorithm\AIPlayerDesktop\data\蔡扬的\train\train_0290.json,146,2,False,5,6,5,5, ,-5.630868656831966,0,3.287671232876713,0.0,1.6326530501180065,6,0.0,240,3,pathLen
train_0290,C:\Users\tao20\Desktop\Algorithm\AIPlayerDesktop\data\蔡扬的\train\train_0290.json,146,3,False,6,1,6,0, ,-11.81327061855374,0,13.150684931506852,0.0,1.6326530501180065,16,0.0,240,12,pathLen
train_0290,C:\Users\tao20\Desktop\Algorithm\AIPlayerDesktop\data\蔡扬的\train\train_0290.json,146,4,False,1,13,1,12,T,-45.82959712184403,-30,13.150684931506852,0.0,1.6326530501180065,19,0.0,210,12,pathLen
train_0290,C:\Users\tao20\Desktop\Algorithm\AIPlayerDesktop\data\蔡扬的\train\train_0290.json,146,5,False,8,13,8,12,T,-49.84592362513433,-30,13.150684931506852,0.0,1.6326530501180065,22,0.0,210,12,pathLen
train_0290,C:\Users\tao20\Desktop\Algorithm\AIPlayerDesktop\data\蔡扬的\train\train_0290.json,146,6,False,1,7,1,6, ,-1e+18,0,0.0,0.0,1.6326530501180065,13,0.0,240,0,pathLen
train_0290,C:\Users\tao20\Desktop\Algorithm\AIPlayerDesktop\data\蔡扬的\train\train_0290.json,146,7,False,5,9,5,8, ,-1e+18,0,0.0,0.0,1.6326530501180065,7,0.0,240,0,pathLen
train_0290,C:\Users\tao20\Desktop\Algorithm\AIPlayerDesktop\data\蔡扬的\train\train_0290.json,147,1,True,8,9,8,8, ,-0.5294153266193645,0,1.0958904109589043,0.0,1.6216216106647188,1,0.0,240,1,pathLen
train_0290,C:\Users\tao20\Desktop\Algorithm\AIPlayerDesktop\data\蔡扬的\train\train_0290.json,147,2,False,5,6,5,5, ,-6.907164862838371,0,3.287671232876713,0.0,1.6216216106647188,7,0.0,240,3,pathLen
train_0290,C:\Users\tao20\Desktop\Algorithm\AIPlayerDesktop\data\蔡扬的\train\train_0290.json,147,3,False,6,1,6,0, ,-13.001632523157722,0,13.150684931506852,0.0,1.6216216106647188,17,0.0,240,12,pathLen
train_0290,C:\Users\tao20\Desktop\Algorithm\AIPlayerDesktop\data\蔡扬的\train\train_0290.json,147,4,False,1,13,1,12,T,-46.99082168539293,-30,13.150684931506852,0.0,1.6216216106647188,20,0.0,210,12,pathLen
train_0290,C:\Users\tao20\Desktop\Algorithm\AIPlayerDesktop\data\蔡扬的\train\train_0290.json,147,5,False,8,13,8,12,T,-50.98001084762814,-30,13.150684931506852,0.0,1.6216216106647188,23,0.0,210,12,pathLen
train_0290,C:\Users\tao20\Desktop\Algorithm\AIPlayerDesktop\data\蔡扬的\train\train_0290.json,147,6,False,1,7,1,6, ,-1e+18,0,0.0,0.0,1.6216216106647188,14,0.0,240,0,pathLen
train_0290,C:\Users\tao20\Desktop\Algorithm\AIPlayerDesktop\data\蔡扬的\train\train_0290.json,147,7,False,5,9,5,8, ,-1e+18,0,0.0,0.0,1.6216216106647188,8,0.0,240,0,pathLen
train_0290,C:\Users\tao20\Desktop\Algorithm\AIPlayerDesktop\data\蔡扬的\train\train_0290.json,148,1,True,5,6,5,5, ,-8.178972398367884,0,3.272727272727272,0.0,1.6107382442232332,8,0.0,240,3,pathLen
train_0290,C:\Users\tao20\Desktop\Algorithm\AIPlayerDesktop\data\蔡扬的\train\train_0290.json,148,2,False,6,1,6,0, ,-14.224614549788823,0,13.090909090909088,0.0,1.6107382442232332,18,0.0,240,12,pathLen
train_0290,C:\Users\tao20\Desktop\Algorithm\AIPlayerDesktop\data\蔡扬的\train\train_0290.json,148,3,False,1,13,1,12,T,-48.18703063057798,-30,13.090909090909088,0.0,1.6107382442232332,21,0.0,210,12,pathLen
train_0290,C:\Users\tao20\Desktop\Algorithm\AIPlayerDesktop\data\蔡扬的\train\train_0290.json,148,4,False,8,13,8,12,T,-52.149446711367126,-30,13.090909090909088,0.0,1.6107382442232332,24,0.0,210,12,pathLen
train_0290,C:\Users\tao20\Desktop\Algorithm\AIPlayerDesktop\data\蔡扬的\train\train_0290.json,148,5,False,1,7,1,6, ,-1e+18,0,0.0,0.0,1.6107382442232332,15,0.0,240,0,pathLen
train_0290,C:\Users\tao20\Desktop\Algorithm\AIPlayerDesktop\data\蔡扬的\train\train_0290.json,148,6,False,5,9,5,8, ,-1e+18,0,0.0,0.0,1.6107382442232332,9,0.0,240,0,pathLen
train_0290,C:\Users\tao20\Desktop\Algorithm\AIPlayerDesktop\data\蔡扬的\train\train_0290.json,148,7,False,7,9,7,8, ,-1e+18,0,0.0,0.0,1.6107382442232332,1,0.0,240,0,pathLen
train_0290,C:\Users\tao20\Desktop\Algorithm\AIPlayerDesktop\data\蔡扬的\train\train_0290.json,149,1,True,5,6,5,5, ,-6.798576911467908,0,3.272727272727272,0.0,1.5999999893333334,7,0.0,240,3,pathLen
train_0290,C:\Users\tao20\Desktop\Algorithm\AIPlayerDesktop\data\蔡扬的\train\train_0290.json,149,2,False,6,1,6,0, ,-12.76230774208497,0,13.090909090909088,0.0,1.5999999893333334,17,0.0,240,12,pathLen
train_0290,C:\Users\tao20\Desktop\Algorithm\AIPlayerDesktop\data\蔡扬的\train\train_0290.json,149,3,False,1,13,1,12,T,-46.69830771584497,-30,13.090909090909088,0.0,1.5999999893333334,20,0.0,210,12,pathLen
train_0290,C:\Users\tao20\Desktop\Algorithm\AIPlayerDesktop\data\蔡扬的\train\train_0290.json,149,4,False,8,13,8,12,T,-50.63430768960497,-30,13.090909090909088,0.0,1.5999999893333334,23,0.0,210,12,pathLen
train_0290,C:\Users\tao20\Desktop\Algorithm\AIPlayerDesktop\data\蔡扬的\train\train_0290.json,149,5,False,1,7,1,6, ,-1e+18,0,0.0,0.0,1.5999999893333334,14,0.0,240,0,pathLen
train_0290,C:\Users\tao20\Desktop\Algorithm\AIPlayerDesktop\data\蔡扬的\train\train_0290.json,149,6,False,5,9,5,8, ,-1e+18,0,0.0,0.0,1.5999999893333334,8,0.0,240,0,pathLen
train_0290,C:\Users\tao20\Desktop\Algorithm\AIPlayerDesktop\data\蔡扬的\train\train_0290.json,149,7,False,7,9,7,8, ,-1e+18,0,0.0,0.0,1.5999999893333334,2,0.0,240,0,pathLen
train_0290,C:\Users\tao20\Desktop\Algorithm\AIPlayerDesktop\data\蔡扬的\train\train_0290.json,150,1,True,5,6,5,5, ,-5.436082435721126,0,3.272727272727272,0.0,1.5894039629840797,6,0.0,240,3,pathLen
train_0290,C:\Users\tao20\Desktop\Algorithm\AIPlayerDesktop\data\蔡扬的\train\train_0290.json,150,2,False,6,1,6,0, ,-11.317839745708943,0,13.090909090909088,0.0,1.5894039629840797,16,0.0,240,12,pathLen
train_0290,C:\Users\tao20\Desktop\Algorithm\AIPlayerDesktop\data\蔡扬的\train\train_0290.json,150,3,False,1,13,1,12,T,-45.22777349464978,-30,13.090909090909088,0.0,1.5894039629840797,19,0.0,210,12,pathLen
train_0290,C:\Users\tao20\Desktop\Algorithm\AIPlayerDesktop\data\蔡扬的\train\train_0290.json,150,4,False,8,13,8,12,T,-49.13770724359061,-30,13.090909090909088,0.0,1.5894039629840797,22,0.0,210,12,pathLen
train_0290,C:\Users\tao20\Desktop\Algorithm\AIPlayerDesktop\data\蔡扬的\train\train_0290.json,150,5,False,1,7,1,6, ,-1e+18,0,0.0,0.0,1.5894039629840797,13,0.0,240,0,pathLen
train_0290,C:\Users\tao20\Desktop\Algorithm\AIPlayerDesktop\data\蔡扬的\train\train_0290.json,150,6,False,5,9,5,8, ,-1e+18,0,0.0,0.0,1.5894039629840797,7,0.0,240,0,pathLen
train_0290,C:\Users\tao20\Desktop\Algorithm\AIPlayerDesktop\data\蔡扬的\train\train_0290.json,150,7,False,7,9,7,8, ,-1e+18,0,0.0,0.0,1.5894039629840797,3,0.0,240,0,pathLen
train_0290,C:\Users\tao20\Desktop\Algorithm\AIPlayerDesktop\data\蔡扬的\train\train_0290.json,151,1,True,5,6,5,5, ,-4.091209477891647,0,3.272727272727272,0.0,1.5789473580332412,5,0.0,240,3,pathLen
train_0290,C:\Users\tao20\Desktop\Algorithm\AIPlayerDesktop\data\蔡扬的\train\train_0290.json,151,2,False,6,1,6,0, ,-9.8911537436303,0,13.090909090909088,0.0,1.5789473580332412,15,0.0,240,12,pathLen
train_0290,C:\Users\tao20\Desktop\Algorithm\AIPlayerDesktop\data\蔡扬的\train\train_0290.json,151,3,False,1,13,1,12,T,-43.77536424439207,-30,13.090909090909088,0.0,1.5789473580332412,18,0.0,210,12,deltaR
train_0290,C:\Users\tao20\Desktop\Algorithm\AIPlayerDesktop\data\蔡扬的\train\train_0290.json,151,4,False,8,13,8,12,T,-47.65957474515385,-30,13.090909090909088,0.0,1.5789473580332412,21,0.0,210,12,pathLen
train_0290,C:\Users\tao20\Desktop\Algorithm\AIPlayerDesktop\data\蔡扬的\train\train_0290.json,151,5,False,1,7,1,6, ,-1e+18,0,0.0,0.0,1.5789473580332412,12,0.0,240,0,pathLen
train_0290,C:\Users\tao20\Desktop\Algorithm\AIPlayerDesktop\data\蔡扬的\train\train_0290.json,151,6,False,5,9,5,8, ,-1e+18,0,0.0,0.0,1.5789473580332412,6,0.0,240,0,pathLen
train_0290,C:\Users\tao20\Desktop\Algorithm\AIPlayerDesktop\data\蔡扬的\train\train_0290.json,151,7,False,7,9,7,8, ,-1e+18,0,0.0,0.0,1.5789473580332412,4,0.0,240,0,pathLen
train_0290,C:\Users\tao20\Desktop\Algorithm\AIPlayerDesktop\data\蔡扬的\train\train_0290.json,152,1,True,5,6,5,5, ,-2.763671613235675,0,3.272727272727272,0.0,1.5686274407279253,4,0.0,240,3,pathLen
train_0290,C:\Users\tao20\Desktop\Algorithm\AIPlayerDesktop\data\蔡扬的\train\train_0290.json,152,2,False,6,1,6,0, ,-11.0546864529427,0,13.090909090909088,0.0,1.5686274407279253,16,0.0,240,12,pathLen
train_0290,C:\Users\tao20\Desktop\Algorithm\AIPlayerDesktop\data\蔡扬的\train\train_0290.json,152,3,False,1,13,1,12,T,-42.3409609543396,-30,13.090909090909088,0.0,1.5686274407279253,17,0.0,210,12,deltaR
train_0290,C:\Users\tao20\Desktop\Algorithm\AIPlayerDesktop\data\蔡扬的\train\train_0290.json,152,4,False,8,13,8,12,T,-46.199784458530296,-30,13.090909090909088,0.0,1.5686274407279253,20,0.0,210,12,pathLen
train_0290,C:\Users\tao20\Desktop\Algorithm\AIPlayerDesktop\data\蔡扬的\train\train_0290.json,152,5,False,1,7,1,6, ,-1e+18,0,0.0,0.0,1.5686274407279253,11,0.0,240,0,pathLen
train_0290,C:\Users\tao20\Desktop\Algorithm\AIPlayerDesktop\data\蔡扬的\train\train_0290.json,152,6,False,5,9,5,8, ,-1e+18,0,0.0,0.0,1.5686274407279253,5,0.0,240,0,pathLen
train_0290,C:\Users\tao20\Desktop\Algorithm\AIPlayerDesktop\data\蔡扬的\train\train_0290.json,152,7,False,7,9,7,8, ,-1e+18,0,0.0,0.0,1.5686274407279253,5,0.0,240,0,pathLen
train_0290,C:\Users\tao20\Desktop\Algorithm\AIPlayerDesktop\data\蔡扬的\train\train_0290.json,153,1,True,5,6,5,5, ,-1.4531784546739073,0,3.272727272727272,0.0,1.5584415483218081,3,0.0,240,3,pathLen
train_0290,C:\Users\tao20\Desktop\Algorithm\AIPlayerDesktop\data\蔡扬的\train\train_0290.json,153,2,False,6,1,6,0, ,-12.202324166815044,0,13.090909090909088,0.0,1.5584415483218081,17,0.0,240,12,pathLen
train_0290,C:\Users\tao20\Desktop\Algorithm\AIPlayerDesktop\data\蔡扬的\train\train_0290.json,153,3,False,1,13,1,12,T,-40.92440209719116,-30,13.090909090909088,0.0,1.5584415483218081,16,0.0,210,12,deltaR
train_0290,C:\Users\tao20\Desktop\Algorithm\AIPlayerDesktop\data\蔡扬的\train\train_0290.json,153,4,False,8,13,8,12,T,-44.75816830606281,-30,13.090909090909088,0.0,1.5584415483218081,19,0.0,210,12,deltaR
train_0290,C:\Users\tao20\Desktop\Algorithm\AIPlayerDesktop\data\蔡扬的\train\train_0290.json,153,5,False,1,7,1,6, ,-1e+18,0,0.0,0.0,1.5584415483218081,10,0.0,240,0,pathLen
train_0290,C:\Users\tao20\Desktop\Algorithm\AIPlayerDesktop\data\蔡扬的\train\train_0290.json,153,6,False,5,9,5,8, ,-1e+18,0,0.0,0.0,1.5584415483218081,4,0.0,240,0,pathLen
train_0290,C:\Users\tao20\Desktop\Algorithm\AIPlayerDesktop\data\蔡扬的\train\train_0290.json,153,7,False,7,9,7,8, ,-1e+18,0,0.0,0.0,1.5584415483218081,6,0.0,240,0,pathLen
train_0290,C:\Users\tao20\Desktop\Algorithm\AIPlayerDesktop\data\蔡扬的\train\train_0290.json,154,1,True,5,6,5,5, ,-0.15943797865234544,0,3.272727272727272,0.0,1.5483870867845995,2,0.0,240,3,Iproxy
train_0290,C:\Users\tao20\Desktop\Algorithm\AIPlayerDesktop\data\蔡扬的\train\train_0290.json,154,2,False,6,1,6,0, ,-13.334526026243097,0,13.090909090909088,0.0,1.5483870867845995,18,0.0,240,12,pathLen
train_0290,C:\Users\tao20\Desktop\Algorithm\AIPlayerDesktop\data\蔡扬的\train\train_0290.json,154,3,False,1,13,1,12,T,-39.52549379275298,-30,13.090909090909088,0.0,1.5483870867845995,15,0.0,210,12,deltaR
train_0290,C:\Users\tao20\Desktop\Algorithm\AIPlayerDesktop\data\蔡扬的\train\train_0290.json,154,4,False,8,13,8,12,T,-43.3345260262431,-30,13.090909090909088,0.0,1.5483870867845995,18,0.0,210,12,deltaR
train_0290,C:\Users\tao20\Desktop\Algorithm\AIPlayerDesktop\data\蔡扬的\train\train_0290.json,154,5,False,1,7,1,6, ,-1e+18,0,0.0,0.0,1.5483870867845995,9,0.0,240,0,pathLen
train_0290,C:\Users\tao20\Desktop\Algorithm\AIPlayerDesktop\data\蔡扬的\train\train_0290.json,154,6,False,5,9,5,8, ,-1e+18,0,0.0,0.0,1.5483870867845995,3,0.0,240,0,pathLen
train_0290,C:\Users\tao20\Desktop\Algorithm\AIPlayerDesktop\data\蔡扬的\train\train_0290.json,154,7,False,7,9,7,8, ,-1e+18,0,0.0,0.0,1.5483870867845995,7,0.0,240,0,pathLen
train_0290,C:\Users\tao20\Desktop\Algorithm\AIPlayerDesktop\data\蔡扬的\train\train_0290.json,155,1,True,5,6,5,5, ,1.1178416618040468,0,3.272727272727272,0.0,1.5384615285996057,1,0.0,240,3,Iproxy
train_0290,C:\Users\tao20\Desktop\Algorithm\AIPlayerDesktop\data\蔡扬的\train\train_0290.json,155,2,False,6,1,6,0, ,-14.451710154558963,0,13.090909090909088,0.0,1.5384615285996057,19,0.0,240,12,pathLen
train_0290,C:\Users\tao20\Desktop\Algorithm\AIPlayerDesktop\data\蔡扬的\train\train_0290.json,155,3,False,1,13,1,12,T,-38.14401788730058,-30,13.090909090909088,0.0,1.5384615285996057,14,0.0,210,12,deltaR
train_0290,C:\Users\tao20\Desktop\Algorithm\AIPlayerDesktop\data\蔡扬的\train\train_0290.json,155,4,False,8,13,8,12,T,-41.92863324765561,-30,13.090909090909088,0.0,1.5384615285996057,17,0.0,210,12,deltaR
train_0290,C:\Users\tao20\Desktop\Algorithm\AIPlayerDesktop\data\蔡扬的\train\train_0290.json,155,5,False,1,7,1,6, ,-1e+18,0,0.0,0.0,1.5384615285996057,8,0.0,240,0,pathLen
train_0290,C:\Users\tao20\Desktop\Algorithm\AIPlayerDesktop\data\蔡扬的\train\train_0290.json,155,6,False,5,9,5,8, ,-1e+18,0,0.0,0.0,1.5384615285996057,2,0.0,240,0,pathLen
train_0290,C:\Users\tao20\Desktop\Algorithm\AIPlayerDesktop\data\蔡扬的\train\train_0290.json,155,7,False,7,9,7,8, ,-1e+18,0,0.0,0.0,1.5384615285996057,8,0.0,240,0,pathLen
train_0290,C:\Users\tao20\Desktop\Algorithm\AIPlayerDesktop\data\蔡扬的\train\train_0290.json,156,1,True,6,5,6,4, ,-1.7224163095388514,0,1.081081081081081,0.0,1.5286624106454623,2,0.0,240,1,pathLen
train_0290,C:\Users\tao20\Desktop\Algorithm\AIPlayerDesktop\data\蔡扬的\train\train_0290.json,156,2,False,6,1,6,0, ,-15.654983007549099,0,12.97297297297297,0.0,1.5286624106454623,20,0.0,240,12,pathLen
train_0290,C:\Users\tao20\Desktop\Algorithm\AIPlayerDesktop\data\蔡扬的\train\train_0290.json,156,3,False,1,13,1,12,T,-39.38746712390271,-30,12.97297297297297,0.0,1.5286624106454623,15,0.0,210,12,deltaR
train_0290,C:\Users\tao20\Desktop\Algorithm\AIPlayerDesktop\data\蔡扬的\train\train_0290.json,156,4,False,8,13,8,12,T,-43.14797665409054,-30,12.97297297297297,0.0,1.5286624106454623,18,0.0,210,12,deltaR
train_0290,C:\Users\tao20\Desktop\Algorithm\AIPlayerDesktop\data\蔡扬的\train\train_0290.json,156,5,False,1,7,1,6, ,-1e+18,0,0.0,0.0,1.5286624106454623,9,0.0,240,0,pathLen
train_0290,C:\Users\tao20\Desktop\Algorithm\AIPlayerDesktop\data\蔡扬的\train\train_0290.json,156,6,False,5,5,5,4, ,-1e+18,0,0.0,0.0,1.5286624106454623,1,0.0,240,0,pathLen
train_0290,C:\Users\tao20\Desktop\Algorithm\AIPlayerDesktop\data\蔡扬的\train\train_0290.json,156,7,False,5,9,5,8, ,-1e+18,0,0.0,0.0,1.5286624106454623,3,0.0,240,0,pathLen
train_0290,C:\Users\tao20\Desktop\Algorithm\AIPlayerDesktop\data\蔡扬的\train\train_0290.json,156,8,False,7,9,7,8, ,-1e+18,0,0.0,0.0,1.5286624106454623,9,0.0,240,0,pathLen
train_0290,C:\Users\tao20\Desktop\Algorithm\AIPlayerDesktop\data\蔡扬的\train\train_0290.json,157,1,True,6,5,6,4, ,-0.46209266887741474,0,1.081081081081081,0.0,1.518987332158308,1,0.0,240,1,pathLen
train_0290,C:\Users\tao20\Desktop\Algorithm\AIPlayerDesktop\data\蔡扬的\train\train_0290.json,157,2,False,6,1,6,0, ,-16.75523853785729,0,12.97297297297297,0.0,1.518987332158308,21,0.0,240,12,pathLen
train_0290,C:\Users\tao20\Desktop\Algorithm\AIPlayerDesktop\data\蔡扬的\train\train_0290.json,157,3,False,1,13,1,12,T,-40.52739047600823,-30,12.97297297297297,0.0,1.518987332158308,16,0.0,210,12,deltaR
train_0290,C:\Users\tao20\Desktop\Algorithm\AIPlayerDesktop\data\蔡扬的\train\train_0290.json,157,4,False,8,13,8,12,T,-44.26409931311767,-30,12.97297297297297,0.0,1.518987332158308,19,0.0,210,12,deltaR
train_0290,C:\Users\tao20\Desktop\Algorithm\AIPlayerDesktop\data\蔡扬的\train\train_0290.json,157,5,False,1,7,1,6, ,-1e+18,0,0.0,0.0,1.518987332158308,10,0.0,240,0,pathLen
train_0290,C:\Users\tao20\Desktop\Algorithm\AIPlayerDesktop\data\蔡扬的\train\train_0290.json,157,6,False,5,9,5,8, ,-1e+18,0,0.0,0.0,1.518987332158308,4,0.0,240,0,pathLen
train_0290,C:\Users\tao20\Desktop\Algorithm\AIPlayerDesktop\data\蔡扬的\train\train_0290.json,157,7,False,7,9,7,8, ,-1e+18,0,0.0,0.0,1.518987332158308,10,0.0,240,0,pathLen
train_0290,C:\Users\tao20\Desktop\Algorithm\AIPlayerDesktop\data\蔡扬的\train\train_0290.json,158,1,True,6,1,6,0, ,-17.888734199026427,0,12.914798206278029,0.0,1.5094339527708556,22,0.0,240,12,pathLen
train_0290,C:\Users\tao20\Desktop\Algorithm\AIPlayerDesktop\data\蔡扬的\train\train_0290.json,158,2,False,1,13,1,12,T,-41.70005499266592,-30,12.914798206278029,0.0,1.5094339527708556,17,0.0,210,12,deltaR
train_0290,C:\Users\tao20\Desktop\Algorithm\AIPlayerDesktop\data\蔡扬的\train\train_0290.json,158,3,False,8,13,8,12,T,-45.41326251648222,-30,12.914798206278029,0.0,1.5094339527708556,20,0.0,210,12,pathLen
train_0290,C:\Users\tao20\Desktop\Algorithm\AIPlayerDesktop\data\蔡扬的\train\train_0290.json,158,4,False,1,7,1,6, ,-1e+18,0,0.0,0.0,1.5094339527708556,11,0.0,240,0,pathLen
train_0290,C:\Users\tao20\Desktop\Algorithm\AIPlayerDesktop\data\蔡扬的\train\train_0290.json,158,5,False,5,9,5,8, ,-1e+18,0,0.0,0.0,1.5094339527708556,5,0.0,240,0,pathLen
train_0290,C:\Users\tao20\Desktop\Algorithm\AIPlayerDesktop\data\蔡扬的\train\train_0290.json,158,6,False,7,5,7,4, ,-1e+18,0,0.0,0.0,1.5094339527708556,1,0.0,240,0,pathLen
train_0290,C:\Users\tao20\Desktop\Algorithm\AIPlayerDesktop\data\蔡扬的\train\train_0290.json,158,7,False,7,9,7,8, ,-1e+18,0,0.0,0.0,1.5094339527708556,11,0.0,240,0,pathLen
train_0290,C:\Users\tao20\Desktop\Algorithm\AIPlayerDesktop\data\蔡扬的\train\train_0290.json,159,1,True,6,1,6,0, ,-16.503032584546943,0,12.914798206278029,0.0,1.4999999906250001,21,0.0,240,12,pathLen
train_0290,C:\Users\tao20\Desktop\Algorithm\AIPlayerDesktop\data\蔡扬的\train\train_0290.json,159,2,False,1,13,1,12,T,-40.35303262298444,-30,12.914798206278029,0.0,1.4999999906250001,16,0.0,210,12,deltaR
train_0290,C:\Users\tao20\Desktop\Algorithm\AIPlayerDesktop\data\蔡扬的\train\train_0290.json,159,3,False,8,13,8,12,T,-44.04303259992194,-30,12.914798206278029,0.0,1.4999999906250001,19,0.0,210,12,deltaR
train_0290,C:\Users\tao20\Desktop\Algorithm\AIPlayerDesktop\data\蔡扬的\train\train_0290.json,159,4,False,1,7,1,6, ,-1e+18,0,0.0,0.0,1.4999999906250001,10,0.0,240,0,pathLen
train_0290,C:\Users\tao20\Desktop\Algorithm\AIPlayerDesktop\data\蔡扬的\train\train_0290.json,159,5,False,5,9,5,8, ,-1e+18,0,0.0,0.0,1.4999999906250001,4,0.0,240,0,pathLen
train_0290,C:\Users\tao20\Desktop\Algorithm\AIPlayerDesktop\data\蔡扬的\train\train_0290.json,159,6,False,7,5,7,4, ,-1e+18,0,0.0,0.0,1.4999999906250001,2,0.0,240,0,pathLen
train_0290,C:\Users\tao20\Desktop\Algorithm\AIPlayerDesktop\data\蔡扬的\train\train_0290.json,159,7,False,7,9,7,8, ,-1e+18,0,0.0,0.0,1.4999999906250001,10,0.0,240,0,pathLen
train_0290,C:\Users\tao20\Desktop\Algorithm\AIPlayerDesktop\data\蔡扬的\train\train_0290.json,160,1,True,6,1,6,0, ,-15.131827207037952,0,12.914798206278029,0.0,1.4906832205547627,20,0.0,240,12,pathLen
train_0290,C:\Users\tao20\Desktop\Algorithm\AIPlayerDesktop\data\蔡扬的\train\train_0290.json,160,2,False,1,13,1,12,T,-39.02002600276343,-30,12.914798206278029,0.0,1.4906832205547627,15,0.0,210,12,deltaR
train_0290,C:\Users\tao20\Desktop\Algorithm\AIPlayerDesktop\data\蔡扬的\train\train_0290.json,160,3,False,8,13,8,12,T,-42.68710672532814,-30,12.914798206278029,0.0,1.4906832205547627,18,0.0,210,12,deltaR
train_0290,C:\Users\tao20\Desktop\Algorithm\AIPlayerDesktop\data\蔡扬的\train\train_0290.json,160,4,False,1,7,1,6, ,-1e+18,0,0.0,0.0,1.4906832205547627,9,0.0,240,0,pathLen
train_0290,C:\Users\tao20\Desktop\Algorithm\AIPlayerDesktop\data\蔡扬的\train\train_0290.json,160,5,False,5,9,5,8, ,-1e+18,0,0.0,0.0,1.4906832205547627,3,0.0,240,0,pathLen
train_0290,C:\Users\tao20\Desktop\Algorithm\AIPlayerDesktop\data\蔡扬的\train\train_0290.json,160,6,False,7,5,7,4, ,-1e+18,0,0.0,0.0,1.4906832205547627,3,0.0,240,0,pathLen
train_0290,C:\Users\tao20\Desktop\Algorithm\AIPlayerDesktop\data\蔡扬的\train\train_0290.json,160,7,False,7,9,7,8, ,-1e+18,0,0.0,0.0,1.4906832205547627,9,0.0,240,0,pathLen
train_0290,C:\Users\tao20\Desktop\Algorithm\AIPlayerDesktop\data\蔡扬的\train\train_0290.json,161,1,True,6,1,6,0, ,-13.775375444107373,0,12.914798206278029,0.0,1.4814814723365342,19,0.0,240,12,pathLen
train_0290,C:\Users\tao20\Desktop\Algorithm\AIPlayerDesktop\data\蔡扬的\train\train_0290.json,161,2,False,1,13,1,12,T,-37.70130140752758,-30,12.914798206278029,0.0,1.4814814723365342,14,0.0,210,12,deltaR
train_0290,C:\Users\tao20\Desktop\Algorithm\AIPlayerDesktop\data\蔡扬的\train\train_0290.json,161,3,False,8,13,8,12,T,-41.345745829475455,-30,12.914798206278029,0.0,1.4814814723365342,17,0.0,210,12,deltaR
train_0290,C:\Users\tao20\Desktop\Algorithm\AIPlayerDesktop\data\蔡扬的\train\train_0290.json,161,4,False,1,7,1,6, ,-1e+18,0,0.0,0.0,1.4814814723365342,8,0.0,240,0,pathLen
train_0290,C:\Users\tao20\Desktop\Algorithm\AIPlayerDesktop\data\蔡扬的\train\train_0290.json,161,5,False,5,9,5,8, ,-1e+18,0,0.0,0.0,1.4814814723365342,2,0.0,240,0,pathLen
train_0290,C:\Users\tao20\Desktop\Algorithm\AIPlayerDesktop\data\蔡扬的\train\train_0290.json,161,6,False,7,5,7,4, ,-1e+18,0,0.0,0.0,1.4814814723365342,4,0.0,240,0,pathLen
train_0290,C:\Users\tao20\Desktop\Algorithm\AIPlayerDesktop\data\蔡扬的\train\train_0290.json,161,7,False,7,9,7,8, ,-1e+18,0,0.0,0.0,1.4814814723365342,8,0.0,240,0,pathLen
train_0290,C:\Users\tao20\Desktop\Algorithm\AIPlayerDesktop\data\蔡扬的\train\train_0290.json,162,1,True,6,1,6,0, ,-12.433826681330626,0,12.914798206278029,0.0,1.4723926290037261,18,0.0,240,12,pathLen
train_0290,C:\Users\tao20\Desktop\Algorithm\AIPlayerDesktop\data\蔡扬的\train\train_0290.json,162,2,False,1,13,1,12,T,-38.81174081398146,-30,12.914798206278029,0.0,1.4723926290037261,15,0.0,210,12,deltaR
train_0290,C:\Users\tao20\Desktop\Algorithm\AIPlayerDesktop\data\蔡扬的\train\train_0290.json,162,3,False,8,13,8,12,T,-42.43382668133063,-30,12.914798206278029,0.0,1.4723926290037261,18,0.0,210,12,deltaR
train_0290,C:\Users\tao20\Desktop\Algorithm\AIPlayerDesktop\data\蔡扬的\train\train_0290.json,162,4,False,1,7,1,6, ,-1e+18,0,0.0,0.0,1.4723926290037261,9,0.0,240,0,pathLen
train_0290,C:\Users\tao20\Desktop\Algorithm\AIPlayerDesktop\data\蔡扬的\train\train_0290.json,162,5,False,5,9,5,8, ,-1e+18,0,0.0,0.0,1.4723926290037261,3,0.0,240,0,pathLen
train_0290,C:\Users\tao20\Desktop\Algorithm\AIPlayerDesktop\data\蔡扬的\train\train_0290.json,162,6,False,7,5,7,4, ,-1e+18,0,0.0,0.0,1.4723926290037261,5,0.0,240,0,pathLen
train_0290,C:\Users\tao20\Desktop\Algorithm\AIPlayerDesktop\data\蔡扬的\train\train_0290.json,162,7,False,7,9,7,8, ,-1e+18,0,0.0,0.0,1.4723926290037261,7,0.0,240,0,pathLen
train_0290,C:\Users\tao20\Desktop\Algorithm\AIPlayerDesktop\data\蔡扬的\train\train_0290.json,163,1,True,6,1,6,0, ,-11.107245250550552,0,12.914798206278029,0.0,1.4634146252230815,17,0.0,240,12,pathLen
train_0290,C:\Users\tao20\Desktop\Algorithm\AIPlayerDesktop\data\蔡扬的\train\train_0290.json,163,2,False,1,13,1,12,T,-39.90724525786763,-30,12.914798206278029,0.0,1.4634146252230815,16,0.0,210,12,deltaR
train_0290,C:\Users\tao20\Desktop\Algorithm\AIPlayerDesktop\data\蔡扬的\train\train_0290.json,163,3,False,8,13,8,12,T,-43.50724523591641,-30,12.914798206278029,0.0,1.4634146252230815,19,0.0,210,12,deltaR
train_0290,C:\Users\tao20\Desktop\Algorithm\AIPlayerDesktop\data\蔡扬的\train\train_0290.json,163,4,False,1,7,1,6, ,-1e+18,0,0.0,0.0,1.4634146252230815,10,0.0,240,0,pathLen
train_0290,C:\Users\tao20\Desktop\Algorithm\AIPlayerDesktop\data\蔡扬的\train\train_0290.json,163,5,False,5,9,5,8, ,-1e+18,0,0.0,0.0,1.4634146252230815,4,0.0,240,0,pathLen
train_0290,C:\Users\tao20\Desktop\Algorithm\AIPlayerDesktop\data\蔡扬的\train\train_0290.json,163,6,False,7,5,7,4, ,-1e+18,0,0.0,0.0,1.4634146252230815,6,0.0,240,0,pathLen
train_0290,C:\Users\tao20\Desktop\Algorithm\AIPlayerDesktop\data\蔡扬的\train\train_0290.json,163,7,False,7,9,7,8, ,-1e+18,0,0.0,0.0,1.4634146252230815,6,0.0,240,0,pathLen
train_0290,C:\Users\tao20\Desktop\Algorithm\AIPlayerDesktop\data\蔡扬的\train\train_0290.json,164,1,True,6,1,6,0, ,-9.795628741082892,0,12.914798206278029,0.0,1.4545454457300275,16,0.0,240,12,pathLen
train_0290,C:\Users\tao20\Desktop\Algorithm\AIPlayerDesktop\data\蔡扬的\train\train_0290.json,164,2,False,1,13,1,12,T,-40.98835600658151,-30,12.914798206278029,0.0,1.4545454457300275,17,0.0,210,12,deltaR
train_0290,C:\Users\tao20\Desktop\Algorithm\AIPlayerDesktop\data\蔡扬的\train\train_0290.json,164,3,False,8,13,8,12,T,-44.56653780307738,-30,12.914798206278029,0.0,1.4545454457300275,20,0.0,210,12,deltaR
train_0290,C:\Users\tao20\Desktop\Algorithm\AIPlayerDesktop\data\蔡扬的\train\train_0290.json,164,4,False,1,7,1,6, ,-1e+18,0,0.0,0.0,1.4545454457300275,11,0.0,240,0,pathLen
train_0290,C:\Users\tao20\Desktop\Algorithm\AIPlayerDesktop\data\蔡扬的\train\train_0290.json,164,5,False,5,9,5,8, ,-1e+18,0,0.0,0.0,1.4545454457300275,5,0.0,240,0,pathLen
train_0290,C:\Users\tao20\Desktop\Algorithm\AIPlayerDesktop\data\蔡扬的\train\train_0290.json,164,6,False,7,5,7,4, ,-1e+18,0,0.0,0.0,1.4545454457300275,7,0.0,240,0,pathLen
train_0290,C:\Users\tao20\Desktop\Algorithm\AIPlayerDesktop\data\蔡扬的\train\train_0290.json,164,7,False,7,9,7,8, ,-1e+18,0,0.0,0.0,1.4545454457300275,5,0.0,240,0,pathLen
train_0290,C:\Users\tao20\Desktop\Algorithm\AIPlayerDesktop\data\蔡扬的\train\train_0290.json,165,1,True,6,1,6,0, ,-8.498922610629416,0,12.914798206278029,0.0,1.4457831238205836,15,0.0,240,12,pathLen
train_0290,C:\Users\tao20\Desktop\Algorithm\AIPlayerDesktop\data\蔡扬的\train\train_0290.json,165,2,False,1,13,1,12,T,-42.05554909522805,-30,12.914798206278029,0.0,1.4457831238205836,18,0.0,210,12,deltaR
train_0290,C:\Users\tao20\Desktop\Algorithm\AIPlayerDesktop\data\蔡扬的\train\train_0290.json,165,3,False,8,13,8,12,T,-45.61217557982668,-30,12.914798206278029,0.0,1.4457831238205836,21,0.0,210,12,pathLen
train_0290,C:\Users\tao20\Desktop\Algorithm\AIPlayerDesktop\data\蔡扬的\train\train_0290.json,165,4,False,1,7,1,6, ,-1e+18,0,0.0,0.0,1.4457831238205836,12,0.0,240,0,pathLen
train_0290,C:\Users\tao20\Desktop\Algorithm\AIPlayerDesktop\data\蔡扬的\train\train_0290.json,165,5,False,5,9,5,8, ,-1e+18,0,0.0,0.0,1.4457831238205836,6,0.0,240,0,pathLen
train_0290,C:\Users\tao20\Desktop\Algorithm\AIPlayerDesktop\data\蔡扬的\train\train_0290.json,165,6,False,7,5,7,4, ,-1e+18,0,0.0,0.0,1.4457831238205836,8,0.0,240,0,pathLen
train_0290,C:\Users\tao20\Desktop\Algorithm\AIPlayerDesktop\data\蔡扬的\train\train_0290.json,165,7,False,7,9,7,8, ,-1e+18,0,0.0,0.0,1.4457831238205836,4,0.0,240,0,pathLen
train_0290,C:\Users\tao20\Desktop\Algorithm\AIPlayerDesktop\data\蔡扬的\train\train_0290.json,166,1,True,6,1,6,0, ,-7.217031837284015,0,12.914798206278029,0.0,1.4371257398974506,14,0.0,240,12,pathLen
train_0290,C:\Users\tao20\Desktop\Algorithm\AIPlayerDesktop\data\蔡扬的\train\train_0290.json,166,2,False,1,13,1,12,T,-43.10924737086356,-30,12.914798206278029,0.0,1.4371257398974506,19,0.0,210,12,deltaR
train_0290,C:\Users\tao20\Desktop\Algorithm\AIPlayerDesktop\data\蔡扬的\train\train_0290.json,166,3,False,8,13,8,12,T,-46.64457669101129,-30,12.914798206278029,0.0,1.4371257398974506,22,0.0,210,12,pathLen
train_0290,C:\Users\tao20\Desktop\Algorithm\AIPlayerDesktop\data\蔡扬的\train\train_0290.json,166,4,False,1,7,1,6, ,-1e+18,0,0.0,0.0,1.4371257398974506,13,0.0,240,0,pathLen
train_0290,C:\Users\tao20\Desktop\Algorithm\AIPlayerDesktop\data\蔡扬的\train\train_0290.json,166,5,False,5,9,5,8, ,-1e+18,0,0.0,0.0,1.4371257398974506,7,0.0,240,0,pathLen
train_0290,C:\Users\tao20\Desktop\Algorithm\AIPlayerDesktop\data\蔡扬的\train\train_0290.json,166,6,False,7,5,7,4, ,-1e+18,0,0.0,0.0,1.4371257398974506,9,0.0,240,0,pathLen
train_0290,C:\Users\tao20\Desktop\Algorithm\AIPlayerDesktop\data\蔡扬的\train\train_0290.json,166,7,False,7,9,7,8, ,-1e+18,0,0.0,0.0,1.4371257398974506,5,0.0,240,0,pathLen
train_0290,C:\Users\tao20\Desktop\Algorithm\AIPlayerDesktop\data\蔡扬的\train\train_0290.json,167,1,True,6,1,6,0, ,-5.949830205686489,0,12.914798206278029,0.0,1.4285714200680273,13,0.0,240,12,pathLen
train_0290,C:\Users\tao20\Desktop\Algorithm\AIPlayerDesktop\data\蔡扬的\train\train_0290.json,167,2,False,1,13,1,12,T,-44.149830156876966,-30,12.914798206278029,0.0,1.4285714200680273,20,0.0,210,12,deltaR
train_0290,C:\Users\tao20\Desktop\Algorithm\AIPlayerDesktop\data\蔡扬的\train\train_0290.json,167,3,False,8,13,8,12,T,-47.664115850244315,-30,12.914798206278029,0.0,1.4285714200680273,23,0.0,210,12,pathLen
train_0290,C:\Users\tao20\Desktop\Algorithm\AIPlayerDesktop\data\蔡扬的\train\train_0290.json,167,4,False,1,7,1,6, ,-1e+18,0,0.0,0.0,1.4285714200680273,14,0.0,240,0,pathLen
train_0290,C:\Users\tao20\Desktop\Algorithm\AIPlayerDesktop\data\蔡扬的\train\train_0290.json,167,5,False,5,9,5,8, ,-1e+18,0,0.0,0.0,1.4285714200680273,8,0.0,240,0,pathLen
train_0290,C:\Users\tao20\Desktop\Algorithm\AIPlayerDesktop\data\蔡扬的\train\train_0290.json,167,6,False,7,5,7,4, ,-1e+18,0,0.0,0.0,1.4285714200680273,10,0.0,240,0,pathLen
train_0290,C:\Users\tao20\Desktop\Algorithm\AIPlayerDesktop\data\蔡扬的\train\train_0290.json,167,7,False,7,9,7,8, ,-1e+18,0,0.0,0.0,1.4285714200680273,6,0.0,240,0,pathLen
train_0290,C:\Users\tao20\Desktop\Algorithm\AIPlayerDesktop\data\蔡扬的\train\train_0290.json,168,1,True,6,1,6,0, ,-4.697167701716589,0,12.914798206278029,0.0,1.4201183347921993,12,0.0,240,12,pathLen
train_0290,C:\Users\tao20\Desktop\Algorithm\AIPlayerDesktop\data\蔡扬的\train\train_0290.json,168,2,False,1,13,1,12,T,-45.17764101248302,-30,12.914798206278029,0.0,1.4201183347921993,21,0.0,210,12,deltaR
train_0290,C:\Users\tao20\Desktop\Algorithm\AIPlayerDesktop\data\蔡扬的\train\train_0290.json,168,3,False,8,13,8,12,T,-48.67113211607183,-30,12.914798206278029,0.0,1.4201183347921993,24,0.0,210,12,pathLen
train_0290,C:\Users\tao20\Desktop\Algorithm\AIPlayerDesktop\data\蔡扬的\train\train_0290.json,168,4,False,1,7,1,6, ,-1e+18,0,0.0,0.0,1.4201183347921993,15,0.0,240,0,pathLen
train_0290,C:\Users\tao20\Desktop\Algorithm\AIPlayerDesktop\data\蔡扬的\train\train_0290.json,168,5,False,5,9,5,8, ,-1e+18,0,0.0,0.0,1.4201183347921993,9,0.0,240,0,pathLen
train_0290,C:\Users\tao20\Desktop\Algorithm\AIPlayerDesktop\data\蔡扬的\train\train_0290.json,168,6,False,7,5,7,4, ,-1e+18,0,0.0,0.0,1.4201183347921993,11,0.0,240,0,pathLen
train_0290,C:\Users\tao20\Desktop\Algorithm\AIPlayerDesktop\data\蔡扬的\train\train_0290.json,168,7,False,7,9,7,8, ,-1e+18,0,0.0,0.0,1.4201183347921993,7,0.0,240,0,pathLen
train_0290,C:\Users\tao20\Desktop\Algorithm\AIPlayerDesktop\data\蔡扬的\train\train_0290.json,169,1,True,6,1,6,0, ,-3.458876395193622,0,12.914798206278029,0.0,1.4117646975778548,11,0.0,240,12,pathLen
train_0290,C:\Users\tao20\Desktop\Algorithm\AIPlayerDesktop\data\蔡扬的\train\train_0290.json,169,2,False,1,13,1,12,T,-46.19299396734587,-30,12.914798206278029,0.0,1.4117646975778548,22,0.0,210,12,pathLen
train_0290,C:\Users\tao20\Desktop\Algorithm\AIPlayerDesktop\data\蔡扬的\train\train_0290.json,169,3,False,8,13,8,12,T,-49.66593512338739,-30,12.914798206278029,0.0,1.4117646975778548,25,0.0,210,12,pathLen
train_0290,C:\Users\tao20\Desktop\Algorithm\AIPlayerDesktop\data\蔡扬的\train\train_0290.json,169,4,False,1,7,1,6, ,-1e+18,0,0.0,0.0,1.4117646975778548,16,0.0,240,0,pathLen
train_0290,C:\Users\tao20\Desktop\Algorithm\AIPlayerDesktop\data\蔡扬的\train\train_0290.json,169,5,False,5,9,5,8, ,-1e+18,0,0.0,0.0,1.4117646975778548,10,0.0,240,0,pathLen
train_0290,C:\Users\tao20\Desktop\Algorithm\AIPlayerDesktop\data\蔡扬的\train\train_0290.json,169,6,False,7,5,7,4, ,-1e+18,0,0.0,0.0,1.4117646975778548,12,0.0,240,0,pathLen
train_0290,C:\Users\tao20\Desktop\Algorithm\AIPlayerDesktop\data\蔡扬的\train\train_0290.json,169,7,False,7,9,7,8, ,-1e+18,0,0.0,0.0,1.4117646975778548,8,0.0,240,0,pathLen
train_0290,C:\Users\tao20\Desktop\Algorithm\AIPlayerDesktop\data\蔡扬的\train\train_0290.json,170,1,True,6,1,6,0, ,-2.234775114107192,0,12.914798206278029,0.0,1.403508763722171,10,0.0,240,12,pathLen
train_0290,C:\Users\tao20\Desktop\Algorithm\AIPlayerDesktop\data\蔡扬的\train\train_0290.json,170,2,False,1,13,1,12,T,-47.196178535385535,-30,12.914798206278029,0.0,1.403508763722171,23,0.0,210,12,pathLen
train_0290,C:\Users\tao20\Desktop\Algorithm\AIPlayerDesktop\data\蔡扬的\train\train_0290.json,170,3,False,8,13,8,12,T,-50.64881009414208,-30,12.914798206278029,0.0,1.403508763722171,26,0.0,210,12,pathLen
train_0290,C:\Users\tao20\Desktop\Algorithm\AIPlayerDesktop\data\蔡扬的\train\train_0290.json,170,4,False,1,7,1,6, ,-1e+18,0,0.0,0.0,1.403508763722171,17,0.0,240,0,pathLen
train_0290,C:\Users\tao20\Desktop\Algorithm\AIPlayerDesktop\data\蔡扬的\train\train_0290.json,170,5,False,5,9,5,8, ,-1e+18,0,0.0,0.0,1.403508763722171,11,0.0,240,0,pathLen
train_0290,C:\Users\tao20\Desktop\Algorithm\AIPlayerDesktop\data\蔡扬的\train\train_0290.json,170,6,False,7,5,7,4, ,-1e+18,0,0.0,0.0,1.403508763722171,13,0.0,240,0,pathLen
train_0290,C:\Users\tao20\Desktop\Algorithm\AIPlayerDesktop\data\蔡扬的\train\train_0290.json,170,7,False,7,9,7,8, ,-1e+18,0,0.0,0.0,1.403508763722171,9,0.0,240,0,pathLen
train_0290,C:\Users\tao20\Desktop\Algorithm\AIPlayerDesktop\data\蔡扬的\train\train_0290.json,171,1,True,6,1,6,0, ,-1.0246731531550548,0,12.914798206278029,0.0,1.3953488290968092,9,0.0,240,12,Iproxy
train_0290,C:\Users\tao20\Desktop\Algorithm\AIPlayerDesktop\data\蔡扬的\train\train_0290.json,171,2,False,1,13,1,12,T,-48.187463751045804,-30,12.914798206278029,0.0,1.3953488290968092,24,0.0,210,12,pathLen
train_0290,C:\Users\tao20\Desktop\Algorithm\AIPlayerDesktop\data\蔡扬的\train\train_0290.json,171,3,False,8,13,8,12,T,-51.62002187062396,-30,12.914798206278029,0.0,1.3953488290968092,27,0.0,210,12,pathLen
train_0290,C:\Users\tao20\Desktop\Algorithm\AIPlayerDesktop\data\蔡扬的\train\train_0290.json,171,4,False,1,7,1,6, ,-1e+18,0,0.0,0.0,1.3953488290968092,18,0.0,240,0,pathLen
train_0290,C:\Users\tao20\Desktop\Algorithm\AIPlayerDesktop\data\蔡扬的\train\train_0290.json,171,5,False,5,9,5,8, ,-1e+18,0,0.0,0.0,1.3953488290968092,12,0.0,240,0,pathLen
train_0290,C:\Users\tao20\Desktop\Algorithm\AIPlayerDesktop\data\蔡扬的\train\train_0290.json,171,6,False,7,5,7,4, ,-1e+18,0,0.0,0.0,1.3953488290968092,14,0.0,240,0,pathLen
train_0290,C:\Users\tao20\Desktop\Algorithm\AIPlayerDesktop\data\蔡扬的\train\train_0290.json,171,7,False,7,9,7,8, ,-1e+18,0,0.0,0.0,1.3953488290968092,10,0.0,240,0,pathLen
train_0290,C:\Users\tao20\Desktop\Algorithm\AIPlayerDesktop\data\蔡扬的\train\train_0290.json,172,1,True,6,1,6,0, ,0.17162678923364005,0,12.914798206278029,0.0,1.3872832289752415,8,0.0,240,12,Iproxy
train_0290,C:\Users\tao20\Desktop\Algorithm\AIPlayerDesktop\data\蔡扬的\train\train_0290.json,172,2,False,1,13,1,12,T,-49.16710142268123,-30,12.914798206278029,0.0,1.3872832289752415,25,0.0,210,12,pathLen
train_0290,C:\Users\tao20\Desktop\Algorithm\AIPlayerDesktop\data\蔡扬的\train\train_0290.json,172,3,False,8,13,8,12,T,-52.57981816596032,-30,12.914798206278029,0.0,1.3872832289752415,28,0.0,210,12,pathLen
train_0290,C:\Users\tao20\Desktop\Algorithm\AIPlayerDesktop\data\蔡扬的\train\train_0290.json,172,4,False,1,7,1,6, ,-1e+18,0,0.0,0.0,1.3872832289752415,19,0.0,240,0,pathLen
train_0290,C:\Users\tao20\Desktop\Algorithm\AIPlayerDesktop\data\蔡扬的\train\train_0290.json,172,5,False,5,9,5,8, ,-1e+18,0,0.0,0.0,1.3872832289752415,13,0.0,240,0,pathLen
train_0290,C:\Users\tao20\Desktop\Algorithm\AIPlayerDesktop\data\蔡扬的\train\train_0290.json,172,6,False,7,5,7,4, ,-1e+18,0,0.0,0.0,1.3872832289752415,15,0.0,240,0,pathLen
train_0290,C:\Users\tao20\Desktop\Algorithm\AIPlayerDesktop\data\蔡扬的\train\train_0290.json,172,7,False,7,9,7,8, ,-1e+18,0,0.0,0.0,1.3872832289752415,11,0.0,240,0,pathLen
train_0290,C:\Users\tao20\Desktop\Algorithm\AIPlayerDesktop\data\蔡扬的\train\train_0290.json,173,1,True,6,1,6,0, ,1.3543262900877266,0,12.914798206278029,0.0,1.3793103369005153,7,0.0,240,12,Iproxy
train_0290,C:\Users\tao20\Desktop\Algorithm\AIPlayerDesktop\data\蔡扬的\train\train_0290.json,173,2,False,1,13,1,12,T,-50.1353287588223,-30,12.914798206278029,0.0,1.3793103369005153,26,0.0,210,12,pathLen
train_0290,C:\Users\tao20\Desktop\Algorithm\AIPlayerDesktop\data\蔡扬的\train\train_0290.json,173,3,False,8,13,8,12,T,-53.528432187597566,-30,12.914798206278029,0.0,1.3793103369005153,29,0.0,210,12,pathLen
train_0290,C:\Users\tao20\Desktop\Algorithm\AIPlayerDesktop\data\蔡扬的\train\train_0290.json,173,4,False,1,7,1,6, ,-1e+18,0,0.0,0.0,1.3793103369005153,20,0.0,240,0,pathLen
train_0290,C:\Users\tao20\Desktop\Algorithm\AIPlayerDesktop\data\蔡扬的\train\train_0290.json,173,5,False,5,9,5,8, ,-1e+18,0,0.0,0.0,1.3793103369005153,14,0.0,240,0,pathLen
train_0290,C:\Users\tao20\Desktop\Algorithm\AIPlayerDesktop\data\蔡扬的\train\train_0290.json,173,6,False,7,5,7,4, ,-1e+18,0,0.0,0.0,1.3793103369005153,16,0.0,240,0,pathLen
train_0290,C:\Users\tao20\Desktop\Algorithm\AIPlayerDesktop\data\蔡扬的\train\train_0290.json,173,7,False,7,9,7,8, ,-1e+18,0,0.0,0.0,1.3793103369005153,12,0.0,240,0,pathLen
train_0290,C:\Users\tao20\Desktop\Algorithm\AIPlayerDesktop\data\蔡扬的\train\train_0290.json,174,1,True,6,1,6,0, ,2.5236293730932173,0,12.914798206278029,0.0,1.3714285635918368,6,0.0,240,12,Iproxy
train_0290,C:\Users\tao20\Desktop\Algorithm\AIPlayerDesktop\data\蔡扬的\train\train_0290.json,174,2,False,1,13,1,12,T,-51.092370491958214,-30,12.914798206278029,0.0,1.3714285635918368,27,0.0,210,12,pathLen
train_0290,C:\Users\tao20\Desktop\Algorithm\AIPlayerDesktop\data\蔡扬的\train\train_0290.json,174,3,False,8,13,8,12,T,-54.46608475839413,-30,12.914798206278029,0.0,1.3714285635918368,30,0.0,210,12,pathLen
train_0290,C:\Users\tao20\Desktop\Algorithm\AIPlayerDesktop\data\蔡扬的\train\train_0290.json,174,4,False,1,7,1,6, ,-1e+18,0,0.0,0.0,1.3714285635918368,21,0.0,240,0,pathLen
train_0290,C:\Users\tao20\Desktop\Algorithm\AIPlayerDesktop\data\蔡扬的\train\train_0290.json,174,5,False,5,9,5,8, ,-1e+18,0,0.0,0.0,1.3714285635918368,15,0.0,240,0,pathLen
train_0290,C:\Users\tao20\Desktop\Algorithm\AIPlayerDesktop\data\蔡扬的\train\train_0290.json,174,6,False,7,5,7,4, ,-1e+18,0,0.0,0.0,1.3714285635918368,17,0.0,240,0,pathLen
train_0290,C:\Users\tao20\Desktop\Algorithm\AIPlayerDesktop\data\蔡扬的\train\train_0290.json,174,7,False,7,9,7,8, ,-1e+18,0,0.0,0.0,1.3714285635918368,13,0.0,240,0,pathLen
train_0290,C:\Users\tao20\Desktop\Algorithm\AIPlayerDesktop\data\蔡扬的\train\train_0290.json,175,1,True,6,1,6,0, ,3.679741072477187,0,12.914798206278029,0.0,1.36363635588843,5,0.0,240,12,Iproxy
train_0290,C:\Users\tao20\Desktop\Algorithm\AIPlayerDesktop\data\蔡扬的\train\train_0290.json,175,2,False,1,13,1,12,T,-52.0384405995786,-30,12.914798206278029,0.0,1.36363635588843,28,0.0,210,12,pathLen
train_0290,C:\Users\tao20\Desktop\Algorithm\AIPlayerDesktop\data\蔡扬的\train\train_0290.json,175,3,False,8,13,8,12,T,-55.39298603506414,-30,12.914798206278029,0.0,1.36363635588843,31,0.0,210,12,pathLen
train_0290,C:\Users\tao20\Desktop\Algorithm\AIPlayerDesktop\data\蔡扬的\train\train_0290.json,175,4,False,1,7,1,6, ,-1e+18,0,0.0,0.0,1.36363635588843,22,0.0,240,0,pathLen
train_0290,C:\Users\tao20\Desktop\Algorithm\AIPlayerDesktop\data\蔡扬的\train\train_0290.json,175,5,False,5,9,5,8, ,-1e+18,0,0.0,0.0,1.36363635588843,16,0.0,240,0,pathLen
train_0290,C:\Users\tao20\Desktop\Algorithm\AIPlayerDesktop\data\蔡扬的\train\train_0290.json,175,6,False,7,5,7,4, ,-1e+18,0,0.0,0.0,1.36363635588843,18,0.0,240,0,pathLen
train_0290,C:\Users\tao20\Desktop\Algorithm\AIPlayerDesktop\data\蔡扬的\train\train_0290.json,175,7,False,7,9,7,8, ,-1e+18,0,0.0,0.0,1.36363635588843,14,0.0,240,0,pathLen
train_0290,C:\Users\tao20\Desktop\Algorithm\AIPlayerDesktop\data\蔡扬的\train\train_0290.json,176,1,True,6,1,6,0, ,4.822866310151743,0,12.914798206278029,0.0,1.3559321957291965,4,0.0,240,12,Iproxy
train_0290,C:\Users\tao20\Desktop\Algorithm\AIPlayerDesktop\data\蔡扬的\train\train_0290.json,176,2,False,1,13,1,12,T,-52.97374370229679,-30,12.914798206278029,0.0,1.3559321957291965,29,0.0,210,12,pathLen
train_0290,C:\Users\tao20\Desktop\Algorithm\AIPlayerDesktop\data\蔡扬的\train\train_0290.json,176,3,False,8,13,8,12,T,-56.30933690379061,-30,12.914798206278029,0.0,1.3559321957291965,32,0.0,210,12,pathLen
train_0290,C:\Users\tao20\Desktop\Algorithm\AIPlayerDesktop\data\蔡扬的\train\train_0290.json,176,4,False,1,7,1,6, ,-1e+18,0,0.0,0.0,1.3559321957291965,23,0.0,240,0,pathLen
train_0290,C:\Users\tao20\Desktop\Algorithm\AIPlayerDesktop\data\蔡扬的\train\train_0290.json,176,5,False,5,9,5,8, ,-1e+18,0,0.0,0.0,1.3559321957291965,17,0.0,240,0,pathLen
train_0290,C:\Users\tao20\Desktop\Algorithm\AIPlayerDesktop\data\蔡扬的\train\train_0290.json,176,6,False,7,5,7,4, ,-1e+18,0,0.0,0.0,1.3559321957291965,19,0.0,240,0,pathLen
train_0290,C:\Users\tao20\Desktop\Algorithm\AIPlayerDesktop\data\蔡扬的\train\train_0290.json,176,7,False,7,9,7,8, ,-1e+18,0,0.0,0.0,1.3559321957291965,15,0.0,240,0,pathLen
train_0290,C:\Users\tao20\Desktop\Algorithm\AIPlayerDesktop\data\蔡扬的\train\train_0290.json,177,1,True,6,1,6,0, ,5.953209022612255,0,12.914798206278029,0.0,1.348314599166772,3,0.0,240,12,Iproxy
train_0290,C:\Users\tao20\Desktop\Algorithm\AIPlayerDesktop\data\蔡扬的\train\train_0290.json,177,2,False,1,13,1,12,T,-53.898476202940074,-30,12.914798206278029,0.0,1.348314599166772,30,0.0,210,12,pathLen
train_0290,C:\Users\tao20\Desktop\Algorithm\AIPlayerDesktop\data\蔡扬的\train\train_0290.json,177,3,False,8,13,8,12,T,-57.21533011689033,-30,12.914798206278029,0.0,1.348314599166772,33,0.0,210,12,pathLen
train_0290,C:\Users\tao20\Desktop\Algorithm\AIPlayerDesktop\data\蔡扬的\train\train_0290.json,177,4,False,1,7,1,6, ,-1e+18,0,0.0,0.0,1.348314599166772,24,0.0,240,0,pathLen
train_0290,C:\Users\tao20\Desktop\Algorithm\AIPlayerDesktop\data\蔡扬的\train\train_0290.json,177,5,False,5,9,5,8, ,-1e+18,0,0.0,0.0,1.348314599166772,18,0.0,240,0,pathLen
train_0290,C:\Users\tao20\Desktop\Algorithm\AIPlayerDesktop\data\蔡扬的\train\train_0290.json,177,6,False,7,5,7,4, ,-1e+18,0,0.0,0.0,1.348314599166772,20,0.0,240,0,pathLen
train_0290,C:\Users\tao20\Desktop\Algorithm\AIPlayerDesktop\data\蔡扬的\train\train_0290.json,177,7,False,7,9,7,8, ,-1e+18,0,0.0,0.0,1.348314599166772,16,0.0,240,0,pathLen
train_0290,C:\Users\tao20\Desktop\Algorithm\AIPlayerDesktop\data\蔡扬的\train\train_0290.json,178,1,True,6,1,6,0, ,7.070971486817731,0,12.914798206278029,0.0,1.340782115414625,2,0.0,240,12,Iproxy
train_0290,C:\Users\tao20\Desktop\Algorithm\AIPlayerDesktop\data\蔡扬的\train\train_0290.json,178,2,False,1,13,1,12,T,-54.812827217742054,-30,12.914798206278029,0.0,1.340782115414625,31,0.0,210,12,pathLen
train_0290,C:\Users\tao20\Desktop\Algorithm\AIPlayerDesktop\data\蔡扬的\train\train_0290.json,178,3,False,8,13,8,12,T,-58.11115122166203,-30,12.914798206278029,0.0,1.340782115414625,34,0.0,210,12,pathLen
train_0290,C:\Users\tao20\Desktop\Algorithm\AIPlayerDesktop\data\蔡扬的\train\train_0290.json,178,4,False,1,7,1,6, ,-1e+18,0,0.0,0.0,1.340782115414625,25,0.0,240,0,pathLen
train_0290,C:\Users\tao20\Desktop\Algorithm\AIPlayerDesktop\data\蔡扬的\train\train_0290.json,178,5,False,5,9,5,8, ,-1e+18,0,0.0,0.0,1.340782115414625,19,0.0,240,0,pathLen
train_0290,C:\Users\tao20\Desktop\Algorithm\AIPlayerDesktop\data\蔡扬的\train\train_0290.json,178,6,False,7,5,7,4, ,-1e+18,0,0.0,0.0,1.340782115414625,21,0.0,240,0,pathLen
train_0290,C:\Users\tao20\Desktop\Algorithm\AIPlayerDesktop\data\蔡扬的\train\train_0290.json,178,7,False,7,9,7,8, ,-1e+18,0,0.0,0.0,1.340782115414625,17,0.0,240,0,pathLen
train_0290,C:\Users\tao20\Desktop\Algorithm\AIPlayerDesktop\data\蔡扬的\train\train_0290.json,179,1,True,6,1,6,0, ,8.17635380446662,0,12.914798206278029,0.0,1.333333325925926,1,0.0,240,12,Iproxy
train_0290,C:\Users\tao20\Desktop\Algorithm\AIPlayerDesktop\data\蔡扬的\train\train_0290.json,179,2,False,1,13,1,12,T,-55.71697934057041,-30,12.914798206278029,0.0,1.333333325925926,32,0.0,210,12,pathLen
train_0290,C:\Users\tao20\Desktop\Algorithm\AIPlayerDesktop\data\蔡扬的\train\train_0290.json,179,3,False,8,13,8,12,T,-58.99697932234819,-30,12.914798206278029,0.0,1.333333325925926,35,0.0,210,12,pathLen
train_0290,C:\Users\tao20\Desktop\Algorithm\AIPlayerDesktop\data\蔡扬的\train\train_0290.json,179,4,False,1,7,1,6, ,-1e+18,0,0.0,0.0,1.333333325925926,26,0.0,240,0,pathLen
train_0290,C:\Users\tao20\Desktop\Algorithm\AIPlayerDesktop\data\蔡扬的\train\train_0290.json,179,5,False,5,9,5,8, ,-1e+18,0,0.0,0.0,1.333333325925926,20,0.0,240,0,pathLen
train_0290,C:\Users\tao20\Desktop\Algorithm\AIPlayerDesktop\data\蔡扬的\train\train_0290.json,179,6,False,7,5,7,4, ,-1e+18,0,0.0,0.0,1.333333325925926,22,0.0,240,0,pathLen
train_0290,C:\Users\tao20\Desktop\Algorithm\AIPlayerDesktop\data\蔡扬的\train\train_0290.json,179,7,False,7,9,7,8, ,-1e+18,0,0.0,0.0,1.333333325925926,18,0.0,240,0,pathLen
train_0290,C:\Users\tao20\Desktop\Algorithm\AIPlayerDesktop\data\蔡扬的\train\train_0290.json,180,1,True,7,1,7,0, ,8.08504124620892,0,12.799999999999999,0.0,1.3259668435029457,1,0.0,240,12,Iproxy
train_0290,C:\Users\tao20\Desktop\Algorithm\AIPlayerDesktop\data\蔡扬的\train\train_0290.json,180,2,False,1,13,1,12,T,-56.70832872730837,-30,12.799999999999999,0.0,1.3259668435029457,33,0.0,210,12,pathLen
train_0290,C:\Users\tao20\Desktop\Algorithm\AIPlayerDesktop\data\蔡扬的\train\train_0290.json,180,3,False,8,13,8,12,T,-59.97020716232562,-30,12.799999999999999,0.0,1.3259668435029457,36,0.0,210,12,pathLen
train_0290,C:\Users\tao20\Desktop\Algorithm\AIPlayerDesktop\data\蔡扬的\train\train_0290.json,180,4,False,1,7,1,6, ,-1e+18,0,0.0,0.0,1.3259668435029457,27,0.0,240,0,pathLen
train_0290,C:\Users\tao20\Desktop\Algorithm\AIPlayerDesktop\data\蔡扬的\train\train_0290.json,180,5,False,5,9,5,8, ,-1e+18,0,0.0,0.0,1.3259668435029457,21,0.0,240,0,pathLen
train_0290,C:\Users\tao20\Desktop\Algorithm\AIPlayerDesktop\data\蔡扬的\train\train_0290.json,180,6,False,7,5,7,4, ,-1e+18,0,0.0,0.0,1.3259668435029457,23,0.0,240,0,pathLen
train_0290,C:\Users\tao20\Desktop\Algorithm\AIPlayerDesktop\data\蔡扬的\train\train_0290.json,180,7,False,7,9,7,8, ,-1e+18,0,0.0,0.0,1.3259668435029457,19,0.0,240,0,pathLen
train_0290,C:\Users\tao20\Desktop\Algorithm\AIPlayerDesktop\data\蔡扬的\train\train_0290.json,181,1,True,8,1,8,0, ,7.983631284830402,0,12.687224669603523,0.0,1.318681311435817,1,0.0,240,12,Iproxy
train_0290,C:\Users\tao20\Desktop\Algorithm\AIPlayerDesktop\data\蔡扬的\train\train_0290.json,181,2,False,1,13,1,12,T,-57.69988500262281,-30,12.687224669603523,0.0,1.318681311435817,34,0.0,210,12,pathLen
train_0290,C:\Users\tao20\Desktop\Algorithm\AIPlayerDesktop\data\蔡扬的\train\train_0290.json,181,3,False,8,13,8,12,T,-60.94384102875491,-30,12.687224669603523,0.0,1.318681311435817,37,0.0,210,12,pathLen
train_0290,C:\Users\tao20\Desktop\Algorithm\AIPlayerDesktop\data\蔡扬的\train\train_0290.json,181,4,False,1,7,1,6, ,-1e+18,0,0.0,0.0,1.318681311435817,28,0.0,240,0,pathLen
train_0290,C:\Users\tao20\Desktop\Algorithm\AIPlayerDesktop\data\蔡扬的\train\train_0290.json,181,5,False,5,9,5,8, ,-1e+18,0,0.0,0.0,1.318681311435817,22,0.0,240,0,pathLen
train_0290,C:\Users\tao20\Desktop\Algorithm\AIPlayerDesktop\data\蔡扬的\train\train_0290.json,181,6,False,7,5,7,4, ,-1e+18,0,0.0,0.0,1.318681311435817,24,0.0,240,0,pathLen
train_0290,C:\Users\tao20\Desktop\Algorithm\AIPlayerDesktop\data\蔡扬的\train\train_0290.json,181,7,False,7,9,7,8, ,-1e+18,0,0.0,0.0,1.318681311435817,20,0.0,240,0,pathLen
train_0290,C:\Users\tao20\Desktop\Algorithm\AIPlayerDesktop\data\蔡扬的\train\train_0290.json,182,1,True,9,1,9,0,G,48.92459016981098,50,0.0,0.0,1.3114754026695334,1,0.0,290,0,deltaR
train_0290,C:\Users\tao20\Desktop\Algorithm\AIPlayerDesktop\data\蔡扬的\train\train_0290.json,182,2,False,7,9,7,8, ,-19.909693390491103,0,0.0,2.1739130434782608,1.3114754026695334,21,0.0,240,0,pathLen
train_0290,C:\Users\tao20\Desktop\Algorithm\AIPlayerDesktop\data\蔡扬的\train\train_0290.json,182,3,False,5,9,5,8, ,-22.274426094347398,0,0.0,2.0,1.3114754026695334,23,0.0,240,0,pathLen
train_0290,C:\Users\tao20\Desktop\Algorithm\AIPlayerDesktop\data\蔡扬的\train\train_0290.json,182,4,False,7,5,7,4, ,-24.607467976947657,0,0.0,1.8518518518518519,1.3114754026695334,25,0.0,240,0,pathLen
train_0290,C:\Users\tao20\Desktop\Algorithm\AIPlayerDesktop\data\蔡扬的\train\train_0290.json,182,5,False,1,7,1,6, ,-29.203014107739566,0,0.0,1.6129032258064515,1.3114754026695334,29,0.0,240,0,pathLen
train_0290,C:\Users\tao20\Desktop\Algorithm\AIPlayerDesktop\data\蔡扬的\train\train_0290.json,182,6,False,1,13,1,12,T,-54.780337506608305,-30,15.720524017467248,1.3513513513513513,1.3114754026695334,35,0.0,210,12,pathLen
train_0290,C:\Users\tao20\Desktop\Algorithm\AIPlayerDesktop\data\蔡扬的\train\train_0290.json,182,7,False,8,13,8,12,T,-58.13122915933752,-30,15.720524017467248,1.25,1.3114754026695334,38,0.0,210,12,pathLen
train_0290,C:\Users\tao20\Desktop\Algorithm\AIPlayerDesktop\data\蔡扬的\train\train_0290.json,183,1,True,1,13,1,12,T,-65.35754689710099,-30,15.720524017467248,0.0,1.5760869479560493,36,0.0,260,12,pathLen
train_0290,C:\Users\tao20\Desktop\Algorithm\AIPlayerDesktop\data\蔡扬的\train\train_0290.json,183,2,False,8,13,8,12,T,-69.23472078907288,-30,15.720524017467248,0.0,1.5760869479560493,39,0.0,260,12,pathLen
train_0290,C:\Users\tao20\Desktop\Algorithm\AIPlayerDesktop\data\蔡扬的\train\train_0290.json,183,3,False,1,7,1,6, ,-1e+18,0,0.0,0.0,1.5760869479560493,30,0.0,290,0,pathLen
train_0290,C:\Users\tao20\Desktop\Algorithm\AIPlayerDesktop\data\蔡扬的\train\train_0290.json,183,4,False,5,9,5,8, ,-1e+18,0,0.0,0.0,1.5760869479560493,24,0.0,290,0,pathLen
train_0290,C:\Users\tao20\Desktop\Algorithm\AIPlayerDesktop\data\蔡扬的\train\train_0290.json,183,5,False,7,5,7,4, ,-1e+18,0,0.0,0.0,1.5760869479560493,26,0.0,290,0,pathLen
train_0290,C:\Users\tao20\Desktop\Algorithm\AIPlayerDesktop\data\蔡扬的\train\train_0290.json,183,6,False,7,9,7,8, ,-1e+18,0,0.0,0.0,1.5760869479560493,22,0.0,290,0,pathLen
train_0290,C:\Users\tao20\Desktop\Algorithm\AIPlayerDesktop\data\蔡扬的\train\train_0290.json,184,1,True,1,13,1,12,T,-63.843292804469655,-30,15.720524017467248,0.0,1.5675675590942295,35,0.0,260,12,pathLen
train_0290,C:\Users\tao20\Desktop\Algorithm\AIPlayerDesktop\data\蔡扬的\train\train_0290.json,184,2,False,8,13,8,12,T,-67.69950899984146,-30,15.720524017467248,0.0,1.5675675590942295,38,0.0,260,12,pathLen
train_0290,C:\Users\tao20\Desktop\Algorithm\AIPlayerDesktop\data\蔡扬的\train\train_0290.json,184,3,False,1,7,1,6, ,-1e+18,0,0.0,0.0,1.5675675590942295,29,0.0,290,0,pathLen
train_0290,C:\Users\tao20\Desktop\Algorithm\AIPlayerDesktop\data\蔡扬的\train\train_0290.json,184,4,False,5,9,5,8, ,-1e+18,0,0.0,0.0,1.5675675590942295,23,0.0,290,0,pathLen
train_0290,C:\Users\tao20\Desktop\Algorithm\AIPlayerDesktop\data\蔡扬的\train\train_0290.json,184,5,False,7,5,7,4, ,-1e+18,0,0.0,0.0,1.5675675590942295,25,0.0,290,0,pathLen
train_0290,C:\Users\tao20\Desktop\Algorithm\AIPlayerDesktop\data\蔡扬的\train\train_0290.json,184,6,False,7,9,7,8, ,-1e+18,0,0.0,0.0,1.5675675590942295,21,0.0,290,0,pathLen
train_0290,C:\Users\tao20\Desktop\Algorithm\AIPlayerDesktop\data\蔡扬的\train\train_0290.json,185,1,True,1,13,1,12,T,-62.341035761084505,-30,15.720524017467248,0.0,1.5591397765637647,34,0.0,260,12,pathLen
train_0290,C:\Users\tao20\Desktop\Algorithm\AIPlayerDesktop\data\蔡扬的\train\train_0290.json,185,2,False,8,13,8,12,T,-66.17651961143136,-30,15.720524017467248,0.0,1.5591397765637647,37,0.0,260,12,pathLen
train_0290,C:\Users\tao20\Desktop\Algorithm\AIPlayerDesktop\data\蔡扬的\train\train_0290.json,185,3,False,1,7,1,6, ,-1e+18,0,0.0,0.0,1.5591397765637647,28,0.0,290,0,pathLen
train_0290,C:\Users\tao20\Desktop\Algorithm\AIPlayerDesktop\data\蔡扬的\train\train_0290.json,185,4,False,5,9,5,8, ,-1e+18,0,0.0,0.0,1.5591397765637647,22,0.0,290,0,pathLen
train_0290,C:\Users\tao20\Desktop\Algorithm\AIPlayerDesktop\data\蔡扬的\train\train_0290.json,185,5,False,7,5,7,4, ,-1e+18,0,0.0,0.0,1.5591397765637647,24,0.0,290,0,pathLen
train_0290,C:\Users\tao20\Desktop\Algorithm\AIPlayerDesktop\data\蔡扬的\train\train_0290.json,185,6,False,7,9,7,8, ,-1e+18,0,0.0,0.0,1.5591397765637647,20,0.0,290,0,pathLen
train_0290,C:\Users\tao20\Desktop\Algorithm\AIPlayerDesktop\data\蔡扬的\train\train_0290.json,186,1,True,1,13,1,12,T,-60.85141639404667,-30,15.720524017467248,0.0,1.5508021307443736,33,0.0,260,12,pathLen
train_0290,C:\Users\tao20\Desktop\Algorithm\AIPlayerDesktop\data\蔡扬的\train\train_0290.json,186,2,False,8,13,8,12,T,-64.66638963567783,-30,15.720524017467248,0.0,1.5508021307443736,36,0.0,260,12,pathLen
train_0290,C:\Users\tao20\Desktop\Algorithm\AIPlayerDesktop\data\蔡扬的\train\train_0290.json,186,3,False,1,7,1,6, ,-1e+18,0,0.0,0.0,1.5508021307443736,27,0.0,290,0,pathLen
train_0290,C:\Users\tao20\Desktop\Algorithm\AIPlayerDesktop\data\蔡扬的\train\train_0290.json,186,4,False,5,9,5,8, ,-1e+18,0,0.0,0.0,1.5508021307443736,21,0.0,290,0,pathLen
train_0290,C:\Users\tao20\Desktop\Algorithm\AIPlayerDesktop\data\蔡扬的\train\train_0290.json,186,5,False,7,5,7,4, ,-1e+18,0,0.0,0.0,1.5508021307443736,23,0.0,290,0,pathLen
train_0290,C:\Users\tao20\Desktop\Algorithm\AIPlayerDesktop\data\蔡扬的\train\train_0290.json,186,6,False,7,9,7,8, ,-1e+18,0,0.0,0.0,1.5508021307443736,19,0.0,290,0,pathLen
train_0290,C:\Users\tao20\Desktop\Algorithm\AIPlayerDesktop\data\蔡扬的\train\train_0290.json,187,1,True,1,13,1,12,T,-59.37489982197748,-30,15.720524017467248,0.0,1.5425531832842916,32,0.0,260,12,pathLen
train_0290,C:\Users\tao20\Desktop\Algorithm\AIPlayerDesktop\data\蔡扬的\train\train_0290.json,187,2,False,8,13,8,12,T,-63.16958065285684,-30,15.720524017467248,0.0,1.5425531832842916,35,0.0,260,12,pathLen
train_0290,C:\Users\tao20\Desktop\Algorithm\AIPlayerDesktop\data\蔡扬的\train\train_0290.json,187,3,False,1,7,1,6, ,-1e+18,0,0.0,0.0,1.5425531832842916,26,0.0,290,0,pathLen
train_0290,C:\Users\tao20\Desktop\Algorithm\AIPlayerDesktop\data\蔡扬的\train\train_0290.json,187,4,False,5,9,5,8, ,-1e+18,0,0.0,0.0,1.5425531832842916,20,0.0,290,0,pathLen
train_0290,C:\Users\tao20\Desktop\Algorithm\AIPlayerDesktop\data\蔡扬的\train\train_0290.json,187,5,False,7,5,7,4, ,-1e+18,0,0.0,0.0,1.5425531832842916,22,0.0,290,0,pathLen
train_0290,C:\Users\tao20\Desktop\Algorithm\AIPlayerDesktop\data\蔡扬的\train\train_0290.json,187,6,False,7,9,7,8, ,-1e+18,0,0.0,0.0,1.5425531832842916,18,0.0,290,0,pathLen
train_0290,C:\Users\tao20\Desktop\Algorithm\AIPlayerDesktop\data\蔡扬的\train\train_0290.json,188,1,True,1,13,1,12,T,-57.91181173565388,-30,15.720524017467248,0.0,1.5343915262730607,31,0.0,260,12,pathLen
train_0290,C:\Users\tao20\Desktop\Algorithm\AIPlayerDesktop\data\蔡扬的\train\train_0290.json,188,2,False,8,13,8,12,T,-61.686414890285604,-30,15.720524017467248,0.0,1.5343915262730607,34,0.0,260,12,pathLen
train_0290,C:\Users\tao20\Desktop\Algorithm\AIPlayerDesktop\data\蔡扬的\train\train_0290.json,188,3,False,1,7,1,6, ,-1e+18,0,0.0,0.0,1.5343915262730607,25,0.0,290,0,pathLen
train_0290,C:\Users\tao20\Desktop\Algorithm\AIPlayerDesktop\data\蔡扬的\train\train_0290.json,188,4,False,5,9,5,8, ,-1e+18,0,0.0,0.0,1.5343915262730607,19,0.0,290,0,pathLen
train_0290,C:\Users\tao20\Desktop\Algorithm\AIPlayerDesktop\data\蔡扬的\train\train_0290.json,188,5,False,7,5,7,4, ,-1e+18,0,0.0,0.0,1.5343915262730607,21,0.0,290,0,pathLen
train_0290,C:\Users\tao20\Desktop\Algorithm\AIPlayerDesktop\data\蔡扬的\train\train_0290.json,188,6,False,7,9,7,8, ,-1e+18,0,0.0,0.0,1.5343915262730607,17,0.0,290,0,pathLen
train_0290,C:\Users\tao20\Desktop\Algorithm\AIPlayerDesktop\data\蔡扬的\train\train_0290.json,189,1,True,1,13,1,12,T,-56.46236723738357,-30,15.720524017467248,0.0,1.5263157814404433,30,0.0,260,12,pathLen
train_0290,C:\Users\tao20\Desktop\Algorithm\AIPlayerDesktop\data\蔡扬的\train\train_0290.json,189,2,False,8,13,8,12,T,-60.21710405972706,-30,15.720524017467248,0.0,1.5263157814404433,33,0.0,260,12,pathLen
train_0290,C:\Users\tao20\Desktop\Algorithm\AIPlayerDesktop\data\蔡扬的\train\train_0290.json,189,3,False,1,7,1,6, ,-1e+18,0,0.0,0.0,1.5263157814404433,24,0.0,290,0,pathLen
train_0290,C:\Users\tao20\Desktop\Algorithm\AIPlayerDesktop\data\蔡扬的\train\train_0290.json,189,4,False,5,9,5,8, ,-1e+18,0,0.0,0.0,1.5263157814404433,18,0.0,290,0,pathLen
train_0290,C:\Users\tao20\Desktop\Algorithm\AIPlayerDesktop\data\蔡扬的\train\train_0290.json,189,5,False,7,5,7,4, ,-1e+18,0,0.0,0.0,1.5263157814404433,20,0.0,290,0,pathLen
train_0290,C:\Users\tao20\Desktop\Algorithm\AIPlayerDesktop\data\蔡扬的\train\train_0290.json,189,6,False,7,9,7,8, ,-1e+18,0,0.0,0.0,1.5263157814404433,16,0.0,290,0,pathLen
train_0290,C:\Users\tao20\Desktop\Algorithm\AIPlayerDesktop\data\蔡扬的\train\train_0290.json,190,1,True,1,13,1,12,T,-55.026693888141736,-30,15.720524017467248,0.0,1.5183245993804995,29,0.0,260,12,pathLen
train_0290,C:\Users\tao20\Desktop\Algorithm\AIPlayerDesktop\data\蔡扬的\train\train_0290.json,190,2,False,8,13,8,12,T,-58.761772402617765,-30,15.720524017467248,0.0,1.5183245993804995,32,0.0,260,12,pathLen
train_0290,C:\Users\tao20\Desktop\Algorithm\AIPlayerDesktop\data\蔡扬的\train\train_0290.json,190,3,False,1,7,1,6, ,-1e+18,0,0.0,0.0,1.5183245993804995,23,0.0,290,0,pathLen
train_0290,C:\Users\tao20\Desktop\Algorithm\AIPlayerDesktop\data\蔡扬的\train\train_0290.json,190,4,False,5,9,5,8, ,-1e+18,0,0.0,0.0,1.5183245993804995,17,0.0,290,0,pathLen
train_0290,C:\Users\tao20\Desktop\Algorithm\AIPlayerDesktop\data\蔡扬的\train\train_0290.json,190,5,False,7,5,7,4, ,-1e+18,0,0.0,0.0,1.5183245993804995,19,0.0,290,0,pathLen
train_0290,C:\Users\tao20\Desktop\Algorithm\AIPlayerDesktop\data\蔡扬的\train\train_0290.json,190,6,False,7,9,7,8, ,-1e+18,0,0.0,0.0,1.5183245993804995,15,0.0,290,0,pathLen
train_0290,C:\Users\tao20\Desktop\Algorithm\AIPlayerDesktop\data\蔡扬的\train\train_0290.json,191,1,True,1,13,1,12,T,-53.604850121659304,-30,15.720524017467248,0.0,1.5104166587999133,28,0.0,260,12,pathLen
train_0290,C:\Users\tao20\Desktop\Algorithm\AIPlayerDesktop\data\蔡扬的\train\train_0290.json,191,2,False,8,13,8,12,T,-57.32047510230709,-30,15.720524017467248,0.0,1.5104166587999133,31,0.0,260,12,pathLen
train_0290,C:\Users\tao20\Desktop\Algorithm\AIPlayerDesktop\data\蔡扬的\train\train_0290.json,191,3,False,1,7,1,6, ,-1e+18,0,0.0,0.0,1.5104166587999133,22,0.0,290,0,pathLen
train_0290,C:\Users\tao20\Desktop\Algorithm\AIPlayerDesktop\data\蔡扬的\train\train_0290.json,191,4,False,5,9,5,8, ,-1e+18,0,0.0,0.0,1.5104166587999133,16,0.0,290,0,pathLen
train_0290,C:\Users\tao20\Desktop\Algorithm\AIPlayerDesktop\data\蔡扬的\train\train_0290.json,191,5,False,7,5,7,4, ,-1e+18,0,0.0,0.0,1.5104166587999133,18,0.0,290,0,pathLen
train_0290,C:\Users\tao20\Desktop\Algorithm\AIPlayerDesktop\data\蔡扬的\train\train_0290.json,191,6,False,7,9,7,8, ,-1e+18,0,0.0,0.0,1.5104166587999133,14,0.0,290,0,pathLen
train_0290,C:\Users\tao20\Desktop\Algorithm\AIPlayerDesktop\data\蔡扬的\train\train_0290.json,192,1,True,1,13,1,12,T,-52.196839952788814,-30,15.720524017467248,0.0,1.5025906657896857,27,0.0,260,12,pathLen
train_0290,C:\Users\tao20\Desktop\Algorithm\AIPlayerDesktop\data\蔡扬的\train\train_0290.json,192,2,False,8,13,8,12,T,-55.89321299063144,-30,15.720524017467248,0.0,1.5025906657896857,30,0.0,260,12,pathLen
train_0290,C:\Users\tao20\Desktop\Algorithm\AIPlayerDesktop\data\蔡扬的\train\train_0290.json,192,3,False,1,7,1,6, ,-1e+18,0,0.0,0.0,1.5025906657896857,21,0.0,290,0,pathLen
train_0290,C:\Users\tao20\Desktop\Algorithm\AIPlayerDesktop\data\蔡扬的\train\train_0290.json,192,4,False,5,9,5,8, ,-1e+18,0,0.0,0.0,1.5025906657896857,15,0.0,290,0,pathLen
train_0290,C:\Users\tao20\Desktop\Algorithm\AIPlayerDesktop\data\蔡扬的\train\train_0290.json,192,5,False,7,5,7,4, ,-1e+18,0,0.0,0.0,1.5025906657896857,17,0.0,290,0,pathLen
train_0290,C:\Users\tao20\Desktop\Algorithm\AIPlayerDesktop\data\蔡扬的\train\train_0290.json,192,6,False,7,9,7,8, ,-1e+18,0,0.0,0.0,1.5025906657896857,13,0.0,290,0,pathLen
train_0290,C:\Users\tao20\Desktop\Algorithm\AIPlayerDesktop\data\蔡扬的\train\train_0290.json,193,1,True,1,13,1,12,T,-50.80262472198329,-30,15.720524017467248,0.0,1.494845353119354,26,0.0,260,12,pathLen
train_0290,C:\Users\tao20\Desktop\Algorithm\AIPlayerDesktop\data\蔡扬的\train\train_0290.json,193,2,False,8,13,8,12,T,-54.4799442906569,-30,15.720524017467248,0.0,1.494845353119354,29,0.0,260,12,pathLen
train_0290,C:\Users\tao20\Desktop\Algorithm\AIPlayerDesktop\data\蔡扬的\train\train_0290.json,193,3,False,1,7,1,6, ,-1e+18,0,0.0,0.0,1.494845353119354,20,0.0,290,0,pathLen
train_0290,C:\Users\tao20\Desktop\Algorithm\AIPlayerDesktop\data\蔡扬的\train\train_0290.json,193,4,False,5,9,5,8, ,-1e+18,0,0.0,0.0,1.494845353119354,14,0.0,290,0,pathLen
train_0290,C:\Users\tao20\Desktop\Algorithm\AIPlayerDesktop\data\蔡扬的\train\train_0290.json,193,5,False,7,5,7,4, ,-1e+18,0,0.0,0.0,1.494845353119354,16,0.0,290,0,pathLen
train_0290,C:\Users\tao20\Desktop\Algorithm\AIPlayerDesktop\data\蔡扬的\train\train_0290.json,193,6,False,7,9,7,8, ,-1e+18,0,0.0,0.0,1.494845353119354,12,0.0,290,0,pathLen
train_0290,C:\Users\tao20\Desktop\Algorithm\AIPlayerDesktop\data\蔡扬的\train\train_0290.json,194,1,True,1,13,1,12,T,-49.42213246933245,-30,15.720524017467248,0.0,1.4871794795529258,25,0.0,260,12,pathLen
train_0290,C:\Users\tao20\Desktop\Algorithm\AIPlayerDesktop\data\蔡扬的\train\train_0290.json,194,2,False,8,13,8,12,T,-53.08059398903264,-30,15.720524017467248,0.0,1.4871794795529258,28,0.0,260,12,pathLen
train_0290,C:\Users\tao20\Desktop\Algorithm\AIPlayerDesktop\data\蔡扬的\train\train_0290.json,194,3,False,1,7,1,6, ,-1e+18,0,0.0,0.0,1.4871794795529258,19,0.0,290,0,pathLen
train_0290,C:\Users\tao20\Desktop\Algorithm\AIPlayerDesktop\data\蔡扬的\train\train_0290.json,194,4,False,5,9,5,8, ,-1e+18,0,0.0,0.0,1.4871794795529258,13,0.0,290,0,pathLen
train_0290,C:\Users\tao20\Desktop\Algorithm\AIPlayerDesktop\data\蔡扬的\train\train_0290.json,194,5,False,7,5,7,4, ,-1e+18,0,0.0,0.0,1.4871794795529258,15,0.0,290,0,pathLen
train_0290,C:\Users\tao20\Desktop\Algorithm\AIPlayerDesktop\data\蔡扬的\train\train_0290.json,194,6,False,7,9,7,8, ,-1e+18,0,0.0,0.0,1.4871794795529258,11,0.0,290,0,pathLen
train_0290,C:\Users\tao20\Desktop\Algorithm\AIPlayerDesktop\data\蔡扬的\train\train_0290.json,195,1,True,1,13,1,12,T,-48.055265412888176,-30,15.720524017467248,0.0,1.479591829185756,24,0.0,260,12,pathLen
train_0290,C:\Users\tao20\Desktop\Algorithm\AIPlayerDesktop\data\蔡扬的\train\train_0290.json,195,2,False,8,13,8,12,T,-51.695061312685134,-30,15.720524017467248,0.0,1.479591829185756,27,0.0,260,12,pathLen
train_0290,C:\Users\tao20\Desktop\Algorithm\AIPlayerDesktop\data\蔡扬的\train\train_0290.json,195,3,False,1,7,1,6, ,-1e+18,0,0.0,0.0,1.479591829185756,18,0.0,290,0,pathLen
train_0290,C:\Users\tao20\Desktop\Algorithm\AIPlayerDesktop\data\蔡扬的\train\train_0290.json,195,4,False,5,9,5,8, ,-1e+18,0,0.0,0.0,1.479591829185756,12,0.0,290,0,pathLen
train_0290,C:\Users\tao20\Desktop\Algorithm\AIPlayerDesktop\data\蔡扬的\train\train_0290.json,195,5,False,7,5,7,4, ,-1e+18,0,0.0,0.0,1.479591829185756,14,0.0,290,0,pathLen
train_0290,C:\Users\tao20\Desktop\Algorithm\AIPlayerDesktop\data\蔡扬的\train\train_0290.json,195,6,False,7,9,7,8, ,-1e+18,0,0.0,0.0,1.479591829185756,10,0.0,290,0,pathLen
train_0290,C:\Users\tao20\Desktop\Algorithm\AIPlayerDesktop\data\蔡扬的\train\train_0290.json,196,1,True,1,13,1,12,T,-46.701905911043056,-30,15.720524017467248,0.0,1.4720812108016181,23,0.0,260,12,pathLen
train_0290,C:\Users\tao20\Desktop\Algorithm\AIPlayerDesktop\data\蔡扬的\train\train_0290.json,196,2,False,8,13,8,12,T,-50.323225689615036,-30,15.720524017467248,0.0,1.4720812108016181,26,0.0,260,12,pathLen
train_0290,C:\Users\tao20\Desktop\Algorithm\AIPlayerDesktop\data\蔡扬的\train\train_0290.json,196,3,False,1,7,1,6, ,-1e+18,0,0.0,0.0,1.4720812108016181,17,0.0,290,0,pathLen
train_0290,C:\Users\tao20\Desktop\Algorithm\AIPlayerDesktop\data\蔡扬的\train\train_0290.json,196,4,False,5,9,5,8, ,-1e+18,0,0.0,0.0,1.4720812108016181,11,0.0,290,0,pathLen
train_0290,C:\Users\tao20\Desktop\Algorithm\AIPlayerDesktop\data\蔡扬的\train\train_0290.json,196,5,False,7,5,7,4, ,-1e+18,0,0.0,0.0,1.4720812108016181,13,0.0,290,0,pathLen
train_0290,C:\Users\tao20\Desktop\Algorithm\AIPlayerDesktop\data\蔡扬的\train\train_0290.json,196,6,False,7,9,7,8, ,-1e+18,0,0.0,0.0,1.4720812108016181,9,0.0,290,0,pathLen
train_0290,C:\Users\tao20\Desktop\Algorithm\AIPlayerDesktop\data\蔡扬的\train\train_0290.json,197,1,True,1,13,1,12,T,-45.361921212750815,-30,15.720524017467248,0.0,1.4646464572492603,22,0.0,260,12,pathLen
train_0290,C:\Users\tao20\Desktop\Algorithm\AIPlayerDesktop\data\蔡扬的\train\train_0290.json,197,2,False,8,13,8,12,T,-48.964951497583996,-30,15.720524017467248,0.0,1.4646464572492603,25,0.0,260,12,pathLen
train_0290,C:\Users\tao20\Desktop\Algorithm\AIPlayerDesktop\data\蔡扬的\train\train_0290.json,197,3,False,1,7,1,6, ,-1e+18,0,0.0,0.0,1.4646464572492603,16,0.0,290,0,pathLen
train_0290,C:\Users\tao20\Desktop\Algorithm\AIPlayerDesktop\data\蔡扬的\train\train_0290.json,197,4,False,5,9,5,8, ,-1e+18,0,0.0,0.0,1.4646464572492603,10,0.0,290,0,pathLen
train_0290,C:\Users\tao20\Desktop\Algorithm\AIPlayerDesktop\data\蔡扬的\train\train_0290.json,197,5,False,7,5,7,4, ,-1e+18,0,0.0,0.0,1.4646464572492603,12,0.0,290,0,pathLen
train_0290,C:\Users\tao20\Desktop\Algorithm\AIPlayerDesktop\data\蔡扬的\train\train_0290.json,197,6,False,7,9,7,8, ,-1e+18,0,0.0,0.0,1.4646464572492603,8,0.0,290,0,pathLen
train_0290,C:\Users\tao20\Desktop\Algorithm\AIPlayerDesktop\data\蔡扬的\train\train_0290.json,198,1,True,1,13,1,12,T,-44.035167238600025,-30,15.720524017467248,0.0,1.4572864248377566,21,0.0,260,12,pathLen
train_0290,C:\Users\tao20\Desktop\Algorithm\AIPlayerDesktop\data\蔡扬的\train\train_0290.json,198,2,False,8,13,8,12,T,-47.620091843700905,-30,15.720524017467248,0.0,1.4572864248377566,24,0.0,260,12,pathLen
train_0290,C:\Users\tao20\Desktop\Algorithm\AIPlayerDesktop\data\蔡扬的\train\train_0290.json,198,3,False,1,7,1,6, ,-1e+18,0,0.0,0.0,1.4572864248377566,15,0.0,290,0,pathLen
train_0290,C:\Users\tao20\Desktop\Algorithm\AIPlayerDesktop\data\蔡扬的\train\train_0290.json,198,4,False,5,9,5,8, ,-1e+18,0,0.0,0.0,1.4572864248377566,9,0.0,290,0,pathLen
train_0290,C:\Users\tao20\Desktop\Algorithm\AIPlayerDesktop\data\蔡扬的\train\train_0290.json,198,5,False,7,5,7,4, ,-1e+18,0,0.0,0.0,1.4572864248377566,11,0.0,290,0,pathLen
train_0290,C:\Users\tao20\Desktop\Algorithm\AIPlayerDesktop\data\蔡扬的\train\train_0290.json,198,6,False,7,9,7,8, ,-1e+18,0,0.0,0.0,1.4572864248377566,7,0.0,290,0,pathLen
train_0290,C:\Users\tao20\Desktop\Algorithm\AIPlayerDesktop\data\蔡扬的\train\train_0290.json,199,1,True,1,13,1,12,T,-42.72149158712962,-30,15.720524017467248,0.0,1.44999999275,20,0.0,260,12,deltaR
train_0290,C:\Users\tao20\Desktop\Algorithm\AIPlayerDesktop\data\蔡扬的\train\train_0290.json,199,2,False,8,13,8,12,T,-46.28849156929462,-30,15.720524017467248,0.0,1.44999999275,23,0.0,260,12,pathLen
train_0290,C:\Users\tao20\Desktop\Algorithm\AIPlayerDesktop\data\蔡扬的\train\train_0290.json,199,3,False,1,7,1,6, ,-1e+18,0,0.0,0.0,1.44999999275,14,0.0,290,0,pathLen
train_0290,C:\Users\tao20\Desktop\Algorithm\AIPlayerDesktop\data\蔡扬的\train\train_0290.json,199,4,False,5,9,5,8, ,-1e+18,0,0.0,0.0,1.44999999275,8,0.0,290,0,pathLen
train_0290,C:\Users\tao20\Desktop\Algorithm\AIPlayerDesktop\data\蔡扬的\train\train_0290.json,199,5,False,7,5,7,4, ,-1e+18,0,0.0,0.0,1.44999999275,10,0.0,290,0,pathLen
train_0290,C:\Users\tao20\Desktop\Algorithm\AIPlayerDesktop\data\蔡扬的\train\train_0290.json,199,6,False,7,9,7,8, ,-1e+18,0,0.0,0.0,1.44999999275,6,0.0,290,0,pathLen
train_0290,C:\Users\tao20\Desktop\Algorithm\AIPlayerDesktop\data\蔡扬的\train\train_0290.json,200,1,True,1,13,1,12,T,-41.420735921878496,-30,15.720524017467248,0.0,1.4427860624737012,19,0.0,260,12,deltaR
train_0290,C:\Users\tao20\Desktop\Algorithm\AIPlayerDesktop\data\蔡扬的\train\train_0290.json,200,2,False,8,13,8,12,T,-44.9699896355638,-30,15.720524017467248,0.0,1.4427860624737012,22,0.0,260,12,pathLen
train_0290,C:\Users\tao20\Desktop\Algorithm\AIPlayerDesktop\data\蔡扬的\train\train_0290.json,200,3,False,1,7,1,6, ,-1e+18,0,0.0,0.0,1.4427860624737012,13,0.0,290,0,pathLen
train_0290,C:\Users\tao20\Desktop\Algorithm\AIPlayerDesktop\data\蔡扬的\train\train_0290.json,200,4,False,5,9,5,8, ,-1e+18,0,0.0,0.0,1.4427860624737012,7,0.0,290,0,pathLen
train_0290,C:\Users\tao20\Desktop\Algorithm\AIPlayerDesktop\data\蔡扬的\train\train_0290.json,200,5,False,7,5,7,4, ,-1e+18,0,0.0,0.0,1.4427860624737012,9,0.0,290,0,pathLen
train_0290,C:\Users\tao20\Desktop\Algorithm\AIPlayerDesktop\data\蔡扬的\train\train_0290.json,200,6,False,7,9,7,8, ,-1e+18,0,0.0,0.0,1.4427860624737012,5,0.0,290,0,pathLen
train_0290,C:\Users\tao20\Desktop\Algorithm\AIPlayerDesktop\data\蔡扬的\train\train_0290.json,201,1,True,1,13,1,12,T,-40.13273786354462,-30,15.720524017467248,0.0,1.4356435572492894,18,0.0,260,12,deltaR
train_0290,C:\Users\tao20\Desktop\Algorithm\AIPlayerDesktop\data\蔡扬的\train\train_0290.json,201,2,False,8,13,8,12,T,-43.66442101437787,-30,15.720524017467248,0.0,1.4356435572492894,21,0.0,260,12,pathLen
train_0290,C:\Users\tao20\Desktop\Algorithm\AIPlayerDesktop\data\蔡扬的\train\train_0290.json,201,3,False,1,7,1,6, ,-1e+18,0,0.0,0.0,1.4356435572492894,12,0.0,290,0,pathLen
train_0290,C:\Users\tao20\Desktop\Algorithm\AIPlayerDesktop\data\蔡扬的\train\train_0290.json,201,4,False,5,9,5,8, ,-1e+18,0,0.0,0.0,1.4356435572492894,6,0.0,290,0,pathLen
train_0290,C:\Users\tao20\Desktop\Algorithm\AIPlayerDesktop\data\蔡扬的\train\train_0290.json,201,5,False,7,5,7,4, ,-1e+18,0,0.0,0.0,1.4356435572492894,8,0.0,290,0,pathLen
train_0290,C:\Users\tao20\Desktop\Algorithm\AIPlayerDesktop\data\蔡扬的\train\train_0290.json,201,6,False,7,9,7,8, ,-1e+18,0,0.0,0.0,1.4356435572492894,4,0.0,290,0,pathLen
train_0290,C:\Users\tao20\Desktop\Algorithm\AIPlayerDesktop\data\蔡扬的\train\train_0290.json,202,1,True,1,13,1,12,T,-38.857332486736404,-30,15.720524017467248,0.0,1.428571421534131,17,0.0,260,12,deltaR
train_0290,C:\Users\tao20\Desktop\Algorithm\AIPlayerDesktop\data\蔡扬的\train\train_0290.json,202,2,False,8,13,8,12,T,-42.37161818371037,-30,15.720524017467248,0.0,1.428571421534131,20,0.0,260,12,deltaR
train_0290,C:\Users\tao20\Desktop\Algorithm\AIPlayerDesktop\data\蔡扬的\train\train_0290.json,202,3,False,1,7,1,6, ,-1e+18,0,0.0,0.0,1.428571421534131,11,0.0,290,0,pathLen
train_0290,C:\Users\tao20\Desktop\Algorithm\AIPlayerDesktop\data\蔡扬的\train\train_0290.json,202,4,False,5,9,5,8, ,-1e+18,0,0.0,0.0,1.428571421534131,5,0.0,290,0,pathLen
train_0290,C:\Users\tao20\Desktop\Algorithm\AIPlayerDesktop\data\蔡扬的\train\train_0290.json,202,5,False,7,5,7,4, ,-1e+18,0,0.0,0.0,1.428571421534131,7,0.0,290,0,pathLen
train_0290,C:\Users\tao20\Desktop\Algorithm\AIPlayerDesktop\data\蔡扬的\train\train_0290.json,202,6,False,7,9,7,8, ,-1e+18,0,0.0,0.0,1.428571421534131,5,0.0,290,0,pathLen
train_0290,C:\Users\tao20\Desktop\Algorithm\AIPlayerDesktop\data\蔡扬的\train\train_0290.json,203,1,True,1,13,1,12,T,-37.59435350088552,-30,15.720524017467248,0.0,1.4215686204825069,16,0.0,260,12,deltaR
train_0290,C:\Users\tao20\Desktop\Algorithm\AIPlayerDesktop\data\蔡扬的\train\train_0290.json,203,2,False,8,13,8,12,T,-41.091412307272485,-30,15.720524017467248,0.0,1.4215686204825069,19,0.0,260,12,deltaR
train_0290,C:\Users\tao20\Desktop\Algorithm\AIPlayerDesktop\data\蔡扬的\train\train_0290.json,203,3,False,1,7,1,6, ,-1e+18,0,0.0,0.0,1.4215686204825069,10,0.0,290,0,pathLen
train_0290,C:\Users\tao20\Desktop\Algorithm\AIPlayerDesktop\data\蔡扬的\train\train_0290.json,203,4,False,5,9,5,8, ,-1e+18,0,0.0,0.0,1.4215686204825069,4,0.0,290,0,pathLen
train_0290,C:\Users\tao20\Desktop\Algorithm\AIPlayerDesktop\data\蔡扬的\train\train_0290.json,203,5,False,7,5,7,4, ,-1e+18,0,0.0,0.0,1.4215686204825069,6,0.0,290,0,pathLen
train_0290,C:\Users\tao20\Desktop\Algorithm\AIPlayerDesktop\data\蔡扬的\train\train_0290.json,203,6,False,7,9,7,8, ,-1e+18,0,0.0,0.0,1.4215686204825069,6,0.0,290,0,pathLen
train_0290,C:\Users\tao20\Desktop\Algorithm\AIPlayerDesktop\data\蔡扬的\train\train_0290.json,204,1,True,1,13,1,12,T,-36.34363417896051,-30,15.720524017467248,0.0,1.414634139440809,15,0.0,260,12,deltaR
train_0290,C:\Users\tao20\Desktop\Algorithm\AIPlayerDesktop\data\蔡扬的\train\train_0290.json,204,2,False,8,13,8,12,T,-39.8236341619849,-30,15.720524017467248,0.0,1.414634139440809,18,0.0,260,12,deltaR
train_0290,C:\Users\tao20\Desktop\Algorithm\AIPlayerDesktop\data\蔡扬的\train\train_0290.json,204,3,False,1,7,1,6, ,-1e+18,0,0.0,0.0,1.414634139440809,9,0.0,290,0,pathLen
train_0290,C:\Users\tao20\Desktop\Algorithm\AIPlayerDesktop\data\蔡扬的\train\train_0290.json,204,4,False,5,9,5,8, ,-1e+18,0,0.0,0.0,1.414634139440809,3,0.0,290,0,pathLen
train_0290,C:\Users\tao20\Desktop\Algorithm\AIPlayerDesktop\data\蔡扬的\train\train_0290.json,204,5,False,7,5,7,4, ,-1e+18,0,0.0,0.0,1.414634139440809,5,0.0,290,0,pathLen
train_0290,C:\Users\tao20\Desktop\Algorithm\AIPlayerDesktop\data\蔡扬的\train\train_0290.json,204,6,False,7,9,7,8, ,-1e+18,0,0.0,0.0,1.414634139440809,7,0.0,290,0,pathLen
train_0290,C:\Users\tao20\Desktop\Algorithm\AIPlayerDesktop\data\蔡扬的\train\train_0290.json,205,1,True,1,13,1,12,T,-35.1050080848768,-30,15.720524017467248,0.0,1.4077669834574418,14,0.0,260,12,deltaR
train_0290,C:\Users\tao20\Desktop\Algorithm\AIPlayerDesktop\data\蔡扬的\train\train_0290.json,205,2,False,8,13,8,12,T,-38.56811486418211,-30,15.720524017467248,0.0,1.4077669834574418,17,0.0,260,12,deltaR
train_0290,C:\Users\tao20\Desktop\Algorithm\AIPlayerDesktop\data\蔡扬的\train\train_0290.json,205,3,False,1,7,1,6, ,-1e+18,0,0.0,0.0,1.4077669834574418,8,0.0,290,0,pathLen
train_0290,C:\Users\tao20\Desktop\Algorithm\AIPlayerDesktop\data\蔡扬的\train\train_0290.json,205,4,False,5,9,5,8, ,-1e+18,0,0.0,0.0,1.4077669834574418,2,0.0,290,0,pathLen
train_0290,C:\Users\tao20\Desktop\Algorithm\AIPlayerDesktop\data\蔡扬的\train\train_0290.json,205,5,False,7,5,7,4, ,-1e+18,0,0.0,0.0,1.4077669834574418,4,0.0,290,0,pathLen
train_0290,C:\Users\tao20\Desktop\Algorithm\AIPlayerDesktop\data\蔡扬的\train\train_0290.json,205,6,False,7,9,7,8, ,-1e+18,0,0.0,0.0,1.4077669834574418,8,0.0,290,0,pathLen
train_0290,C:\Users\tao20\Desktop\Algorithm\AIPlayerDesktop\data\蔡扬的\train\train_0290.json,206,1,True,1,13,1,12,T,-33.878309640304664,-30,15.720524017467248,0.0,1.4009661768069266,13,0.0,260,12,deltaR
train_0290,C:\Users\tao20\Desktop\Algorithm\AIPlayerDesktop\data\蔡扬的\train\train_0290.json,206,2,False,8,13,8,12,T,-37.3246864352497,-30,15.720524017467248,0.0,1.4009661768069266,16,0.0,260,12,deltaR
train_0290,C:\Users\tao20\Desktop\Algorithm\AIPlayerDesktop\data\蔡扬的\train\train_0290.json,206,3,False,1,7,1,6, ,-1e+18,0,0.0,0.0,1.4009661768069266,7,0.0,290,0,pathLen
train_0290,C:\Users\tao20\Desktop\Algorithm\AIPlayerDesktop\data\蔡扬的\train\train_0290.json,206,4,False,5,9,5,8, ,-1e+18,0,0.0,0.0,1.4009661768069266,3,0.0,290,0,pathLen
train_0290,C:\Users\tao20\Desktop\Algorithm\AIPlayerDesktop\data\蔡扬的\train\train_0290.json,206,5,False,7,5,7,4, ,-1e+18,0,0.0,0.0,1.4009661768069266,5,0.0,290,0,pathLen
train_0290,C:\Users\tao20\Desktop\Algorithm\AIPlayerDesktop\data\蔡扬的\train\train_0290.json,206,6,False,7,9,7,8, ,-1e+18,0,0.0,0.0,1.4009661768069266,9,0.0,290,0,pathLen
train_0290,C:\Users\tao20\Desktop\Algorithm\AIPlayerDesktop\data\蔡扬的\train\train_0290.json,207,1,True,1,13,1,12,T,-32.663374563421726,-30,15.720524017467248,0.0,1.3942307625277368,12,0.0,260,12,deltaR
train_0290,C:\Users\tao20\Desktop\Algorithm\AIPlayerDesktop\data\蔡扬的\train\train_0290.json,207,2,False,8,13,8,12,T,-36.09318223923996,-30,15.720524017467248,0.0,1.3942307625277368,15,0.0,260,12,deltaR
train_0290,C:\Users\tao20\Desktop\Algorithm\AIPlayerDesktop\data\蔡扬的\train\train_0290.json,207,3,False,1,7,1,6, ,-1e+18,0,0.0,0.0,1.3942307625277368,6,0.0,290,0,pathLen
train_0290,C:\Users\tao20\Desktop\Algorithm\AIPlayerDesktop\data\蔡扬的\train\train_0290.json,207,4,False,5,9,5,8, ,-1e+18,0,0.0,0.0,1.3942307625277368,4,0.0,290,0,pathLen
train_0290,C:\Users\tao20\Desktop\Algorithm\AIPlayerDesktop\data\蔡扬的\train\train_0290.json,207,5,False,7,5,7,4, ,-1e+18,0,0.0,0.0,1.3942307625277368,6,0.0,290,0,pathLen
train_0290,C:\Users\tao20\Desktop\Algorithm\AIPlayerDesktop\data\蔡扬的\train\train_0290.json,207,6,False,7,9,7,8, ,-1e+18,0,0.0,0.0,1.3942307625277368,10,0.0,290,0,pathLen
train_0290,C:\Users\tao20\Desktop\Algorithm\AIPlayerDesktop\data\蔡扬的\train\train_0290.json,208,1,True,1,13,1,12,T,-31.460040205633618,-30,15.720524017467248,0.0,1.3875598019733981,11,0.0,260,12,deltaR
train_0290,C:\Users\tao20\Desktop\Algorithm\AIPlayerDesktop\data\蔡扬的\train\train_0290.json,208,2,False,8,13,8,12,T,-34.87343731848818,-30,15.720524017467248,0.0,1.3875598019733981,14,0.0,260,12,deltaR
train_0290,C:\Users\tao20\Desktop\Algorithm\AIPlayerDesktop\data\蔡扬的\train\train_0290.json,208,3,False,1,7,1,6, ,-1e+18,0,0.0,0.0,1.3875598019733981,5,0.0,290,0,pathLen
train_0290,C:\Users\tao20\Desktop\Algorithm\AIPlayerDesktop\data\蔡扬的\train\train_0290.json,208,4,False,5,9,5,8, ,-1e+18,0,0.0,0.0,1.3875598019733981,5,0.0,290,0,pathLen
train_0290,C:\Users\tao20\Desktop\Algorithm\AIPlayerDesktop\data\蔡扬的\train\train_0290.json,208,5,False,7,5,7,4, ,-1e+18,0,0.0,0.0,1.3875598019733981,7,0.0,290,0,pathLen
train_0290,C:\Users\tao20\Desktop\Algorithm\AIPlayerDesktop\data\蔡扬的\train\train_0290.json,208,6,False,7,9,7,8, ,-1e+18,0,0.0,0.0,1.3875598019733981,11,0.0,290,0,pathLen
train_0290,C:\Users\tao20\Desktop\Algorithm\AIPlayerDesktop\data\蔡扬的\train\train_0290.json,209,1,True,1,13,1,12,T,-30.268145807068002,-30,15.720524017467248,0.0,1.3809523743764174,10,0.0,260,12,deltaR
train_0290,C:\Users\tao20\Desktop\Algorithm\AIPlayerDesktop\data\蔡扬的\train\train_0290.json,209,2,False,8,13,8,12,T,-33.66528864803399,-30,15.720524017467248,0.0,1.3809523743764174,13,0.0,260,12,deltaR
train_0290,C:\Users\tao20\Desktop\Algorithm\AIPlayerDesktop\data\蔡扬的\train\train_0290.json,209,3,False,1,7,1,6, ,-1e+18,0,0.0,0.0,1.3809523743764174,4,0.0,290,0,pathLen
train_0290,C:\Users\tao20\Desktop\Algorithm\AIPlayerDesktop\data\蔡扬的\train\train_0290.json,209,4,False,5,9,5,8, ,-1e+18,0,0.0,0.0,1.3809523743764174,6,0.0,290,0,pathLen
train_0290,C:\Users\tao20\Desktop\Algorithm\AIPlayerDesktop\data\蔡扬的\train\train_0290.json,209,5,False,7,5,7,4, ,-1e+18,0,0.0,0.0,1.3809523743764174,8,0.0,290,0,pathLen
train_0290,C:\Users\tao20\Desktop\Algorithm\AIPlayerDesktop\data\蔡扬的\train\train_0290.json,209,6,False,7,9,7,8, ,-1e+18,0,0.0,0.0,1.3809523743764174,12,0.0,290,0,pathLen
train_0290,C:\Users\tao20\Desktop\Algorithm\AIPlayerDesktop\data\蔡扬的\train\train_0290.json,210,1,True,1,13,1,12,T,-29.08753268747325,-30,15.720524017467248,0.0,1.3744075764246086,9,0.0,260,12,deltaR
train_0290,C:\Users\tao20\Desktop\Algorithm\AIPlayerDesktop\data\蔡扬的\train\train_0290.json,210,2,False,8,13,8,12,T,-32.46857532547779,-30,15.720524017467248,0.0,1.3744075764246086,12,0.0,260,12,deltaR
train_0290,C:\Users\tao20\Desktop\Algorithm\AIPlayerDesktop\data\蔡扬的\train\train_0290.json,210,3,False,1,7,1,6, ,-1e+18,0,0.0,0.0,1.3744075764246086,3,0.0,290,0,pathLen
train_0290,C:\Users\tao20\Desktop\Algorithm\AIPlayerDesktop\data\蔡扬的\train\train_0290.json,210,4,False,5,9,5,8, ,-1e+18,0,0.0,0.0,1.3744075764246086,7,0.0,290,0,pathLen
train_0290,C:\Users\tao20\Desktop\Algorithm\AIPlayerDesktop\data\蔡扬的\train\train_0290.json,210,5,False,7,5,7,4, ,-1e+18,0,0.0,0.0,1.3744075764246086,9,0.0,290,0,pathLen
train_0290,C:\Users\tao20\Desktop\Algorithm\AIPlayerDesktop\data\蔡扬的\train\train_0290.json,210,6,False,7,9,7,8, ,-1e+18,0,0.0,0.0,1.3744075764246086,13,0.0,290,0,pathLen
train_0290,C:\Users\tao20\Desktop\Algorithm\AIPlayerDesktop\data\蔡扬的\train\train_0290.json,211,1,True,1,13,1,12,T,-27.91804438581439,-30,15.720524017467248,0.0,1.3679245218494127,8,0.0,260,12,deltaR
train_0290,C:\Users\tao20\Desktop\Algorithm\AIPlayerDesktop\data\蔡扬的\train\train_0290.json,211,2,False,8,13,8,12,T,-31.283138709563943,-30,15.720524017467248,0.0,1.3679245218494127,11,0.0,260,12,deltaR
train_0290,C:\Users\tao20\Desktop\Algorithm\AIPlayerDesktop\data\蔡扬的\train\train_0290.json,211,3,False,1,7,1,6, ,-1e+18,0,0.0,0.0,1.3679245218494127,2,0.0,290,0,pathLen
train_0290,C:\Users\tao20\Desktop\Algorithm\AIPlayerDesktop\data\蔡扬的\train\train_0290.json,211,4,False,5,9,5,8, ,-1e+18,0,0.0,0.0,1.3679245218494127,8,0.0,290,0,pathLen
train_0290,C:\Users\tao20\Desktop\Algorithm\AIPlayerDesktop\data\蔡扬的\train\train_0290.json,211,5,False,7,5,7,4, ,-1e+18,0,0.0,0.0,1.3679245218494127,10,0.0,290,0,pathLen
train_0290,C:\Users\tao20\Desktop\Algorithm\AIPlayerDesktop\data\蔡扬的\train\train_0290.json,211,6,False,7,9,7,8, ,-1e+18,0,0.0,0.0,1.3679245218494127,14,0.0,290,0,pathLen
train_0290,C:\Users\tao20\Desktop\Algorithm\AIPlayerDesktop\data\蔡扬的\train\train_0290.json,212,1,True,1,13,1,12,T,-26.75952675918848,-30,15.720524017467248,0.0,1.3615023410258107,7,0.0,260,12,deltaR
train_0290,C:\Users\tao20\Desktop\Algorithm\AIPlayerDesktop\data\蔡扬的\train\train_0290.json,212,2,False,8,13,8,12,T,-30.10882251811197,-30,15.720524017467248,0.0,1.3615023410258107,10,0.0,260,12,deltaR
train_0290,C:\Users\tao20\Desktop\Algorithm\AIPlayerDesktop\data\蔡扬的\train\train_0290.json,212,3,False,1,7,1,6, ,-1e+18,0,0.0,0.0,1.3615023410258107,3,0.0,290,0,pathLen
train_0290,C:\Users\tao20\Desktop\Algorithm\AIPlayerDesktop\data\蔡扬的\train\train_0290.json,212,4,False,5,9,5,8, ,-1e+18,0,0.0,0.0,1.3615023410258107,9,0.0,290,0,pathLen
train_0290,C:\Users\tao20\Desktop\Algorithm\AIPlayerDesktop\data\蔡扬的\train\train_0290.json,212,5,False,7,5,7,4, ,-1e+18,0,0.0,0.0,1.3615023410258107,11,0.0,290,0,pathLen
train_0290,C:\Users\tao20\Desktop\Algorithm\AIPlayerDesktop\data\蔡扬的\train\train_0290.json,212,6,False,7,9,7,8, ,-1e+18,0,0.0,0.0,1.3615023410258107,15,0.0,290,0,pathLen
train_0290,C:\Users\tao20\Desktop\Algorithm\AIPlayerDesktop\data\蔡扬的\train\train_0290.json,213,1,True,1,13,1,12,T,-25.6118280495454,-30,15.720524017467248,0.0,1.355140180583457,6,0.0,260,12,deltaR
train_0290,C:\Users\tao20\Desktop\Algorithm\AIPlayerDesktop\data\蔡扬的\train\train_0290.json,213,2,False,8,13,8,12,T,-28.945472893780703,-30,15.720524017467248,0.0,1.355140180583457,9,0.0,260,12,deltaR
train_0290,C:\Users\tao20\Desktop\Algorithm\AIPlayerDesktop\data\蔡扬的\train\train_0290.json,213,3,False,1,7,1,6, ,-1e+18,0,0.0,0.0,1.355140180583457,4,0.0,290,0,pathLen
train_0290,C:\Users\tao20\Desktop\Algorithm\AIPlayerDesktop\data\蔡扬的\train\train_0290.json,213,4,False,5,9,5,8, ,-1e+18,0,0.0,0.0,1.355140180583457,10,0.0,290,0,pathLen
train_0290,C:\Users\tao20\Desktop\Algorithm\AIPlayerDesktop\data\蔡扬的\train\train_0290.json,213,5,False,7,5,7,4, ,-1e+18,0,0.0,0.0,1.355140180583457,12,0.0,290,0,pathLen
train_0290,C:\Users\tao20\Desktop\Algorithm\AIPlayerDesktop\data\蔡扬的\train\train_0290.json,213,6,False,7,9,7,8, ,-1e+18,0,0.0,0.0,1.355140180583457,16,0.0,290,0,pathLen
train_0290,C:\Users\tao20\Desktop\Algorithm\AIPlayerDesktop\data\蔡扬的\train\train_0290.json,214,1,True,1,13,1,12,T,-24.474798924991887,-30,15.720524017467248,0.0,1.3488372030286642,5,0.0,260,12,deltaR
train_0290,C:\Users\tao20\Desktop\Algorithm\AIPlayerDesktop\data\蔡扬的\train\train_0290.json,214,2,False,8,13,8,12,T,-27.792938444442402,-30,15.720524017467248,0.0,1.3488372030286642,8,0.0,260,12,deltaR
train_0290,C:\Users\tao20\Desktop\Algorithm\AIPlayerDesktop\data\蔡扬的\train\train_0290.json,214,3,False,1,7,1,6, ,-1e+18,0,0.0,0.0,1.3488372030286642,5,0.0,290,0,pathLen
train_0290,C:\Users\tao20\Desktop\Algorithm\AIPlayerDesktop\data\蔡扬的\train\train_0290.json,214,4,False,5,9,5,8, ,-1e+18,0,0.0,0.0,1.3488372030286642,11,0.0,290,0,pathLen
train_0290,C:\Users\tao20\Desktop\Algorithm\AIPlayerDesktop\data\蔡扬的\train\train_0290.json,214,5,False,7,5,7,4, ,-1e+18,0,0.0,0.0,1.3488372030286642,13,0.0,290,0,pathLen
train_0290,C:\Users\tao20\Desktop\Algorithm\AIPlayerDesktop\data\蔡扬的\train\train_0290.json,214,6,False,7,9,7,8, ,-1e+18,0,0.0,0.0,1.3488372030286642,17,0.0,290,0,pathLen
train_0290,C:\Users\tao20\Desktop\Algorithm\AIPlayerDesktop\data\蔡扬的\train\train_0290.json,215,1,True,1,13,1,12,T,-23.348292501090214,-30,15.720524017467248,0.0,1.3425925863768862,4,0.0,260,12,deltaR
train_0290,C:\Users\tao20\Desktop\Algorithm\AIPlayerDesktop\data\蔡扬的\train\train_0290.json,215,2,False,8,13,8,12,T,-26.651070263577353,-30,15.720524017467248,0.0,1.3425925863768862,7,0.0,260,12,deltaR
train_0290,C:\Users\tao20\Desktop\Algorithm\AIPlayerDesktop\data\蔡扬的\train\train_0290.json,215,3,False,1,7,1,6, ,-1e+18,0,0.0,0.0,1.3425925863768862,6,0.0,290,0,pathLen
train_0290,C:\Users\tao20\Desktop\Algorithm\AIPlayerDesktop\data\蔡扬的\train\train_0290.json,215,4,False,5,9,5,8, ,-1e+18,0,0.0,0.0,1.3425925863768862,12,0.0,290,0,pathLen
train_0290,C:\Users\tao20\Desktop\Algorithm\AIPlayerDesktop\data\蔡扬的\train\train_0290.json,215,5,False,7,5,7,4, ,-1e+18,0,0.0,0.0,1.3425925863768862,14,0.0,290,0,pathLen
train_0290,C:\Users\tao20\Desktop\Algorithm\AIPlayerDesktop\data\蔡扬的\train\train_0290.json,215,6,False,7,9,7,8, ,-1e+18,0,0.0,0.0,1.3425925863768862,18,0.0,290,0,pathLen
train_0290,C:\Users\tao20\Desktop\Algorithm\AIPlayerDesktop\data\蔡扬的\train\train_0290.json,216,1,True,1,13,1,12,T,-22.23216434647035,-30,15.720524017467248,0.0,1.3364055237953663,3,0.0,260,12,deltaR
train_0290,C:\Users\tao20\Desktop\Algorithm\AIPlayerDesktop\data\蔡扬的\train\train_0290.json,216,2,False,8,13,8,12,T,-27.71142699403135,-30,15.720524017467248,0.0,1.3364055237953663,8,0.0,260,12,deltaR
train_0290,C:\Users\tao20\Desktop\Algorithm\AIPlayerDesktop\data\蔡扬的\train\train_0290.json,216,3,False,1,7,1,6, ,-1e+18,0,0.0,0.0,1.3364055237953663,7,0.0,290,0,pathLen
train_0290,C:\Users\tao20\Desktop\Algorithm\AIPlayerDesktop\data\蔡扬的\train\train_0290.json,216,4,False,5,9,5,8, ,-1e+18,0,0.0,0.0,1.3364055237953663,13,0.0,290,0,pathLen
train_0290,C:\Users\tao20\Desktop\Algorithm\AIPlayerDesktop\data\蔡扬的\train\train_0290.json,216,5,False,7,5,7,4, ,-1e+18,0,0.0,0.0,1.3364055237953663,15,0.0,290,0,pathLen
train_0290,C:\Users\tao20\Desktop\Algorithm\AIPlayerDesktop\data\蔡扬的\train\train_0290.json,216,6,False,7,9,7,8, ,-1e+18,0,0.0,0.0,1.3364055237953663,19,0.0,290,0,pathLen
train_0290,C:\Users\tao20\Desktop\Algorithm\AIPlayerDesktop\data\蔡扬的\train\train_0290.json,217,1,True,1,13,1,12,T,-21.126272476200747,-30,15.720524017467248,0.0,1.3302752232556183,2,0.0,260,12,deltaR
train_0290,C:\Users\tao20\Desktop\Algorithm\AIPlayerDesktop\data\蔡扬的\train\train_0290.json,217,2,False,8,13,8,12,T,-28.762052257687998,-30,15.720524017467248,0.0,1.3302752232556183,9,0.0,260,12,deltaR
train_0290,C:\Users\tao20\Desktop\Algorithm\AIPlayerDesktop\data\蔡扬的\train\train_0290.json,217,3,False,1,7,1,6, ,-1e+18,0,0.0,0.0,1.3302752232556183,8,0.0,290,0,pathLen
train_0290,C:\Users\tao20\Desktop\Algorithm\AIPlayerDesktop\data\蔡扬的\train\train_0290.json,217,4,False,5,9,5,8, ,-1e+18,0,0.0,0.0,1.3302752232556183,14,0.0,290,0,pathLen
train_0290,C:\Users\tao20\Desktop\Algorithm\AIPlayerDesktop\data\蔡扬的\train\train_0290.json,217,5,False,7,5,7,4, ,-1e+18,0,0.0,0.0,1.3302752232556183,16,0.0,290,0,pathLen
train_0290,C:\Users\tao20\Desktop\Algorithm\AIPlayerDesktop\data\蔡扬的\train\train_0290.json,217,6,False,7,9,7,8, ,-1e+18,0,0.0,0.0,1.3302752232556183,20,0.0,290,0,pathLen
train_0290,C:\Users\tao20\Desktop\Algorithm\AIPlayerDesktop\data\蔡扬的\train\train_0290.json,218,1,True,1,13,1,12,T,-20.03047733566401,-30,15.720524017467248,0.0,1.3242009071954297,1,0.0,260,12,deltaR
train_0290,C:\Users\tao20\Desktop\Algorithm\AIPlayerDesktop\data\蔡扬的\train\train_0290.json,218,2,False,8,13,8,12,T,-29.80308003076628,-30,15.720524017467248,0.0,1.3242009071954297,10,0.0,260,12,deltaR
train_0290,C:\Users\tao20\Desktop\Algorithm\AIPlayerDesktop\data\蔡扬的\train\train_0290.json,218,3,False,1,7,1,6, ,-1e+18,0,0.0,0.0,1.3242009071954297,9,0.0,290,0,pathLen
train_0290,C:\Users\tao20\Desktop\Algorithm\AIPlayerDesktop\data\蔡扬的\train\train_0290.json,218,4,False,5,9,5,8, ,-1e+18,0,0.0,0.0,1.3242009071954297,15,0.0,290,0,pathLen
train_0290,C:\Users\tao20\Desktop\Algorithm\AIPlayerDesktop\data\蔡扬的\train\train_0290.json,218,5,False,7,5,7,4, ,-1e+18,0,0.0,0.0,1.3242009071954297,17,0.0,290,0,pathLen
train_0290,C:\Users\tao20\Desktop\Algorithm\AIPlayerDesktop\data\蔡扬的\train\train_0290.json,218,6,False,7,9,7,8, ,-1e+18,0,0.0,0.0,1.3242009071954297,21,0.0,290,0,pathLen
train_0290,C:\Users\tao20\Desktop\Algorithm\AIPlayerDesktop\data\蔡扬的\train\train_0290.json,219,1,True,8,13,8,12,T,-29.718549330674264,-30,15.584415584415583,0.0,1.181818176446281,11,0.0,230,12,deltaR
train_0290,C:\Users\tao20\Desktop\Algorithm\AIPlayerDesktop\data\蔡扬的\train\train_0290.json,219,2,False,1,7,1,6, ,-1e+18,0,0.0,0.0,1.181818176446281,10,0.0,260,0,pathLen
train_0290,C:\Users\tao20\Desktop\Algorithm\AIPlayerDesktop\data\蔡扬的\train\train_0290.json,219,3,False,5,9,5,8, ,-1e+18,0,0.0,0.0,1.181818176446281,16,0.0,260,0,pathLen
train_0290,C:\Users\tao20\Desktop\Algorithm\AIPlayerDesktop\data\蔡扬的\train\train_0290.json,219,4,False,7,5,7,4, ,-1e+18,0,0.0,0.0,1.181818176446281,18,0.0,260,0,pathLen
train_0290,C:\Users\tao20\Desktop\Algorithm\AIPlayerDesktop\data\蔡扬的\train\train_0290.json,219,5,False,7,9,7,8, ,-1e+18,0,0.0,0.0,1.181818176446281,22,0.0,260,0,pathLen
train_0290,C:\Users\tao20\Desktop\Algorithm\AIPlayerDesktop\data\蔡扬的\train\train_0290.json,220,1,True,8,13,8,12,T,-28.72016761550804,-30,15.584415584415583,0.0,1.1764705829118978,10,0.0,230,12,deltaR
train_0290,C:\Users\tao20\Desktop\Algorithm\AIPlayerDesktop\data\蔡扬的\train\train_0290.json,220,2,False,1,7,1,6, ,-1e+18,0,0.0,0.0,1.1764705829118978,9,0.0,260,0,pathLen
train_0290,C:\Users\tao20\Desktop\Algorithm\AIPlayerDesktop\data\蔡扬的\train\train_0290.json,220,3,False,5,9,5,8, ,-1e+18,0,0.0,0.0,1.1764705829118978,15,0.0,260,0,pathLen
train_0290,C:\Users\tao20\Desktop\Algorithm\AIPlayerDesktop\data\蔡扬的\train\train_0290.json,220,4,False,7,5,7,4, ,-1e+18,0,0.0,0.0,1.1764705829118978,17,0.0,260,0,pathLen
train_0290,C:\Users\tao20\Desktop\Algorithm\AIPlayerDesktop\data\蔡扬的\train\train_0290.json,220,5,False,7,9,7,8, ,-1e+18,0,0.0,0.0,1.1764705829118978,21,0.0,260,0,pathLen
train_0290,C:\Users\tao20\Desktop\Algorithm\AIPlayerDesktop\data\蔡扬的\train\train_0290.json,221,1,True,8,13,8,12,T,-27.72799960514152,-30,15.584415584415583,0.0,1.1711711658956254,9,0.0,230,12,deltaR
train_0290,C:\Users\tao20\Desktop\Algorithm\AIPlayerDesktop\data\蔡扬的\train\train_0290.json,221,2,False,1,7,1,6, ,-1e+18,0,0.0,0.0,1.1711711658956254,8,0.0,260,0,pathLen
train_0290,C:\Users\tao20\Desktop\Algorithm\AIPlayerDesktop\data\蔡扬的\train\train_0290.json,221,3,False,5,9,5,8, ,-1e+18,0,0.0,0.0,1.1711711658956254,14,0.0,260,0,pathLen
train_0290,C:\Users\tao20\Desktop\Algorithm\AIPlayerDesktop\data\蔡扬的\train\train_0290.json,221,4,False,7,5,7,4, ,-1e+18,0,0.0,0.0,1.1711711658956254,16,0.0,260,0,pathLen
train_0290,C:\Users\tao20\Desktop\Algorithm\AIPlayerDesktop\data\蔡扬的\train\train_0290.json,221,5,False,7,9,7,8, ,-1e+18,0,0.0,0.0,1.1711711658956254,20,0.0,260,0,pathLen
train_0290,C:\Users\tao20\Desktop\Algorithm\AIPlayerDesktop\data\蔡扬的\train\train_0290.json,222,1,True,8,13,8,12,T,-26.74250491196851,-30,15.584415584415583,0.0,1.1659192772828733,8,0.0,230,12,deltaR
train_0290,C:\Users\tao20\Desktop\Algorithm\AIPlayerDesktop\data\蔡扬的\train\train_0290.json,222,2,False,1,7,1,6, ,-1e+18,0,0.0,0.0,1.1659192772828733,7,0.0,260,0,pathLen
train_0290,C:\Users\tao20\Desktop\Algorithm\AIPlayerDesktop\data\蔡扬的\train\train_0290.json,222,3,False,5,9,5,8, ,-1e+18,0,0.0,0.0,1.1659192772828733,13,0.0,260,0,pathLen
train_0290,C:\Users\tao20\Desktop\Algorithm\AIPlayerDesktop\data\蔡扬的\train\train_0290.json,222,4,False,7,5,7,4, ,-1e+18,0,0.0,0.0,1.1659192772828733,15,0.0,260,0,pathLen
train_0290,C:\Users\tao20\Desktop\Algorithm\AIPlayerDesktop\data\蔡扬的\train\train_0290.json,222,5,False,7,9,7,8, ,-1e+18,0,0.0,0.0,1.1659192772828733,19,0.0,260,0,pathLen
train_0290,C:\Users\tao20\Desktop\Algorithm\AIPlayerDesktop\data\蔡扬的\train\train_0290.json,223,1,True,8,13,8,12,T,-25.764028864978414,-30,15.584415584415583,0.0,1.1607142805325255,7,0.0,230,12,deltaR
train_0290,C:\Users\tao20\Desktop\Algorithm\AIPlayerDesktop\data\蔡扬的\train\train_0290.json,223,2,False,1,7,1,6, ,-1e+18,0,0.0,0.0,1.1607142805325255,6,0.0,260,0,pathLen
train_0290,C:\Users\tao20\Desktop\Algorithm\AIPlayerDesktop\data\蔡扬的\train\train_0290.json,223,3,False,5,9,5,8, ,-1e+18,0,0.0,0.0,1.1607142805325255,12,0.0,260,0,pathLen
train_0290,C:\Users\tao20\Desktop\Algorithm\AIPlayerDesktop\data\蔡扬的\train\train_0290.json,223,4,False,7,5,7,4, ,-1e+18,0,0.0,0.0,1.1607142805325255,14,0.0,260,0,pathLen
train_0290,C:\Users\tao20\Desktop\Algorithm\AIPlayerDesktop\data\蔡扬的\train\train_0290.json,223,5,False,7,9,7,8, ,-1e+18,0,0.0,0.0,1.1607142805325255,18,0.0,260,0,pathLen
train_0290,C:\Users\tao20\Desktop\Algorithm\AIPlayerDesktop\data\蔡扬的\train\train_0290.json,224,1,True,8,13,8,12,T,-24.792825756169986,-30,15.584415584415583,0.0,1.1555555504197532,6,0.0,230,12,deltaR
train_0290,C:\Users\tao20\Desktop\Algorithm\AIPlayerDesktop\data\蔡扬的\train\train_0290.json,224,2,False,1,7,1,6, ,-1e+18,0,0.0,0.0,1.1555555504197532,7,0.0,260,0,pathLen
train_0290,C:\Users\tao20\Desktop\Algorithm\AIPlayerDesktop\data\蔡扬的\train\train_0290.json,224,3,False,5,9,5,8, ,-1e+18,0,0.0,0.0,1.1555555504197532,13,0.0,260,0,pathLen
train_0290,C:\Users\tao20\Desktop\Algorithm\AIPlayerDesktop\data\蔡扬的\train\train_0290.json,224,4,False,7,5,7,4, ,-1e+18,0,0.0,0.0,1.1555555504197532,15,0.0,260,0,pathLen
train_0290,C:\Users\tao20\Desktop\Algorithm\AIPlayerDesktop\data\蔡扬的\train\train_0290.json,224,5,False,7,9,7,8, ,-1e+18,0,0.0,0.0,1.1555555504197532,19,0.0,260,0,pathLen
train_0290,C:\Users\tao20\Desktop\Algorithm\AIPlayerDesktop\data\蔡扬的\train\train_0290.json,225,1,True,8,13,8,12,T,-23.82907742923244,-30,15.584415584415583,0.0,1.1504424727856528,5,0.0,230,12,deltaR
train_0290,C:\Users\tao20\Desktop\Algorithm\AIPlayerDesktop\data\蔡扬的\train\train_0290.json,225,2,False,1,7,1,6, ,-1e+18,0,0.0,0.0,1.1504424727856528,8,0.0,260,0,pathLen
train_0290,C:\Users\tao20\Desktop\Algorithm\AIPlayerDesktop\data\蔡扬的\train\train_0290.json,225,3,False,5,9,5,8, ,-1e+18,0,0.0,0.0,1.1504424727856528,14,0.0,260,0,pathLen
train_0290,C:\Users\tao20\Desktop\Algorithm\AIPlayerDesktop\data\蔡扬的\train\train_0290.json,225,4,False,7,5,7,4, ,-1e+18,0,0.0,0.0,1.1504424727856528,16,0.0,260,0,pathLen
train_0290,C:\Users\tao20\Desktop\Algorithm\AIPlayerDesktop\data\蔡扬的\train\train_0290.json,225,5,False,7,9,7,8, ,-1e+18,0,0.0,0.0,1.1504424727856528,20,0.0,260,0,pathLen
train_0290,C:\Users\tao20\Desktop\Algorithm\AIPlayerDesktop\data\蔡扬的\train\train_0290.json,226,1,True,8,13,8,12,T,-22.87290814225913,-30,15.584415584415583,0.0,1.1453744442935048,4,0.0,230,12,deltaR
train_0290,C:\Users\tao20\Desktop\Algorithm\AIPlayerDesktop\data\蔡扬的\train\train_0290.json,226,2,False,1,7,1,6, ,-1e+18,0,0.0,0.0,1.1453744442935048,9,0.0,260,0,pathLen
train_0290,C:\Users\tao20\Desktop\Algorithm\AIPlayerDesktop\data\蔡扬的\train\train_0290.json,226,3,False,5,9,5,8, ,-1e+18,0,0.0,0.0,1.1453744442935048,15,0.0,260,0,pathLen
train_0290,C:\Users\tao20\Desktop\Algorithm\AIPlayerDesktop\data\蔡扬的\train\train_0290.json,226,4,False,7,5,7,4, ,-1e+18,0,0.0,0.0,1.1453744442935048,17,0.0,260,0,pathLen
train_0290,C:\Users\tao20\Desktop\Algorithm\AIPlayerDesktop\data\蔡扬的\train\train_0290.json,226,5,False,7,9,7,8, ,-1e+18,0,0.0,0.0,1.1453744442935048,21,0.0,260,0,pathLen
train_0290,C:\Users\tao20\Desktop\Algorithm\AIPlayerDesktop\data\蔡扬的\train\train_0290.json,227,1,True,8,13,8,12,T,-21.92439644989952,-30,15.584415584415583,0.0,1.1403508721914435,3,0.0,230,12,deltaR
train_0290,C:\Users\tao20\Desktop\Algorithm\AIPlayerDesktop\data\蔡扬的\train\train_0290.json,227,2,False,1,7,1,6, ,-1e+18,0,0.0,0.0,1.1403508721914435,10,0.0,260,0,pathLen
train_0290,C:\Users\tao20\Desktop\Algorithm\AIPlayerDesktop\data\蔡扬的\train\train_0290.json,227,3,False,5,9,5,8, ,-1e+18,0,0.0,0.0,1.1403508721914435,16,0.0,260,0,pathLen
train_0290,C:\Users\tao20\Desktop\Algorithm\AIPlayerDesktop\data\蔡扬的\train\train_0290.json,227,4,False,7,5,7,4, ,-1e+18,0,0.0,0.0,1.1403508721914435,18,0.0,260,0,pathLen
train_0290,C:\Users\tao20\Desktop\Algorithm\AIPlayerDesktop\data\蔡扬的\train\train_0290.json,227,5,False,7,9,7,8, ,-1e+18,0,0.0,0.0,1.1403508721914435,22,0.0,260,0,pathLen
train_0290,C:\Users\tao20\Desktop\Algorithm\AIPlayerDesktop\data\蔡扬的\train\train_0290.json,228,1,True,8,13,8,12,T,-20.983584701267695,-30,15.584415584415583,0.0,1.1353711740813486,2,0.0,230,12,deltaR
train_0290,C:\Users\tao20\Desktop\Algorithm\AIPlayerDesktop\data\蔡扬的\train\train_0290.json,228,2,False,1,7,1,6, ,-1e+18,0,0.0,0.0,1.1353711740813486,11,0.0,260,0,pathLen
train_0290,C:\Users\tao20\Desktop\Algorithm\AIPlayerDesktop\data\蔡扬的\train\train_0290.json,228,3,False,5,9,5,8, ,-1e+18,0,0.0,0.0,1.1353711740813486,17,0.0,260,0,pathLen
train_0290,C:\Users\tao20\Desktop\Algorithm\AIPlayerDesktop\data\蔡扬的\train\train_0290.json,228,4,False,7,5,7,4, ,-1e+18,0,0.0,0.0,1.1353711740813486,19,0.0,260,0,pathLen
train_0290,C:\Users\tao20\Desktop\Algorithm\AIPlayerDesktop\data\蔡扬的\train\train_0290.json,228,5,False,7,9,7,8, ,-1e+18,0,0.0,0.0,1.1353711740813486,23,0.0,260,0,pathLen
train_0290,C:\Users\tao20\Desktop\Algorithm\AIPlayerDesktop\data\蔡扬的\train\train_0290.json,229,1,True,8,13,8,12,T,-20.050486630655733,-30,15.584415584415583,0.0,1.1304347776937618,1,0.0,230,12,deltaR
train_0290,C:\Users\tao20\Desktop\Algorithm\AIPlayerDesktop\data\蔡扬的\train\train_0290.json,229,2,False,1,7,1,6, ,-1e+18,0,0.0,0.0,1.1304347776937618,12,0.0,260,0,pathLen
train_0290,C:\Users\tao20\Desktop\Algorithm\AIPlayerDesktop\data\蔡扬的\train\train_0290.json,229,3,False,5,9,5,8, ,-1e+18,0,0.0,0.0,1.1304347776937618,18,0.0,260,0,pathLen
train_0290,C:\Users\tao20\Desktop\Algorithm\AIPlayerDesktop\data\蔡扬的\train\train_0290.json,229,4,False,7,5,7,4, ,-1e+18,0,0.0,0.0,1.1304347776937618,20,0.0,260,0,pathLen
train_0290,C:\Users\tao20\Desktop\Algorithm\AIPlayerDesktop\data\蔡扬的\train\train_0290.json,229,5,False,7,9,7,8, ,-1e+18,0,0.0,0.0,1.1304347776937618,24,0.0,260,0,pathLen
train_0290,C:\Users\tao20\Desktop\Algorithm\AIPlayerDesktop\data\蔡扬的\train\train_0290.json,230,1,False,9,12,9,11, ,-0.7476239448018962,0,1.2820512820512824,0.0,1.0,2,0.0,230,1,pathLen
train_0290,C:\Users\tao20\Desktop\Algorithm\AIPlayerDesktop\data\蔡扬的\train\train_0290.json,230,2,False,1,7,1,6, ,-1e+18,0,0.0,0.0,1.0,13,0.0,230,0,pathLen
train_0290,C:\Users\tao20\Desktop\Algorithm\AIPlayerDesktop\data\蔡扬的\train\train_0290.json,230,3,False,5,9,5,8, ,-1e+18,0,0.0,0.0,1.0,19,0.0,230,0,pathLen
train_0290,C:\Users\tao20\Desktop\Algorithm\AIPlayerDesktop\data\蔡扬的\train\train_0290.json,230,4,False,7,5,7,4, ,-1e+18,0,0.0,0.0,1.0,21,0.0,230,0,pathLen
train_0290,C:\Users\tao20\Desktop\Algorithm\AIPlayerDesktop\data\蔡扬的\train\train_0290.json,230,5,False,7,9,7,8, ,-1e+18,0,0.0,0.0,1.0,25,0.0,230,0,pathLen
train_0290,C:\Users\tao20\Desktop\Algorithm\AIPlayerDesktop\data\蔡扬的\train\train_0290.json,230,6,False,9,13,9,12, ,-1e+18,0,0.0,0.0,1.0,1,0.0,230,0,pathLen
train_0290,C:\Users\tao20\Desktop\Algorithm\AIPlayerDesktop\data\蔡扬的\train\train_0290.json,231,1,False,9,12,9,11, ,0.07047503499496888,0,1.2820512820512824,0.0,1.0,1,0.0,230,1,Iproxy
train_0290,C:\Users\tao20\Desktop\Algorithm\AIPlayerDesktop\data\蔡扬的\train\train_0290.json,231,2,False,1,7,1,6, ,-1e+18,0,0.0,0.0,1.0,14,0.0,230,0,pathLen
train_0290,C:\Users\tao20\Desktop\Algorithm\AIPlayerDesktop\data\蔡扬的\train\train_0290.json,231,3,False,5,9,5,8, ,-1e+18,0,0.0,0.0,1.0,20,0.0,230,0,pathLen
train_0290,C:\Users\tao20\Desktop\Algorithm\AIPlayerDesktop\data\蔡扬的\train\train_0290.json,231,4,False,7,5,7,4, ,-1e+18,0,0.0,0.0,1.0,22,0.0,230,0,pathLen
train_0290,C:\Users\tao20\Desktop\Algorithm\AIPlayerDesktop\data\蔡扬的\train\train_0290.json,231,5,False,7,9,7,8, ,-1e+18,0,0.0,0.0,1.0,26,0.0,230,0,pathLen
