case_id,maze_file,step,rank,selected,real_r,real_c,local_r,local_c,tile,score,deltaR,Iproxy,tailGain,qEff,pathLen,margin,projectedR,unknownCompSum,dominant_term
train_0272,C:\Users\tao20\Desktop\Algorithm\AIPlayerDesktop\data\蔡扬的\train\train_0272.json,0,1,True,1,1,1,0, ,5.736266666666669,0,18.000000000000004,0.0,1.0,1,8.0,0,12,Iproxy
train_0272,C:\Users\tao20\Desktop\Algorithm\AIPlayerDesktop\data\蔡扬的\train\train_0272.json,0,2,False,1,2,1,1, ,4.916266666666669,0,18.000000000000004,0.0,1.0,2,8.0,0,12,Iproxy
train_0272,C:\Users\tao20\Desktop\Algorithm\AIPlayerDesktop\data\蔡扬的\train\train_0272.json,1,1,True,1,2,1,1, ,4.789948070175434,0,15.157894736842103,0.0,1.0,1,8.0,0,12,Iproxy
train_0272,C:\Users\tao20\Desktop\Algorithm\AIPlayerDesktop\data\蔡扬的\train\train_0272.json,1,2,False,2,1,2,0, ,4.789948070175434,0,15.157894736842103,0.0,1.0,1,8.0,0,12,Iproxy
train_0272,C:\Users\tao20\Desktop\Algorithm\AIPlayerDesktop\data\蔡扬的\train\train_0272.json,2,1,True,1,3,1,2, ,3.884182303030302,0,13.090909090909092,0.0,1.0,1,8.0,0,12,Iproxy
train_0272,C:\Users\tao20\Desktop\Algorithm\AIPlayerDesktop\data\蔡扬的\train\train_0272.json,2,2,False,2,1,2,0, ,3.064182303030302,0,13.090909090909092,0.0,1.0,2,8.0,0,12,Iproxy
train_0272,C:\Users\tao20\Desktop\Algorithm\AIPlayerDesktop\data\蔡扬的\train\train_0272.json,3,1,True,1,4,1,3, ,3.0347487857777757,0,11.52,0.0,1.0,1,8.0,0,12,Iproxy
train_0272,C:\Users\tao20\Desktop\Algorithm\AIPlayerDesktop\data\蔡扬的\train\train_0272.json,3,2,False,2,1,2,0, ,1.3947487857777752,0,11.52,0.0,1.0,3,8.0,0,12,Iproxy
train_0272,C:\Users\tao20\Desktop\Algorithm\AIPlayerDesktop\data\蔡扬的\train\train_0272.json,4,1,True,1,5,1,4, ,2.2473577041269834,0,10.285714285714285,0.0,1.0,1,8.0,0,12,Iproxy
train_0272,C:\Users\tao20\Desktop\Algorithm\AIPlayerDesktop\data\蔡扬的\train\train_0272.json,4,2,False,2,1,2,0, ,-0.21264229587301564,0,10.285714285714285,0.0,1.0,4,8.0,0,12,Iproxy
train_0272,C:\Users\tao20\Desktop\Algorithm\AIPlayerDesktop\data\蔡扬的\train\train_0272.json,5,1,True,1,6,1,5, ,1.5224238659732787,0,9.29032258064516,0.0,1.0,1,8.0,0,12,Iproxy
train_0272,C:\Users\tao20\Desktop\Algorithm\AIPlayerDesktop\data\蔡扬的\train\train_0272.json,5,2,False,2,1,2,0, ,-1.7575761340267206,0,9.29032258064516,0.0,1.0,5,8.0,0,12,Iproxy
train_0272,C:\Users\tao20\Desktop\Algorithm\AIPlayerDesktop\data\蔡扬的\train\train_0272.json,6,1,True,1,7,1,6, ,0.8575954473373724,0,8.470588235294116,0.0,1.0,1,8.0,0,12,Iproxy
train_0272,C:\Users\tao20\Desktop\Algorithm\AIPlayerDesktop\data\蔡扬的\train\train_0272.json,6,2,False,2,1,2,0, ,-3.2424045526626273,0,8.470588235294116,0.0,1.0,6,8.0,0,12,Iproxy
train_0272,C:\Users\tao20\Desktop\Algorithm\AIPlayerDesktop\data\蔡扬的\train\train_0272.json,7,1,True,1,8,1,7, ,0.2491479213690102,0,7.783783783783782,0.0,1.0,1,8.0,0,12,margin
train_0272,C:\Users\tao20\Desktop\Algorithm\AIPlayerDesktop\data\蔡扬的\train\train_0272.json,7,2,False,2,1,2,0, ,-4.670852078630989,0,7.783783783783782,0.0,1.0,7,8.0,0,12,margin
train_0272,C:\Users\tao20\Desktop\Algorithm\AIPlayerDesktop\data\蔡扬的\train\train_0272.json,8,1,True,1,9,1,8,G,79.05869311634575,50,25.200000000000003,0.0,1.0,1,0.0,50,12,deltaR
train_0272,C:\Users\tao20\Desktop\Algorithm\AIPlayerDesktop\data\蔡扬的\train\train_0272.json,8,2,False,2,1,2,0, ,21.46869311634575,0,25.200000000000003,5.0,1.0,8,8.0,0,12,Iproxy
train_0272,C:\Users\tao20\Desktop\Algorithm\AIPlayerDesktop\data\蔡扬的\train\train_0272.json,9,1,True,1,10,1,9, ,24.04946257410222,0,23.44186046511628,0.0,4.99999950000005,1,0.0,50,12,Iproxy
train_0272,C:\Users\tao20\Desktop\Algorithm\AIPlayerDesktop\data\蔡扬的\train\train_0272.json,9,2,False,2,1,2,0, ,-8.750534145898108,0,23.44186046511628,0.0,4.99999950000005,9,0.0,50,12,pathLen
train_0272,C:\Users\tao20\Desktop\Algorithm\AIPlayerDesktop\data\蔡扬的\train\train_0272.json,10,1,True,1,11,1,10, ,22.82270801255104,0,21.91304347826087,0.0,4.545454132231443,1,0.0,50,12,Iproxy
train_0272,C:\Users\tao20\Desktop\Algorithm\AIPlayerDesktop\data\蔡扬的\train\train_0272.json,10,2,False,2,1,2,0, ,-10.72274348331701,0,21.91304347826087,0.0,4.545454132231443,10,0.0,50,12,pathLen
train_0272,C:\Users\tao20\Desktop\Algorithm\AIPlayerDesktop\data\蔡扬的\train\train_0272.json,11,1,True,1,12,1,11, ,21.656463676703318,0,20.571428571428577,0.0,4.166666319444474,1,0.0,50,12,Iproxy
train_0272,C:\Users\tao20\Desktop\Algorithm\AIPlayerDesktop\data\蔡扬的\train\train_0272.json,11,2,False,2,1,2,0, ,-12.510200142741368,0,20.571428571428577,0.0,4.166666319444474,11,0.0,50,12,pathLen
train_0272,C:\Users\tao20\Desktop\Algorithm\AIPlayerDesktop\data\蔡扬的\train\train_0272.json,12,1,True,1,13,1,12, ,20.556640167156814,0,19.384615384615387,0.0,3.846153550295881,1,0.0,50,12,Iproxy
train_0272,C:\Users\tao20\Desktop\Algorithm\AIPlayerDesktop\data\蔡扬的\train\train_0272.json,12,2,False,2,1,2,0, ,-14.135664856512026,0,19.384615384615387,0.0,3.846153550295881,12,0.0,50,12,pathLen
train_0272,C:\Users\tao20\Desktop\Algorithm\AIPlayerDesktop\data\蔡扬的\train\train_0272.json,13,1,True,2,1,2,0, ,-15.618235233508077,0,18.327272727272728,0.0,3.571428316326549,13,0.0,50,12,pathLen
train_0272,C:\Users\tao20\Desktop\Algorithm\AIPlayerDesktop\data\蔡扬的\train\train_0272.json,14,1,True,2,1,2,0, ,-10.31800417018177,0,18.327272727272728,0.0,3.333333111111126,12,0.0,50,12,pathLen
train_0272,C:\Users\tao20\Desktop\Algorithm\AIPlayerDesktop\data\蔡扬的\train\train_0272.json,15,1,True,2,1,2,0, ,-5.682462175434637,0,18.327272727272728,0.0,3.124999804687512,11,0.0,50,12,pathLen
train_0272,C:\Users\tao20\Desktop\Algorithm\AIPlayerDesktop\data\蔡扬的\train\train_0272.json,16,1,True,2,1,2,0, ,-1.5941756415357489,0,18.327272727272728,0.0,2.9411762975778646,10,0.0,50,12,pathLen
train_0272,C:\Users\tao20\Desktop\Algorithm\AIPlayerDesktop\data\蔡扬的\train\train_0272.json,17,1,True,2,1,2,0, ,2.0382182860963773,0,18.327272727272728,0.0,2.7777776234567986,9,0.0,50,12,pathLen
train_0272,C:\Users\tao20\Desktop\Algorithm\AIPlayerDesktop\data\蔡扬的\train\train_0272.json,18,1,True,2,1,2,0, ,5.286857879941767,0,18.327272727272728,0.0,2.631578808864273,8,0.0,50,12,pathLen
train_0272,C:\Users\tao20\Desktop\Algorithm\AIPlayerDesktop\data\蔡扬的\train\train_0272.json,19,1,True,2,1,2,0, ,8.209453758698444,0,18.327272727272728,0.0,2.499999875000006,7,0.0,50,12,Iproxy
train_0272,C:\Users\tao20\Desktop\Algorithm\AIPlayerDesktop\data\蔡扬的\train\train_0272.json,20,1,True,2,1,2,0, ,10.852718424821528,0,18.327272727272728,0.0,2.3809522675737016,6,0.0,50,12,Iproxy
train_0272,C:\Users\tao20\Desktop\Algorithm\AIPlayerDesktop\data\蔡扬的\train\train_0272.json,21,1,True,2,1,2,0, ,13.254862618724555,0,18.327272727272728,0.0,2.272727169421492,5,0.0,50,12,Iproxy
train_0272,C:\Users\tao20\Desktop\Algorithm\AIPlayerDesktop\data\蔡扬的\train\train_0272.json,22,1,True,2,1,2,0, ,15.447441886417693,0,18.327272727272728,0.0,2.1739129489603064,4,0.0,50,12,Iproxy
train_0272,C:\Users\tao20\Desktop\Algorithm\AIPlayerDesktop\data\蔡扬的\train\train_0272.json,23,1,True,2,1,2,0, ,17.456742449073015,0,18.327272727272728,0.0,2.0833332465277814,3,0.0,50,12,Iproxy
train_0272,C:\Users\tao20\Desktop\Algorithm\AIPlayerDesktop\data\蔡扬的\train\train_0272.json,24,1,True,2,1,2,0, ,19.30483506795044,0,18.327272727272728,0.0,1.9999999200000032,2,0.0,50,12,Iproxy
train_0272,C:\Users\tao20\Desktop\Algorithm\AIPlayerDesktop\data\蔡扬的\train\train_0272.json,25,1,True,2,1,2,0, ,21.010386081453525,0,18.327272727272728,0.0,1.9230768491124288,1,0.0,50,12,Iproxy
train_0272,C:\Users\tao20\Desktop\Algorithm\AIPlayerDesktop\data\蔡扬的\train\train_0272.json,26,1,True,3,1,3,0, ,19.875693956687243,0,17.379310344827587,0.0,1.8518517832647488,1,0.0,50,12,Iproxy
train_0272,C:\Users\tao20\Desktop\Algorithm\AIPlayerDesktop\data\蔡扬的\train\train_0272.json,26,2,False,3,2,3,1, ,18.35717549441015,0,17.379310344827587,0.0,1.8518517832647488,2,0.0,50,12,Iproxy
train_0272,C:\Users\tao20\Desktop\Algorithm\AIPlayerDesktop\data\蔡扬的\train\train_0272.json,27,1,True,3,2,3,1, ,18.83302127090548,0,16.524590163934427,0.0,1.7857142219387778,1,0.0,50,12,Iproxy
train_0272,C:\Users\tao20\Desktop\Algorithm\AIPlayerDesktop\data\蔡扬的\train\train_0272.json,27,2,False,4,1,4,0, ,18.83302127090548,0,16.524590163934427,0.0,1.7857142219387778,1,0.0,50,12,Iproxy
train_0272,C:\Users\tao20\Desktop\Algorithm\AIPlayerDesktop\data\蔡扬的\train\train_0272.json,28,1,True,3,3,3,2, ,18.187556100649687,0,16.0,0.0,1.7241378715814526,1,0.0,50,12,Iproxy
train_0272,C:\Users\tao20\Desktop\Algorithm\AIPlayerDesktop\data\蔡扬的\train\train_0272.json,28,2,False,4,1,4,0, ,16.773763045952894,0,16.0,0.0,1.7241378715814526,2,0.0,50,12,Iproxy
train_0272,C:\Users\tao20\Desktop\Algorithm\AIPlayerDesktop\data\蔡扬的\train\train_0272.json,28,3,False,4,3,4,2, ,16.773763045952894,0,16.0,0.0,1.7241378715814526,2,0.0,50,12,Iproxy
train_0272,C:\Users\tao20\Desktop\Algorithm\AIPlayerDesktop\data\蔡扬的\train\train_0272.json,29,1,True,3,4,3,3, ,17.574955382970174,0,15.507692307692311,0.0,1.6666666111111128,1,0.0,50,12,Iproxy
train_0272,C:\Users\tao20\Desktop\Algorithm\AIPlayerDesktop\data\蔡扬的\train\train_0272.json,29,2,False,4,3,4,2, ,17.574955382970174,0,15.507692307692311,0.0,1.6666666111111128,1,0.0,50,12,Iproxy
train_0272,C:\Users\tao20\Desktop\Algorithm\AIPlayerDesktop\data\蔡扬的\train\train_0272.json,29,3,False,4,1,4,0, ,14.841622140747948,0,15.507692307692311,0.0,1.6666666111111128,3,0.0,50,12,Iproxy
train_0272,C:\Users\tao20\Desktop\Algorithm\AIPlayerDesktop\data\蔡扬的\train\train_0272.json,30,1,True,3,5,3,4, ,16.993428688145826,0,15.044776119402984,0.0,1.612903173777317,1,0.0,50,12,Iproxy
train_0272,C:\Users\tao20\Desktop\Algorithm\AIPlayerDesktop\data\蔡扬的\train\train_0272.json,30,2,False,4,3,4,2, ,15.670848085648426,0,15.044776119402984,0.0,1.612903173777317,2,0.0,50,12,Iproxy
train_0272,C:\Users\tao20\Desktop\Algorithm\AIPlayerDesktop\data\蔡扬的\train\train_0272.json,30,3,False,4,5,4,4, ,15.670848085648426,0,15.044776119402984,0.0,1.612903173777317,2,0.0,50,12,Iproxy
train_0272,C:\Users\tao20\Desktop\Algorithm\AIPlayerDesktop\data\蔡扬的\train\train_0272.json,30,4,False,4,1,4,0, ,13.025686880653627,0,15.044776119402984,0.0,1.612903173777317,4,0.0,50,12,Iproxy
train_0272,C:\Users\tao20\Desktop\Algorithm\AIPlayerDesktop\data\蔡扬的\train\train_0272.json,31,1,True,3,6,3,5, ,16.441183548198254,0,14.608695652173916,0.0,1.5624999511718767,1,0.0,50,12,Iproxy
train_0272,C:\Users\tao20\Desktop\Algorithm\AIPlayerDesktop\data\蔡扬的\train\train_0272.json,31,2,False,4,5,4,4, ,16.441183548198254,0,14.608695652173916,0.0,1.5624999511718767,1,0.0,50,12,Iproxy
train_0272,C:\Users\tao20\Desktop\Algorithm\AIPlayerDesktop\data\蔡扬的\train\train_0272.json,31,3,False,4,3,4,2, ,13.878683628276375,0,14.608695652173916,0.0,1.5624999511718767,3,0.0,50,12,Iproxy
train_0272,C:\Users\tao20\Desktop\Algorithm\AIPlayerDesktop\data\蔡扬的\train\train_0272.json,31,4,False,4,1,4,0, ,11.316183708354497,0,14.608695652173916,0.0,1.5624999511718767,5,0.0,50,12,Iproxy
train_0272,C:\Users\tao20\Desktop\Algorithm\AIPlayerDesktop\data\蔡扬的\train\train_0272.json,32,1,True,3,7,3,6, ,15.916465022405813,0,14.19718309859155,0.0,1.5151514692378343,1,0.0,50,12,Iproxy
train_0272,C:\Users\tao20\Desktop\Algorithm\AIPlayerDesktop\data\蔡扬的\train\train_0272.json,32,2,False,4,5,4,4, ,14.674040817630788,0,14.19718309859155,0.0,1.5151514692378343,2,0.0,50,12,Iproxy
train_0272,C:\Users\tao20\Desktop\Algorithm\AIPlayerDesktop\data\蔡扬的\train\train_0272.json,32,3,False,4,3,4,2, ,12.18919240808074,0,14.19718309859155,0.0,1.5151514692378343,4,0.0,50,12,Iproxy
train_0272,C:\Users\tao20\Desktop\Algorithm\AIPlayerDesktop\data\蔡扬的\train\train_0272.json,32,4,False,4,1,4,0, ,9.704343998530693,0,14.19718309859155,0.0,1.5151514692378343,6,0.0,50,12,Iproxy
train_0272,C:\Users\tao20\Desktop\Algorithm\AIPlayerDesktop\data\蔡扬的\train\train_0272.json,33,1,True,3,8,3,7, ,15.417581300387202,0,13.80821917808219,0.0,1.4705881920415238,1,0.0,50,12,Iproxy
train_0272,C:\Users\tao20\Desktop\Algorithm\AIPlayerDesktop\data\蔡扬的\train\train_0272.json,33,2,False,4,5,4,4, ,13.005816665439102,0,13.80821917808219,0.0,1.4705881920415238,3,0.0,50,12,Iproxy
train_0272,C:\Users\tao20\Desktop\Algorithm\AIPlayerDesktop\data\蔡扬的\train\train_0272.json,33,3,False,4,3,4,2, ,10.594052030491003,0,13.80821917808219,0.0,1.4705881920415238,5,0.0,50,12,Iproxy
train_0272,C:\Users\tao20\Desktop\Algorithm\AIPlayerDesktop\data\蔡扬的\train\train_0272.json,33,4,False,4,1,4,0, ,8.182287395542906,0,13.80821917808219,0.0,1.4705881920415238,7,0.0,50,12,Iproxy
train_0272,C:\Users\tao20\Desktop\Algorithm\AIPlayerDesktop\data\蔡扬的\train\train_0272.json,34,1,True,3,9,3,8, ,14.942919374906355,0,13.440000000000001,0.0,1.4285713877551034,1,0.0,50,12,Iproxy
train_0272,C:\Users\tao20\Desktop\Algorithm\AIPlayerDesktop\data\蔡扬的\train\train_0272.json,34,2,False,4,5,4,4, ,11.428633761028802,0,13.440000000000001,0.0,1.4285713877551034,4,0.0,50,12,Iproxy
train_0272,C:\Users\tao20\Desktop\Algorithm\AIPlayerDesktop\data\蔡扬的\train\train_0272.json,34,3,False,4,3,4,2, ,9.085776685110432,0,13.440000000000001,0.0,1.4285713877551034,6,0.0,50,12,Iproxy
train_0272,C:\Users\tao20\Desktop\Algorithm\AIPlayerDesktop\data\蔡扬的\train\train_0272.json,34,4,False,4,1,4,0, ,6.742919609192063,0,13.440000000000001,0.0,1.4285713877551034,8,0.0,50,12,Iproxy
train_0272,C:\Users\tao20\Desktop\Algorithm\AIPlayerDesktop\data\蔡扬的\train\train_0272.json,35,1,True,3,10,3,9, ,14.490953705131037,0,13.09090909090909,0.0,1.3888888503086432,1,0.0,50,12,Iproxy
train_0272,C:\Users\tao20\Desktop\Algorithm\AIPlayerDesktop\data\蔡扬的\train\train_0272.json,35,2,False,4,5,4,4, ,9.935398276118688,0,13.09090909090909,0.0,1.3888888503086432,5,0.0,50,12,Iproxy
train_0272,C:\Users\tao20\Desktop\Algorithm\AIPlayerDesktop\data\蔡扬的\train\train_0272.json,35,3,False,4,3,4,2, ,7.657620561612514,0,13.09090909090909,0.0,1.3888888503086432,7,0.0,50,12,Iproxy
train_0272,C:\Users\tao20\Desktop\Algorithm\AIPlayerDesktop\data\蔡扬的\train\train_0272.json,35,4,False,4,1,4,0, ,5.379842847106339,0,13.09090909090909,0.0,1.3888888503086432,9,0.0,50,12,Iproxy
train_0272,C:\Users\tao20\Desktop\Algorithm\AIPlayerDesktop\data\蔡扬的\train\train_0272.json,36,1,True,3,11,3,10, ,14.060249985486928,0,12.759493670886076,0.0,1.351351314828343,1,0.0,50,12,Iproxy
train_0272,C:\Users\tao20\Desktop\Algorithm\AIPlayerDesktop\data\蔡扬的\train\train_0272.json,36,2,False,4,5,4,4, ,8.519709594690722,0,12.759493670886076,0.0,1.351351314828343,6,0.0,50,12,Iproxy
train_0272,C:\Users\tao20\Desktop\Algorithm\AIPlayerDesktop\data\蔡扬的\train\train_0272.json,36,3,False,4,3,4,2, ,6.303493438372239,0,12.759493670886076,0.0,1.351351314828343,8,0.0,50,12,Iproxy
train_0272,C:\Users\tao20\Desktop\Algorithm\AIPlayerDesktop\data\蔡扬的\train\train_0272.json,36,4,False,4,1,4,0, ,4.087277282053757,0,12.759493670886076,0.0,1.351351314828343,10,0.0,50,12,pathLen
train_0272,C:\Users\tao20\Desktop\Algorithm\AIPlayerDesktop\data\蔡扬的\train\train_0272.json,37,1,True,3,12,3,11,G,74.2057444069379,50,21.333333333333332,0.0,1.3157894390581728,1,0.0,100,12,deltaR
train_0272,C:\Users\tao20\Desktop\Algorithm\AIPlayerDesktop\data\蔡扬的\train\train_0272.json,37,2,False,4,5,4,4, ,24.565393700105023,0,21.333333333333332,5.555555555555555,1.3157894390581728,7,0.0,50,12,Iproxy
train_0272,C:\Users\tao20\Desktop\Algorithm\AIPlayerDesktop\data\蔡扬的\train\train_0272.json,37,3,False,4,3,4,2, ,21.165074777625378,0,21.333333333333332,4.545454545454546,1.3157894390581728,9,0.0,50,12,Iproxy
train_0272,C:\Users\tao20\Desktop\Algorithm\AIPlayerDesktop\data\蔡扬的\train\train_0272.json,37,4,False,4,1,4,0, ,18.14704023743011,0,21.333333333333332,3.8461538461538463,1.3157894390581728,11,0.0,50,12,Iproxy
train_0272,C:\Users\tao20\Desktop\Algorithm\AIPlayerDesktop\data\蔡扬的\train\train_0272.json,38,1,True,3,13,3,12, ,22.48889921744085,0,20.81927710843373,0.0,2.5641024983563465,1,0.0,100,12,Iproxy
train_0272,C:\Users\tao20\Desktop\Algorithm\AIPlayerDesktop\data\蔡扬的\train\train_0272.json,38,2,False,4,5,4,4, ,7.770950876875421,0,20.81927710843373,0.0,2.5641024983563465,8,0.0,100,12,Iproxy
train_0272,C:\Users\tao20\Desktop\Algorithm\AIPlayerDesktop\data\蔡扬的\train\train_0272.json,38,3,False,4,3,4,2, ,3.565822779571011,0,20.81927710843373,0.0,2.5641024983563465,10,0.0,100,12,pathLen
train_0272,C:\Users\tao20\Desktop\Algorithm\AIPlayerDesktop\data\蔡扬的\train\train_0272.json,38,4,False,4,1,4,0, ,-0.6393053177333954,0,20.81927710843373,0.0,2.5641024983563465,12,0.0,100,12,pathLen
train_0272,C:\Users\tao20\Desktop\Algorithm\AIPlayerDesktop\data\蔡扬的\train\train_0272.json,39,1,True,4,5,4,4, ,5.473269290941182,0,20.32941176470588,0.0,2.499999937500002,9,0.0,100,12,pathLen
train_0272,C:\Users\tao20\Desktop\Algorithm\AIPlayerDesktop\data\蔡扬的\train\train_0272.json,39,2,False,4,3,4,2, ,1.3732693934411806,0,20.32941176470588,0.0,2.499999937500002,11,0.0,100,12,pathLen
train_0272,C:\Users\tao20\Desktop\Algorithm\AIPlayerDesktop\data\蔡扬的\train\train_0272.json,39,3,False,4,1,4,0, ,-2.7267305040588212,0,20.32941176470588,0.0,2.499999937500002,13,0.0,100,12,pathLen
train_0272,C:\Users\tao20\Desktop\Algorithm\AIPlayerDesktop\data\蔡扬的\train\train_0272.json,40,1,True,4,5,4,4, ,7.85161180288123,0,20.32941176470588,0.0,2.439024330755504,8,0.0,100,12,Iproxy
train_0272,C:\Users\tao20\Desktop\Algorithm\AIPlayerDesktop\data\蔡扬的\train\train_0272.json,40,2,False,4,3,4,2, ,3.8516119004422045,0,20.32941176470588,0.0,2.439024330755504,10,0.0,100,12,pathLen
train_0272,C:\Users\tao20\Desktop\Algorithm\AIPlayerDesktop\data\蔡扬的\train\train_0272.json,40,3,False,4,1,4,0, ,-0.14838800199682467,0,20.32941176470588,0.0,2.439024330755504,12,0.0,100,12,pathLen
train_0272,C:\Users\tao20\Desktop\Algorithm\AIPlayerDesktop\data\蔡扬的\train\train_0272.json,41,1,True,4,5,4,4, ,10.127619137724393,0,20.32941176470588,0.0,2.38095232426304,7,0.0,100,12,Iproxy
train_0272,C:\Users\tao20\Desktop\Algorithm\AIPlayerDesktop\data\蔡扬的\train\train_0272.json,41,2,False,4,3,4,2, ,6.222857325933006,0,20.32941176470588,0.0,2.38095232426304,9,0.0,100,12,pathLen
train_0272,C:\Users\tao20\Desktop\Algorithm\AIPlayerDesktop\data\蔡扬的\train\train_0272.json,41,3,False,4,1,4,0, ,2.3180955141416213,0,20.32941176470588,0.0,2.38095232426304,11,0.0,100,12,pathLen
train_0272,C:\Users\tao20\Desktop\Algorithm\AIPlayerDesktop\data\蔡扬的\train\train_0272.json,42,1,True,4,5,4,4, ,12.306564533053272,0,20.32941176470588,0.0,2.32558134126555,6,0.0,100,12,Iproxy
train_0272,C:\Users\tao20\Desktop\Algorithm\AIPlayerDesktop\data\蔡扬的\train\train_0272.json,42,2,False,4,3,4,2, ,8.492611133377771,0,20.32941176470588,0.0,2.32558134126555,8,0.0,100,12,Iproxy
train_0272,C:\Users\tao20\Desktop\Algorithm\AIPlayerDesktop\data\蔡扬的\train\train_0272.json,42,3,False,4,1,4,0, ,4.67865773370227,0,20.32941176470588,0.0,2.32558134126555,10,0.0,100,12,pathLen
train_0272,C:\Users\tao20\Desktop\Algorithm\AIPlayerDesktop\data\蔡扬的\train\train_0272.json,43,1,True,4,5,4,4, ,14.393554528143236,0,20.32941176470588,0.0,2.2727272210743816,5,0.0,100,12,Iproxy
train_0272,C:\Users\tao20\Desktop\Algorithm\AIPlayerDesktop\data\蔡扬的\train\train_0272.json,43,2,False,4,3,4,2, ,10.66628188558125,0,20.32941176470588,0.0,2.2727272210743816,7,0.0,100,12,Iproxy
train_0272,C:\Users\tao20\Desktop\Algorithm\AIPlayerDesktop\data\蔡扬的\train\train_0272.json,43,3,False,4,1,4,0, ,6.939009243019264,0,20.32941176470588,0.0,2.2727272210743816,9,0.0,100,12,pathLen
train_0272,C:\Users\tao20\Desktop\Algorithm\AIPlayerDesktop\data\蔡扬的\train\train_0272.json,44,1,True,4,5,4,4, ,16.393496529609358,0,20.32941176470588,0.0,2.2222221728395075,4,0.0,100,12,Iproxy
train_0272,C:\Users\tao20\Desktop\Algorithm\AIPlayerDesktop\data\蔡扬的\train\train_0272.json,44,2,False,4,3,4,2, ,12.749052166152564,0,20.32941176470588,0.0,2.2222221728395075,6,0.0,100,12,Iproxy
train_0272,C:\Users\tao20\Desktop\Algorithm\AIPlayerDesktop\data\蔡扬的\train\train_0272.json,44,3,False,4,1,4,0, ,9.104607802695773,0,20.32941176470588,0.0,2.2222221728395075,8,0.0,100,12,Iproxy
train_0272,C:\Users\tao20\Desktop\Algorithm\AIPlayerDesktop\data\蔡扬的\train\train_0272.json,45,1,True,4,5,4,4, ,18.3110785834033,0,20.32941176470588,0.0,2.1739129962192827,3,0.0,100,12,Iproxy
train_0272,C:\Users\tao20\Desktop\Algorithm\AIPlayerDesktop\data\蔡扬的\train\train_0272.json,45,2,False,4,3,4,2, ,14.74586126960368,0,20.32941176470588,0.0,2.1739129962192827,5,0.0,100,12,Iproxy
train_0272,C:\Users\tao20\Desktop\Algorithm\AIPlayerDesktop\data\蔡扬的\train\train_0272.json,45,3,False,4,1,4,0, ,11.180643955804054,0,20.32941176470588,0.0,2.1739129962192827,7,0.0,100,12,Iproxy
train_0272,C:\Users\tao20\Desktop\Algorithm\AIPlayerDesktop\data\蔡扬的\train\train_0272.json,46,1,True,4,5,4,4, ,20.150758364280648,0,20.32941176470588,0.0,2.1276595291987337,2,0.0,100,12,Iproxy
train_0272,C:\Users\tao20\Desktop\Algorithm\AIPlayerDesktop\data\蔡扬的\train\train_0272.json,46,2,False,4,3,4,2, ,16.661396736394725,0,20.32941176470588,0.0,2.1276595291987337,4,0.0,100,12,Iproxy
train_0272,C:\Users\tao20\Desktop\Algorithm\AIPlayerDesktop\data\蔡扬的\train\train_0272.json,46,3,False,4,1,4,0, ,13.172035108508803,0,20.32941176470588,0.0,2.1276595291987337,6,0.0,100,12,Iproxy
train_0272,C:\Users\tao20\Desktop\Algorithm\AIPlayerDesktop\data\蔡扬的\train\train_0272.json,47,1,True,4,5,4,4, ,21.91675904487458,0,20.32941176470588,0.0,2.0833332899305566,1,0.0,100,12,Iproxy
train_0272,C:\Users\tao20\Desktop\Algorithm\AIPlayerDesktop\data\蔡扬的\train\train_0272.json,47,2,False,4,3,4,2, ,18.500092449388468,0,20.32941176470588,0.0,2.0833332899305566,3,0.0,100,12,Iproxy
train_0272,C:\Users\tao20\Desktop\Algorithm\AIPlayerDesktop\data\蔡扬的\train\train_0272.json,47,3,False,4,1,4,0, ,15.083425853902357,0,20.32941176470588,0.0,2.0833332899305566,5,0.0,100,12,Iproxy
train_0272,C:\Users\tao20\Desktop\Algorithm\AIPlayerDesktop\data\蔡扬的\train\train_0272.json,48,1,True,5,5,5,4, ,21.099752911147323,0,19.636363636363633,0.0,2.0408162848813003,1,0.0,100,12,Iproxy
train_0272,C:\Users\tao20\Desktop\Algorithm\AIPlayerDesktop\data\蔡扬的\train\train_0272.json,48,2,False,5,6,5,5, ,19.426283557544657,0,19.636363636363633,0.0,2.0408162848813003,2,0.0,100,12,Iproxy
train_0272,C:\Users\tao20\Desktop\Algorithm\AIPlayerDesktop\data\蔡扬的\train\train_0272.json,48,3,False,4,3,4,2, ,16.079344850339325,0,19.636363636363633,0.0,2.0408162848813003,4,0.0,100,12,Iproxy
train_0272,C:\Users\tao20\Desktop\Algorithm\AIPlayerDesktop\data\蔡扬的\train\train_0272.json,48,4,False,4,1,4,0, ,12.732406143133993,0,19.636363636363633,0.0,2.0408162848813003,6,0.0,100,12,Iproxy
train_0272,C:\Users\tao20\Desktop\Algorithm\AIPlayerDesktop\data\蔡扬的\train\train_0272.json,49,1,True,5,6,5,5, ,20.312686977355263,0,18.989010989010993,0.0,1.999999960000001,1,0.0,100,12,Iproxy
train_0272,C:\Users\tao20\Desktop\Algorithm\AIPlayerDesktop\data\蔡扬的\train\train_0272.json,49,2,False,6,5,6,4, ,20.312686977355263,0,18.989010989010993,0.0,1.999999960000001,1,0.0,100,12,Iproxy
train_0272,C:\Users\tao20\Desktop\Algorithm\AIPlayerDesktop\data\蔡扬的\train\train_0272.json,49,3,False,4,3,4,2, ,13.75268710855526,0,18.989010989010993,0.0,1.999999960000001,5,0.0,100,12,Iproxy
train_0272,C:\Users\tao20\Desktop\Algorithm\AIPlayerDesktop\data\蔡扬的\train\train_0272.json,49,4,False,4,1,4,0, ,10.47268717415526,0,18.989010989010993,0.0,1.999999960000001,7,0.0,100,12,Iproxy
train_0272,C:\Users\tao20\Desktop\Algorithm\AIPlayerDesktop\data\蔡扬的\train\train_0272.json,50,1,True,5,7,5,6, ,19.796009990880844,0,18.58064516129032,0.0,1.9607842752787399,1,0.0,100,12,Iproxy
train_0272,C:\Users\tao20\Desktop\Algorithm\AIPlayerDesktop\data\蔡扬的\train\train_0272.json,50,2,False,6,5,6,4, ,18.188166885152278,0,18.58064516129032,0.0,1.9607842752787399,2,0.0,100,12,Iproxy
train_0272,C:\Users\tao20\Desktop\Algorithm\AIPlayerDesktop\data\蔡扬的\train\train_0272.json,50,3,False,4,3,4,2, ,11.756794462238009,0,18.58064516129032,0.0,1.9607842752787399,6,0.0,100,12,Iproxy
train_0272,C:\Users\tao20\Desktop\Algorithm\AIPlayerDesktop\data\蔡扬的\train\train_0272.json,50,4,False,4,1,4,0, ,8.541108250780876,0,18.58064516129032,0.0,1.9607842752787399,8,0.0,100,12,Iproxy
train_0272,C:\Users\tao20\Desktop\Algorithm\AIPlayerDesktop\data\蔡扬的\train\train_0272.json,51,1,True,5,8,5,7, ,19.29453599058205,0,18.189473684210526,0.0,1.9230768860946754,1,0.0,100,12,Iproxy
train_0272,C:\Users\tao20\Desktop\Algorithm\AIPlayerDesktop\data\蔡扬的\train\train_0272.json,51,2,False,6,5,6,4, ,16.140689897386785,0,18.189473684210526,0.0,1.9230768860946754,3,0.0,100,12,Iproxy
train_0272,C:\Users\tao20\Desktop\Algorithm\AIPlayerDesktop\data\蔡扬的\train\train_0272.json,51,3,False,4,3,4,2, ,9.83299771099625,0,18.189473684210526,0.0,1.9230768860946754,7,0.0,100,12,Iproxy
train_0272,C:\Users\tao20\Desktop\Algorithm\AIPlayerDesktop\data\蔡扬的\train\train_0272.json,51,4,False,4,1,4,0, ,6.679151617800983,0,18.189473684210526,0.0,1.9230768860946754,9,0.0,100,12,Iproxy
train_0272,C:\Users\tao20\Desktop\Algorithm\AIPlayerDesktop\data\蔡扬的\train\train_0272.json,52,1,True,5,9,5,8, ,18.80858706424622,0,17.814432989690726,0.0,1.8867924172303319,1,0.0,100,12,Iproxy
train_0272,C:\Users\tao20\Desktop\Algorithm\AIPlayerDesktop\data\蔡扬的\train\train_0272.json,52,2,False,6,5,6,4, ,14.167077717859602,0,17.814432989690726,0.0,1.8867924172303319,4,0.0,100,12,Iproxy
train_0272,C:\Users\tao20\Desktop\Algorithm\AIPlayerDesktop\data\蔡扬的\train\train_0272.json,52,3,False,4,3,4,2, ,7.978398589344113,0,17.814432989690726,0.0,1.8867924172303319,8,0.0,100,12,Iproxy
train_0272,C:\Users\tao20\Desktop\Algorithm\AIPlayerDesktop\data\蔡扬的\train\train_0272.json,52,4,False,4,1,4,0, ,4.884059025086369,0,17.814432989690726,0.0,1.8867924172303319,10,0.0,100,12,pathLen
train_0272,C:\Users\tao20\Desktop\Algorithm\AIPlayerDesktop\data\蔡扬的\train\train_0272.json,53,1,True,5,10,5,9, ,18.338213248691037,0,17.454545454545453,0.0,1.8518518175582999,1,0.0,100,12,Iproxy
train_0272,C:\Users\tao20\Desktop\Algorithm\AIPlayerDesktop\data\蔡扬的\train\train_0272.json,53,2,False,6,5,6,4, ,12.264139287099814,0,17.454545454545453,0.0,1.8518518175582999,5,0.0,100,12,Iproxy
train_0272,C:\Users\tao20\Desktop\Algorithm\AIPlayerDesktop\data\蔡扬的\train\train_0272.json,53,3,False,4,3,4,2, ,6.190065325508591,0,17.454545454545453,0.0,1.8518518175582999,9,0.0,100,12,Iproxy
train_0272,C:\Users\tao20\Desktop\Algorithm\AIPlayerDesktop\data\蔡扬的\train\train_0272.json,53,4,False,4,1,4,0, ,3.153028344712979,0,17.454545454545453,0.0,1.8518518175582999,11,0.0,100,12,pathLen
train_0272,C:\Users\tao20\Desktop\Algorithm\AIPlayerDesktop\data\蔡扬的\train\train_0272.json,54,1,True,5,11,5,10, ,17.883267580896145,0,17.10891089108911,0.0,1.8181817851239677,1,0.0,100,12,Iproxy
train_0272,C:\Users\tao20\Desktop\Algorithm\AIPlayerDesktop\data\蔡扬的\train\train_0272.json,54,2,False,6,5,6,4, ,10.428722261887877,0,17.10891089108911,0.0,1.8181817851239677,6,0.0,100,12,Iproxy
train_0272,C:\Users\tao20\Desktop\Algorithm\AIPlayerDesktop\data\蔡扬的\train\train_0272.json,54,3,False,4,3,4,2, ,4.465086006681265,0,17.10891089108911,0.0,1.8181817851239677,10,0.0,100,12,pathLen
train_0272,C:\Users\tao20\Desktop\Algorithm\AIPlayerDesktop\data\蔡扬的\train\train_0272.json,54,4,False,4,1,4,0, ,1.4832678790779568,0,17.10891089108911,0.0,1.8181817851239677,12,0.0,100,12,pathLen
train_0272,C:\Users\tao20\Desktop\Algorithm\AIPlayerDesktop\data\蔡扬的\train\train_0272.json,55,1,True,5,12,5,11, ,17.44346298071255,0,16.77669902912621,0.0,1.7857142538265314,1,0.0,100,12,Iproxy
train_0272,C:\Users\tao20\Desktop\Algorithm\AIPlayerDesktop\data\蔡扬的\train\train_0272.json,55,2,False,6,5,6,4, ,8.657748851886016,0,16.77669902912621,0.0,1.7857142538265314,7,0.0,100,12,Iproxy
train_0272,C:\Users\tao20\Desktop\Algorithm\AIPlayerDesktop\data\蔡扬的\train\train_0272.json,55,3,False,4,3,4,2, ,2.800606099334992,0,16.77669902912621,0.0,1.7857142538265314,11,0.0,100,12,pathLen
train_0272,C:\Users\tao20\Desktop\Algorithm\AIPlayerDesktop\data\蔡扬的\train\train_0272.json,55,4,False,4,1,4,0, ,-0.12796527694051818,0,16.77669902912621,0.0,1.7857142538265314,13,0.0,100,12,pathLen
train_0272,C:\Users\tao20\Desktop\Algorithm\AIPlayerDesktop\data\蔡扬的\train\train_0272.json,56,1,True,5,13,5,12,G,74.73934145034208,50,23.314285714285713,0.0,1.7543859341335801,1,0.0,150,12,deltaR
train_0272,C:\Users\tao20\Desktop\Algorithm\AIPlayerDesktop\data\蔡扬的\train\train_0272.json,56,2,False,6,5,6,4, ,20.819166188415338,0,23.314285714285713,5.0,1.7543859341335801,8,0.0,100,12,Iproxy
train_0272,C:\Users\tao20\Desktop\Algorithm\AIPlayerDesktop\data\蔡扬的\train\train_0272.json,56,3,False,4,3,4,2, ,13.307637467314336,0,23.314285714285713,3.5714285714285716,1.7543859341335801,12,0.0,100,12,Iproxy
train_0272,C:\Users\tao20\Desktop\Algorithm\AIPlayerDesktop\data\蔡扬的\train\train_0272.json,56,4,False,4,1,4,0, ,9.881337392478123,0,23.314285714285713,3.125,1.7543859341335801,14,0.0,100,12,pathLen
train_0272,C:\Users\tao20\Desktop\Algorithm\AIPlayerDesktop\data\蔡扬的\train\train_0272.json,57,1,True,6,5,6,4, ,6.497539875282719,0,22.87850467289719,0.0,2.586206851961951,9,0.0,150,12,pathLen
train_0272,C:\Users\tao20\Desktop\Algorithm\AIPlayerDesktop\data\蔡扬的\train\train_0272.json,57,2,False,4,3,4,2, ,-1.9852185991524784,0,22.87850467289719,0.0,2.586206851961951,13,0.0,150,12,pathLen
train_0272,C:\Users\tao20\Desktop\Algorithm\AIPlayerDesktop\data\蔡扬的\train\train_0272.json,57,3,False,4,1,4,0, ,-6.226597836370079,0,22.87850467289719,0.0,2.586206851961951,15,0.0,150,12,pathLen
train_0272,C:\Users\tao20\Desktop\Algorithm\AIPlayerDesktop\data\蔡扬的\train\train_0272.json,58,1,True,6,5,6,4, ,8.821873245506676,0,22.87850467289719,0.0,2.542372838264867,8,0.0,150,12,Iproxy
train_0272,C:\Users\tao20\Desktop\Algorithm\AIPlayerDesktop\data\蔡扬的\train\train_0272.json,58,2,False,4,3,4,2, ,0.4828903359979151,0,22.87850467289719,0.0,2.542372838264867,12,0.0,150,12,pathLen
train_0272,C:\Users\tao20\Desktop\Algorithm\AIPlayerDesktop\data\蔡扬的\train\train_0272.json,58,3,False,4,1,4,0, ,-3.6866011187564673,0,22.87850467289719,0.0,2.542372838264867,14,0.0,150,12,pathLen
train_0272,C:\Users\tao20\Desktop\Algorithm\AIPlayerDesktop\data\蔡扬的\train\train_0272.json,59,1,True,6,5,6,4, ,11.08271340110069,0,22.87850467289719,0.0,2.4999999583333343,7,0.0,150,12,Iproxy
train_0272,C:\Users\tao20\Desktop\Algorithm\AIPlayerDesktop\data\蔡扬的\train\train_0272.json,59,2,False,4,3,4,2, ,2.882713537767355,0,22.87850467289719,0.0,2.4999999583333343,11,0.0,150,12,pathLen
train_0272,C:\Users\tao20\Desktop\Algorithm\AIPlayerDesktop\data\蔡扬的\train\train_0272.json,59,3,False,4,1,4,0, ,-1.217286393899311,0,22.87850467289719,0.0,2.4999999583333343,13,0.0,150,12,pathLen
train_0272,C:\Users\tao20\Desktop\Algorithm\AIPlayerDesktop\data\蔡扬的\train\train_0272.json,60,1,True,6,5,6,4, ,13.280651982457965,0,22.87850467289719,0.0,2.4590163531308797,6,0.0,150,12,Iproxy
train_0272,C:\Users\tao20\Desktop\Algorithm\AIPlayerDesktop\data\蔡扬的\train\train_0272.json,60,2,False,4,3,4,2, ,5.215078344188679,0,22.87850467289719,0.0,2.4590163531308797,10,0.0,150,12,pathLen
train_0272,C:\Users\tao20\Desktop\Algorithm\AIPlayerDesktop\data\蔡扬的\train\train_0272.json,60,3,False,4,1,4,0, ,1.182291525054037,0,22.87850467289719,0.0,2.4590163531308797,12,0.0,150,12,pathLen
train_0272,C:\Users\tao20\Desktop\Algorithm\AIPlayerDesktop\data\蔡扬的\train\train_0272.json,61,1,True,6,5,6,4, ,15.416697183484093,0,22.87850467289719,0.0,2.419354799687826,5,0.0,150,12,Iproxy
train_0272,C:\Users\tao20\Desktop\Algorithm\AIPlayerDesktop\data\蔡扬的\train\train_0272.json,61,2,False,4,3,4,2, ,7.481213440508025,0,22.87850467289719,0.0,2.419354799687826,9,0.0,150,12,Iproxy
train_0272,C:\Users\tao20\Desktop\Algorithm\AIPlayerDesktop\data\蔡扬的\train\train_0272.json,61,3,False,4,1,4,0, ,3.513471569019991,0,22.87850467289719,0.0,2.419354799687826,11,0.0,150,12,pathLen
train_0272,C:\Users\tao20\Desktop\Algorithm\AIPlayerDesktop\data\蔡扬的\train\train_0272.json,62,1,True,6,5,6,4, ,17.492159714514898,0,22.87850467289719,0.0,2.380952343159487,4,0.0,150,12,Iproxy
train_0272,C:\Users\tao20\Desktop\Algorithm\AIPlayerDesktop\data\蔡扬的\train\train_0272.json,62,2,False,4,3,4,2, ,9.68263602895178,0,22.87850467289719,0.0,2.380952343159487,8,0.0,150,12,Iproxy
train_0272,C:\Users\tao20\Desktop\Algorithm\AIPlayerDesktop\data\蔡扬的\train\train_0272.json,62,3,False,4,1,4,0, ,5.777874186170223,0,22.87850467289719,0.0,2.380952343159487,10,0.0,150,12,pathLen
train_0272,C:\Users\tao20\Desktop\Algorithm\AIPlayerDesktop\data\蔡扬的\train\train_0272.json,63,1,True,6,5,6,4, ,19.50856372046497,0,22.87850467289719,0.0,2.3437499633789067,3,0.0,150,12,Iproxy
train_0272,C:\Users\tao20\Desktop\Algorithm\AIPlayerDesktop\data\蔡扬的\train\train_0272.json,63,2,False,4,3,4,2, ,11.821063840582156,0,22.87850467289719,0.0,2.3437499633789067,7,0.0,150,12,Iproxy
train_0272,C:\Users\tao20\Desktop\Algorithm\AIPlayerDesktop\data\蔡扬的\train\train_0272.json,63,3,False,4,1,4,0, ,7.977313900640748,0,22.87850467289719,0.0,2.3437499633789067,9,0.0,150,12,Iproxy
train_0272,C:\Users\tao20\Desktop\Algorithm\AIPlayerDesktop\data\蔡扬的\train\train_0272.json,64,1,True,6,5,6,4, ,21.4675774882258,0,22.87850467289719,0.0,2.3076922721893496,2,0.0,150,12,Iproxy
train_0272,C:\Users\tao20\Desktop\Algorithm\AIPlayerDesktop\data\蔡扬的\train\train_0272.json,64,2,False,4,3,4,2, ,13.898346835444734,0,22.87850467289719,0.0,2.3076922721893496,6,0.0,150,12,Iproxy
train_0272,C:\Users\tao20\Desktop\Algorithm\AIPlayerDesktop\data\蔡扬的\train\train_0272.json,64,3,False,4,1,4,0, ,10.113731509054201,0,22.87850467289719,0.0,2.3076922721893496,8,0.0,150,12,Iproxy
train_0272,C:\Users\tao20\Desktop\Algorithm\AIPlayerDesktop\data\蔡扬的\train\train_0272.json,65,1,True,6,5,6,4, ,23.370959826608285,0,22.87850467289719,0.0,2.2727272382920116,1,0.0,150,12,Iproxy
train_0272,C:\Users\tao20\Desktop\Algorithm\AIPlayerDesktop\data\蔡扬的\train\train_0272.json,65,2,False,4,3,4,2, ,15.916414485010487,0,22.87850467289719,0.0,2.2727272382920116,5,0.0,150,12,Iproxy
train_0272,C:\Users\tao20\Desktop\Algorithm\AIPlayerDesktop\data\蔡扬的\train\train_0272.json,65,3,False,4,1,4,0, ,12.189141814211588,0,22.87850467289719,0.0,2.2727272382920116,7,0.0,150,12,Iproxy
train_0272,C:\Users\tao20\Desktop\Algorithm\AIPlayerDesktop\data\蔡扬的\train\train_0272.json,66,1,True,7,5,7,4, ,22.65586487249485,0,22.25454545454545,0.0,2.2388059367342397,1,0.0,150,12,Iproxy
train_0272,C:\Users\tao20\Desktop\Algorithm\AIPlayerDesktop\data\蔡扬的\train\train_0272.json,66,2,False,7,6,7,5, ,20.820044004372775,0,22.25454545454545,0.0,2.2388059367342397,2,0.0,150,12,Iproxy
train_0272,C:\Users\tao20\Desktop\Algorithm\AIPlayerDesktop\data\蔡扬的\train\train_0272.json,66,3,False,4,3,4,2, ,13.476760531884468,0,22.25454545454545,0.0,2.2388059367342397,6,0.0,150,12,Iproxy
train_0272,C:\Users\tao20\Desktop\Algorithm\AIPlayerDesktop\data\蔡扬的\train\train_0272.json,66,4,False,4,1,4,0, ,9.805118795640315,0,22.25454545454545,0.0,2.2388059367342397,8,0.0,150,12,Iproxy
train_0272,C:\Users\tao20\Desktop\Algorithm\AIPlayerDesktop\data\蔡扬的\train\train_0272.json,67,1,True,7,6,7,5, ,21.95010707779985,0,21.663716814159294,0.0,2.205882320501731,1,0.0,150,12,Iproxy
train_0272,C:\Users\tao20\Desktop\Algorithm\AIPlayerDesktop\data\蔡扬的\train\train_0272.json,67,2,False,8,5,8,4, ,21.95010707779985,0,21.663716814159294,0.0,2.205882320501731,1,0.0,150,12,Iproxy
train_0272,C:\Users\tao20\Desktop\Algorithm\AIPlayerDesktop\data\蔡扬的\train\train_0272.json,67,3,False,4,3,4,2, ,11.097166060931333,0,21.663716814159294,0.0,2.205882320501731,7,0.0,150,12,Iproxy
train_0272,C:\Users\tao20\Desktop\Algorithm\AIPlayerDesktop\data\蔡扬的\train\train_0272.json,67,4,False,4,1,4,0, ,7.479519055308494,0,21.663716814159294,0.0,2.205882320501731,9,0.0,150,12,Iproxy
train_0272,C:\Users\tao20\Desktop\Algorithm\AIPlayerDesktop\data\蔡扬的\train\train_0272.json,68,1,True,7,7,7,6, ,21.4720672844755,0,21.28695652173913,0.0,2.1739130119722754,1,0.0,150,12,Iproxy
train_0272,C:\Users\tao20\Desktop\Algorithm\AIPlayerDesktop\data\蔡扬的\train\train_0272.json,68,2,False,8,5,8,4, ,19.689458614658232,0,21.28695652173913,0.0,2.1739130119722754,2,0.0,150,12,Iproxy
train_0272,C:\Users\tao20\Desktop\Algorithm\AIPlayerDesktop\data\蔡扬的\train\train_0272.json,68,3,False,8,7,8,6, ,19.689458614658232,0,21.28695652173913,0.0,2.1739130119722754,2,0.0,150,12,Iproxy
train_0272,C:\Users\tao20\Desktop\Algorithm\AIPlayerDesktop\data\蔡扬的\train\train_0272.json,68,4,False,4,3,4,2, ,8.99380659575464,0,21.28695652173913,0.0,2.1739130119722754,8,0.0,150,12,Iproxy
train_0272,C:\Users\tao20\Desktop\Algorithm\AIPlayerDesktop\data\蔡扬的\train\train_0272.json,68,5,False,4,1,4,0, ,5.428589256120109,0,21.28695652173913,0.0,2.1739130119722754,10,0.0,150,12,pathLen
train_0272,C:\Users\tao20\Desktop\Algorithm\AIPlayerDesktop\data\蔡扬的\train\train_0272.json,69,1,True,7,8,7,7,G,77.72859760611331,50,27.076923076923073,0.0,2.1428571122448985,1,0.0,200,12,deltaR
train_0272,C:\Users\tao20\Desktop\Algorithm\AIPlayerDesktop\data\蔡扬的\train\train_0272.json,69,2,False,8,7,8,6, ,48.22859760611331,0,27.076923076923073,16.666666666666668,2.1428571122448985,1,0.0,150,12,Iproxy
train_0272,C:\Users\tao20\Desktop\Algorithm\AIPlayerDesktop\data\蔡扬的\train\train_0272.json,69,3,False,8,5,8,4, ,36.51431194203168,0,27.076923076923073,10.0,2.1428571122448985,3,0.0,150,12,Iproxy
train_0272,C:\Users\tao20\Desktop\Algorithm\AIPlayerDesktop\data\蔡扬的\train\train_0272.json,69,4,False,4,3,4,2, ,19.262364040695875,0,27.076923076923073,4.545454545454546,2.1428571122448985,9,0.0,150,12,Iproxy
train_0272,C:\Users\tao20\Desktop\Algorithm\AIPlayerDesktop\data\蔡扬的\train\train_0272.json,69,5,False,4,1,4,0, ,14.887938516474382,0,27.076923076923073,3.8461538461538463,2.1428571122448985,11,0.0,150,12,Iproxy
train_0272,C:\Users\tao20\Desktop\Algorithm\AIPlayerDesktop\data\蔡扬的\train\train_0272.json,70,1,True,7,9,7,8, ,26.573015709630763,0,26.621848739495796,0.0,2.8169013687760374,1,0.0,200,12,Iproxy
train_0272,C:\Users\tao20\Desktop\Algorithm\AIPlayerDesktop\data\蔡扬的\train\train_0272.json,70,2,False,8,7,8,6, ,24.263156587234413,0,26.621848739495796,0.0,2.8169013687760374,2,0.0,200,12,Iproxy
train_0272,C:\Users\tao20\Desktop\Algorithm\AIPlayerDesktop\data\蔡扬的\train\train_0272.json,70,3,False,8,5,8,4, ,19.643438342441712,0,26.621848739495796,0.0,2.8169013687760374,4,0.0,200,12,Iproxy
train_0272,C:\Users\tao20\Desktop\Algorithm\AIPlayerDesktop\data\蔡扬的\train\train_0272.json,70,4,False,4,3,4,2, ,5.784283608063607,0,26.621848739495796,0.0,2.8169013687760374,10,0.0,200,12,pathLen
train_0272,C:\Users\tao20\Desktop\Algorithm\AIPlayerDesktop\data\蔡扬的\train\train_0272.json,70,5,False,4,1,4,0, ,1.1645653632709028,0,26.621848739495796,0.0,2.8169013687760374,12,0.0,200,12,pathLen
train_0272,C:\Users\tao20\Desktop\Algorithm\AIPlayerDesktop\data\蔡扬的\train\train_0272.json,71,1,True,7,10,7,9, ,26.010541271065897,0,26.181818181818183,0.0,2.7777777391975316,1,0.0,200,12,Iproxy
train_0272,C:\Users\tao20\Desktop\Algorithm\AIPlayerDesktop\data\蔡扬的\train\train_0272.json,71,2,False,8,7,8,6, ,21.454985778781946,0,26.181818181818183,0.0,2.7777777391975316,3,0.0,200,12,Iproxy
train_0272,C:\Users\tao20\Desktop\Algorithm\AIPlayerDesktop\data\蔡扬的\train\train_0272.json,71,3,False,8,5,8,4, ,16.899430286497996,0,26.181818181818183,0.0,2.7777777391975316,5,0.0,200,12,Iproxy
train_0272,C:\Users\tao20\Desktop\Algorithm\AIPlayerDesktop\data\蔡扬的\train\train_0272.json,71,4,False,4,3,4,2, ,3.2327638096461406,0,26.181818181818183,0.0,2.7777777391975316,11,0.0,200,12,pathLen
train_0272,C:\Users\tao20\Desktop\Algorithm\AIPlayerDesktop\data\蔡扬的\train\train_0272.json,71,5,False,4,1,4,0, ,-1.3227916826378134,0,26.181818181818183,0.0,2.7777777391975316,13,0.0,200,12,pathLen
train_0272,C:\Users\tao20\Desktop\Algorithm\AIPlayerDesktop\data\蔡扬的\train\train_0272.json,72,1,True,7,11,7,10, ,25.457383017298852,0,25.756097560975604,0.0,2.739725989866767,1,0.0,200,12,Iproxy
train_0272,C:\Users\tao20\Desktop\Algorithm\AIPlayerDesktop\data\蔡扬的\train\train_0272.json,72,2,False,8,7,8,6, ,18.717657082226605,0,25.756097560975604,0.0,2.739725989866767,4,0.0,200,12,Iproxy
train_0272,C:\Users\tao20\Desktop\Algorithm\AIPlayerDesktop\data\蔡扬的\train\train_0272.json,72,3,False,8,5,8,4, ,14.224506458845108,0,25.756097560975604,0.0,2.739725989866767,6,0.0,200,12,Iproxy
train_0272,C:\Users\tao20\Desktop\Algorithm\AIPlayerDesktop\data\蔡扬的\train\train_0272.json,72,4,False,4,3,4,2, ,0.745054588700615,0,25.756097560975604,0.0,2.739725989866767,12,0.0,200,12,pathLen
train_0272,C:\Users\tao20\Desktop\Algorithm\AIPlayerDesktop\data\蔡扬的\train\train_0272.json,72,5,False,4,1,4,0, ,-3.7480960346808843,0,25.756097560975604,0.0,2.739725989866767,14,0.0,200,12,pathLen
train_0272,C:\Users\tao20\Desktop\Algorithm\AIPlayerDesktop\data\蔡扬的\train\train_0272.json,73,1,True,7,12,7,11, ,24.91489023551012,0,25.344,0.0,2.702702666179694,1,0.0,200,12,Iproxy
train_0272,C:\Users\tao20\Desktop\Algorithm\AIPlayerDesktop\data\蔡扬的\train\train_0272.json,73,2,False,8,7,8,6, ,16.050025490440724,0,25.344,0.0,2.702702666179694,5,0.0,200,12,Iproxy
train_0272,C:\Users\tao20\Desktop\Algorithm\AIPlayerDesktop\data\蔡扬的\train\train_0272.json,73,3,False,8,5,8,4, ,11.61759311790603,0,25.344,0.0,2.702702666179694,7,0.0,200,12,Iproxy
train_0272,C:\Users\tao20\Desktop\Algorithm\AIPlayerDesktop\data\蔡扬的\train\train_0272.json,73,4,False,4,3,4,2, ,-1.679703999698063,0,25.344,0.0,2.702702666179694,13,0.0,200,12,pathLen
train_0272,C:\Users\tao20\Desktop\Algorithm\AIPlayerDesktop\data\蔡扬的\train\train_0272.json,73,5,False,4,1,4,0, ,-6.112136372232765,0,25.344,0.0,2.702702666179694,15,0.0,200,12,pathLen
train_0272,C:\Users\tao20\Desktop\Algorithm\AIPlayerDesktop\data\蔡扬的\train\train_0272.json,74,1,True,7,13,7,12, ,24.38397244207927,0,24.944881889763778,0.0,2.6666666311111116,1,0.0,200,12,Iproxy
train_0272,C:\Users\tao20\Desktop\Algorithm\AIPlayerDesktop\data\蔡扬的\train\train_0272.json,74,2,False,8,7,8,6, ,13.450639254523715,0,24.944881889763778,0.0,2.6666666311111116,6,0.0,200,12,Iproxy
train_0272,C:\Users\tao20\Desktop\Algorithm\AIPlayerDesktop\data\蔡扬的\train\train_0272.json,74,3,False,8,5,8,4, ,9.077305979501492,0,24.944881889763778,0.0,2.6666666311111116,8,0.0,200,12,Iproxy
train_0272,C:\Users\tao20\Desktop\Algorithm\AIPlayerDesktop\data\蔡扬的\train\train_0272.json,74,4,False,4,3,4,2, ,-4.042693845565175,0,24.944881889763778,0.0,2.6666666311111116,14,0.0,200,12,pathLen
train_0272,C:\Users\tao20\Desktop\Algorithm\AIPlayerDesktop\data\蔡扬的\train\train_0272.json,74,5,False,4,1,4,0, ,-8.416027120587398,0,24.944881889763778,0.0,2.6666666311111116,16,0.0,200,12,pathLen
train_0272,C:\Users\tao20\Desktop\Algorithm\AIPlayerDesktop\data\蔡扬的\train\train_0272.json,75,1,True,8,7,8,6, ,10.917835135048694,0,24.558139534883722,0.0,2.6315789127423828,7,0.0,200,12,Iproxy
train_0272,C:\Users\tao20\Desktop\Algorithm\AIPlayerDesktop\data\蔡扬的\train\train_0272.json,75,2,False,8,5,8,4, ,6.602045718151185,0,24.558139534883722,0.0,2.6315789127423828,9,0.0,200,12,Iproxy
train_0272,C:\Users\tao20\Desktop\Algorithm\AIPlayerDesktop\data\蔡扬的\train\train_0272.json,75,3,False,4,3,4,2, ,-6.3453225325413385,0,24.558139534883722,0.0,2.6315789127423828,15,0.0,200,12,pathLen
train_0272,C:\Users\tao20\Desktop\Algorithm\AIPlayerDesktop\data\蔡扬的\train\train_0272.json,75,4,False,4,1,4,0, ,-10.66111194943884,0,24.558139534883722,0.0,2.6315789127423828,17,0.0,200,12,pathLen
train_0272,C:\Users\tao20\Desktop\Algorithm\AIPlayerDesktop\data\蔡扬的\train\train_0272.json,76,1,True,8,7,8,6, ,13.135403006778215,0,24.558139534883722,0.0,2.5974025636700966,6,0.0,200,12,Iproxy
train_0272,C:\Users\tao20\Desktop\Algorithm\AIPlayerDesktop\data\蔡扬的\train\train_0272.json,76,2,False,8,5,8,4, ,8.875662802359258,0,24.558139534883722,0.0,2.5974025636700966,8,0.0,200,12,Iproxy
train_0272,C:\Users\tao20\Desktop\Algorithm\AIPlayerDesktop\data\蔡扬的\train\train_0272.json,76,3,False,4,3,4,2, ,-3.9035578108976168,0,24.558139534883722,0.0,2.5974025636700966,14,0.0,200,12,pathLen
train_0272,C:\Users\tao20\Desktop\Algorithm\AIPlayerDesktop\data\蔡扬的\train\train_0272.json,76,4,False,4,1,4,0, ,-8.163298015316574,0,24.558139534883722,0.0,2.5974025636700966,16,0.0,200,12,pathLen
train_0272,C:\Users\tao20\Desktop\Algorithm\AIPlayerDesktop\data\蔡扬的\train\train_0272.json,77,1,True,8,7,8,6, ,15.315023662670427,0,24.558139534883722,0.0,2.5641025312294548,5,0.0,200,12,Iproxy
train_0272,C:\Users\tao20\Desktop\Algorithm\AIPlayerDesktop\data\蔡扬的\train\train_0272.json,77,2,False,8,5,8,4, ,11.109895511454123,0,24.558139534883722,0.0,2.5641025312294548,7,0.0,200,12,Iproxy
train_0272,C:\Users\tao20\Desktop\Algorithm\AIPlayerDesktop\data\蔡扬的\train\train_0272.json,77,3,False,4,3,4,2, ,-1.5054889421947948,0,24.558139534883722,0.0,2.5641025312294548,13,0.0,200,12,pathLen
train_0272,C:\Users\tao20\Desktop\Algorithm\AIPlayerDesktop\data\蔡扬的\train\train_0272.json,77,4,False,4,1,4,0, ,-5.7106170934110985,0,24.558139534883722,0.0,2.5641025312294548,15,0.0,200,12,pathLen
train_0272,C:\Users\tao20\Desktop\Algorithm\AIPlayerDesktop\data\蔡扬的\train\train_0272.json,78,1,True,8,7,8,6, ,17.454623014008998,0,24.558139534883722,0.0,2.531645537574107,4,0.0,200,12,Iproxy
train_0272,C:\Users\tao20\Desktop\Algorithm\AIPlayerDesktop\data\蔡扬的\train\train_0272.json,78,2,False,8,5,8,4, ,13.302724332387463,0,24.558139534883722,0.0,2.531645537574107,6,0.0,200,12,Iproxy
train_0272,C:\Users\tao20\Desktop\Algorithm\AIPlayerDesktop\data\蔡扬的\train\train_0272.json,78,3,False,4,3,4,2, ,0.847028287522857,0,24.558139534883722,0.0,2.531645537574107,12,0.0,200,12,pathLen
train_0272,C:\Users\tao20\Desktop\Algorithm\AIPlayerDesktop\data\蔡扬的\train\train_0272.json,78,4,False,4,1,4,0, ,-3.3048703940986783,0,24.558139534883722,0.0,2.531645537574107,14,0.0,200,12,pathLen
train_0272,C:\Users\tao20\Desktop\Algorithm\AIPlayerDesktop\data\蔡扬的\train\train_0272.json,79,1,True,8,7,8,6, ,19.552881523359765,0,24.558139534883722,0.0,2.4999999687500005,3,0.0,200,12,Iproxy
train_0272,C:\Users\tao20\Desktop\Algorithm\AIPlayerDesktop\data\蔡扬的\train\train_0272.json,79,2,False,8,5,8,4, ,15.452881574609766,0,24.558139534883722,0.0,2.4999999687500005,5,0.0,200,12,Iproxy
train_0272,C:\Users\tao20\Desktop\Algorithm\AIPlayerDesktop\data\蔡扬的\train\train_0272.json,79,3,False,4,3,4,2, ,3.1528817283597625,0,24.558139534883722,0.0,2.4999999687500005,11,0.0,200,12,pathLen
train_0272,C:\Users\tao20\Desktop\Algorithm\AIPlayerDesktop\data\蔡扬的\train\train_0272.json,79,4,False,4,1,4,0, ,-0.9471182203902373,0,24.558139534883722,0.0,2.4999999687500005,13,0.0,200,12,pathLen
train_0272,C:\Users\tao20\Desktop\Algorithm\AIPlayerDesktop\data\蔡扬的\train\train_0272.json,80,1,True,8,7,8,6, ,21.609067635813926,0,24.558139534883722,0.0,2.4691357719859783,2,0.0,200,12,Iproxy
train_0272,C:\Users\tao20\Desktop\Algorithm\AIPlayerDesktop\data\蔡扬的\train\train_0272.json,80,2,False,8,5,8,4, ,17.559684969756923,0,24.558139534883722,0.0,2.4691357719859783,4,0.0,200,12,Iproxy
train_0272,C:\Users\tao20\Desktop\Algorithm\AIPlayerDesktop\data\蔡扬的\train\train_0272.json,80,3,False,4,3,4,2, ,5.41153697158591,0,24.558139534883722,0.0,2.4691357719859783,10,0.0,200,12,pathLen
train_0272,C:\Users\tao20\Desktop\Algorithm\AIPlayerDesktop\data\蔡扬的\train\train_0272.json,80,4,False,4,1,4,0, ,1.3621543055289038,0,24.558139534883722,0.0,2.4691357719859783,12,0.0,200,12,pathLen
train_0272,C:\Users\tao20\Desktop\Algorithm\AIPlayerDesktop\data\蔡扬的\train\train_0272.json,81,1,True,8,7,8,6, ,23.6229054105701,0,24.558139534883722,0.0,2.439024360499703,1,0.0,200,12,Iproxy
train_0272,C:\Users\tao20\Desktop\Algorithm\AIPlayerDesktop\data\蔡扬的\train\train_0272.json,81,2,False,8,5,8,4, ,19.62290545935059,0,24.558139534883722,0.0,2.439024360499703,3,0.0,200,12,Iproxy
train_0272,C:\Users\tao20\Desktop\Algorithm\AIPlayerDesktop\data\蔡扬的\train\train_0272.json,81,3,False,4,3,4,2, ,7.622905605692054,0,24.558139534883722,0.0,2.439024360499703,9,0.0,200,12,Iproxy
train_0272,C:\Users\tao20\Desktop\Algorithm\AIPlayerDesktop\data\蔡扬的\train\train_0272.json,81,4,False,4,1,4,0, ,3.6229056544725395,0,24.558139534883722,0.0,2.439024360499703,11,0.0,200,12,pathLen
train_0272,C:\Users\tao20\Desktop\Algorithm\AIPlayerDesktop\data\蔡扬的\train\train_0272.json,82,1,True,9,7,9,6, ,22.99190493515127,0,24.0,0.0,2.4096385251850783,1,0.0,200,12,Iproxy
train_0272,C:\Users\tao20\Desktop\Algorithm\AIPlayerDesktop\data\蔡扬的\train\train_0272.json,82,2,False,9,8,9,7, ,21.016001344499504,0,24.0,0.0,2.4096385251850783,2,0.0,200,12,Iproxy
train_0272,C:\Users\tao20\Desktop\Algorithm\AIPlayerDesktop\data\蔡扬的\train\train_0272.json,82,3,False,8,5,8,4, ,17.064194163195978,0,24.0,0.0,2.4096385251850783,4,0.0,200,12,Iproxy
train_0272,C:\Users\tao20\Desktop\Algorithm\AIPlayerDesktop\data\蔡扬的\train\train_0272.json,82,4,False,4,3,4,2, ,5.208772619285391,0,24.0,0.0,2.4096385251850783,10,0.0,200,12,pathLen
train_0272,C:\Users\tao20\Desktop\Algorithm\AIPlayerDesktop\data\蔡扬的\train\train_0272.json,82,5,False,4,1,4,0, ,1.256965437981865,0,24.0,0.0,2.4096385251850783,12,0.0,200,12,pathLen
train_0272,C:\Users\tao20\Desktop\Algorithm\AIPlayerDesktop\data\蔡扬的\train\train_0272.json,83,1,True,9,8,9,7, ,22.359712474727456,0,23.466666666666665,0.0,2.3809523526077103,1,0.0,200,12,Iproxy
train_0272,C:\Users\tao20\Desktop\Algorithm\AIPlayerDesktop\data\蔡扬的\train\train_0272.json,83,2,False,10,7,10,6, ,22.359712474727456,0,23.466666666666665,0.0,2.3809523526077103,1,0.0,200,12,Iproxy
train_0272,C:\Users\tao20\Desktop\Algorithm\AIPlayerDesktop\data\蔡扬的\train\train_0272.json,83,3,False,8,5,8,4, ,14.550188758174166,0,23.466666666666665,0.0,2.3809523526077103,5,0.0,200,12,Iproxy
train_0272,C:\Users\tao20\Desktop\Algorithm\AIPlayerDesktop\data\蔡扬的\train\train_0272.json,83,4,False,4,3,4,2, ,2.8359031833442323,0,23.466666666666665,0.0,2.3809523526077103,11,0.0,200,12,pathLen
train_0272,C:\Users\tao20\Desktop\Algorithm\AIPlayerDesktop\data\蔡扬的\train\train_0272.json,83,5,False,4,1,4,0, ,-1.068858674932411,0,23.466666666666665,0.0,2.3809523526077103,13,0.0,200,12,pathLen
train_0272,C:\Users\tao20\Desktop\Algorithm\AIPlayerDesktop\data\蔡扬的\train\train_0272.json,84,1,True,10,7,10,6, ,16.668579617181273,0,19.970802919708028,0.0,2.352941148788928,2,0.0,200,12,Iproxy
train_0272,C:\Users\tao20\Desktop\Algorithm\AIPlayerDesktop\data\蔡扬的\train\train_0272.json,84,2,False,8,5,8,4, ,8.950932649153588,0,19.970802919708028,0.0,2.352941148788928,6,0.0,200,12,Iproxy
train_0272,C:\Users\tao20\Desktop\Algorithm\AIPlayerDesktop\data\蔡扬的\train\train_0272.json,84,3,False,4,3,4,2, ,-2.625537802887937,0,19.970802919708028,0.0,2.352941148788928,12,0.0,200,12,pathLen
train_0272,C:\Users\tao20\Desktop\Algorithm\AIPlayerDesktop\data\蔡扬的\train\train_0272.json,84,4,False,4,1,4,0, ,-6.48436128690178,0,19.970802919708028,0.0,2.352941148788928,14,0.0,200,12,pathLen
train_0272,C:\Users\tao20\Desktop\Algorithm\AIPlayerDesktop\data\蔡扬的\train\train_0272.json,84,5,False,9,9,9,8,T,-11.402008640811808,-30,19.970802919708028,0.0,2.352941148788928,1,0.0,170,12,deltaR
train_0272,C:\Users\tao20\Desktop\Algorithm\AIPlayerDesktop\data\蔡扬的\train\train_0272.json,84,6,False,10,9,10,8, ,-13.33142038281873,-30,19.970802919708028,0.0,2.352941148788928,2,0.0,170,12,deltaR
train_0272,C:\Users\tao20\Desktop\Algorithm\AIPlayerDesktop\data\蔡扬的\train\train_0272.json,85,1,True,10,7,10,6, ,18.490120703293726,0,19.970802919708028,0.0,2.3255813683071933,1,0.0,200,12,Iproxy
train_0272,C:\Users\tao20\Desktop\Algorithm\AIPlayerDesktop\data\蔡扬的\train\train_0272.json,85,2,False,8,5,8,4, ,10.862213815246132,0,19.970802919708028,0.0,2.3255813683071933,5,0.0,200,12,Iproxy
train_0272,C:\Users\tao20\Desktop\Algorithm\AIPlayerDesktop\data\蔡扬的\train\train_0272.json,85,3,False,4,3,4,2, ,-0.5796465168252602,0,19.970802919708028,0.0,2.3255813683071933,11,0.0,200,12,pathLen
train_0272,C:\Users\tao20\Desktop\Algorithm\AIPlayerDesktop\data\蔡扬的\train\train_0272.json,85,4,False,4,1,4,0, ,-4.3935999608490555,0,19.970802919708028,0.0,2.3255813683071933,13,0.0,200,12,pathLen
train_0272,C:\Users\tao20\Desktop\Algorithm\AIPlayerDesktop\data\蔡扬的\train\train_0272.json,85,5,False,9,9,9,8,T,-13.416856018718173,-30,19.970802919708028,0.0,2.3255813683071933,2,0.0,170,12,deltaR
train_0272,C:\Users\tao20\Desktop\Algorithm\AIPlayerDesktop\data\蔡扬的\train\train_0272.json,85,6,False,10,9,10,8, ,-15.323832740730072,-30,19.970802919708028,0.0,2.3255813683071933,3,0.0,170,12,deltaR
train_0272,C:\Users\tao20\Desktop\Algorithm\AIPlayerDesktop\data\蔡扬的\train\train_0272.json,86,1,True,11,7,11,6, ,17.938267074467614,0,19.54285714285714,0.0,2.2988505482890744,1,0.0,200,12,Iproxy
train_0272,C:\Users\tao20\Desktop\Algorithm\AIPlayerDesktop\data\蔡扬的\train\train_0272.json,86,2,False,8,5,8,4, ,8.512979826482411,0,19.54285714285714,0.0,2.2988505482890744,6,0.0,200,12,Iproxy
train_0272,C:\Users\tao20\Desktop\Algorithm\AIPlayerDesktop\data\蔡扬的\train\train_0272.json,86,3,False,4,3,4,2, ,-2.797364871099834,0,19.54285714285714,0.0,2.2988505482890744,12,0.0,200,12,pathLen
train_0272,C:\Users\tao20\Desktop\Algorithm\AIPlayerDesktop\data\蔡扬的\train\train_0272.json,86,4,False,4,1,4,0, ,-6.567479770293918,0,19.54285714285714,0.0,2.2988505482890744,14,0.0,200,12,pathLen
train_0272,C:\Users\tao20\Desktop\Algorithm\AIPlayerDesktop\data\蔡扬的\train\train_0272.json,86,5,False,9,9,9,8,T,-15.831847824726466,-30,19.54285714285714,0.0,2.2988505482890744,3,0.0,170,12,deltaR
train_0272,C:\Users\tao20\Desktop\Algorithm\AIPlayerDesktop\data\蔡扬的\train\train_0272.json,86,6,False,10,9,10,8, ,-17.71690527432351,-30,19.54285714285714,0.0,2.2988505482890744,4,0.0,170,12,deltaR
train_0272,C:\Users\tao20\Desktop\Algorithm\AIPlayerDesktop\data\蔡扬的\train\train_0272.json,87,1,True,12,7,12,6,G,72.49584185538562,50,24.167832167832167,0.0,2.2727272469008266,1,0.0,250,12,deltaR
train_0272,C:\Users\tao20\Desktop\Algorithm\AIPlayerDesktop\data\蔡扬的\train\train_0272.json,87,2,False,8,5,8,4, ,18.14735713396688,0,24.167832167832167,5.555555555555555,2.2727272469008266,7,0.0,200,12,Iproxy
train_0272,C:\Users\tao20\Desktop\Algorithm\AIPlayerDesktop\data\蔡扬的\train\train_0272.json,87,3,False,4,3,4,2, ,4.232205745881483,0,24.167832167832167,3.3333333333333335,2.2727272469008266,13,0.0,200,12,pathLen
train_0272,C:\Users\tao20\Desktop\Algorithm\AIPlayerDesktop\data\蔡扬的\train\train_0272.json,87,4,False,4,1,4,0, ,0.02258011978765495,0,24.167832167832167,2.9411764705882355,2.2727272469008266,15,0.0,200,12,pathLen
train_0272,C:\Users\tao20\Desktop\Algorithm\AIPlayerDesktop\data\蔡扬的\train\train_0272.json,87,5,False,9,9,9,8,T,-2.8450671719904177,-30,24.167832167832167,8.333333333333334,2.2727272469008266,4,0.0,170,12,deltaR
train_0272,C:\Users\tao20\Desktop\Algorithm\AIPlayerDesktop\data\蔡扬的\train\train_0272.json,87,6,False,10,9,10,8, ,-6.172989228734808,-30,24.167832167832167,7.142857142857143,2.2727272469008266,5,0.0,170,12,deltaR
train_0272,C:\Users\tao20\Desktop\Algorithm\AIPlayerDesktop\data\蔡扬的\train\train_0272.json,88,1,True,13,7,13,6, ,21.39133314233212,0,23.671232876712324,0.0,2.808988732483273,1,0.0,250,12,Iproxy
train_0272,C:\Users\tao20\Desktop\Algorithm\AIPlayerDesktop\data\蔡扬的\train\train_0272.json,88,2,False,8,5,8,4, ,5.267737817878132,0,23.671232876712324,0.0,2.808988732483273,8,0.0,250,12,Iproxy
train_0272,C:\Users\tao20\Desktop\Algorithm\AIPlayerDesktop\data\蔡扬的\train\train_0272.json,88,3,False,4,3,4,2, ,-8.552486745939571,0,23.671232876712324,0.0,2.808988732483273,14,0.0,250,12,pathLen
train_0272,C:\Users\tao20\Desktop\Algorithm\AIPlayerDesktop\data\蔡扬的\train\train_0272.json,88,4,False,4,1,4,0, ,-13.15922826721214,0,23.671232876712324,0.0,2.808988732483273,16,0.0,250,12,pathLen
train_0272,C:\Users\tao20\Desktop\Algorithm\AIPlayerDesktop\data\蔡扬的\train\train_0272.json,88,5,False,9,9,9,8,T,-17.822149900213017,-30,23.671232876712324,0.0,2.808988732483273,5,0.0,220,12,deltaR
train_0272,C:\Users\tao20\Desktop\Algorithm\AIPlayerDesktop\data\蔡扬的\train\train_0272.json,88,6,False,10,9,10,8, ,-20.1255206608493,-30,23.671232876712324,0.0,2.808988732483273,6,0.0,220,12,deltaR
train_0272,C:\Users\tao20\Desktop\Algorithm\AIPlayerDesktop\data\蔡扬的\train\train_0272.json,89,1,True,8,5,8,4, ,2.547052656939794,0,23.194630872483216,0.0,2.7777777469135807,9,0.0,250,12,pathLen
train_0272,C:\Users\tao20\Desktop\Algorithm\AIPlayerDesktop\data\蔡扬的\train\train_0272.json,89,2,False,4,3,4,2, ,-11.119613857875024,0,23.194630872483216,0.0,2.7777777469135807,15,0.0,250,12,pathLen
train_0272,C:\Users\tao20\Desktop\Algorithm\AIPlayerDesktop\data\蔡扬的\train\train_0272.json,89,3,False,4,1,4,0, ,-15.675169362813293,0,23.194630872483216,0.0,2.7777777469135807,17,0.0,250,12,pathLen
train_0272,C:\Users\tao20\Desktop\Algorithm\AIPlayerDesktop\data\蔡扬的\train\train_0272.json,89,4,False,9,9,9,8,T,-20.6196140856528,-30,23.194630872483216,0.0,2.7777777469135807,6,0.0,220,12,deltaR
train_0272,C:\Users\tao20\Desktop\Algorithm\AIPlayerDesktop\data\蔡扬的\train\train_0272.json,89,5,False,10,9,10,8, ,-22.897391838121933,-30,23.194630872483216,0.0,2.7777777469135807,7,0.0,220,12,deltaR
train_0272,C:\Users\tao20\Desktop\Algorithm\AIPlayerDesktop\data\蔡扬的\train\train_0272.json,90,1,True,8,5,8,4, ,4.888613086364643,0,23.194630872483216,0.0,2.747252717063157,8,0.0,250,12,Iproxy
train_0272,C:\Users\tao20\Desktop\Algorithm\AIPlayerDesktop\data\蔡扬的\train\train_0272.json,90,2,False,4,3,4,2, ,-8.627870281586087,0,23.194630872483216,0.0,2.747252717063157,14,0.0,250,12,pathLen
train_0272,C:\Users\tao20\Desktop\Algorithm\AIPlayerDesktop\data\蔡扬的\train\train_0272.json,90,3,False,4,1,4,0, ,-13.133364737569664,0,23.194630872483216,0.0,2.747252717063157,16,0.0,250,12,pathLen
train_0272,C:\Users\tao20\Desktop\Algorithm\AIPlayerDesktop\data\蔡扬的\train\train_0272.json,90,4,False,9,9,9,8,T,-18.353145229659994,-30,23.194630872483216,0.0,2.747252717063157,5,0.0,220,12,deltaR
train_0272,C:\Users\tao20\Desktop\Algorithm\AIPlayerDesktop\data\蔡扬的\train\train_0272.json,90,5,False,10,9,10,8, ,-20.60589245765178,-30,23.194630872483216,0.0,2.747252717063157,6,0.0,220,12,deltaR
train_0272,C:\Users\tao20\Desktop\Algorithm\AIPlayerDesktop\data\蔡扬的\train\train_0272.json,91,1,True,8,5,8,4, ,7.203595777793563,0,23.194630872483216,0.0,2.7173912748109643,7,0.0,250,12,Iproxy
train_0272,C:\Users\tao20\Desktop\Algorithm\AIPlayerDesktop\data\蔡扬的\train\train_0272.json,91,2,False,4,3,4,2, ,-6.16596929427638,0,23.194630872483216,0.0,2.7173912748109643,13,0.0,250,12,pathLen
train_0272,C:\Users\tao20\Desktop\Algorithm\AIPlayerDesktop\data\蔡扬的\train\train_0272.json,91,3,False,4,1,4,0, ,-10.622490984966362,0,23.194630872483216,0.0,2.7173912748109643,15,0.0,250,12,pathLen
train_0272,C:\Users\tao20\Desktop\Algorithm\AIPlayerDesktop\data\蔡扬的\train\train_0272.json,91,4,False,9,9,9,8,T,-16.111621686171468,-30,23.194630872483216,0.0,2.7173912748109643,4,0.0,220,12,deltaR
train_0272,C:\Users\tao20\Desktop\Algorithm\AIPlayerDesktop\data\蔡扬的\train\train_0272.json,91,5,False,10,9,10,8, ,-18.33988253151646,-30,23.194630872483216,0.0,2.7173912748109643,5,0.0,220,12,deltaR
train_0272,C:\Users\tao20\Desktop\Algorithm\AIPlayerDesktop\data\蔡扬的\train\train_0272.json,92,1,True,8,5,8,4, ,9.488280013736205,0,23.194630872483216,0.0,2.6881720141056773,6,0.0,250,12,Iproxy
train_0272,C:\Users\tao20\Desktop\Algorithm\AIPlayerDesktop\data\蔡扬的\train\train_0272.json,92,2,False,4,3,4,2, ,-3.737526295663727,0,23.194630872483216,0.0,2.6881720141056773,12,0.0,250,12,pathLen
train_0272,C:\Users\tao20\Desktop\Algorithm\AIPlayerDesktop\data\蔡扬的\train\train_0272.json,92,3,False,4,1,4,0, ,-8.146128398797039,0,23.194630872483216,0.0,2.6881720141056773,14,0.0,250,12,pathLen
train_0272,C:\Users\tao20\Desktop\Algorithm\AIPlayerDesktop\data\蔡扬的\train\train_0272.json,92,4,False,9,9,9,8,T,-13.89881683156383,-30,23.194630872483216,0.0,2.6881720141056773,3,0.0,220,12,deltaR
train_0272,C:\Users\tao20\Desktop\Algorithm\AIPlayerDesktop\data\蔡扬的\train\train_0272.json,92,5,False,10,9,10,8, ,-16.103117883130487,-30,23.194630872483216,0.0,2.6881720141056773,4,0.0,220,12,deltaR
train_0272,C:\Users\tao20\Desktop\Algorithm\AIPlayerDesktop\data\蔡扬的\train\train_0272.json,93,1,True,8,5,8,4, ,11.739962822332028,0,23.194630872483216,0.0,2.6595744397917613,5,0.0,250,12,Iproxy
train_0272,C:\Users\tao20\Desktop\Algorithm\AIPlayerDesktop\data\蔡扬的\train\train_0272.json,93,2,False,4,3,4,2, ,-1.345143421443435,0,23.194630872483216,0.0,2.6595744397917613,11,0.0,250,12,pathLen
train_0272,C:\Users\tao20\Desktop\Algorithm\AIPlayerDesktop\data\蔡扬的\train\train_0272.json,93,3,False,4,1,4,0, ,-5.706845502701924,0,23.194630872483216,0.0,2.6595744397917613,13,0.0,250,12,pathLen
train_0272,C:\Users\tao20\Desktop\Algorithm\AIPlayerDesktop\data\蔡扬的\train\train_0272.json,93,4,False,9,9,9,8,T,-11.71748405578024,-30,23.194630872483216,0.0,2.6595744397917613,2,0.0,220,12,deltaR
train_0272,C:\Users\tao20\Desktop\Algorithm\AIPlayerDesktop\data\蔡扬的\train\train_0272.json,93,5,False,10,9,10,8, ,-13.898335096409483,-30,23.194630872483216,0.0,2.6595744397917613,3,0.0,220,12,deltaR
train_0272,C:\Users\tao20\Desktop\Algorithm\AIPlayerDesktop\data\蔡扬的\train\train_0272.json,94,1,True,8,5,8,4, ,13.956744530842242,0,23.194630872483216,0.0,2.6315789196675903,4,0.0,250,12,Iproxy
train_0272,C:\Users\tao20\Desktop\Algorithm\AIPlayerDesktop\data\蔡扬的\train\train_0272.json,94,2,False,4,3,4,2, ,1.0093762460776965,0,23.194630872483216,0.0,2.6315789196675903,10,0.0,250,12,pathLen
train_0272,C:\Users\tao20\Desktop\Algorithm\AIPlayerDesktop\data\蔡扬的\train\train_0272.json,94,3,False,4,1,4,0, ,-3.306413182177149,0,23.194630872483216,0.0,2.6315789196675903,12,0.0,250,12,pathLen
train_0272,C:\Users\tao20\Desktop\Algorithm\AIPlayerDesktop\data\蔡扬的\train\train_0272.json,94,4,False,9,9,9,8,T,-13.885360755030334,-30,23.194630872483216,0.0,2.6315789196675903,3,0.0,220,12,deltaR
train_0272,C:\Users\tao20\Desktop\Algorithm\AIPlayerDesktop\data\蔡扬的\train\train_0272.json,94,5,False,10,9,10,8, ,-16.043255469157756,-30,23.194630872483216,0.0,2.6315789196675903,4,0.0,220,12,deltaR
train_0272,C:\Users\tao20\Desktop\Algorithm\AIPlayerDesktop\data\蔡扬的\train\train_0272.json,95,1,True,8,5,8,4, ,16.137357743582662,0,23.194630872483216,0.0,2.604166639539931,3,0.0,250,12,Iproxy
train_0272,C:\Users\tao20\Desktop\Algorithm\AIPlayerDesktop\data\蔡扬的\train\train_0272.json,95,2,False,4,3,4,2, ,3.324857877046199,0,23.194630872483216,0.0,2.604166639539931,9,0.0,250,12,pathLen
train_0272,C:\Users\tao20\Desktop\Algorithm\AIPlayerDesktop\data\蔡扬的\train\train_0272.json,95,3,False,4,1,4,0, ,-0.9459754117992887,0,23.194630872483216,0.0,2.604166639539931,11,0.0,250,12,pathLen
train_0272,C:\Users\tao20\Desktop\Algorithm\AIPlayerDesktop\data\蔡扬的\train\train_0272.json,95,4,False,9,9,9,8,T,-15.998058900840084,-30,23.194630872483216,0.0,2.604166639539931,4,0.0,220,12,deltaR
train_0272,C:\Users\tao20\Desktop\Algorithm\AIPlayerDesktop\data\蔡扬的\train\train_0272.json,95,5,False,10,9,10,8, ,-18.133475545262826,-30,23.194630872483216,0.0,2.604166639539931,5,0.0,220,12,deltaR
train_0272,C:\Users\tao20\Desktop\Algorithm\AIPlayerDesktop\data\蔡扬的\train\train_0272.json,96,1,True,8,5,8,4, ,18.28103102831401,0,23.194630872483216,0.0,2.577319561058561,2,0.0,250,12,Iproxy
train_0272,C:\Users\tao20\Desktop\Algorithm\AIPlayerDesktop\data\蔡扬的\train\train_0272.json,96,2,False,4,3,4,2, ,5.600618787905891,0,23.194630872483216,0.0,2.577319561058561,8,0.0,250,12,Iproxy
train_0272,C:\Users\tao20\Desktop\Algorithm\AIPlayerDesktop\data\蔡扬的\train\train_0272.json,96,3,False,4,1,4,0, ,1.3738147077698493,0,23.194630872483216,0.0,2.577319561058561,10,0.0,250,12,pathLen
train_0272,C:\Users\tao20\Desktop\Algorithm\AIPlayerDesktop\data\蔡扬的\train\train_0272.json,96,4,False,9,9,9,8,T,-18.05917509189005,-30,23.194630872483216,0.0,2.577319561058561,5,0.0,220,12,deltaR
train_0272,C:\Users\tao20\Desktop\Algorithm\AIPlayerDesktop\data\蔡扬的\train\train_0272.json,96,5,False,10,9,10,8, ,-20.17257713195807,-30,23.194630872483216,0.0,2.577319561058561,6,0.0,220,12,deltaR
train_0272,C:\Users\tao20\Desktop\Algorithm\AIPlayerDesktop\data\蔡扬的\train\train_0272.json,97,1,True,8,5,8,4, ,20.387380340380776,0,23.194630872483216,0.0,2.551020382132445,1,0.0,250,12,Iproxy
train_0272,C:\Users\tao20\Desktop\Algorithm\AIPlayerDesktop\data\蔡扬的\train\train_0272.json,97,2,False,4,3,4,2, ,7.836360060289149,0,23.194630872483216,0.0,2.551020382132445,7,0.0,250,12,Iproxy
train_0272,C:\Users\tao20\Desktop\Algorithm\AIPlayerDesktop\data\蔡扬的\train\train_0272.json,97,3,False,4,1,4,0, ,3.6526866335919372,0,23.194630872483216,0.0,2.551020382132445,9,0.0,250,12,Iproxy
train_0272,C:\Users\tao20\Desktop\Algorithm\AIPlayerDesktop\data\蔡扬的\train\train_0272.json,97,4,False,9,9,9,8,T,-20.07180322636225,-30,23.194630872483216,0.0,2.551020382132445,6,0.0,220,12,deltaR
train_0272,C:\Users\tao20\Desktop\Algorithm\AIPlayerDesktop\data\蔡扬的\train\train_0272.json,97,5,False,10,9,10,8, ,-22.16363993971085,-30,23.194630872483216,0.0,2.551020382132445,7,0.0,220,12,deltaR
train_0272,C:\Users\tao20\Desktop\Algorithm\AIPlayerDesktop\data\蔡扬的\train\train_0272.json,98,1,True,9,5,9,4, ,20.060630693627413,0,22.887417218543046,0.0,2.525252499744924,1,0.0,250,12,Iproxy
train_0272,C:\Users\tao20\Desktop\Algorithm\AIPlayerDesktop\data\蔡扬的\train\train_0272.json,98,2,False,4,3,4,2, ,5.565681345091548,0,22.887417218543046,0.0,2.525252499744924,8,0.0,250,12,Iproxy
train_0272,C:\Users\tao20\Desktop\Algorithm\AIPlayerDesktop\data\蔡扬的\train\train_0272.json,98,3,False,4,1,4,0, ,1.4242672455098742,0,22.887417218543046,0.0,2.525252499744924,10,0.0,250,12,pathLen
train_0272,C:\Users\tao20\Desktop\Algorithm\AIPlayerDesktop\data\蔡扬的\train\train_0272.json,98,4,False,9,9,9,8,T,-22.363611605117615,-30,22.887417218543046,0.0,2.525252499744924,7,0.0,220,12,deltaR
train_0272,C:\Users\tao20\Desktop\Algorithm\AIPlayerDesktop\data\蔡扬的\train\train_0272.json,98,5,False,10,9,10,8, ,-24.434318654908452,-30,22.887417218543046,0.0,2.525252499744924,8,0.0,220,12,deltaR
train_0272,C:\Users\tao20\Desktop\Algorithm\AIPlayerDesktop\data\蔡扬的\train\train_0272.json,99,1,True,10,5,10,4, ,19.725237084176495,0,22.588235294117645,0.0,2.499999975,1,0.0,250,12,Iproxy
train_0272,C:\Users\tao20\Desktop\Algorithm\AIPlayerDesktop\data\蔡扬的\train\train_0272.json,99,2,False,4,3,4,2, ,3.325237248176496,0,22.588235294117645,0.0,2.499999975,9,0.0,250,12,Iproxy
train_0272,C:\Users\tao20\Desktop\Algorithm\AIPlayerDesktop\data\蔡扬的\train\train_0272.json,99,3,False,4,1,4,0, ,-0.7747627108235022,0,22.588235294117645,0.0,2.499999975,11,0.0,250,12,pathLen
train_0272,C:\Users\tao20\Desktop\Algorithm\AIPlayerDesktop\data\蔡扬的\train\train_0272.json,99,4,False,9,9,9,8,T,-24.624762772323503,-30,22.588235294117645,0.0,2.499999975,8,0.0,220,12,deltaR
train_0272,C:\Users\tao20\Desktop\Algorithm\AIPlayerDesktop\data\蔡扬的\train\train_0272.json,99,5,False,10,9,10,8, ,-26.674762751823504,-30,22.588235294117645,0.0,2.499999975,9,0.0,220,12,deltaR
train_0272,C:\Users\tao20\Desktop\Algorithm\AIPlayerDesktop\data\蔡扬的\train\train_0272.json,100,1,True,11,5,11,4, ,19.3849266151651,0,22.296774193548387,0.0,2.4752475002450742,1,0.0,250,12,Iproxy
train_0272,C:\Users\tao20\Desktop\Algorithm\AIPlayerDesktop\data\蔡扬的\train\train_0272.json,100,2,False,4,3,4,2, ,1.117600063356452,0,22.296774193548387,0.0,2.4752475002450742,10,0.0,250,12,pathLen
train_0272,C:\Users\tao20\Desktop\Algorithm\AIPlayerDesktop\data\蔡扬的\train\train_0272.json,100,3,False,4,1,4,0, ,-2.9418058370454716,0,22.296774193548387,0.0,2.4752475002450742,12,0.0,250,12,pathLen
train_0272,C:\Users\tao20\Desktop\Algorithm\AIPlayerDesktop\data\蔡扬的\train\train_0272.json,100,4,False,9,9,9,8,T,-26.852696986442588,-30,22.296774193548387,0.0,2.4752475002450742,9,0.0,220,12,deltaR
train_0272,C:\Users\tao20\Desktop\Algorithm\AIPlayerDesktop\data\蔡扬的\train\train_0272.json,100,5,False,10,9,10,8, ,-28.882399936643548,-30,22.296774193548387,0.0,2.4752475002450742,10,0.0,220,12,deltaR
train_0272,C:\Users\tao20\Desktop\Algorithm\AIPlayerDesktop\data\蔡扬的\train\train_0272.json,101,1,True,12,5,12,4, ,19.042566832121484,0,22.012738853503187,0.0,2.4509803681276434,1,0.0,250,12,Iproxy
train_0272,C:\Users\tao20\Desktop\Algorithm\AIPlayerDesktop\data\蔡扬的\train\train_0272.json,101,2,False,4,3,4,2, ,-1.0554721865251935,0,22.012738853503187,0.0,2.4509803681276434,11,0.0,250,12,pathLen
train_0272,C:\Users\tao20\Desktop\Algorithm\AIPlayerDesktop\data\蔡扬的\train\train_0272.json,101,3,False,4,1,4,0, ,-5.075079990254526,0,22.012738853503187,0.0,2.4509803681276434,13,0.0,250,12,pathLen
train_0272,C:\Users\tao20\Desktop\Algorithm\AIPlayerDesktop\data\蔡扬的\train\train_0272.json,101,4,False,9,9,9,8,T,-29.045668284660525,-30,22.012738853503187,0.0,2.4509803681276434,10,0.0,220,12,deltaR
train_0272,C:\Users\tao20\Desktop\Algorithm\AIPlayerDesktop\data\蔡扬的\train\train_0272.json,101,5,False,10,9,10,8, ,-31.055472186525193,-30,22.012738853503187,0.0,2.4509803681276434,11,0.0,220,12,deltaR
train_0272,C:\Users\tao20\Desktop\Algorithm\AIPlayerDesktop\data\蔡扬的\train\train_0272.json,102,1,True,13,5,13,4, ,18.700352009213056,0,21.735849056603776,0.0,2.42718444245452,1,0.0,250,12,Iproxy
train_0272,C:\Users\tao20\Desktop\Algorithm\AIPlayerDesktop\data\蔡扬的\train\train_0272.json,102,2,False,4,3,4,2, ,-3.192851661726717,0,21.735849056603776,0.0,2.42718444245452,12,0.0,250,12,pathLen
train_0272,C:\Users\tao20\Desktop\Algorithm\AIPlayerDesktop\data\蔡扬的\train\train_0272.json,102,3,False,4,1,4,0, ,-7.173434147352129,0,21.735849056603776,0.0,2.42718444245452,14,0.0,250,12,pathLen
train_0272,C:\Users\tao20\Desktop\Algorithm\AIPlayerDesktop\data\蔡扬的\train\train_0272.json,102,4,False,9,9,9,8,T,-31.202560418914008,-30,21.735849056603776,0.0,2.42718444245452,11,0.0,220,12,deltaR
train_0272,C:\Users\tao20\Desktop\Algorithm\AIPlayerDesktop\data\蔡扬的\train\train_0272.json,102,5,False,10,9,10,8, ,-33.19285166172672,-30,21.735849056603776,0.0,2.42718444245452,12,0.0,220,12,deltaR
train_0272,C:\Users\tao20\Desktop\Algorithm\AIPlayerDesktop\data\蔡扬的\train\train_0272.json,103,1,True,4,3,4,2, ,-5.293896490909869,0,21.465838509316768,0.0,2.4038461307322487,13,0.0,250,12,pathLen
train_0272,C:\Users\tao20\Desktop\Algorithm\AIPlayerDesktop\data\蔡扬的\train\train_0272.json,103,2,False,4,1,4,0, ,-9.236204145310758,0,21.465838509316768,0.0,2.4038461307322487,15,0.0,250,12,pathLen
train_0272,C:\Users\tao20\Desktop\Algorithm\AIPlayerDesktop\data\蔡扬的\train\train_0272.json,103,3,False,9,9,9,8,T,-33.32274266370942,-30,21.465838509316768,0.0,2.4038461307322487,12,0.0,220,12,deltaR
train_0272,C:\Users\tao20\Desktop\Algorithm\AIPlayerDesktop\data\蔡扬的\train\train_0272.json,103,4,False,10,9,10,8, ,-35.29389649090987,-30,21.465838509316768,0.0,2.4038461307322487,13,0.0,220,12,pathLen
train_0272,C:\Users\tao20\Desktop\Algorithm\AIPlayerDesktop\data\蔡扬的\train\train_0272.json,104,1,True,4,3,4,2, ,-3.179478634811151,0,21.465838509316768,0.0,2.380952358276644,12,0.0,250,12,pathLen
train_0272,C:\Users\tao20\Desktop\Algorithm\AIPlayerDesktop\data\蔡扬的\train\train_0272.json,104,2,False,4,1,4,0, ,-7.084240502384848,0,21.465838509316768,0.0,2.380952358276644,14,0.0,250,12,pathLen
train_0272,C:\Users\tao20\Desktop\Algorithm\AIPlayerDesktop\data\蔡扬的\train\train_0272.json,104,3,False,9,9,9,8,T,-31.227097701024306,-30,21.465838509316768,0.0,2.380952358276644,11,0.0,220,12,deltaR
train_0272,C:\Users\tao20\Desktop\Algorithm\AIPlayerDesktop\data\蔡扬的\train\train_0272.json,104,4,False,10,9,10,8, ,-33.17947863481115,-30,21.465838509316768,0.0,2.380952358276644,12,0.0,220,12,deltaR
train_0272,C:\Users\tao20\Desktop\Algorithm\AIPlayerDesktop\data\蔡扬的\train\train_0272.json,105,1,True,4,3,4,2, ,-1.0901006879870536,0,21.465838509316768,0.0,2.358490543787825,11,0.0,250,12,pathLen
train_0272,C:\Users\tao20\Desktop\Algorithm\AIPlayerDesktop\data\蔡扬的\train\train_0272.json,105,2,False,4,1,4,0, ,-4.958025179799087,0,21.465838509316768,0.0,2.358490543787825,13,0.0,250,12,pathLen
train_0272,C:\Users\tao20\Desktop\Algorithm\AIPlayerDesktop\data\蔡扬的\train\train_0272.json,105,3,False,9,9,9,8,T,-29.156138442081037,-30,21.465838509316768,0.0,2.358490543787825,10,0.0,220,12,deltaR
train_0272,C:\Users\tao20\Desktop\Algorithm\AIPlayerDesktop\data\蔡扬的\train\train_0272.json,105,4,False,10,9,10,8, ,-31.090100687987054,-30,21.465838509316768,0.0,2.358490543787825,11,0.0,220,12,deltaR
train_0272,C:\Users\tao20\Desktop\Algorithm\AIPlayerDesktop\data\蔡扬的\train\train_0272.json,106,1,True,4,3,4,2, ,0.9721188484396492,0,21.465838509316768,0.0,2.336448576294873,10,0.0,250,12,pathLen
train_0272,C:\Users\tao20\Desktop\Algorithm\AIPlayerDesktop\data\蔡扬的\train\train_0272.json,106,2,False,4,1,4,0, ,-2.859656816683941,0,21.465838509316768,0.0,2.336448576294873,12,0.0,250,12,pathLen
train_0272,C:\Users\tao20\Desktop\Algorithm\AIPlayerDesktop\data\蔡扬的\train\train_0272.json,106,3,False,9,9,9,8,T,-27.111993318998554,-30,21.465838509316768,0.0,2.336448576294873,9,0.0,220,12,deltaR
train_0272,C:\Users\tao20\Desktop\Algorithm\AIPlayerDesktop\data\蔡扬的\train\train_0272.json,106,4,False,10,9,10,8, ,-29.02788115156035,-30,21.465838509316768,0.0,2.336448576294873,10,0.0,220,12,deltaR
train_0272,C:\Users\tao20\Desktop\Algorithm\AIPlayerDesktop\data\蔡扬的\train\train_0272.json,107,1,True,4,3,4,2, ,3.0056745245660714,0,21.465838509316768,0.0,2.3148147933813448,9,0.0,250,12,Iproxy
train_0272,C:\Users\tao20\Desktop\Algorithm\AIPlayerDesktop\data\蔡扬的\train\train_0272.json,107,2,False,4,1,4,0, ,-0.790621736579336,0,21.465838509316768,0.0,2.3148147933813448,11,0.0,250,12,pathLen
train_0272,C:\Users\tao20\Desktop\Algorithm\AIPlayerDesktop\data\蔡扬的\train\train_0272.json,107,3,False,9,9,9,8,T,-25.096177344861225,-30,21.465838509316768,0.0,2.3148147933813448,8,0.0,220,12,deltaR
train_0272,C:\Users\tao20\Desktop\Algorithm\AIPlayerDesktop\data\蔡扬的\train\train_0272.json,107,4,False,10,9,10,8, ,-26.99432547543393,-30,21.465838509316768,0.0,2.3148147933813448,9,0.0,220,12,deltaR
train_0272,C:\Users\tao20\Desktop\Algorithm\AIPlayerDesktop\data\蔡扬的\train\train_0272.json,108,1,True,4,3,4,2, ,5.009544698653114,0,21.465838509316768,0.0,2.2935779606093765,8,0.0,250,12,Iproxy
train_0272,C:\Users\tao20\Desktop\Algorithm\AIPlayerDesktop\data\蔡扬的\train\train_0272.json,108,2,False,4,1,4,0, ,1.2480768432537381,0,21.465838509316768,0.0,2.2935779606093765,10,0.0,250,12,pathLen
train_0272,C:\Users\tao20\Desktop\Algorithm\AIPlayerDesktop\data\蔡扬的\train\train_0272.json,108,3,False,9,9,9,8,T,-23.109721373647197,-30,21.465838509316768,0.0,2.2935779606093765,7,0.0,220,12,deltaR
train_0272,C:\Users\tao20\Desktop\Algorithm\AIPlayerDesktop\data\蔡扬的\train\train_0272.json,108,4,False,10,9,10,8, ,-24.990455301346884,-30,21.465838509316768,0.0,2.2935779606093765,8,0.0,220,12,deltaR
train_0272,C:\Users\tao20\Desktop\Algorithm\AIPlayerDesktop\data\蔡扬的\train\train_0272.json,109,1,True,4,3,4,2, ,6.983088429815297,0,21.465838509316768,0.0,2.272727252066116,7,0.0,250,12,Iproxy
train_0272,C:\Users\tao20\Desktop\Algorithm\AIPlayerDesktop\data\蔡扬的\train\train_0272.json,109,2,False,4,1,4,0, ,3.255815736426868,0,21.465838509316768,0.0,2.272727252066116,9,0.0,250,12,Iproxy
train_0272,C:\Users\tao20\Desktop\Algorithm\AIPlayerDesktop\data\蔡扬的\train\train_0272.json,109,3,False,9,9,9,8,T,-21.15327522349049,-30,21.465838509316768,0.0,2.272727252066116,6,0.0,220,12,deltaR
train_0272,C:\Users\tao20\Desktop\Algorithm\AIPlayerDesktop\data\蔡扬的\train\train_0272.json,109,4,False,10,9,10,8, ,-23.016911570184703,-30,21.465838509316768,0.0,2.272727252066116,7,0.0,220,12,deltaR
train_0272,C:\Users\tao20\Desktop\Algorithm\AIPlayerDesktop\data\蔡扬的\train\train_0272.json,110,1,True,4,3,4,2, ,8.925963264562629,0,21.465838509316768,0.0,2.2522522319616916,6,0.0,250,12,Iproxy
train_0272,C:\Users\tao20\Desktop\Algorithm\AIPlayerDesktop\data\蔡扬的\train\train_0272.json,110,2,False,4,1,4,0, ,5.232269604145454,0,21.465838509316768,0.0,2.2522522319616916,8,0.0,250,12,Iproxy
train_0272,C:\Users\tao20\Desktop\Algorithm\AIPlayerDesktop\data\蔡扬的\train\train_0272.json,110,3,False,9,9,9,8,T,-22.92088356564596,-30,21.465838509316768,0.0,2.2522522319616916,7,0.0,220,12,deltaR
train_0272,C:\Users\tao20\Desktop\Algorithm\AIPlayerDesktop\data\蔡扬的\train\train_0272.json,110,4,False,10,9,10,8, ,-24.767730395854546,-30,21.465838509316768,0.0,2.2522522319616916,8,0.0,220,12,deltaR
train_0272,C:\Users\tao20\Desktop\Algorithm\AIPlayerDesktop\data\蔡扬的\train\train_0272.json,111,1,True,4,3,4,2, ,10.83805972455228,0,21.465838509316768,0.0,2.2321428372130105,5,0.0,250,12,Iproxy
train_0272,C:\Users\tao20\Desktop\Algorithm\AIPlayerDesktop\data\蔡扬的\train\train_0272.json,111,2,False,4,1,4,0, ,7.177345471522944,0,21.465838509316768,0.0,2.2321428372130105,7,0.0,250,12,Iproxy
train_0272,C:\Users\tao20\Desktop\Algorithm\AIPlayerDesktop\data\蔡扬的\train\train_0272.json,111,3,False,9,9,9,8,T,-24.653011654991722,-30,21.465838509316768,0.0,2.2321428372130105,8,0.0,220,12,deltaR
train_0272,C:\Users\tao20\Desktop\Algorithm\AIPlayerDesktop\data\蔡扬的\train\train_0272.json,111,4,False,10,9,10,8, ,-26.483368781506393,-30,21.465838509316768,0.0,2.2321428372130105,9,0.0,220,12,deltaR
train_0272,C:\Users\tao20\Desktop\Algorithm\AIPlayerDesktop\data\蔡扬的\train\train_0272.json,112,1,True,4,3,4,2, ,12.71944914225124,0,21.465838509316768,0.0,2.2123893609523066,4,0.0,250,12,Iproxy
train_0272,C:\Users\tao20\Desktop\Algorithm\AIPlayerDesktop\data\蔡扬的\train\train_0272.json,112,2,False,4,1,4,0, ,9.091130590289458,0,21.465838509316768,0.0,2.2123893609523066,6,0.0,250,12,Iproxy
train_0272,C:\Users\tao20\Desktop\Algorithm\AIPlayerDesktop\data\蔡扬的\train\train_0272.json,112,3,False,9,9,9,8,T,-26.351347237653215,-30,21.465838509316768,0.0,2.2123893609523066,9,0.0,220,12,deltaR
train_0272,C:\Users\tao20\Desktop\Algorithm\AIPlayerDesktop\data\蔡扬的\train\train_0272.json,112,4,False,10,9,10,8, ,-28.165506513634107,-30,21.465838509316768,0.0,2.2123893609523066,10,0.0,220,12,deltaR
train_0272,C:\Users\tao20\Desktop\Algorithm\AIPlayerDesktop\data\蔡扬的\train\train_0272.json,113,1,True,4,3,4,2, ,14.570342162631139,0,21.465838509316768,0.0,2.192982436903663,3,0.0,250,12,Iproxy
train_0272,C:\Users\tao20\Desktop\Algorithm\AIPlayerDesktop\data\蔡扬的\train\train_0272.json,113,2,False,4,1,4,0, ,10.973850966109133,0,21.465838509316768,0.0,2.192982436903663,5,0.0,250,12,Iproxy
train_0272,C:\Users\tao20\Desktop\Algorithm\AIPlayerDesktop\data\蔡扬的\train\train_0272.json,113,3,False,9,9,9,8,T,-28.017377025195884,-30,21.465838509316768,0.0,2.192982436903663,10,0.0,220,12,deltaR
train_0272,C:\Users\tao20\Desktop\Algorithm\AIPlayerDesktop\data\蔡扬的\train\train_0272.json,113,4,False,10,9,10,8, ,-29.815622623456886,-30,21.465838509316768,0.0,2.192982436903663,11,0.0,220,12,deltaR
train_0272,C:\Users\tao20\Desktop\Algorithm\AIPlayerDesktop\data\蔡扬的\train\train_0272.json,114,1,True,4,3,4,2, ,16.391055766103165,0,21.465838509316768,0.0,2.1739130245746696,2,0.0,250,12,Iproxy
train_0272,C:\Users\tao20\Desktop\Algorithm\AIPlayerDesktop\data\蔡扬的\train\train_0272.json,114,2,False,4,1,4,0, ,12.825838405800706,0,21.465838509316768,0.0,2.1739130245746696,4,0.0,250,12,Iproxy
train_0272,C:\Users\tao20\Desktop\Algorithm\AIPlayerDesktop\data\蔡扬的\train\train_0272.json,114,3,False,9,9,9,8,T,-29.652422355257897,-30,21.465838509316768,0.0,2.1739130245746696,11,0.0,220,12,deltaR
train_0272,C:\Users\tao20\Desktop\Algorithm\AIPlayerDesktop\data\蔡扬的\train\train_0272.json,114,4,False,10,9,10,8, ,-31.435031035409125,-30,21.465838509316768,0.0,2.1739130245746696,12,0.0,220,12,deltaR
train_0272,C:\Users\tao20\Desktop\Algorithm\AIPlayerDesktop\data\蔡扬的\train\train_0272.json,115,1,True,4,3,4,2, ,18.1819870975233,0,21.465838509316768,0.0,2.155172395214031,1,0.0,250,12,Iproxy
train_0272,C:\Users\tao20\Desktop\Algorithm\AIPlayerDesktop\data\蔡扬的\train\train_0272.json,115,2,False,4,1,4,0, ,14.64750436937229,0,21.465838509316768,0.0,2.155172395214031,3,0.0,250,12,Iproxy
train_0272,C:\Users\tao20\Desktop\Algorithm\AIPlayerDesktop\data\蔡扬的\train\train_0272.json,115,3,False,9,9,9,8,T,-31.25766790730726,-30,21.465838509316768,0.0,2.155172395214031,12,0.0,220,12,deltaR
train_0272,C:\Users\tao20\Desktop\Algorithm\AIPlayerDesktop\data\蔡扬的\train\train_0272.json,115,4,False,10,9,10,8, ,-33.02490927138277,-30,21.465838509316768,0.0,2.155172395214031,13,0.0,220,12,deltaR
train_0272,C:\Users\tao20\Desktop\Algorithm\AIPlayerDesktop\data\蔡扬的\train\train_0272.json,116,1,True,5,3,5,2, ,17.9211071156585,0,21.202453987730063,0.0,2.1367521184892984,1,0.0,250,12,Iproxy
train_0272,C:\Users\tao20\Desktop\Algorithm\AIPlayerDesktop\data\蔡扬的\train\train_0272.json,116,2,False,4,1,4,0, ,12.664696904174825,0,21.202453987730063,0.0,2.1367521184892984,4,0.0,250,12,Iproxy
train_0272,C:\Users\tao20\Desktop\Algorithm\AIPlayerDesktop\data\蔡扬的\train\train_0272.json,116,3,False,9,9,9,8,T,-33.104533730276195,-30,21.202453987730063,0.0,2.1367521184892984,13,0.0,220,12,deltaR
train_0272,C:\Users\tao20\Desktop\Algorithm\AIPlayerDesktop\data\蔡扬的\train\train_0272.json,116,4,False,10,9,10,8, ,-34.856670467437425,-30,21.202453987730063,0.0,2.1367521184892984,14,0.0,220,12,deltaR
train_0272,C:\Users\tao20\Desktop\Algorithm\AIPlayerDesktop\data\蔡扬的\train\train_0272.json,117,1,True,6,3,6,2, ,17.647478984415553,0,20.945454545454545,0.0,2.1186440498419996,1,0.0,250,12,Iproxy
train_0272,C:\Users\tao20\Desktop\Algorithm\AIPlayerDesktop\data\蔡扬的\train\train_0272.json,117,2,False,4,1,4,0, ,10.698326500933794,0,20.945454545454545,0.0,2.1186440498419996,5,0.0,250,12,Iproxy
train_0272,C:\Users\tao20\Desktop\Algorithm\AIPlayerDesktop\data\蔡扬的\train\train_0272.json,117,3,False,9,9,9,8,T,-34.937266586900165,-30,20.945454545454545,0.0,2.1186440498419996,14,0.0,220,12,deltaR
train_0272,C:\Users\tao20\Desktop\Algorithm\AIPlayerDesktop\data\蔡扬的\train\train_0272.json,117,4,False,10,9,10,8, ,-36.674554707770604,-30,20.945454545454545,0.0,2.1186440498419996,15,0.0,220,12,pathLen
train_0272,C:\Users\tao20\Desktop\Algorithm\AIPlayerDesktop\data\蔡扬的\train\train_0272.json,118,1,True,7,3,7,2, ,17.36533200200106,0,20.694610778443113,0.0,2.1008403184803335,1,0.0,250,12,Iproxy
train_0272,C:\Users\tao20\Desktop\Algorithm\AIPlayerDesktop\data\蔡扬的\train\train_0272.json,118,2,False,4,1,4,0, ,8.751886696231693,0,20.694610778443113,0.0,2.1008403184803335,6,0.0,250,12,Iproxy
train_0272,C:\Users\tao20\Desktop\Algorithm\AIPlayerDesktop\data\蔡扬的\train\train_0272.json,118,3,False,9,9,9,8,T,-36.75231485415317,-30,20.694610778443113,0.0,2.1008403184803335,15,0.0,220,12,pathLen
train_0272,C:\Users\tao20\Desktop\Algorithm\AIPlayerDesktop\data\蔡扬的\train\train_0272.json,118,4,False,10,9,10,8, ,-38.47500391530704,-30,20.694610778443113,0.0,2.1008403184803335,16,0.0,220,12,pathLen
train_0272,C:\Users\tao20\Desktop\Algorithm\AIPlayerDesktop\data\蔡扬的\train\train_0272.json,119,1,True,8,3,8,2, ,17.07795004884365,0,20.449704142011836,0.0,2.0833333159722223,1,0.0,250,12,Iproxy
train_0272,C:\Users\tao20\Desktop\Algorithm\AIPlayerDesktop\data\蔡扬的\train\train_0272.json,119,2,False,4,1,4,0, ,6.827950134260316,0,20.449704142011836,0.0,2.0833333159722223,7,0.0,250,12,Iproxy
train_0272,C:\Users\tao20\Desktop\Algorithm\AIPlayerDesktop\data\蔡扬的\train\train_0272.json,119,3,False,9,9,9,8,T,-38.547049737614685,-30,20.449704142011836,0.0,2.0833333159722223,16,0.0,220,12,pathLen
train_0272,C:\Users\tao20\Desktop\Algorithm\AIPlayerDesktop\data\蔡扬的\train\train_0272.json,119,4,False,10,9,10,8, ,-40.255383056711906,-30,20.449704142011836,0.0,2.0833333159722223,17,0.0,220,12,pathLen
train_0272,C:\Users\tao20\Desktop\Algorithm\AIPlayerDesktop\data\蔡扬的\train\train_0272.json,120,1,True,9,3,9,2, ,16.787874163381616,0,20.21052631578947,0.0,2.066115685404003,1,0.0,250,12,Iproxy
train_0272,C:\Users\tao20\Desktop\Algorithm\AIPlayerDesktop\data\蔡扬的\train\train_0272.json,120,2,False,4,1,4,0, ,4.928370129162639,0,20.21052631578947,0.0,2.066115685404003,8,0.0,250,12,Iproxy
train_0272,C:\Users\tao20\Desktop\Algorithm\AIPlayerDesktop\data\蔡扬的\train\train_0272.json,120,3,False,9,9,9,8,T,-40.3195636291189,-30,20.21052631578947,0.0,2.066115685404003,17,0.0,220,12,pathLen
train_0272,C:\Users\tao20\Desktop\Algorithm\AIPlayerDesktop\data\蔡扬的\train\train_0272.json,120,4,False,10,9,10,8, ,-42.013778491150184,-30,20.21052631578947,0.0,2.066115685404003,18,0.0,220,12,pathLen
train_0272,C:\Users\tao20\Desktop\Algorithm\AIPlayerDesktop\data\蔡扬的\train\train_0272.json,121,1,True,4,1,4,0, ,0.7392321985030481,0,17.479768786127167,0.0,2.0491803110722926,9,0.0,250,12,pathLen
train_0272,C:\Users\tao20\Desktop\Algorithm\AIPlayerDesktop\data\蔡扬的\train\train_0272.json,121,2,False,10,3,10,2,T,-15.818144960862714,-30,17.479768786127167,0.0,2.0491803110722926,1,0.0,220,12,deltaR
train_0272,C:\Users\tao20\Desktop\Algorithm\AIPlayerDesktop\data\蔡扬的\train\train_0272.json,121,3,False,9,9,9,8,T,-44.38371849721047,-30,17.479768786127167,0.0,2.0491803110722926,18,0.0,220,12,pathLen
train_0272,C:\Users\tao20\Desktop\Algorithm\AIPlayerDesktop\data\蔡扬的\train\train_0272.json,121,4,False,10,9,10,8, ,-46.06404635228975,-30,17.479768786127167,0.0,2.0491803110722926,19,0.0,220,12,pathLen
train_0272,C:\Users\tao20\Desktop\Algorithm\AIPlayerDesktop\data\蔡扬的\train\train_0272.json,122,1,True,4,1,4,0, ,2.4306997052244803,0,17.479768786127167,0.0,2.0325203086786967,8,0.0,250,12,Iproxy
train_0272,C:\Users\tao20\Desktop\Algorithm\AIPlayerDesktop\data\蔡扬的\train\train_0272.json,122,2,False,10,3,10,2,T,-17.56930037607633,-30,17.479768786127167,0.0,2.0325203086786967,2,0.0,220,12,deltaR
train_0272,C:\Users\tao20\Desktop\Algorithm\AIPlayerDesktop\data\蔡扬的\train\train_0272.json,122,3,False,9,9,9,8,T,-42.5693001728243,-30,17.479768786127167,0.0,2.0325203086786967,17,0.0,220,12,pathLen
train_0272,C:\Users\tao20\Desktop\Algorithm\AIPlayerDesktop\data\蔡扬的\train\train_0272.json,122,4,False,10,9,10,8, ,-44.235966825940835,-30,17.479768786127167,0.0,2.0325203086786967,18,0.0,220,12,pathLen
train_0272,C:\Users\tao20\Desktop\Algorithm\AIPlayerDesktop\data\蔡扬的\train\train_0272.json,123,1,True,4,1,4,0, ,4.112932407074831,0,17.479768786127167,0.0,2.0161290159989598,7,0.0,250,12,Iproxy
train_0272,C:\Users\tao20\Desktop\Algorithm\AIPlayerDesktop\data\蔡扬的\train\train_0272.json,123,2,False,10,3,10,2,T,-19.274164420448578,-30,17.479768786127167,0.0,2.0161290159989598,3,0.0,220,12,deltaR
train_0272,C:\Users\tao20\Desktop\Algorithm\AIPlayerDesktop\data\蔡扬的\train\train_0272.json,123,3,False,9,9,9,8,T,-40.76609973099749,-30,17.479768786127167,0.0,2.0161290159989598,16,0.0,220,12,pathLen
train_0272,C:\Users\tao20\Desktop\Algorithm\AIPlayerDesktop\data\蔡扬的\train\train_0272.json,123,4,False,10,9,10,8, ,-42.41932552411664,-30,17.479768786127167,0.0,2.0161290159989598,17,0.0,220,12,pathLen
train_0272,C:\Users\tao20\Desktop\Algorithm\AIPlayerDesktop\data\蔡扬的\train\train_0272.json,124,1,True,4,1,4,0, ,5.782697060630564,0,17.479768786127167,0.0,1.9999999840000002,6,0.0,250,12,Iproxy
train_0272,C:\Users\tao20\Desktop\Algorithm\AIPlayerDesktop\data\蔡扬的\train\train_0272.json,124,2,False,10,3,10,2,T,-20.937302965609437,-30,17.479768786127167,0.0,1.9999999840000002,4,0.0,220,12,deltaR
train_0272,C:\Users\tao20\Desktop\Algorithm\AIPlayerDesktop\data\蔡扬的\train\train_0272.json,124,3,False,9,9,9,8,T,-38.97730282128944,-30,17.479768786127167,0.0,1.9999999840000002,15,0.0,220,12,deltaR
train_0272,C:\Users\tao20\Desktop\Algorithm\AIPlayerDesktop\data\蔡扬的\train\train_0272.json,124,4,False,10,9,10,8, ,-40.61730280816944,-30,17.479768786127167,0.0,1.9999999840000002,16,0.0,220,12,pathLen
train_0272,C:\Users\tao20\Desktop\Algorithm\AIPlayerDesktop\data\蔡扬的\train\train_0272.json,125,1,True,4,1,4,0, ,7.437523629954155,0,17.479768786127167,0.0,1.9841269683799447,5,0.0,250,12,Iproxy
train_0272,C:\Users\tao20\Desktop\Algorithm\AIPlayerDesktop\data\蔡扬的\train\train_0272.json,125,2,False,10,3,10,2,T,-22.562476370045843,-30,17.479768786127167,0.0,1.9841269683799447,5,0.0,220,12,deltaR
train_0272,C:\Users\tao20\Desktop\Algorithm\AIPlayerDesktop\data\蔡扬的\train\train_0272.json,125,3,False,9,9,9,8,T,-37.20533339668984,-30,17.479768786127167,0.0,1.9841269683799447,14,0.0,220,12,deltaR
train_0272,C:\Users\tao20\Desktop\Algorithm\AIPlayerDesktop\data\蔡扬的\train\train_0272.json,125,4,False,10,9,10,8, ,-38.83231751076139,-30,17.479768786127167,0.0,1.9841269683799447,15,0.0,220,12,deltaR
train_0272,C:\Users\tao20\Desktop\Algorithm\AIPlayerDesktop\data\蔡扬的\train\train_0272.json,126,1,True,4,1,4,0, ,9.075549112487293,0,17.479768786127167,0.0,1.9685039215078433,4,0.0,250,12,Iproxy
train_0272,C:\Users\tao20\Desktop\Algorithm\AIPlayerDesktop\data\蔡扬的\train\train_0272.json,126,2,False,10,3,10,2,T,-24.15279731878557,-30,17.479768786127167,0.0,1.9685039215078433,6,0.0,220,12,deltaR
train_0272,C:\Users\tao20\Desktop\Algorithm\AIPlayerDesktop\data\蔡扬的\train\train_0272.json,126,3,False,9,9,9,8,T,-35.45200982824059,-30,17.479768786127167,0.0,1.9685039215078433,13,0.0,220,12,deltaR
train_0272,C:\Users\tao20\Desktop\Algorithm\AIPlayerDesktop\data\蔡扬的\train\train_0272.json,126,4,False,10,9,10,8, ,-37.066183043877025,-30,17.479768786127167,0.0,1.9685039215078433,14,0.0,220,12,deltaR
train_0272,C:\Users\tao20\Desktop\Algorithm\AIPlayerDesktop\data\蔡扬的\train\train_0272.json,127,1,True,4,1,4,0, ,10.695392732346514,0,17.479768786127167,0.0,1.953124984741211,3,0.0,250,12,Iproxy
train_0272,C:\Users\tao20\Desktop\Algorithm\AIPlayerDesktop\data\蔡扬的\train\train_0272.json,127,2,False,10,3,10,2,T,-25.710857217604655,-30,17.479768786127167,0.0,1.953124984741211,7,0.0,220,12,deltaR
train_0272,C:\Users\tao20\Desktop\Algorithm\AIPlayerDesktop\data\蔡扬的\train\train_0272.json,127,3,False,9,9,9,8,T,-33.71866965504363,-30,17.479768786127167,0.0,1.953124984741211,12,0.0,220,12,deltaR
train_0272,C:\Users\tao20\Desktop\Algorithm\AIPlayerDesktop\data\蔡扬的\train\train_0272.json,127,4,False,10,9,10,8, ,-35.32023214253142,-30,17.479768786127167,0.0,1.953124984741211,13,0.0,220,12,deltaR
train_0272,C:\Users\tao20\Desktop\Algorithm\AIPlayerDesktop\data\蔡扬的\train\train_0272.json,128,1,True,4,1,4,0, ,12.296056221625925,0,17.479768786127167,0.0,1.9379844811008955,2,0.0,250,12,Iproxy
train_0272,C:\Users\tao20\Desktop\Algorithm\AIPlayerDesktop\data\蔡扬的\train\train_0272.json,128,2,False,10,3,10,2,T,-27.238827425390483,-30,17.479768786127167,0.0,1.9379844811008955,8,0.0,220,12,deltaR
train_0272,C:\Users\tao20\Desktop\Algorithm\AIPlayerDesktop\data\蔡扬的\train\train_0272.json,128,3,False,9,9,9,8,T,-35.18456379790415,-30,17.479768786127167,0.0,1.9379844811008955,13,0.0,220,12,deltaR
train_0272,C:\Users\tao20\Desktop\Algorithm\AIPlayerDesktop\data\蔡扬的\train\train_0272.json,128,4,False,10,9,10,8, ,-36.77371107240688,-30,17.479768786127167,0.0,1.9379844811008955,14,0.0,220,12,deltaR
train_0272,C:\Users\tao20\Desktop\Algorithm\AIPlayerDesktop\data\蔡扬的\train\train_0272.json,129,1,True,4,1,4,0, ,13.876844166495694,0,17.479768786127167,0.0,1.9230769082840238,1,0.0,250,12,Iproxy
train_0272,C:\Users\tao20\Desktop\Algorithm\AIPlayerDesktop\data\蔡扬的\train\train_0272.json,129,2,False,10,3,10,2,T,-28.7385403518475,-30,17.479768786127167,0.0,1.9230769082840238,9,0.0,220,12,deltaR
train_0272,C:\Users\tao20\Desktop\Algorithm\AIPlayerDesktop\data\蔡扬的\train\train_0272.json,129,3,False,9,9,9,8,T,-36.623155675812,-30,17.479768786127167,0.0,1.9230769082840238,14,0.0,220,12,deltaR
train_0272,C:\Users\tao20\Desktop\Algorithm\AIPlayerDesktop\data\蔡扬的\train\train_0272.json,129,4,False,10,9,10,8, ,-38.200078740604894,-30,17.479768786127167,0.0,1.9230769082840238,15,0.0,220,12,deltaR
train_0272,C:\Users\tao20\Desktop\Algorithm\AIPlayerDesktop\data\蔡扬的\train\train_0272.json,130,1,True,5,1,5,0, ,13.675713178767118,0,17.28,0.0,1.90839693199697,1,0.0,250,12,Iproxy
train_0272,C:\Users\tao20\Desktop\Algorithm\AIPlayerDesktop\data\蔡扬的\train\train_0272.json,130,2,False,10,3,10,2,T,-30.408256179370518,-30,17.28,0.0,1.90839693199697,10,0.0,220,12,deltaR
train_0272,C:\Users\tao20\Desktop\Algorithm\AIPlayerDesktop\data\蔡扬的\train\train_0272.json,130,3,False,9,9,9,8,T,-38.2326836005581,-30,17.28,0.0,1.90839693199697,15,0.0,220,12,deltaR
train_0272,C:\Users\tao20\Desktop\Algorithm\AIPlayerDesktop\data\蔡扬的\train\train_0272.json,130,4,False,10,9,10,8, ,-39.79756908479561,-30,17.28,0.0,1.90839693199697,16,0.0,220,12,pathLen
train_0272,C:\Users\tao20\Desktop\Algorithm\AIPlayerDesktop\data\蔡扬的\train\train_0272.json,131,1,True,6,1,6,0, ,13.466372485623063,0,17.084745762711865,0.0,1.8939393795913684,1,0.0,250,12,Iproxy
train_0272,C:\Users\tao20\Desktop\Algorithm\AIPlayerDesktop\data\蔡扬的\train\train_0272.json,131,2,False,10,3,10,2,T,-32.06393042702616,-30,17.084745762711865,0.0,1.8939393795913684,11,0.0,220,12,deltaR
train_0272,C:\Users\tao20\Desktop\Algorithm\AIPlayerDesktop\data\蔡扬的\train\train_0272.json,131,3,False,9,9,9,8,T,-39.82908188335077,-30,17.084745762711865,0.0,1.8939393795913684,16,0.0,220,12,pathLen
train_0272,C:\Users\tao20\Desktop\Algorithm\AIPlayerDesktop\data\蔡扬的\train\train_0272.json,131,4,False,10,9,10,8, ,-41.382112174615685,-30,17.084745762711865,0.0,1.8939393795913684,17,0.0,220,12,pathLen
train_0272,C:\Users\tao20\Desktop\Algorithm\AIPlayerDesktop\data\蔡扬的\train\train_0272.json,132,1,True,7,1,7,0, ,13.25161010520605,0,16.89385474860335,0.0,1.8796992339872238,1,0.0,250,12,Iproxy
train_0272,C:\Users\tao20\Desktop\Algorithm\AIPlayerDesktop\data\蔡扬的\train\train_0272.json,132,2,False,10,3,10,2,T,-33.703276985358706,-30,16.89385474860335,0.0,1.8796992339872238,12,0.0,220,12,deltaR
train_0272,C:\Users\tao20\Desktop\Algorithm\AIPlayerDesktop\data\蔡扬的\train\train_0272.json,132,3,False,9,9,9,8,T,-41.41004384470632,-30,16.89385474860335,0.0,1.8796992339872238,17,0.0,220,12,pathLen
train_0272,C:\Users\tao20\Desktop\Algorithm\AIPlayerDesktop\data\蔡扬的\train\train_0272.json,132,4,False,10,9,10,8, ,-42.95139721657585,-30,16.89385474860335,0.0,1.8796992339872238,18,0.0,220,12,pathLen
train_0272,C:\Users\tao20\Desktop\Algorithm\AIPlayerDesktop\data\蔡扬的\train\train_0272.json,133,1,True,8,1,8,0, ,13.033594284633484,0,16.707182320441987,0.0,1.8656716278681222,1,0.0,250,12,Iproxy
train_0272,C:\Users\tao20\Desktop\Algorithm\AIPlayerDesktop\data\蔡扬的\train\train_0272.json,133,2,False,10,3,10,2,T,-35.324614533588836,-30,16.707182320441987,0.0,1.8656716278681222,13,0.0,220,12,deltaR
train_0272,C:\Users\tao20\Desktop\Algorithm\AIPlayerDesktop\data\蔡扬的\train\train_0272.json,133,3,False,9,9,9,8,T,-42.97386820784814,-30,16.707182320441987,0.0,1.8656716278681222,18,0.0,220,12,pathLen
train_0272,C:\Users\tao20\Desktop\Algorithm\AIPlayerDesktop\data\蔡扬的\train\train_0272.json,133,4,False,10,9,10,8, ,-44.5037189427,-30,16.707182320441987,0.0,1.8656716278681222,19,0.0,220,12,pathLen
train_0272,C:\Users\tao20\Desktop\Algorithm\AIPlayerDesktop\data\蔡扬的\train\train_0272.json,134,1,True,9,1,9,0, ,12.814005566435478,0,16.524590163934427,0.0,1.8518518381344309,1,0.0,250,12,Iproxy
train_0272,C:\Users\tao20\Desktop\Algorithm\AIPlayerDesktop\data\蔡扬的\train\train_0272.json,134,2,False,10,3,10,2,T,-36.92673502807755,-30,16.524590163934427,0.0,1.8518518381344309,14,0.0,220,12,deltaR
train_0272,C:\Users\tao20\Desktop\Algorithm\AIPlayerDesktop\data\蔡扬的\train\train_0272.json,134,3,False,9,9,9,8,T,-44.51932756442872,-30,16.524590163934427,0.0,1.8518518381344309,19,0.0,220,12,pathLen
train_0272,C:\Users\tao20\Desktop\Algorithm\AIPlayerDesktop\data\蔡扬的\train\train_0272.json,134,4,False,10,9,10,8, ,-46.03784607169895,-30,16.524590163934427,0.0,1.8518518381344309,20,0.0,220,12,pathLen
train_0272,C:\Users\tao20\Desktop\Algorithm\AIPlayerDesktop\data\蔡扬的\train\train_0272.json,135,1,True,10,1,10,0, ,12.594140862424016,0,16.345945945945946,0.0,1.8382352806012112,1,0.0,250,12,Iproxy
train_0272,C:\Users\tao20\Desktop\Algorithm\AIPlayerDesktop\data\蔡扬的\train\train_0272.json,135,2,False,10,3,10,2,T,-38.50880015887789,-30,16.345945945945946,0.0,1.8382352806012112,15,0.0,220,12,deltaR
train_0272,C:\Users\tao20\Desktop\Algorithm\AIPlayerDesktop\data\蔡扬的\train\train_0272.json,135,3,False,9,9,9,8,T,-46.04556480934285,-30,16.345945945945946,0.0,1.8382352806012112,20,0.0,220,12,pathLen
train_0272,C:\Users\tao20\Desktop\Algorithm\AIPlayerDesktop\data\蔡扬的\train\train_0272.json,135,4,False,10,9,10,8, ,-47.55291773943585,-30,16.345945945945946,0.0,1.8382352806012112,21,0.0,220,12,pathLen
train_0272,C:\Users\tao20\Desktop\Algorithm\AIPlayerDesktop\data\蔡扬的\train\train_0272.json,136,1,True,11,1,11,0, ,12.291697994575461,0,16.085106382978722,0.0,1.8248175049283395,1,0.0,250,12,Iproxy
train_0272,C:\Users\tao20\Desktop\Algorithm\AIPlayerDesktop\data\蔡扬的\train\train_0272.json,136,2,False,10,3,10,2,T,-40.15355731604312,-30,16.085106382978722,0.0,1.8248175049283395,16,0.0,220,12,deltaR
train_0272,C:\Users\tao20\Desktop\Algorithm\AIPlayerDesktop\data\蔡扬的\train\train_0272.json,136,3,False,9,9,9,8,T,-47.63530908624931,-30,16.085106382978722,0.0,1.8248175049283395,21,0.0,220,12,pathLen
train_0272,C:\Users\tao20\Desktop\Algorithm\AIPlayerDesktop\data\蔡扬的\train\train_0272.json,136,4,False,10,9,10,8, ,-49.13165944029055,-30,16.085106382978722,0.0,1.8248175049283395,22,0.0,220,12,pathLen
train_0272,C:\Users\tao20\Desktop\Algorithm\AIPlayerDesktop\data\蔡扬的\train\train_0272.json,137,1,True,12,1,12,0,G,65.21018830482268,50,19.602094240837697,0.0,1.8115941897710566,1,0.0,300,12,deltaR
train_0272,C:\Users\tao20\Desktop\Algorithm\AIPlayerDesktop\data\蔡扬的\train\train_0272.json,137,2,False,10,3,10,2,T,-35.32108535971043,-30,19.602094240837697,2.6315789473684212,1.8115941897710566,17,0.0,220,12,pathLen
train_0272,C:\Users\tao20\Desktop\Algorithm\AIPlayerDesktop\data\蔡扬的\train\train_0272.json,137,3,False,9,9,9,8,T,-43.42296364303492,-30,19.602094240837697,2.0833333333333335,1.8115941897710566,22,0.0,220,12,pathLen
train_0272,C:\Users\tao20\Desktop\Algorithm\AIPlayerDesktop\data\蔡扬的\train\train_0272.json,137,4,False,10,9,10,8, ,-45.010970878647186,-30,19.602094240837697,2.0,1.8115941897710566,23,0.0,220,12,pathLen
train_0272,C:\Users\tao20\Desktop\Algorithm\AIPlayerDesktop\data\蔡扬的\train\train_0272.json,138,1,True,13,1,13,0, ,14.548843832742858,0,19.298969072164947,0.0,2.1582733657678177,1,0.0,300,12,Iproxy
train_0272,C:\Users\tao20\Desktop\Algorithm\AIPlayerDesktop\data\蔡扬的\train\train_0272.json,138,2,False,10,3,10,2,T,-45.53748688606052,-30,19.298969072164947,0.0,2.1582733657678177,18,0.0,270,12,pathLen
train_0272,C:\Users\tao20\Desktop\Algorithm\AIPlayerDesktop\data\蔡扬的\train\train_0272.json,138,3,False,9,9,9,8,T,-54.38640768570857,-30,19.298969072164947,0.0,2.1582733657678177,23,0.0,270,12,pathLen
train_0272,C:\Users\tao20\Desktop\Algorithm\AIPlayerDesktop\data\蔡扬的\train\train_0272.json,138,4,False,10,9,10,8, ,-56.15619184563818,-30,19.298969072164947,0.0,2.1582733657678177,24,0.0,270,12,pathLen
train_0272,C:\Users\tao20\Desktop\Algorithm\AIPlayerDesktop\data\蔡扬的\train\train_0272.json,139,1,True,10,3,10,2,T,-47.44330941405389,-30,19.00507614213198,0.0,2.1428571275510206,19,0.0,270,12,pathLen
train_0272,C:\Users\tao20\Desktop\Algorithm\AIPlayerDesktop\data\蔡扬的\train\train_0272.json,139,2,False,9,9,9,8,T,-56.22902363701308,-30,19.00507614213198,0.0,2.1428571275510206,24,0.0,270,12,pathLen
train_0272,C:\Users\tao20\Desktop\Algorithm\AIPlayerDesktop\data\蔡扬的\train\train_0272.json,139,3,False,10,9,10,8, ,-57.98616648160491,-30,19.00507614213198,0.0,2.1428571275510206,25,0.0,270,12,pathLen
train_0272,C:\Users\tao20\Desktop\Algorithm\AIPlayerDesktop\data\蔡扬的\train\train_0272.json,140,1,True,10,3,10,2,T,-45.564023530602576,-30,19.00507614213198,0.0,2.127659559378301,18,0.0,270,12,pathLen
train_0272,C:\Users\tao20\Desktop\Algorithm\AIPlayerDesktop\data\蔡扬的\train\train_0272.json,140,2,False,9,9,9,8,T,-54.28742772405361,-30,19.00507614213198,0.0,2.127659559378301,23,0.0,270,12,pathLen
train_0272,C:\Users\tao20\Desktop\Algorithm\AIPlayerDesktop\data\蔡扬的\train\train_0272.json,140,3,False,10,9,10,8, ,-56.032108562743815,-30,19.00507614213198,0.0,2.127659559378301,24,0.0,270,12,pathLen
train_0272,C:\Users\tao20\Desktop\Algorithm\AIPlayerDesktop\data\蔡扬的\train\train_0272.json,141,1,True,10,3,10,2,T,-43.69221090602753,-30,19.00507614213198,0.0,2.112676041460028,17,0.0,270,12,pathLen
train_0272,C:\Users\tao20\Desktop\Algorithm\AIPlayerDesktop\data\蔡扬的\train\train_0272.json,141,2,False,9,9,9,8,T,-52.35418267601365,-30,19.00507614213198,0.0,2.112676041460028,22,0.0,270,12,pathLen
train_0272,C:\Users\tao20\Desktop\Algorithm\AIPlayerDesktop\data\蔡扬的\train\train_0272.json,141,3,False,10,9,10,8, ,-54.08657703001087,-30,19.00507614213198,0.0,2.112676041460028,23,0.0,270,12,pathLen
train_0272,C:\Users\tao20\Desktop\Algorithm\AIPlayerDesktop\data\蔡扬的\train\train_0272.json,142,1,True,10,3,10,2,T,-41.83137298318814,-30,19.00507614213198,0.0,2.097902083231454,16,0.0,270,12,pathLen
train_0272,C:\Users\tao20\Desktop\Algorithm\AIPlayerDesktop\data\蔡扬的\train\train_0272.json,142,2,False,9,9,9,8,T,-50.4327715244371,-30,19.00507614213198,0.0,2.097902083231454,21,0.0,270,12,pathLen
train_0272,C:\Users\tao20\Desktop\Algorithm\AIPlayerDesktop\data\蔡扬的\train\train_0272.json,142,3,False,10,9,10,8, ,-52.15305123268689,-30,19.00507614213198,0.0,2.097902083231454,22,0.0,270,12,pathLen
train_0272,C:\Users\tao20\Desktop\Algorithm\AIPlayerDesktop\data\蔡扬的\train\train_0272.json,143,1,True,10,3,10,2,T,-39.98421008373345,-30,19.00507614213198,0.0,2.083333318865741,15,0.0,270,12,pathLen
train_0272,C:\Users\tao20\Desktop\Algorithm\AIPlayerDesktop\data\蔡扬的\train\train_0272.json,143,2,False,9,9,9,8,T,-48.525876691082985,-30,19.00507614213198,0.0,2.083333318865741,20,0.0,270,12,pathLen
train_0272,C:\Users\tao20\Desktop\Algorithm\AIPlayerDesktop\data\蔡扬的\train\train_0272.json,143,3,False,10,9,10,8, ,-50.23421001255289,-30,19.00507614213198,0.0,2.083333318865741,21,0.0,270,12,pathLen
train_0272,C:\Users\tao20\Desktop\Algorithm\AIPlayerDesktop\data\蔡扬的\train\train_0272.json,144,1,True,10,3,10,2,T,-38.15278432420558,-30,19.00507614213198,0.0,2.068965502972652,14,0.0,270,12,deltaR
train_0272,C:\Users\tao20\Desktop\Algorithm\AIPlayerDesktop\data\蔡扬的\train\train_0272.json,144,2,False,9,9,9,8,T,-46.63554288639345,-30,19.00507614213198,0.0,2.068965502972652,19,0.0,270,12,pathLen
train_0272,C:\Users\tao20\Desktop\Algorithm\AIPlayerDesktop\data\蔡扬的\train\train_0272.json,144,3,False,10,9,10,8, ,-48.33209459883103,-30,19.00507614213198,0.0,2.068965502972652,20,0.0,270,12,pathLen
train_0272,C:\Users\tao20\Desktop\Algorithm\AIPlayerDesktop\data\蔡扬的\train\train_0272.json,145,1,True,10,3,10,2,T,-36.33864985980824,-30,19.00507614213198,0.0,2.05479450647401,13,0.0,270,12,deltaR
train_0272,C:\Users\tao20\Desktop\Algorithm\AIPlayerDesktop\data\蔡扬的\train\train_0272.json,145,2,False,9,9,9,8,T,-44.76330733635169,-30,19.00507614213198,0.0,2.05479450647401,18,0.0,270,12,pathLen
train_0272,C:\Users\tao20\Desktop\Algorithm\AIPlayerDesktop\data\蔡扬的\train\train_0272.json,145,3,False,10,9,10,8, ,-46.44823883166037,-30,19.00507614213198,0.0,2.05479450647401,19,0.0,270,12,pathLen
train_0272,C:\Users\tao20\Desktop\Algorithm\AIPlayerDesktop\data\蔡扬的\train\train_0272.json,146,1,True,10,3,10,2,T,-34.54295699381939,-30,19.00507614213198,0.0,2.0408163126475083,12,0.0,270,12,deltaR
train_0272,C:\Users\tao20\Desktop\Algorithm\AIPlayerDesktop\data\蔡扬的\train\train_0272.json,146,2,False,9,9,9,8,T,-42.91030387567417,-30,19.00507614213198,0.0,2.0408163126475083,17,0.0,270,12,pathLen
train_0272,C:\Users\tao20\Desktop\Algorithm\AIPlayerDesktop\data\蔡扬的\train\train_0272.json,146,3,False,10,9,10,8, ,-44.58377325204512,-30,19.00507614213198,0.0,2.0408163126475083,18,0.0,270,12,pathLen
train_0272,C:\Users\tao20\Desktop\Algorithm\AIPlayerDesktop\data\蔡扬的\train\train_0272.json,147,1,True,10,3,10,2,T,-32.76653538287069,-30,19.00507614213198,0.0,2.0270270133308985,11,0.0,270,12,deltaR
train_0272,C:\Users\tao20\Desktop\Algorithm\AIPlayerDesktop\data\蔡扬的\train\train_0272.json,147,2,False,9,9,9,8,T,-41.07734613752737,-30,19.00507614213198,0.0,2.0270270133308985,16,0.0,270,12,pathLen
train_0272,C:\Users\tao20\Desktop\Algorithm\AIPlayerDesktop\data\蔡扬的\train\train_0272.json,147,3,False,10,9,10,8, ,-42.73950828845871,-30,19.00507614213198,0.0,2.0270270133308985,17,0.0,270,12,pathLen
train_0272,C:\Users\tao20\Desktop\Algorithm\AIPlayerDesktop\data\蔡扬的\train\train_0272.json,148,1,True,10,3,10,2,T,-31.009960522120593,-30,19.00507614213198,0.0,2.0134228052790415,10,0.0,270,12,deltaR
train_0272,C:\Users\tao20\Desktop\Algorithm\AIPlayerDesktop\data\蔡扬的\train\train_0272.json,148,2,False,9,9,9,8,T,-39.264994023764665,-30,19.00507614213198,0.0,2.0134228052790415,15,0.0,270,12,pathLen
train_0272,C:\Users\tao20\Desktop\Algorithm\AIPlayerDesktop\data\蔡扬的\train\train_0272.json,148,3,False,10,9,10,8, ,-40.91600072409348,-30,19.00507614213198,0.0,2.0134228052790415,16,0.0,270,12,pathLen
train_0272,C:\Users\tao20\Desktop\Algorithm\AIPlayerDesktop\data\蔡扬的\train\train_0272.json,149,1,True,10,3,10,2,T,-29.27360685739763,-30,19.00507614213198,0.0,1.999999986666667,9,0.0,270,12,deltaR
train_0272,C:\Users\tao20\Desktop\Algorithm\AIPlayerDesktop\data\蔡扬的\train\train_0272.json,149,2,False,9,9,9,8,T,-37.47360680273096,-30,19.00507614213198,0.0,1.999999986666667,14,0.0,270,12,deltaR
train_0272,C:\Users\tao20\Desktop\Algorithm\AIPlayerDesktop\data\蔡扬的\train\train_0272.json,149,3,False,10,9,10,8, ,-39.11360679179763,-30,19.00507614213198,0.0,1.999999986666667,15,0.0,270,12,deltaR
train_0272,C:\Users\tao20\Desktop\Algorithm\AIPlayerDesktop\data\蔡扬的\train\train_0272.json,150,1,True,10,3,10,2,T,-27.557690201839222,-30,19.00507614213198,0.0,1.9867549537300997,8,0.0,270,12,deltaR
train_0272,C:\Users\tao20\Desktop\Algorithm\AIPlayerDesktop\data\蔡扬的\train\train_0272.json,150,2,False,9,9,9,8,T,-35.70338551213263,-30,19.00507614213198,0.0,1.9867549537300997,13,0.0,270,12,deltaR
train_0272,C:\Users\tao20\Desktop\Algorithm\AIPlayerDesktop\data\蔡扬的\train\train_0272.json,150,3,False,10,9,10,8, ,-37.33252457419131,-30,19.00507614213198,0.0,1.9867549537300997,14,0.0,270,12,deltaR
train_0272,C:\Users\tao20\Desktop\Algorithm\AIPlayerDesktop\data\蔡扬的\train\train_0272.json,151,1,True,10,3,10,2,T,-25.862301598915984,-30,19.00507614213198,0.0,1.9736841975415513,7,0.0,270,12,deltaR
train_0272,C:\Users\tao20\Desktop\Algorithm\AIPlayerDesktop\data\蔡扬的\train\train_0272.json,151,2,False,9,9,9,8,T,-33.954406808836346,-30,19.00507614213198,0.0,1.9736841975415513,12,0.0,270,12,deltaR
train_0272,C:\Users\tao20\Desktop\Algorithm\AIPlayerDesktop\data\蔡扬的\train\train_0272.json,151,3,False,10,9,10,8, ,-35.57282785082042,-30,19.00507614213198,0.0,1.9736841975415513,13,0.0,270,12,deltaR
train_0272,C:\Users\tao20\Desktop\Algorithm\AIPlayerDesktop\data\蔡扬的\train\train_0272.json,152,1,True,10,3,10,2,T,-24.187434345230386,-30,19.00507614213198,0.0,1.9607843009099066,6,0.0,270,12,deltaR
train_0272,C:\Users\tao20\Desktop\Algorithm\AIPlayerDesktop\data\蔡扬的\train\train_0272.json,152,2,False,9,9,9,8,T,-35.44233623245325,-30,19.00507614213198,0.0,1.9607843009099066,13,0.0,270,12,deltaR
train_0272,C:\Users\tao20\Desktop\Algorithm\AIPlayerDesktop\data\蔡扬的\train\train_0272.json,152,3,False,10,9,10,8, ,-37.050179359199376,-30,19.00507614213198,0.0,1.9607843009099066,14,0.0,270,12,deltaR
train_0272,C:\Users\tao20\Desktop\Algorithm\AIPlayerDesktop\data\蔡扬的\train\train_0272.json,153,1,True,10,3,10,2,T,-22.53300554368385,-30,19.00507614213198,0.0,1.9480519354022603,5,0.0,270,12,deltaR
train_0272,C:\Users\tao20\Desktop\Algorithm\AIPlayerDesktop\data\蔡扬的\train\train_0272.json,153,2,False,9,9,9,8,T,-36.90962882695253,-30,19.00507614213198,0.0,1.9480519354022603,14,0.0,270,12,deltaR
train_0272,C:\Users\tao20\Desktop\Algorithm\AIPlayerDesktop\data\蔡扬的\train\train_0272.json,153,3,False,10,9,10,8, ,-38.50703141398238,-30,19.00507614213198,0.0,1.9480519354022603,15,0.0,270,12,deltaR
train_0272,C:\Users\tao20\Desktop\Algorithm\AIPlayerDesktop\data\蔡扬的\train\train_0272.json,154,1,True,10,3,10,2,T,-20.89887328337619,-30,19.00507614213198,0.0,1.9354838584807494,4,0.0,270,12,deltaR
train_0272,C:\Users\tao20\Desktop\Algorithm\AIPlayerDesktop\data\蔡扬的\train\train_0272.json,154,2,False,9,9,9,8,T,-38.35693768687255,-30,19.00507614213198,0.0,1.9354838584807494,15,0.0,270,12,deltaR
train_0272,C:\Users\tao20\Desktop\Algorithm\AIPlayerDesktop\data\蔡扬的\train\train_0272.json,154,3,False,10,9,10,8, ,-39.94403445082676,-30,19.00507614213198,0.0,1.9354838584807494,16,0.0,270,12,pathLen
train_0272,C:\Users\tao20\Desktop\Algorithm\AIPlayerDesktop\data\蔡扬的\train\train_0272.json,155,1,True,10,3,10,2,T,-19.28485032322292,-30,19.00507614213198,0.0,1.923076910749507,3,0.0,270,12,deltaR
train_0272,C:\Users\tao20\Desktop\Algorithm\AIPlayerDesktop\data\蔡扬的\train\train_0272.json,155,2,False,9,9,9,8,T,-39.78485019181266,-30,19.00507614213198,0.0,1.923076910749507,16,0.0,270,12,pathLen
train_0272,C:\Users\tao20\Desktop\Algorithm\AIPlayerDesktop\data\蔡扬的\train\train_0272.json,155,3,False,10,9,10,8, ,-41.36177325862725,-30,19.00507614213198,0.0,1.923076910749507,17,0.0,270,12,pathLen
train_0272,C:\Users\tao20\Desktop\Algorithm\AIPlayerDesktop\data\蔡扬的\train\train_0272.json,156,1,True,10,3,10,2,T,-17.69071498077817,-30,19.00507614213198,0.0,1.910828013306828,2,0.0,270,12,deltaR
train_0272,C:\Users\tao20\Desktop\Algorithm\AIPlayerDesktop\data\蔡扬的\train\train_0272.json,156,2,False,9,9,9,8,T,-41.19389954445215,-30,19.00507614213198,0.0,1.910828013306828,17,0.0,270,12,pathLen
train_0272,C:\Users\tao20\Desktop\Algorithm\AIPlayerDesktop\data\蔡扬的\train\train_0272.json,156,3,False,10,9,10,8, ,-42.760778515363754,-30,19.00507614213198,0.0,1.910828013306828,18,0.0,270,12,pathLen
train_0272,C:\Users\tao20\Desktop\Algorithm\AIPlayerDesktop\data\蔡扬的\train\train_0272.json,157,1,True,10,3,10,2,T,-16.116219787357913,-30,19.00507614213198,0.0,1.898734165197885,1,0.0,270,12,deltaR
train_0272,C:\Users\tao20\Desktop\Algorithm\AIPlayerDesktop\data\蔡扬的\train\train_0272.json,157,2,False,9,9,9,8,T,-42.584574050216425,-30,19.00507614213198,0.0,1.898734165197885,18,0.0,270,12,pathLen
train_0272,C:\Users\tao20\Desktop\Algorithm\AIPlayerDesktop\data\蔡扬的\train\train_0272.json,157,3,False,10,9,10,8, ,-44.14153606567869,-30,19.00507614213198,0.0,1.898734165197885,19,0.0,270,12,pathLen
train_0272,C:\Users\tao20\Desktop\Algorithm\AIPlayerDesktop\data\蔡扬的\train\train_0272.json,158,1,True,11,3,11,2, ,13.95717087956032,0,18.909090909090903,0.0,1.6981131968672125,1,0.0,270,12,Iproxy
train_0272,C:\Users\tao20\Desktop\Algorithm\AIPlayerDesktop\data\蔡扬的\train\train_0272.json,158,2,False,9,9,9,8,T,-41.10697990619974,-30,18.909090909090903,0.0,1.6981131968672125,19,0.0,240,12,pathLen
train_0272,C:\Users\tao20\Desktop\Algorithm\AIPlayerDesktop\data\蔡扬的\train\train_0272.json,158,3,False,10,9,10,8, ,-42.49943272763085,-30,18.909090909090903,0.0,1.6981131968672125,20,0.0,240,12,pathLen
train_0272,C:\Users\tao20\Desktop\Algorithm\AIPlayerDesktop\data\蔡扬的\train\train_0272.json,159,1,True,12,3,12,2, ,13.867033369810201,0,18.814070351758797,0.0,1.687499989453125,1,0.0,270,12,Iproxy
train_0272,C:\Users\tao20\Desktop\Algorithm\AIPlayerDesktop\data\蔡扬的\train\train_0272.json,159,2,False,9,9,9,8,T,-42.424216465869485,-30,18.814070351758797,0.0,1.687499989453125,20,0.0,240,12,pathLen
train_0272,C:\Users\tao20\Desktop\Algorithm\AIPlayerDesktop\data\蔡扬的\train\train_0272.json,159,3,False,10,9,10,8, ,-43.80796645722105,-30,18.814070351758797,0.0,1.687499989453125,21,0.0,240,12,pathLen
train_0272,C:\Users\tao20\Desktop\Algorithm\AIPlayerDesktop\data\蔡扬的\train\train_0272.json,160,1,True,13,3,13,2, ,13.770896245688041,0,18.720000000000002,0.0,1.677018623124108,1,0.0,270,12,Iproxy
train_0272,C:\Users\tao20\Desktop\Algorithm\AIPlayerDesktop\data\蔡扬的\train\train_0272.json,160,2,False,9,9,9,8,T,-43.73220917354733,-30,18.720000000000002,0.0,1.677018623124108,21,0.0,240,12,pathLen
train_0272,C:\Users\tao20\Desktop\Algorithm\AIPlayerDesktop\data\蔡扬的\train\train_0272.json,160,3,False,10,9,10,8, ,-45.1073644445091,-30,18.720000000000002,0.0,1.677018623124108,22,0.0,240,12,pathLen
train_0272,C:\Users\tao20\Desktop\Algorithm\AIPlayerDesktop\data\蔡扬的\train\train_0272.json,161,1,True,9,9,9,8,T,-45.02978555643127,-30,18.626865671641795,0.0,1.666666656378601,22,0.0,240,12,pathLen
train_0272,C:\Users\tao20\Desktop\Algorithm\AIPlayerDesktop\data\蔡扬的\train\train_0272.json,161,2,False,10,9,10,8, ,-46.39645221466173,-30,18.626865671641795,0.0,1.666666656378601,23,0.0,240,12,pathLen
train_0272,C:\Users\tao20\Desktop\Algorithm\AIPlayerDesktop\data\蔡扬的\train\train_0272.json,162,1,True,9,9,9,8,T,-43.51409896223883,-30,18.626865671641795,0.0,1.656441707629192,21,0.0,240,12,pathLen
train_0272,C:\Users\tao20\Desktop\Algorithm\AIPlayerDesktop\data\蔡扬的\train\train_0272.json,162,2,False,10,9,10,8, ,-44.87238116249477,-30,18.626865671641795,0.0,1.656441707629192,22,0.0,240,12,pathLen
train_0272,C:\Users\tao20\Desktop\Algorithm\AIPlayerDesktop\data\蔡扬的\train\train_0272.json,163,1,True,9,9,9,8,T,-42.01181553743227,-30,18.626865671641795,0.0,1.6463414533759668,20,0.0,240,12,pathLen
train_0272,C:\Users\tao20\Desktop\Algorithm\AIPlayerDesktop\data\蔡扬的\train\train_0272.json,163,2,False,10,9,10,8, ,-43.36181552920056,-30,18.626865671641795,0.0,1.6463414533759668,21,0.0,240,12,pathLen
train_0272,C:\Users\tao20\Desktop\Algorithm\AIPlayerDesktop\data\蔡扬的\train\train_0272.json,164,1,True,9,9,9,8,T,-40.523675358261286,-30,18.626865671641795,0.0,1.636363626446281,19,0.0,240,12,pathLen
train_0272,C:\Users\tao20\Desktop\Algorithm\AIPlayerDesktop\data\蔡扬的\train\train_0272.json,164,2,False,10,9,10,8, ,-41.86549353194724,-30,18.626865671641795,0.0,1.636363626446281,20,0.0,240,12,pathLen
train_0272,C:\Users\tao20\Desktop\Algorithm\AIPlayerDesktop\data\蔡扬的\train\train_0272.json,165,1,True,9,9,9,8,T,-39.050210314198466,-30,18.626865671641795,0.0,1.6265060142981567,18,0.0,240,12,deltaR
train_0272,C:\Users\tao20\Desktop\Algorithm\AIPlayerDesktop\data\蔡扬的\train\train_0272.json,165,2,False,10,9,10,8, ,-40.38394524592296,-30,18.626865671641795,0.0,1.6265060142981567,19,0.0,240,12,pathLen
train_0272,C:\Users\tao20\Desktop\Algorithm\AIPlayerDesktop\data\蔡扬的\train\train_0272.json,166,1,True,9,9,9,8,T,-37.59178714704301,-30,18.626865671641795,0.0,1.616766457384632,17,0.0,240,12,deltaR
train_0272,C:\Users\tao20\Desktop\Algorithm\AIPlayerDesktop\data\蔡扬的\train\train_0272.json,166,2,False,10,9,10,8, ,-38.91753564209841,-30,18.626865671641795,0.0,1.616766457384632,18,0.0,240,12,deltaR
train_0272,C:\Users\tao20\Desktop\Algorithm\AIPlayerDesktop\data\蔡扬的\train\train_0272.json,167,1,True,9,9,9,8,T,-36.148641841660165,-30,18.626865671641795,0.0,1.6071428475765306,16,0.0,240,12,deltaR
train_0272,C:\Users\tao20\Desktop\Algorithm\AIPlayerDesktop\data\蔡扬的\train\train_0272.json,167,2,False,10,9,10,8, ,-37.46649897667292,-30,18.626865671641795,0.0,1.6071428475765306,17,0.0,240,12,deltaR
train_0272,C:\Users\tao20\Desktop\Algorithm\AIPlayerDesktop\data\蔡扬的\train\train_0272.json,168,1,True,9,9,9,8,T,-34.72090709942702,-30,18.626865671641795,0.0,1.597633126641224,15,0.0,240,12,deltaR
train_0272,C:\Users\tao20\Desktop\Algorithm\AIPlayerDesktop\data\蔡扬的\train\train_0272.json,168,2,False,10,9,10,8, ,-36.03096626327282,-30,18.626865671641795,0.0,1.597633126641224,16,0.0,240,12,deltaR
train_0272,C:\Users\tao20\Desktop\Algorithm\AIPlayerDesktop\data\蔡扬的\train\train_0272.json,169,1,True,9,9,9,8,T,-33.308634279185064,-30,18.626865671641795,0.0,1.5882352847750867,14,0.0,240,12,deltaR
train_0272,C:\Users\tao20\Desktop\Algorithm\AIPlayerDesktop\data\蔡扬的\train\train_0272.json,169,2,False,10,9,10,8, ,-34.610987212700635,-30,18.626865671641795,0.0,1.5882352847750867,15,0.0,240,12,deltaR
train_0272,C:\Users\tao20\Desktop\Algorithm\AIPlayerDesktop\data\蔡扬的\train\train_0272.json,170,1,True,9,9,9,8,T,-31.91181091348689,-30,18.626865671641795,0.0,1.5789473591874423,13,0.0,240,12,deltaR
train_0272,C:\Users\tao20\Desktop\Algorithm\AIPlayerDesktop\data\蔡扬的\train\train_0272.json,170,2,False,10,9,10,8, ,-33.20654774802059,-30,18.626865671641795,0.0,1.5789473591874423,14,0.0,240,12,deltaR
train_0272,C:\Users\tao20\Desktop\Algorithm\AIPlayerDesktop\data\蔡扬的\train\train_0272.json,171,1,True,9,9,9,8,T,-30.530374686315774,-30,18.626865671641795,0.0,1.5697674327339104,12,0.0,240,12,deltaR
train_0272,C:\Users\tao20\Desktop\Algorithm\AIPlayerDesktop\data\蔡扬的\train\train_0272.json,171,2,False,10,9,10,8, ,-31.81758398115758,-30,18.626865671641795,0.0,1.5697674327339104,13,0.0,240,12,deltaR
train_0272,C:\Users\tao20\Desktop\Algorithm\AIPlayerDesktop\data\蔡扬的\train\train_0272.json,172,1,True,9,9,9,8,T,-29.164224581172633,-30,18.626865671641795,0.0,1.5606936325971466,11,0.0,240,12,deltaR
train_0272,C:\Users\tao20\Desktop\Algorithm\AIPlayerDesktop\data\蔡扬的\train\train_0272.json,172,2,False,10,9,10,8, ,-30.443993359902294,-30,18.626865671641795,0.0,1.5606936325971466,12,0.0,240,12,deltaR
train_0272,C:\Users\tao20\Desktop\Algorithm\AIPlayerDesktop\data\蔡扬的\train\train_0272.json,173,1,True,9,9,9,8,T,-27.813229766599445,-30,18.626865671641795,0.0,1.5517241290130797,10,0.0,240,12,deltaR
train_0272,C:\Users\tao20\Desktop\Algorithm\AIPlayerDesktop\data\蔡扬的\train\train_0272.json,173,2,False,10,9,10,8, ,-29.08564355239017,-30,18.626865671641795,0.0,1.5517241290130797,11,0.0,240,12,deltaR
train_0272,C:\Users\tao20\Desktop\Algorithm\AIPlayerDesktop\data\蔡扬的\train\train_0272.json,174,1,True,9,9,9,8,T,-26.477236672750074,-30,18.626865671641795,0.0,1.5428571340408164,9,0.0,240,12,deltaR
train_0272,C:\Users\tao20\Desktop\Algorithm\AIPlayerDesktop\data\蔡扬的\train\train_0272.json,174,2,False,10,9,10,8, ,-27.742379522663544,-30,18.626865671641795,0.0,1.5428571340408164,10,0.0,240,12,deltaR
train_0272,C:\Users\tao20\Desktop\Algorithm\AIPlayerDesktop\data\蔡扬的\train\train_0272.json,175,1,True,9,9,9,8,T,-25.156074621854792,-30,18.626865671641795,0.0,1.5340909003744836,8,0.0,240,12,deltaR
train_0272,C:\Users\tao20\Desktop\Algorithm\AIPlayerDesktop\data\蔡扬的\train\train_0272.json,175,2,False,10,9,10,8, ,-26.414029160161867,-30,18.626865671641795,0.0,1.5340909003744836,9,0.0,240,12,deltaR
train_0272,C:\Users\tao20\Desktop\Algorithm\AIPlayerDesktop\data\蔡扬的\train\train_0272.json,176,1,True,9,9,9,8,T,-23.849560302814925,-30,18.626865671641795,0.0,1.5254237201953462,7,0.0,240,12,deltaR
train_0272,C:\Users\tao20\Desktop\Algorithm\AIPlayerDesktop\data\蔡扬的\train\train_0272.json,176,2,False,10,9,10,8, ,-25.10040775337511,-30,18.626865671641795,0.0,1.5254237201953462,8,0.0,240,12,deltaR
train_0272,C:\Users\tao20\Desktop\Algorithm\AIPlayerDesktop\data\蔡扬的\train\train_0272.json,177,1,True,9,9,9,8,T,-22.55750132207809,-30,18.626865671641795,0.0,1.5168539240626184,6,0.0,240,12,deltaR
train_0272,C:\Users\tao20\Desktop\Algorithm\AIPlayerDesktop\data\蔡扬的\train\train_0272.json,177,2,False,10,9,10,8, ,-23.801321539809436,-30,18.626865671641795,0.0,1.5168539240626184,7,0.0,240,12,deltaR
train_0272,C:\Users\tao20\Desktop\Algorithm\AIPlayerDesktop\data\蔡扬的\train\train_0272.json,178,1,True,9,9,9,8,T,-21.27969901647706,-30,18.626865671641795,0.0,1.5083798798414532,5,0.0,240,12,deltaR
train_0272,C:\Users\tao20\Desktop\Algorithm\AIPlayerDesktop\data\蔡扬的\train\train_0272.json,178,2,False,10,9,10,8, ,-22.516570517947052,-30,18.626865671641795,0.0,1.5083798798414532,6,0.0,240,12,deltaR
train_0272,C:\Users\tao20\Desktop\Algorithm\AIPlayerDesktop\data\蔡扬的\train\train_0272.json,179,1,True,9,9,9,8,T,-20.015950676543447,-30,18.626865671641795,0.0,1.4999999916666666,4,0.0,240,12,deltaR
train_0272,C:\Users\tao20\Desktop\Algorithm\AIPlayerDesktop\data\蔡扬的\train\train_0272.json,179,2,False,10,9,10,8, ,-21.245950669710112,-30,18.626865671641795,0.0,1.4999999916666666,5,0.0,240,12,deltaR
train_0272,C:\Users\tao20\Desktop\Algorithm\AIPlayerDesktop\data\蔡扬的\train\train_0272.json,180,1,True,9,9,9,8,T,-18.76605129907092,-30,18.626865671641795,0.0,1.4917126989408138,3,0.0,240,12,deltaR
train_0272,C:\Users\tao20\Desktop\Algorithm\AIPlayerDesktop\data\蔡扬的\train\train_0272.json,180,2,False,10,9,10,8, ,-19.989255712202386,-30,18.626865671641795,0.0,1.4917126989408138,4,0.0,240,12,deltaR
train_0272,C:\Users\tao20\Desktop\Algorithm\AIPlayerDesktop\data\蔡扬的\train\train_0272.json,181,1,True,9,9,9,8,T,-17.529794963915393,-30,18.626865671641795,0.0,1.483516475365294,2,0.0,240,12,deltaR
train_0272,C:\Users\tao20\Desktop\Algorithm\AIPlayerDesktop\data\蔡扬的\train\train_0272.json,181,2,False,10,9,10,8, ,-18.746278473714934,-30,18.626865671641795,0.0,1.483516475365294,3,0.0,240,12,deltaR
train_0272,C:\Users\tao20\Desktop\Algorithm\AIPlayerDesktop\data\蔡扬的\train\train_0272.json,182,1,True,9,9,9,8,T,-16.30697591099079,-30,18.626865671641795,0.0,1.475409828003225,1,0.0,240,12,deltaR
train_0272,C:\Users\tao20\Desktop\Algorithm\AIPlayerDesktop\data\蔡扬的\train\train_0272.json,182,2,False,10,9,10,8, ,-17.516811969953434,-30,18.626865671641795,0.0,1.475409828003225,2,0.0,240,12,deltaR
train_0272,C:\Users\tao20\Desktop\Algorithm\AIPlayerDesktop\data\蔡扬的\train\train_0272.json,183,1,True,10,9,10,8, ,11.933036805140926,0,16.315270935960587,0.0,1.3043478189981097,1,0.0,240,12,Iproxy
train_0272,C:\Users\tao20\Desktop\Algorithm\AIPlayerDesktop\data\蔡扬的\train\train_0272.json,183,2,False,9,10,9,9,T,-18.066963194859074,-30,16.315270935960587,0.0,1.3043478189981097,1,0.0,210,12,deltaR
train_0272,C:\Users\tao20\Desktop\Algorithm\AIPlayerDesktop\data\蔡扬的\train\train_0272.json,184,1,True,11,9,11,8, ,11.752816585661426,0,16.15609756097561,0.0,1.2972972902848796,1,0.0,240,12,Iproxy
train_0272,C:\Users\tao20\Desktop\Algorithm\AIPlayerDesktop\data\蔡扬的\train\train_0272.json,184,2,False,9,10,9,9,T,-19.310967192372175,-30,16.15609756097561,0.0,1.2972972902848796,2,0.0,210,12,deltaR
train_0272,C:\Users\tao20\Desktop\Algorithm\AIPlayerDesktop\data\蔡扬的\train\train_0272.json,185,1,True,12,9,12,8, ,11.569110270457964,0,16.0,0.0,1.2903225737079431,1,0.0,240,12,Iproxy
train_0272,C:\Users\tao20\Desktop\Algorithm\AIPlayerDesktop\data\蔡扬的\train\train_0272.json,185,2,False,9,10,9,9,T,-20.54701875042306,-30,16.0,0.0,1.2903225737079431,3,0.0,210,12,deltaR
train_0272,C:\Users\tao20\Desktop\Algorithm\AIPlayerDesktop\data\蔡扬的\train\train_0272.json,186,1,True,13,9,13,8, ,11.383385848929251,0,15.846889952153111,0.0,1.2834224530298264,1,0.0,240,12,Iproxy
train_0272,C:\Users\tao20\Desktop\Algorithm\AIPlayerDesktop\data\蔡扬的\train\train_0272.json,186,2,False,9,10,9,9,T,-21.773833385524124,-30,15.846889952153111,0.0,1.2834224530298264,4,0.0,210,12,deltaR
train_0272,C:\Users\tao20\Desktop\Algorithm\AIPlayerDesktop\data\蔡扬的\train\train_0272.json,187,1,True,9,10,9,9,T,-22.990448912826942,-30,15.696682464454975,0.0,1.2765957378904482,5,0.0,210,12,deltaR
train_0272,C:\Users\tao20\Desktop\Algorithm\AIPlayerDesktop\data\蔡扬的\train\train_0272.json,188,1,True,9,10,9,9,T,-21.9809448023054,-30,15.696682464454975,0.0,1.269841263122533,4,0.0,210,12,deltaR
train_0272,C:\Users\tao20\Desktop\Algorithm\AIPlayerDesktop\data\蔡扬的\train\train_0272.json,189,1,True,9,10,9,9,T,-20.970801121391464,-30,15.696682464454975,0.0,1.2631578880886427,3,0.0,210,12,deltaR
train_0272,C:\Users\tao20\Desktop\Algorithm\AIPlayerDesktop\data\蔡扬的\train\train_0272.json,190,1,True,9,10,9,9,T,-19.962219496141348,-30,15.696682464454975,0.0,1.2565444960390342,2,0.0,210,12,deltaR
train_0272,C:\Users\tao20\Desktop\Algorithm\AIPlayerDesktop\data\蔡扬的\train\train_0272.json,191,1,True,9,10,9,9,T,-18.95692956205393,-30,15.696682464454975,0.0,1.2499999934895833,1,0.0,210,12,deltaR
train_0272,C:\Users\tao20\Desktop\Algorithm\AIPlayerDesktop\data\蔡扬的\train\train_0272.json,192,1,True,9,11,9,10, ,11.020134328034313,0,15.549295774647886,0.0,1.0880828959166688,1,0.0,210,12,Iproxy
train_0272,C:\Users\tao20\Desktop\Algorithm\AIPlayerDesktop\data\蔡扬的\train\train_0272.json,192,2,False,10,11,10,10, ,10.127906353382645,0,15.549295774647886,0.0,1.0880828959166688,2,0.0,210,12,Iproxy
train_0272,C:\Users\tao20\Desktop\Algorithm\AIPlayerDesktop\data\蔡扬的\train\train_0272.json,193,1,True,9,12,9,11, ,10.862205440655158,0,15.404651162790696,0.0,1.0824742212243597,1,0.0,210,12,Iproxy
train_0272,C:\Users\tao20\Desktop\Algorithm\AIPlayerDesktop\data\蔡扬的\train\train_0272.json,193,2,False,10,11,10,10, ,10.862205440655158,0,15.404651162790696,0.0,1.0824742212243597,1,0.0,210,12,Iproxy
train_0272,C:\Users\tao20\Desktop\Algorithm\AIPlayerDesktop\data\蔡扬的\train\train_0272.json,194,1,True,9,13,9,12,G,63.22901883435024,50,18.580645161290324,0.0,1.0769230714003946,1,0.0,260,12,deltaR
train_0272,C:\Users\tao20\Desktop\Algorithm\AIPlayerDesktop\data\蔡扬的\train\train_0272.json,194,2,False,10,11,10,10, ,27.72094191580193,0,18.580645161290324,12.5,1.0769230714003946,2,0.0,210,12,Iproxy
train_0272,C:\Users\tao20\Desktop\Algorithm\AIPlayerDesktop\data\蔡扬的\train\train_0272.json,195,1,True,10,11,10,10, ,10.650423744655257,0,18.410958904109588,0.0,1.3265306054768846,3,0.0,260,12,Iproxy
train_0272,C:\Users\tao20\Desktop\Algorithm\AIPlayerDesktop\data\蔡扬的\train\train_0272.json,196,1,True,10,11,10,10, ,11.693598734450813,0,18.410958904109588,0.0,1.319796947615244,2,0.0,260,12,Iproxy
train_0272,C:\Users\tao20\Desktop\Algorithm\AIPlayerDesktop\data\蔡扬的\train\train_0272.json,197,1,True,10,11,10,10, ,12.736799412739495,0,18.410958904109588,0.0,1.3131313064993368,1,0.0,260,12,Iproxy
train_0272,C:\Users\tao20\Desktop\Algorithm\AIPlayerDesktop\data\蔡扬的\train\train_0272.json,198,1,True,11,11,11,10,T,-18.92687759922831,-30,16.289592760180998,0.0,1.3065326567510922,1,0.0,230,12,deltaR
train_0272,C:\Users\tao20\Desktop\Algorithm\AIPlayerDesktop\data\蔡扬的\train\train_0272.json,198,2,False,11,12,11,11, ,-19.998234377764202,-30,16.289592760180998,0.0,1.3065326567510922,2,0.0,230,12,deltaR
train_0272,C:\Users\tao20\Desktop\Algorithm\AIPlayerDesktop\data\蔡扬的\train\train_0272.json,199,1,True,11,12,11,11, ,11.012402785832196,0,16.143497757847534,0.0,1.14999999425,1,0.0,230,12,Iproxy
train_0272,C:\Users\tao20\Desktop\Algorithm\AIPlayerDesktop\data\蔡扬的\train\train_0272.json,199,2,False,12,11,12,10, ,11.012402785832196,0,16.143497757847534,0.0,1.14999999425,1,0.0,230,12,Iproxy
train_0272,C:\Users\tao20\Desktop\Algorithm\AIPlayerDesktop\data\蔡扬的\train\train_0272.json,200,1,True,11,13,11,12, ,10.828657148763988,0,15.999999999999996,0.0,1.1442786012722457,1,0.0,230,12,Iproxy
train_0272,C:\Users\tao20\Desktop\Algorithm\AIPlayerDesktop\data\蔡扬的\train\train_0272.json,200,2,False,12,11,12,10, ,9.890348695720746,0,15.999999999999996,0.0,1.1442786012722457,2,0.0,230,12,Iproxy
train_0272,C:\Users\tao20\Desktop\Algorithm\AIPlayerDesktop\data\蔡扬的\train\train_0272.json,200,3,False,12,13,12,12, ,9.890348695720746,0,15.999999999999996,0.0,1.1442786012722457,2,0.0,230,12,Iproxy
train_0272,C:\Users\tao20\Desktop\Algorithm\AIPlayerDesktop\data\蔡扬的\train\train_0272.json,201,1,True,12,13,12,12, ,10.646005267313816,0,15.859030837004406,0.0,1.1386138557494363,1,0.0,230,12,Iproxy
train_0272,C:\Users\tao20\Desktop\Algorithm\AIPlayerDesktop\data\蔡扬的\train\train_0272.json,201,2,False,12,11,12,10, ,8.778678543884741,0,15.859030837004406,0.0,1.1386138557494363,3,0.0,230,12,Iproxy
train_0272,C:\Users\tao20\Desktop\Algorithm\AIPlayerDesktop\data\蔡扬的\train\train_0272.json,202,1,True,13,13,13,12, ,10.415222423465554,0,15.652173913043478,0.0,1.1219512140392625,1,0.0,230,12,Iproxy
train_0272,C:\Users\tao20\Desktop\Algorithm\AIPlayerDesktop\data\蔡扬的\train\train_0272.json,202,2,False,12,11,12,10, ,7.65522243692897,0,15.652173913043478,0.0,1.1219512140392625,4,0.0,230,12,Iproxy
train_0272,C:\Users\tao20\Desktop\Algorithm\AIPlayerDesktop\data\蔡扬的\train\train_0272.json,203,1,False,12,11,12,10, ,6.488438617209916,0,15.450643776824034,0.0,1.1219512140392625,5,0.0,230,12,Iproxy
