case_id,maze_file,step,rank,selected,real_r,real_c,local_r,local_c,tile,score,deltaR,Iproxy,tailGain,qEff,pathLen,margin,projectedR,unknownCompSum,dominant_term
train_0076,C:\Users\tao20\Desktop\Algorithm\AIPlayerDesktop\data\蔡扬的\train\train_0076.json,0,1,True,1,1,1,0,G,100.61693333333334,50,62.999999999999986,0.0,1.0,1,0.0,50,12,Iproxy
train_0076,C:\Users\tao20\Desktop\Algorithm\AIPlayerDesktop\data\蔡扬的\train\train_0076.json,0,2,False,1,2,1,1, ,99.79693333333333,50,62.999999999999986,0.0,1.0,2,0.0,50,12,Iproxy
train_0076,C:\Users\tao20\Desktop\Algorithm\AIPlayerDesktop\data\蔡扬的\train\train_0076.json,1,1,True,1,2,1,1, ,27.81861796929311,0,53.05263157894736,0.0,24.99998750000625,1,0.0,50,12,Iproxy
train_0076,C:\Users\tao20\Desktop\Algorithm\AIPlayerDesktop\data\蔡扬的\train\train_0076.json,1,2,False,2,1,2,0, ,27.81861796929311,0,53.05263157894736,0.0,24.99998750000625,1,0.0,50,12,Iproxy
train_0076,C:\Users\tao20\Desktop\Algorithm\AIPlayerDesktop\data\蔡扬的\train\train_0076.json,2,1,True,2,1,2,0, ,-2.1064421336471675,0,26.181818181818183,0.0,16.666661111112962,2,0.0,50,12,pathLen
train_0076,C:\Users\tao20\Desktop\Algorithm\AIPlayerDesktop\data\蔡扬的\train\train_0076.json,2,2,False,1,3,1,2,T,-19.32866891142343,-30,26.181818181818183,0.0,16.666661111112962,1,0.8888888888888888,20,12,deltaR
train_0076,C:\Users\tao20\Desktop\Algorithm\AIPlayerDesktop\data\蔡扬的\train\train_0076.json,2,3,False,2,3,2,2, ,-32.99533102253605,-30,26.181818181818183,0.0,16.666661111112962,2,0.8888888888888888,20,12,pathLen
train_0076,C:\Users\tao20\Desktop\Algorithm\AIPlayerDesktop\data\蔡扬的\train\train_0076.json,3,1,True,2,1,2,0, ,16.081952988606584,0,26.181818181818183,0.0,12.49999687500078,1,0.0,50,12,Iproxy
train_0076,C:\Users\tao20\Desktop\Algorithm\AIPlayerDesktop\data\蔡扬的\train\train_0076.json,3,2,False,1,3,1,2,T,-25.056933337782944,-30,26.181818181818183,0.0,12.49999687500078,2,0.8888888888888888,20,12,deltaR
train_0076,C:\Users\tao20\Desktop\Algorithm\AIPlayerDesktop\data\蔡扬的\train\train_0076.json,3,3,False,2,3,2,2, ,-35.306930775283575,-30,26.181818181818183,0.0,12.49999687500078,3,0.8888888888888888,20,12,pathLen
train_0076,C:\Users\tao20\Desktop\Algorithm\AIPlayerDesktop\data\蔡扬的\train\train_0076.json,4,1,True,3,1,3,0,T,-33.19197107066853,-30,5.760000000000005,0.0,9.9999980000004,1,0.8888888888888888,20,12,deltaR
train_0076,C:\Users\tao20\Desktop\Algorithm\AIPlayerDesktop\data\蔡扬的\train\train_0076.json,4,2,False,1,3,1,2,T,-49.59196779066919,-30,5.760000000000005,0.0,9.9999980000004,3,0.8888888888888888,20,12,deltaR
train_0076,C:\Users\tao20\Desktop\Algorithm\AIPlayerDesktop\data\蔡扬的\train\train_0076.json,4,3,False,2,3,2,2, ,-57.79196615066951,-30,5.760000000000005,0.0,9.9999980000004,4,0.8888888888888888,20,12,pathLen
train_0076,C:\Users\tao20\Desktop\Algorithm\AIPlayerDesktop\data\蔡扬的\train\train_0076.json,5,1,True,4,1,4,0, ,1.7325435707177768,0,5.142857142857144,0.0,3.33333277777787,1,0.8888888888888888,20,12,Iproxy
train_0076,C:\Users\tao20\Desktop\Algorithm\AIPlayerDesktop\data\蔡扬的\train\train_0076.json,5,2,False,1,3,1,2,T,-1e+18,-30,5.142857142857144,0.0,3.33333277777787,4,0.0,-10,12,deltaR
train_0076,C:\Users\tao20\Desktop\Algorithm\AIPlayerDesktop\data\蔡扬的\train\train_0076.json,5,3,False,2,3,2,2, ,-1e+18,-30,5.142857142857144,0.0,3.33333277777787,5,0.0,-10,12,deltaR
train_0076,C:\Users\tao20\Desktop\Algorithm\AIPlayerDesktop\data\蔡扬的\train\train_0076.json,6,1,True,5,1,5,0, ,1.6798950279907636,0,4.645161290322576,0.0,2.85714244897965,1,0.8888888888888888,20,12,Iproxy
train_0076,C:\Users\tao20\Desktop\Algorithm\AIPlayerDesktop\data\蔡扬的\train\train_0076.json,6,2,False,1,3,1,2,T,-1e+18,-30,4.645161290322576,0.0,2.85714244897965,5,0.0,-10,12,deltaR
train_0076,C:\Users\tao20\Desktop\Algorithm\AIPlayerDesktop\data\蔡扬的\train\train_0076.json,6,3,False,2,3,2,2, ,-1e+18,-30,4.645161290322576,0.0,2.85714244897965,6,0.0,-10,12,deltaR
train_0076,C:\Users\tao20\Desktop\Algorithm\AIPlayerDesktop\data\蔡扬的\train\train_0076.json,7,1,True,6,1,6,0, ,1.6009246020982957,0,4.235294117647051,0.0,2.4999996875000394,1,0.8888888888888888,20,12,Iproxy
train_0076,C:\Users\tao20\Desktop\Algorithm\AIPlayerDesktop\data\蔡扬的\train\train_0076.json,7,2,False,1,3,1,2,T,-1e+18,-30,4.235294117647051,0.0,2.4999996875000394,6,0.0,-10,12,deltaR
train_0076,C:\Users\tao20\Desktop\Algorithm\AIPlayerDesktop\data\蔡扬的\train\train_0076.json,7,3,False,2,3,2,2, ,-1e+18,-30,4.235294117647051,0.0,2.4999996875000394,7,0.0,-10,12,deltaR
train_0076,C:\Users\tao20\Desktop\Algorithm\AIPlayerDesktop\data\蔡扬的\train\train_0076.json,8,1,True,7,1,7,0, ,1.5102135158386156,0,3.8918918918918903,0.0,2.2222219753086696,1,0.8888888888888888,20,12,Iproxy
train_0076,C:\Users\tao20\Desktop\Algorithm\AIPlayerDesktop\data\蔡扬的\train\train_0076.json,8,2,False,1,3,1,2,T,-1e+18,-30,3.8918918918918903,0.0,2.2222219753086696,7,0.0,-10,12,deltaR
train_0076,C:\Users\tao20\Desktop\Algorithm\AIPlayerDesktop\data\蔡扬的\train\train_0076.json,8,3,False,2,3,2,2, ,-1e+18,-30,3.8918918918918903,0.0,2.2222219753086696,8,0.0,-10,12,deltaR
train_0076,C:\Users\tao20\Desktop\Algorithm\AIPlayerDesktop\data\蔡扬的\train\train_0076.json,9,1,False,1,3,1,2,T,-1e+18,-30,3.5999999999999996,0.0,1.99999980000002,8,0.0,-10,12,deltaR
train_0076,C:\Users\tao20\Desktop\Algorithm\AIPlayerDesktop\data\蔡扬的\train\train_0076.json,9,2,False,2,3,2,2, ,-1e+18,-30,3.5999999999999996,0.0,1.99999980000002,9,0.0,-10,12,deltaR
train_0076,C:\Users\tao20\Desktop\Algorithm\AIPlayerDesktop\data\蔡扬的\train\train_0076.json,10,1,False,1,3,1,2,T,-1e+18,-30,3.5999999999999996,0.0,1.8181816528925772,7,0.0,-10,12,deltaR
train_0076,C:\Users\tao20\Desktop\Algorithm\AIPlayerDesktop\data\蔡扬的\train\train_0076.json,10,2,False,2,3,2,2, ,-1e+18,-30,3.5999999999999996,0.0,1.8181816528925772,8,0.0,-10,12,deltaR
train_0076,C:\Users\tao20\Desktop\Algorithm\AIPlayerDesktop\data\蔡扬的\train\train_0076.json,11,1,False,1,3,1,2,T,-1e+18,-30,3.5999999999999996,0.0,1.6666665277777895,6,0.0,-10,12,deltaR
train_0076,C:\Users\tao20\Desktop\Algorithm\AIPlayerDesktop\data\蔡扬的\train\train_0076.json,11,2,False,2,3,2,2, ,-1e+18,-30,3.5999999999999996,0.0,1.6666665277777895,7,0.0,-10,12,deltaR
train_0076,C:\Users\tao20\Desktop\Algorithm\AIPlayerDesktop\data\蔡扬的\train\train_0076.json,12,1,False,1,3,1,2,T,-1e+18,-30,3.5999999999999996,0.0,1.5384614201183524,5,0.0,-10,12,deltaR
train_0076,C:\Users\tao20\Desktop\Algorithm\AIPlayerDesktop\data\蔡扬的\train\train_0076.json,12,2,False,2,3,2,2, ,-1e+18,-30,3.5999999999999996,0.0,1.5384614201183524,6,0.0,-10,12,deltaR
train_0076,C:\Users\tao20\Desktop\Algorithm\AIPlayerDesktop\data\蔡扬的\train\train_0076.json,13,1,False,1,3,1,2,T,-1e+18,-30,3.5999999999999996,0.0,1.4285713265306197,4,0.0,-10,12,deltaR
train_0076,C:\Users\tao20\Desktop\Algorithm\AIPlayerDesktop\data\蔡扬的\train\train_0076.json,13,2,False,2,3,2,2, ,-1e+18,-30,3.5999999999999996,0.0,1.4285713265306197,5,0.0,-10,12,deltaR
train_0076,C:\Users\tao20\Desktop\Algorithm\AIPlayerDesktop\data\蔡扬的\train\train_0076.json,14,1,False,1,3,1,2,T,-1e+18,-30,3.5999999999999996,0.0,1.3333332444444503,3,0.0,-10,12,deltaR
train_0076,C:\Users\tao20\Desktop\Algorithm\AIPlayerDesktop\data\蔡扬的\train\train_0076.json,14,2,False,2,3,2,2, ,-1e+18,-30,3.5999999999999996,0.0,1.3333332444444503,4,0.0,-10,12,deltaR
train_0076,C:\Users\tao20\Desktop\Algorithm\AIPlayerDesktop\data\蔡扬的\train\train_0076.json,15,1,False,1,3,1,2,T,-1e+18,-30,3.5999999999999996,0.0,1.2499999218750049,2,0.0,-10,12,deltaR
train_0076,C:\Users\tao20\Desktop\Algorithm\AIPlayerDesktop\data\蔡扬的\train\train_0076.json,15,2,False,2,3,2,2, ,-1e+18,-30,3.5999999999999996,0.0,1.2499999218750049,3,0.0,-10,12,deltaR
train_0076,C:\Users\tao20\Desktop\Algorithm\AIPlayerDesktop\data\蔡扬的\train\train_0076.json,16,1,False,1,3,1,2,T,-1e+18,-30,3.5999999999999996,0.0,1.176470519031146,3,0.0,-10,12,deltaR
train_0076,C:\Users\tao20\Desktop\Algorithm\AIPlayerDesktop\data\蔡扬的\train\train_0076.json,16,2,False,2,3,2,2, ,-1e+18,-30,3.5999999999999996,0.0,1.176470519031146,4,0.0,-10,12,deltaR
train_0076,C:\Users\tao20\Desktop\Algorithm\AIPlayerDesktop\data\蔡扬的\train\train_0076.json,17,1,False,1,3,1,2,T,-1e+18,-30,3.5999999999999996,0.0,1.1111110493827194,2,0.0,-10,12,deltaR
train_0076,C:\Users\tao20\Desktop\Algorithm\AIPlayerDesktop\data\蔡扬的\train\train_0076.json,17,2,False,2,3,2,2, ,-1e+18,-30,3.5999999999999996,0.0,1.1111110493827194,3,0.0,-10,12,deltaR
train_0076,C:\Users\tao20\Desktop\Algorithm\AIPlayerDesktop\data\蔡扬的\train\train_0076.json,18,1,False,1,3,1,2,T,-1e+18,-30,3.5999999999999996,0.0,1.0526315235457093,3,0.0,-10,12,deltaR
train_0076,C:\Users\tao20\Desktop\Algorithm\AIPlayerDesktop\data\蔡扬的\train\train_0076.json,18,2,False,2,3,2,2, ,-1e+18,-30,3.5999999999999996,0.0,1.0526315235457093,4,0.0,-10,12,deltaR
train_0076,C:\Users\tao20\Desktop\Algorithm\AIPlayerDesktop\data\蔡扬的\train\train_0076.json,19,1,False,1,3,1,2,T,-1e+18,-30,3.5999999999999996,0.0,1.0,2,0.0,-10,12,deltaR
train_0076,C:\Users\tao20\Desktop\Algorithm\AIPlayerDesktop\data\蔡扬的\train\train_0076.json,19,2,False,2,3,2,2, ,-1e+18,-30,3.5999999999999996,0.0,1.0,3,0.0,-10,12,deltaR
train_0076,C:\Users\tao20\Desktop\Algorithm\AIPlayerDesktop\data\蔡扬的\train\train_0076.json,20,1,False,1,3,1,2,T,-1e+18,-30,3.5999999999999996,0.0,1.0,3,0.0,-10,12,deltaR
train_0076,C:\Users\tao20\Desktop\Algorithm\AIPlayerDesktop\data\蔡扬的\train\train_0076.json,20,2,False,2,3,2,2, ,-1e+18,-30,3.5999999999999996,0.0,1.0,4,0.0,-10,12,deltaR
train_0076,C:\Users\tao20\Desktop\Algorithm\AIPlayerDesktop\data\蔡扬的\train\train_0076.json,21,1,False,1,3,1,2,T,-1e+18,-30,3.5999999999999996,0.0,1.0,2,0.0,-10,12,deltaR
train_0076,C:\Users\tao20\Desktop\Algorithm\AIPlayerDesktop\data\蔡扬的\train\train_0076.json,21,2,False,2,3,2,2, ,-1e+18,-30,3.5999999999999996,0.0,1.0,3,0.0,-10,12,deltaR
train_0076,C:\Users\tao20\Desktop\Algorithm\AIPlayerDesktop\data\蔡扬的\train\train_0076.json,22,1,False,1,3,1,2,T,-1e+18,-30,3.5999999999999996,0.0,1.0,3,0.0,-10,12,deltaR
train_0076,C:\Users\tao20\Desktop\Algorithm\AIPlayerDesktop\data\蔡扬的\train\train_0076.json,22,2,False,2,3,2,2, ,-1e+18,-30,3.5999999999999996,0.0,1.0,4,0.0,-10,12,deltaR
train_0076,C:\Users\tao20\Desktop\Algorithm\AIPlayerDesktop\data\蔡扬的\train\train_0076.json,23,1,False,1,3,1,2,T,-1e+18,-30,3.5999999999999996,0.0,1.0,2,0.0,-10,12,deltaR
train_0076,C:\Users\tao20\Desktop\Algorithm\AIPlayerDesktop\data\蔡扬的\train\train_0076.json,23,2,False,2,3,2,2, ,-1e+18,-30,3.5999999999999996,0.0,1.0,3,0.0,-10,12,deltaR
train_0076,C:\Users\tao20\Desktop\Algorithm\AIPlayerDesktop\data\蔡扬的\train\train_0076.json,24,1,False,1,3,1,2,T,-1e+18,-30,3.5999999999999996,0.0,1.0,3,0.0,-10,12,deltaR
train_0076,C:\Users\tao20\Desktop\Algorithm\AIPlayerDesktop\data\蔡扬的\train\train_0076.json,24,2,False,2,3,2,2, ,-1e+18,-30,3.5999999999999996,0.0,1.0,4,0.0,-10,12,deltaR
train_0076,C:\Users\tao20\Desktop\Algorithm\AIPlayerDesktop\data\蔡扬的\train\train_0076.json,25,1,False,1,3,1,2,T,-1e+18,-30,3.5999999999999996,0.0,1.0,2,0.0,-10,12,deltaR
train_0076,C:\Users\tao20\Desktop\Algorithm\AIPlayerDesktop\data\蔡扬的\train\train_0076.json,25,2,False,2,3,2,2, ,-1e+18,-30,3.5999999999999996,0.0,1.0,3,0.0,-10,12,deltaR
train_0076,C:\Users\tao20\Desktop\Algorithm\AIPlayerDesktop\data\蔡扬的\train\train_0076.json,26,1,False,1,3,1,2,T,-1e+18,-30,3.5999999999999996,0.0,1.0,3,0.0,-10,12,deltaR
train_0076,C:\Users\tao20\Desktop\Algorithm\AIPlayerDesktop\data\蔡扬的\train\train_0076.json,26,2,False,2,3,2,2, ,-1e+18,-30,3.5999999999999996,0.0,1.0,4,0.0,-10,12,deltaR
train_0076,C:\Users\tao20\Desktop\Algorithm\AIPlayerDesktop\data\蔡扬的\train\train_0076.json,27,1,False,1,3,1,2,T,-1e+18,-30,3.5999999999999996,0.0,1.0,2,0.0,-10,12,deltaR
train_0076,C:\Users\tao20\Desktop\Algorithm\AIPlayerDesktop\data\蔡扬的\train\train_0076.json,27,2,False,2,3,2,2, ,-1e+18,-30,3.5999999999999996,0.0,1.0,3,0.0,-10,12,deltaR
train_0076,C:\Users\tao20\Desktop\Algorithm\AIPlayerDesktop\data\蔡扬的\train\train_0076.json,28,1,False,1,3,1,2,T,-1e+18,-30,3.5999999999999996,0.0,1.0,3,0.0,-10,12,deltaR
train_0076,C:\Users\tao20\Desktop\Algorithm\AIPlayerDesktop\data\蔡扬的\train\train_0076.json,28,2,False,2,3,2,2, ,-1e+18,-30,3.5999999999999996,0.0,1.0,4,0.0,-10,12,deltaR
train_0076,C:\Users\tao20\Desktop\Algorithm\AIPlayerDesktop\data\蔡扬的\train\train_0076.json,29,1,False,1,3,1,2,T,-1e+18,-30,3.5999999999999996,0.0,1.0,2,0.0,-10,12,deltaR
train_0076,C:\Users\tao20\Desktop\Algorithm\AIPlayerDesktop\data\蔡扬的\train\train_0076.json,29,2,False,2,3,2,2, ,-1e+18,-30,3.5999999999999996,0.0,1.0,3,0.0,-10,12,deltaR
train_0076,C:\Users\tao20\Desktop\Algorithm\AIPlayerDesktop\data\蔡扬的\train\train_0076.json,30,1,False,1,3,1,2,T,-1e+18,-30,3.5999999999999996,0.0,1.0,3,0.0,-10,12,deltaR
train_0076,C:\Users\tao20\Desktop\Algorithm\AIPlayerDesktop\data\蔡扬的\train\train_0076.json,30,2,False,2,3,2,2, ,-1e+18,-30,3.5999999999999996,0.0,1.0,4,0.0,-10,12,deltaR
train_0076,C:\Users\tao20\Desktop\Algorithm\AIPlayerDesktop\data\蔡扬的\train\train_0076.json,31,1,False,1,3,1,2,T,-1e+18,-30,3.5999999999999996,0.0,1.0,2,0.0,-10,12,deltaR
train_0076,C:\Users\tao20\Desktop\Algorithm\AIPlayerDesktop\data\蔡扬的\train\train_0076.json,31,2,False,2,3,2,2, ,-1e+18,-30,3.5999999999999996,0.0,1.0,3,0.0,-10,12,deltaR
train_0076,C:\Users\tao20\Desktop\Algorithm\AIPlayerDesktop\data\蔡扬的\train\train_0076.json,32,1,False,1,3,1,2,T,-1e+18,-30,3.5999999999999996,0.0,1.0,3,0.0,-10,12,deltaR
train_0076,C:\Users\tao20\Desktop\Algorithm\AIPlayerDesktop\data\蔡扬的\train\train_0076.json,32,2,False,2,3,2,2, ,-1e+18,-30,3.5999999999999996,0.0,1.0,4,0.0,-10,12,deltaR
train_0076,C:\Users\tao20\Desktop\Algorithm\AIPlayerDesktop\data\蔡扬的\train\train_0076.json,33,1,False,1,3,1,2,T,-1e+18,-30,3.5999999999999996,0.0,1.0,2,0.0,-10,12,deltaR
train_0076,C:\Users\tao20\Desktop\Algorithm\AIPlayerDesktop\data\蔡扬的\train\train_0076.json,33,2,False,2,3,2,2, ,-1e+18,-30,3.5999999999999996,0.0,1.0,3,0.0,-10,12,deltaR
train_0076,C:\Users\tao20\Desktop\Algorithm\AIPlayerDesktop\data\蔡扬的\train\train_0076.json,34,1,False,1,3,1,2,T,-1e+18,-30,3.5999999999999996,0.0,1.0,3,0.0,-10,12,deltaR
train_0076,C:\Users\tao20\Desktop\Algorithm\AIPlayerDesktop\data\蔡扬的\train\train_0076.json,34,2,False,2,3,2,2, ,-1e+18,-30,3.5999999999999996,0.0,1.0,4,0.0,-10,12,deltaR
train_0076,C:\Users\tao20\Desktop\Algorithm\AIPlayerDesktop\data\蔡扬的\train\train_0076.json,35,1,False,1,3,1,2,T,-1e+18,-30,3.5999999999999996,0.0,1.0,2,0.0,-10,12,deltaR
train_0076,C:\Users\tao20\Desktop\Algorithm\AIPlayerDesktop\data\蔡扬的\train\train_0076.json,35,2,False,2,3,2,2, ,-1e+18,-30,3.5999999999999996,0.0,1.0,3,0.0,-10,12,deltaR
train_0076,C:\Users\tao20\Desktop\Algorithm\AIPlayerDesktop\data\蔡扬的\train\train_0076.json,36,1,False,1,3,1,2,T,-1e+18,-30,3.5999999999999996,0.0,1.0,3,0.0,-10,12,deltaR
train_0076,C:\Users\tao20\Desktop\Algorithm\AIPlayerDesktop\data\蔡扬的\train\train_0076.json,36,2,False,2,3,2,2, ,-1e+18,-30,3.5999999999999996,0.0,1.0,4,0.0,-10,12,deltaR
train_0076,C:\Users\tao20\Desktop\Algorithm\AIPlayerDesktop\data\蔡扬的\train\train_0076.json,37,1,False,1,3,1,2,T,-1e+18,-30,3.5999999999999996,0.0,1.0,2,0.0,-10,12,deltaR
train_0076,C:\Users\tao20\Desktop\Algorithm\AIPlayerDesktop\data\蔡扬的\train\train_0076.json,37,2,False,2,3,2,2, ,-1e+18,-30,3.5999999999999996,0.0,1.0,3,0.0,-10,12,deltaR
train_0076,C:\Users\tao20\Desktop\Algorithm\AIPlayerDesktop\data\蔡扬的\train\train_0076.json,38,1,False,1,3,1,2,T,-1e+18,-30,3.5999999999999996,0.0,1.0,3,0.0,-10,12,deltaR
train_0076,C:\Users\tao20\Desktop\Algorithm\AIPlayerDesktop\data\蔡扬的\train\train_0076.json,38,2,False,2,3,2,2, ,-1e+18,-30,3.5999999999999996,0.0,1.0,4,0.0,-10,12,deltaR
train_0076,C:\Users\tao20\Desktop\Algorithm\AIPlayerDesktop\data\蔡扬的\train\train_0076.json,39,1,False,1,3,1,2,T,-1e+18,-30,3.5999999999999996,0.0,1.0,2,0.0,-10,12,deltaR
train_0076,C:\Users\tao20\Desktop\Algorithm\AIPlayerDesktop\data\蔡扬的\train\train_0076.json,39,2,False,2,3,2,2, ,-1e+18,-30,3.5999999999999996,0.0,1.0,3,0.0,-10,12,deltaR
train_0076,C:\Users\tao20\Desktop\Algorithm\AIPlayerDesktop\data\蔡扬的\train\train_0076.json,40,1,False,1,3,1,2,T,-1e+18,-30,3.5999999999999996,0.0,1.0,3,0.0,-10,12,deltaR
train_0076,C:\Users\tao20\Desktop\Algorithm\AIPlayerDesktop\data\蔡扬的\train\train_0076.json,40,2,False,2,3,2,2, ,-1e+18,-30,3.5999999999999996,0.0,1.0,4,0.0,-10,12,deltaR
train_0076,C:\Users\tao20\Desktop\Algorithm\AIPlayerDesktop\data\蔡扬的\train\train_0076.json,41,1,False,1,3,1,2,T,-1e+18,-30,3.5999999999999996,0.0,1.0,2,0.0,-10,12,deltaR
train_0076,C:\Users\tao20\Desktop\Algorithm\AIPlayerDesktop\data\蔡扬的\train\train_0076.json,41,2,False,2,3,2,2, ,-1e+18,-30,3.5999999999999996,0.0,1.0,3,0.0,-10,12,deltaR
train_0076,C:\Users\tao20\Desktop\Algorithm\AIPlayerDesktop\data\蔡扬的\train\train_0076.json,42,1,False,1,3,1,2,T,-1e+18,-30,3.5999999999999996,0.0,1.0,3,0.0,-10,12,deltaR
train_0076,C:\Users\tao20\Desktop\Algorithm\AIPlayerDesktop\data\蔡扬的\train\train_0076.json,42,2,False,2,3,2,2, ,-1e+18,-30,3.5999999999999996,0.0,1.0,4,0.0,-10,12,deltaR
train_0076,C:\Users\tao20\Desktop\Algorithm\AIPlayerDesktop\data\蔡扬的\train\train_0076.json,43,1,False,1,3,1,2,T,-1e+18,-30,3.5999999999999996,0.0,1.0,2,0.0,-10,12,deltaR
train_0076,C:\Users\tao20\Desktop\Algorithm\AIPlayerDesktop\data\蔡扬的\train\train_0076.json,43,2,False,2,3,2,2, ,-1e+18,-30,3.5999999999999996,0.0,1.0,3,0.0,-10,12,deltaR
train_0076,C:\Users\tao20\Desktop\Algorithm\AIPlayerDesktop\data\蔡扬的\train\train_0076.json,44,1,False,1,3,1,2,T,-1e+18,-30,3.5999999999999996,0.0,1.0,3,0.0,-10,12,deltaR
train_0076,C:\Users\tao20\Desktop\Algorithm\AIPlayerDesktop\data\蔡扬的\train\train_0076.json,44,2,False,2,3,2,2, ,-1e+18,-30,3.5999999999999996,0.0,1.0,4,0.0,-10,12,deltaR
train_0076,C:\Users\tao20\Desktop\Algorithm\AIPlayerDesktop\data\蔡扬的\train\train_0076.json,45,1,False,1,3,1,2,T,-1e+18,-30,3.5999999999999996,0.0,1.0,2,0.0,-10,12,deltaR
train_0076,C:\Users\tao20\Desktop\Algorithm\AIPlayerDesktop\data\蔡扬的\train\train_0076.json,45,2,False,2,3,2,2, ,-1e+18,-30,3.5999999999999996,0.0,1.0,3,0.0,-10,12,deltaR
train_0076,C:\Users\tao20\Desktop\Algorithm\AIPlayerDesktop\data\蔡扬的\train\train_0076.json,46,1,False,1,3,1,2,T,-1e+18,-30,3.5999999999999996,0.0,1.0,3,0.0,-10,12,deltaR
train_0076,C:\Users\tao20\Desktop\Algorithm\AIPlayerDesktop\data\蔡扬的\train\train_0076.json,46,2,False,2,3,2,2, ,-1e+18,-30,3.5999999999999996,0.0,1.0,4,0.0,-10,12,deltaR
train_0076,C:\Users\tao20\Desktop\Algorithm\AIPlayerDesktop\data\蔡扬的\train\train_0076.json,47,1,False,1,3,1,2,T,-1e+18,-30,3.5999999999999996,0.0,1.0,2,0.0,-10,12,deltaR
train_0076,C:\Users\tao20\Desktop\Algorithm\AIPlayerDesktop\data\蔡扬的\train\train_0076.json,47,2,False,2,3,2,2, ,-1e+18,-30,3.5999999999999996,0.0,1.0,3,0.0,-10,12,deltaR
train_0076,C:\Users\tao20\Desktop\Algorithm\AIPlayerDesktop\data\蔡扬的\train\train_0076.json,48,1,False,1,3,1,2,T,-1e+18,-30,3.5999999999999996,0.0,1.0,3,0.0,-10,12,deltaR
train_0076,C:\Users\tao20\Desktop\Algorithm\AIPlayerDesktop\data\蔡扬的\train\train_0076.json,48,2,False,2,3,2,2, ,-1e+18,-30,3.5999999999999996,0.0,1.0,4,0.0,-10,12,deltaR
train_0076,C:\Users\tao20\Desktop\Algorithm\AIPlayerDesktop\data\蔡扬的\train\train_0076.json,49,1,False,1,3,1,2,T,-1e+18,-30,3.5999999999999996,0.0,1.0,2,0.0,-10,12,deltaR
train_0076,C:\Users\tao20\Desktop\Algorithm\AIPlayerDesktop\data\蔡扬的\train\train_0076.json,49,2,False,2,3,2,2, ,-1e+18,-30,3.5999999999999996,0.0,1.0,3,0.0,-10,12,deltaR
train_0076,C:\Users\tao20\Desktop\Algorithm\AIPlayerDesktop\data\蔡扬的\train\train_0076.json,50,1,False,1,3,1,2,T,-1e+18,-30,3.5999999999999996,0.0,1.0,3,0.0,-10,12,deltaR
train_0076,C:\Users\tao20\Desktop\Algorithm\AIPlayerDesktop\data\蔡扬的\train\train_0076.json,50,2,False,2,3,2,2, ,-1e+18,-30,3.5999999999999996,0.0,1.0,4,0.0,-10,12,deltaR
train_0076,C:\Users\tao20\Desktop\Algorithm\AIPlayerDesktop\data\蔡扬的\train\train_0076.json,51,1,False,1,3,1,2,T,-1e+18,-30,3.5999999999999996,0.0,1.0,2,0.0,-10,12,deltaR
train_0076,C:\Users\tao20\Desktop\Algorithm\AIPlayerDesktop\data\蔡扬的\train\train_0076.json,51,2,False,2,3,2,2, ,-1e+18,-30,3.5999999999999996,0.0,1.0,3,0.0,-10,12,deltaR
train_0076,C:\Users\tao20\Desktop\Algorithm\AIPlayerDesktop\data\蔡扬的\train\train_0076.json,52,1,False,1,3,1,2,T,-1e+18,-30,3.5999999999999996,0.0,1.0,3,0.0,-10,12,deltaR
train_0076,C:\Users\tao20\Desktop\Algorithm\AIPlayerDesktop\data\蔡扬的\train\train_0076.json,52,2,False,2,3,2,2, ,-1e+18,-30,3.5999999999999996,0.0,1.0,4,0.0,-10,12,deltaR
train_0076,C:\Users\tao20\Desktop\Algorithm\AIPlayerDesktop\data\蔡扬的\train\train_0076.json,53,1,False,1,3,1,2,T,-1e+18,-30,3.5999999999999996,0.0,1.0,2,0.0,-10,12,deltaR
train_0076,C:\Users\tao20\Desktop\Algorithm\AIPlayerDesktop\data\蔡扬的\train\train_0076.json,53,2,False,2,3,2,2, ,-1e+18,-30,3.5999999999999996,0.0,1.0,3,0.0,-10,12,deltaR
train_0076,C:\Users\tao20\Desktop\Algorithm\AIPlayerDesktop\data\蔡扬的\train\train_0076.json,54,1,False,1,3,1,2,T,-1e+18,-30,3.5999999999999996,0.0,1.0,3,0.0,-10,12,deltaR
train_0076,C:\Users\tao20\Desktop\Algorithm\AIPlayerDesktop\data\蔡扬的\train\train_0076.json,54,2,False,2,3,2,2, ,-1e+18,-30,3.5999999999999996,0.0,1.0,4,0.0,-10,12,deltaR
train_0076,C:\Users\tao20\Desktop\Algorithm\AIPlayerDesktop\data\蔡扬的\train\train_0076.json,55,1,False,1,3,1,2,T,-1e+18,-30,3.5999999999999996,0.0,1.0,2,0.0,-10,12,deltaR
train_0076,C:\Users\tao20\Desktop\Algorithm\AIPlayerDesktop\data\蔡扬的\train\train_0076.json,55,2,False,2,3,2,2, ,-1e+18,-30,3.5999999999999996,0.0,1.0,3,0.0,-10,12,deltaR
train_0076,C:\Users\tao20\Desktop\Algorithm\AIPlayerDesktop\data\蔡扬的\train\train_0076.json,56,1,False,1,3,1,2,T,-1e+18,-30,3.5999999999999996,0.0,1.0,3,0.0,-10,12,deltaR
train_0076,C:\Users\tao20\Desktop\Algorithm\AIPlayerDesktop\data\蔡扬的\train\train_0076.json,56,2,False,2,3,2,2, ,-1e+18,-30,3.5999999999999996,0.0,1.0,4,0.0,-10,12,deltaR
train_0076,C:\Users\tao20\Desktop\Algorithm\AIPlayerDesktop\data\蔡扬的\train\train_0076.json,57,1,False,1,3,1,2,T,-1e+18,-30,3.5999999999999996,0.0,1.0,2,0.0,-10,12,deltaR
train_0076,C:\Users\tao20\Desktop\Algorithm\AIPlayerDesktop\data\蔡扬的\train\train_0076.json,57,2,False,2,3,2,2, ,-1e+18,-30,3.5999999999999996,0.0,1.0,3,0.0,-10,12,deltaR
train_0076,C:\Users\tao20\Desktop\Algorithm\AIPlayerDesktop\data\蔡扬的\train\train_0076.json,58,1,False,1,3,1,2,T,-1e+18,-30,3.5999999999999996,0.0,1.0,3,0.0,-10,12,deltaR
train_0076,C:\Users\tao20\Desktop\Algorithm\AIPlayerDesktop\data\蔡扬的\train\train_0076.json,58,2,False,2,3,2,2, ,-1e+18,-30,3.5999999999999996,0.0,1.0,4,0.0,-10,12,deltaR
train_0076,C:\Users\tao20\Desktop\Algorithm\AIPlayerDesktop\data\蔡扬的\train\train_0076.json,59,1,False,1,3,1,2,T,-1e+18,-30,3.5999999999999996,0.0,1.0,2,0.0,-10,12,deltaR
train_0076,C:\Users\tao20\Desktop\Algorithm\AIPlayerDesktop\data\蔡扬的\train\train_0076.json,59,2,False,2,3,2,2, ,-1e+18,-30,3.5999999999999996,0.0,1.0,3,0.0,-10,12,deltaR
train_0076,C:\Users\tao20\Desktop\Algorithm\AIPlayerDesktop\data\蔡扬的\train\train_0076.json,60,1,False,1,3,1,2,T,-1e+18,-30,3.5999999999999996,0.0,1.0,3,0.0,-10,12,deltaR
train_0076,C:\Users\tao20\Desktop\Algorithm\AIPlayerDesktop\data\蔡扬的\train\train_0076.json,60,2,False,2,3,2,2, ,-1e+18,-30,3.5999999999999996,0.0,1.0,4,0.0,-10,12,deltaR
train_0076,C:\Users\tao20\Desktop\Algorithm\AIPlayerDesktop\data\蔡扬的\train\train_0076.json,61,1,False,1,3,1,2,T,-1e+18,-30,3.5999999999999996,0.0,1.0,2,0.0,-10,12,deltaR
train_0076,C:\Users\tao20\Desktop\Algorithm\AIPlayerDesktop\data\蔡扬的\train\train_0076.json,61,2,False,2,3,2,2, ,-1e+18,-30,3.5999999999999996,0.0,1.0,3,0.0,-10,12,deltaR
train_0076,C:\Users\tao20\Desktop\Algorithm\AIPlayerDesktop\data\蔡扬的\train\train_0076.json,62,1,False,1,3,1,2,T,-1e+18,-30,3.5999999999999996,0.0,1.0,3,0.0,-10,12,deltaR
train_0076,C:\Users\tao20\Desktop\Algorithm\AIPlayerDesktop\data\蔡扬的\train\train_0076.json,62,2,False,2,3,2,2, ,-1e+18,-30,3.5999999999999996,0.0,1.0,4,0.0,-10,12,deltaR
train_0076,C:\Users\tao20\Desktop\Algorithm\AIPlayerDesktop\data\蔡扬的\train\train_0076.json,63,1,False,1,3,1,2,T,-1e+18,-30,3.5999999999999996,0.0,1.0,2,0.0,-10,12,deltaR
train_0076,C:\Users\tao20\Desktop\Algorithm\AIPlayerDesktop\data\蔡扬的\train\train_0076.json,63,2,False,2,3,2,2, ,-1e+18,-30,3.5999999999999996,0.0,1.0,3,0.0,-10,12,deltaR
train_0076,C:\Users\tao20\Desktop\Algorithm\AIPlayerDesktop\data\蔡扬的\train\train_0076.json,64,1,False,1,3,1,2,T,-1e+18,-30,3.5999999999999996,0.0,1.0,3,0.0,-10,12,deltaR
train_0076,C:\Users\tao20\Desktop\Algorithm\AIPlayerDesktop\data\蔡扬的\train\train_0076.json,64,2,False,2,3,2,2, ,-1e+18,-30,3.5999999999999996,0.0,1.0,4,0.0,-10,12,deltaR
train_0076,C:\Users\tao20\Desktop\Algorithm\AIPlayerDesktop\data\蔡扬的\train\train_0076.json,65,1,False,1,3,1,2,T,-1e+18,-30,3.5999999999999996,0.0,1.0,2,0.0,-10,12,deltaR
train_0076,C:\Users\tao20\Desktop\Algorithm\AIPlayerDesktop\data\蔡扬的\train\train_0076.json,65,2,False,2,3,2,2, ,-1e+18,-30,3.5999999999999996,0.0,1.0,3,0.0,-10,12,deltaR
train_0076,C:\Users\tao20\Desktop\Algorithm\AIPlayerDesktop\data\蔡扬的\train\train_0076.json,66,1,False,1,3,1,2,T,-1e+18,-30,3.5999999999999996,0.0,1.0,3,0.0,-10,12,deltaR
train_0076,C:\Users\tao20\Desktop\Algorithm\AIPlayerDesktop\data\蔡扬的\train\train_0076.json,66,2,False,2,3,2,2, ,-1e+18,-30,3.5999999999999996,0.0,1.0,4,0.0,-10,12,deltaR
train_0076,C:\Users\tao20\Desktop\Algorithm\AIPlayerDesktop\data\蔡扬的\train\train_0076.json,67,1,False,1,3,1,2,T,-1e+18,-30,3.5999999999999996,0.0,1.0,2,0.0,-10,12,deltaR
train_0076,C:\Users\tao20\Desktop\Algorithm\AIPlayerDesktop\data\蔡扬的\train\train_0076.json,67,2,False,2,3,2,2, ,-1e+18,-30,3.5999999999999996,0.0,1.0,3,0.0,-10,12,deltaR
train_0076,C:\Users\tao20\Desktop\Algorithm\AIPlayerDesktop\data\蔡扬的\train\train_0076.json,68,1,False,1,3,1,2,T,-1e+18,-30,3.5999999999999996,0.0,1.0,3,0.0,-10,12,deltaR
train_0076,C:\Users\tao20\Desktop\Algorithm\AIPlayerDesktop\data\蔡扬的\train\train_0076.json,68,2,False,2,3,2,2, ,-1e+18,-30,3.5999999999999996,0.0,1.0,4,0.0,-10,12,deltaR
train_0076,C:\Users\tao20\Desktop\Algorithm\AIPlayerDesktop\data\蔡扬的\train\train_0076.json,69,1,False,1,3,1,2,T,-1e+18,-30,3.5999999999999996,0.0,1.0,2,0.0,-10,12,deltaR
train_0076,C:\Users\tao20\Desktop\Algorithm\AIPlayerDesktop\data\蔡扬的\train\train_0076.json,69,2,False,2,3,2,2, ,-1e+18,-30,3.5999999999999996,0.0,1.0,3,0.0,-10,12,deltaR
train_0076,C:\Users\tao20\Desktop\Algorithm\AIPlayerDesktop\data\蔡扬的\train\train_0076.json,70,1,False,1,3,1,2,T,-1e+18,-30,3.5999999999999996,0.0,1.0,3,0.0,-10,12,deltaR
train_0076,C:\Users\tao20\Desktop\Algorithm\AIPlayerDesktop\data\蔡扬的\train\train_0076.json,70,2,False,2,3,2,2, ,-1e+18,-30,3.5999999999999996,0.0,1.0,4,0.0,-10,12,deltaR
train_0076,C:\Users\tao20\Desktop\Algorithm\AIPlayerDesktop\data\蔡扬的\train\train_0076.json,71,1,False,1,3,1,2,T,-1e+18,-30,3.5999999999999996,0.0,1.0,2,0.0,-10,12,deltaR
train_0076,C:\Users\tao20\Desktop\Algorithm\AIPlayerDesktop\data\蔡扬的\train\train_0076.json,71,2,False,2,3,2,2, ,-1e+18,-30,3.5999999999999996,0.0,1.0,3,0.0,-10,12,deltaR
train_0076,C:\Users\tao20\Desktop\Algorithm\AIPlayerDesktop\data\蔡扬的\train\train_0076.json,72,1,False,1,3,1,2,T,-1e+18,-30,3.5999999999999996,0.0,1.0,3,0.0,-10,12,deltaR
train_0076,C:\Users\tao20\Desktop\Algorithm\AIPlayerDesktop\data\蔡扬的\train\train_0076.json,72,2,False,2,3,2,2, ,-1e+18,-30,3.5999999999999996,0.0,1.0,4,0.0,-10,12,deltaR
train_0076,C:\Users\tao20\Desktop\Algorithm\AIPlayerDesktop\data\蔡扬的\train\train_0076.json,73,1,False,1,3,1,2,T,-1e+18,-30,3.5999999999999996,0.0,1.0,2,0.0,-10,12,deltaR
train_0076,C:\Users\tao20\Desktop\Algorithm\AIPlayerDesktop\data\蔡扬的\train\train_0076.json,73,2,False,2,3,2,2, ,-1e+18,-30,3.5999999999999996,0.0,1.0,3,0.0,-10,12,deltaR
train_0076,C:\Users\tao20\Desktop\Algorithm\AIPlayerDesktop\data\蔡扬的\train\train_0076.json,74,1,False,1,3,1,2,T,-1e+18,-30,3.5999999999999996,0.0,1.0,3,0.0,-10,12,deltaR
train_0076,C:\Users\tao20\Desktop\Algorithm\AIPlayerDesktop\data\蔡扬的\train\train_0076.json,74,2,False,2,3,2,2, ,-1e+18,-30,3.5999999999999996,0.0,1.0,4,0.0,-10,12,deltaR
train_0076,C:\Users\tao20\Desktop\Algorithm\AIPlayerDesktop\data\蔡扬的\train\train_0076.json,75,1,False,1,3,1,2,T,-1e+18,-30,3.5999999999999996,0.0,1.0,2,0.0,-10,12,deltaR
train_0076,C:\Users\tao20\Desktop\Algorithm\AIPlayerDesktop\data\蔡扬的\train\train_0076.json,75,2,False,2,3,2,2, ,-1e+18,-30,3.5999999999999996,0.0,1.0,3,0.0,-10,12,deltaR
train_0076,C:\Users\tao20\Desktop\Algorithm\AIPlayerDesktop\data\蔡扬的\train\train_0076.json,76,1,False,1,3,1,2,T,-1e+18,-30,3.5999999999999996,0.0,1.0,3,0.0,-10,12,deltaR
train_0076,C:\Users\tao20\Desktop\Algorithm\AIPlayerDesktop\data\蔡扬的\train\train_0076.json,76,2,False,2,3,2,2, ,-1e+18,-30,3.5999999999999996,0.0,1.0,4,0.0,-10,12,deltaR
train_0076,C:\Users\tao20\Desktop\Algorithm\AIPlayerDesktop\data\蔡扬的\train\train_0076.json,77,1,False,1,3,1,2,T,-1e+18,-30,3.5999999999999996,0.0,1.0,2,0.0,-10,12,deltaR
train_0076,C:\Users\tao20\Desktop\Algorithm\AIPlayerDesktop\data\蔡扬的\train\train_0076.json,77,2,False,2,3,2,2, ,-1e+18,-30,3.5999999999999996,0.0,1.0,3,0.0,-10,12,deltaR
train_0076,C:\Users\tao20\Desktop\Algorithm\AIPlayerDesktop\data\蔡扬的\train\train_0076.json,78,1,False,1,3,1,2,T,-1e+18,-30,3.5999999999999996,0.0,1.0,3,0.0,-10,12,deltaR
train_0076,C:\Users\tao20\Desktop\Algorithm\AIPlayerDesktop\data\蔡扬的\train\train_0076.json,78,2,False,2,3,2,2, ,-1e+18,-30,3.5999999999999996,0.0,1.0,4,0.0,-10,12,deltaR
train_0076,C:\Users\tao20\Desktop\Algorithm\AIPlayerDesktop\data\蔡扬的\train\train_0076.json,79,1,False,1,3,1,2,T,-1e+18,-30,3.5999999999999996,0.0,1.0,2,0.0,-10,12,deltaR
train_0076,C:\Users\tao20\Desktop\Algorithm\AIPlayerDesktop\data\蔡扬的\train\train_0076.json,79,2,False,2,3,2,2, ,-1e+18,-30,3.5999999999999996,0.0,1.0,3,0.0,-10,12,deltaR
train_0076,C:\Users\tao20\Desktop\Algorithm\AIPlayerDesktop\data\蔡扬的\train\train_0076.json,80,1,False,1,3,1,2,T,-1e+18,-30,3.5999999999999996,0.0,1.0,3,0.0,-10,12,deltaR
train_0076,C:\Users\tao20\Desktop\Algorithm\AIPlayerDesktop\data\蔡扬的\train\train_0076.json,80,2,False,2,3,2,2, ,-1e+18,-30,3.5999999999999996,0.0,1.0,4,0.0,-10,12,deltaR
train_0076,C:\Users\tao20\Desktop\Algorithm\AIPlayerDesktop\data\蔡扬的\train\train_0076.json,81,1,False,1,3,1,2,T,-1e+18,-30,3.5999999999999996,0.0,1.0,2,0.0,-10,12,deltaR
train_0076,C:\Users\tao20\Desktop\Algorithm\AIPlayerDesktop\data\蔡扬的\train\train_0076.json,81,2,False,2,3,2,2, ,-1e+18,-30,3.5999999999999996,0.0,1.0,3,0.0,-10,12,deltaR
train_0076,C:\Users\tao20\Desktop\Algorithm\AIPlayerDesktop\data\蔡扬的\train\train_0076.json,82,1,False,1,3,1,2,T,-1e+18,-30,3.5999999999999996,0.0,1.0,3,0.0,-10,12,deltaR
train_0076,C:\Users\tao20\Desktop\Algorithm\AIPlayerDesktop\data\蔡扬的\train\train_0076.json,82,2,False,2,3,2,2, ,-1e+18,-30,3.5999999999999996,0.0,1.0,4,0.0,-10,12,deltaR
train_0076,C:\Users\tao20\Desktop\Algorithm\AIPlayerDesktop\data\蔡扬的\train\train_0076.json,83,1,False,1,3,1,2,T,-1e+18,-30,3.5999999999999996,0.0,1.0,2,0.0,-10,12,deltaR
train_0076,C:\Users\tao20\Desktop\Algorithm\AIPlayerDesktop\data\蔡扬的\train\train_0076.json,83,2,False,2,3,2,2, ,-1e+18,-30,3.5999999999999996,0.0,1.0,3,0.0,-10,12,deltaR
train_0076,C:\Users\tao20\Desktop\Algorithm\AIPlayerDesktop\data\蔡扬的\train\train_0076.json,84,1,False,1,3,1,2,T,-1e+18,-30,3.5999999999999996,0.0,1.0,3,0.0,-10,12,deltaR
train_0076,C:\Users\tao20\Desktop\Algorithm\AIPlayerDesktop\data\蔡扬的\train\train_0076.json,84,2,False,2,3,2,2, ,-1e+18,-30,3.5999999999999996,0.0,1.0,4,0.0,-10,12,deltaR
train_0076,C:\Users\tao20\Desktop\Algorithm\AIPlayerDesktop\data\蔡扬的\train\train_0076.json,85,1,False,1,3,1,2,T,-1e+18,-30,3.5999999999999996,0.0,1.0,2,0.0,-10,12,deltaR
train_0076,C:\Users\tao20\Desktop\Algorithm\AIPlayerDesktop\data\蔡扬的\train\train_0076.json,85,2,False,2,3,2,2, ,-1e+18,-30,3.5999999999999996,0.0,1.0,3,0.0,-10,12,deltaR
train_0076,C:\Users\tao20\Desktop\Algorithm\AIPlayerDesktop\data\蔡扬的\train\train_0076.json,86,1,False,1,3,1,2,T,-1e+18,-30,3.5999999999999996,0.0,1.0,3,0.0,-10,12,deltaR
train_0076,C:\Users\tao20\Desktop\Algorithm\AIPlayerDesktop\data\蔡扬的\train\train_0076.json,86,2,False,2,3,2,2, ,-1e+18,-30,3.5999999999999996,0.0,1.0,4,0.0,-10,12,deltaR
train_0076,C:\Users\tao20\Desktop\Algorithm\AIPlayerDesktop\data\蔡扬的\train\train_0076.json,87,1,False,1,3,1,2,T,-1e+18,-30,3.5999999999999996,0.0,1.0,2,0.0,-10,12,deltaR
train_0076,C:\Users\tao20\Desktop\Algorithm\AIPlayerDesktop\data\蔡扬的\train\train_0076.json,87,2,False,2,3,2,2, ,-1e+18,-30,3.5999999999999996,0.0,1.0,3,0.0,-10,12,deltaR
train_0076,C:\Users\tao20\Desktop\Algorithm\AIPlayerDesktop\data\蔡扬的\train\train_0076.json,88,1,False,1,3,1,2,T,-1e+18,-30,3.5999999999999996,0.0,1.0,3,0.0,-10,12,deltaR
train_0076,C:\Users\tao20\Desktop\Algorithm\AIPlayerDesktop\data\蔡扬的\train\train_0076.json,88,2,False,2,3,2,2, ,-1e+18,-30,3.5999999999999996,0.0,1.0,4,0.0,-10,12,deltaR
train_0076,C:\Users\tao20\Desktop\Algorithm\AIPlayerDesktop\data\蔡扬的\train\train_0076.json,89,1,False,1,3,1,2,T,-1e+18,-30,3.5999999999999996,0.0,1.0,2,0.0,-10,12,deltaR
train_0076,C:\Users\tao20\Desktop\Algorithm\AIPlayerDesktop\data\蔡扬的\train\train_0076.json,89,2,False,2,3,2,2, ,-1e+18,-30,3.5999999999999996,0.0,1.0,3,0.0,-10,12,deltaR
train_0076,C:\Users\tao20\Desktop\Algorithm\AIPlayerDesktop\data\蔡扬的\train\train_0076.json,90,1,False,1,3,1,2,T,-1e+18,-30,3.5999999999999996,0.0,1.0,3,0.0,-10,12,deltaR
train_0076,C:\Users\tao20\Desktop\Algorithm\AIPlayerDesktop\data\蔡扬的\train\train_0076.json,90,2,False,2,3,2,2, ,-1e+18,-30,3.5999999999999996,0.0,1.0,4,0.0,-10,12,deltaR
train_0076,C:\Users\tao20\Desktop\Algorithm\AIPlayerDesktop\data\蔡扬的\train\train_0076.json,91,1,False,1,3,1,2,T,-1e+18,-30,3.5999999999999996,0.0,1.0,2,0.0,-10,12,deltaR
train_0076,C:\Users\tao20\Desktop\Algorithm\AIPlayerDesktop\data\蔡扬的\train\train_0076.json,91,2,False,2,3,2,2, ,-1e+18,-30,3.5999999999999996,0.0,1.0,3,0.0,-10,12,deltaR
train_0076,C:\Users\tao20\Desktop\Algorithm\AIPlayerDesktop\data\蔡扬的\train\train_0076.json,92,1,False,1,3,1,2,T,-1e+18,-30,3.5999999999999996,0.0,1.0,3,0.0,-10,12,deltaR
train_0076,C:\Users\tao20\Desktop\Algorithm\AIPlayerDesktop\data\蔡扬的\train\train_0076.json,92,2,False,2,3,2,2, ,-1e+18,-30,3.5999999999999996,0.0,1.0,4,0.0,-10,12,deltaR
train_0076,C:\Users\tao20\Desktop\Algorithm\AIPlayerDesktop\data\蔡扬的\train\train_0076.json,93,1,False,1,3,1,2,T,-1e+18,-30,3.5999999999999996,0.0,1.0,2,0.0,-10,12,deltaR
train_0076,C:\Users\tao20\Desktop\Algorithm\AIPlayerDesktop\data\蔡扬的\train\train_0076.json,93,2,False,2,3,2,2, ,-1e+18,-30,3.5999999999999996,0.0,1.0,3,0.0,-10,12,deltaR
train_0076,C:\Users\tao20\Desktop\Algorithm\AIPlayerDesktop\data\蔡扬的\train\train_0076.json,94,1,False,1,3,1,2,T,-1e+18,-30,3.5999999999999996,0.0,1.0,3,0.0,-10,12,deltaR
train_0076,C:\Users\tao20\Desktop\Algorithm\AIPlayerDesktop\data\蔡扬的\train\train_0076.json,94,2,False,2,3,2,2, ,-1e+18,-30,3.5999999999999996,0.0,1.0,4,0.0,-10,12,deltaR
train_0076,C:\Users\tao20\Desktop\Algorithm\AIPlayerDesktop\data\蔡扬的\train\train_0076.json,95,1,False,1,3,1,2,T,-1e+18,-30,3.5999999999999996,0.0,1.0,2,0.0,-10,12,deltaR
train_0076,C:\Users\tao20\Desktop\Algorithm\AIPlayerDesktop\data\蔡扬的\train\train_0076.json,95,2,False,2,3,2,2, ,-1e+18,-30,3.5999999999999996,0.0,1.0,3,0.0,-10,12,deltaR
train_0076,C:\Users\tao20\Desktop\Algorithm\AIPlayerDesktop\data\蔡扬的\train\train_0076.json,96,1,False,1,3,1,2,T,-1e+18,-30,3.5999999999999996,0.0,1.0,3,0.0,-10,12,deltaR
train_0076,C:\Users\tao20\Desktop\Algorithm\AIPlayerDesktop\data\蔡扬的\train\train_0076.json,96,2,False,2,3,2,2, ,-1e+18,-30,3.5999999999999996,0.0,1.0,4,0.0,-10,12,deltaR
train_0076,C:\Users\tao20\Desktop\Algorithm\AIPlayerDesktop\data\蔡扬的\train\train_0076.json,97,1,False,1,3,1,2,T,-1e+18,-30,3.5999999999999996,0.0,1.0,2,0.0,-10,12,deltaR
train_0076,C:\Users\tao20\Desktop\Algorithm\AIPlayerDesktop\data\蔡扬的\train\train_0076.json,97,2,False,2,3,2,2, ,-1e+18,-30,3.5999999999999996,0.0,1.0,3,0.0,-10,12,deltaR
train_0076,C:\Users\tao20\Desktop\Algorithm\AIPlayerDesktop\data\蔡扬的\train\train_0076.json,98,1,False,1,3,1,2,T,-1e+18,-30,3.5999999999999996,0.0,1.0,3,0.0,-10,12,deltaR
train_0076,C:\Users\tao20\Desktop\Algorithm\AIPlayerDesktop\data\蔡扬的\train\train_0076.json,98,2,False,2,3,2,2, ,-1e+18,-30,3.5999999999999996,0.0,1.0,4,0.0,-10,12,deltaR
train_0076,C:\Users\tao20\Desktop\Algorithm\AIPlayerDesktop\data\蔡扬的\train\train_0076.json,99,1,False,1,3,1,2,T,-1e+18,-30,3.5999999999999996,0.0,1.0,2,0.0,-10,12,deltaR
train_0076,C:\Users\tao20\Desktop\Algorithm\AIPlayerDesktop\data\蔡扬的\train\train_0076.json,99,2,False,2,3,2,2, ,-1e+18,-30,3.5999999999999996,0.0,1.0,3,0.0,-10,12,deltaR
train_0076,C:\Users\tao20\Desktop\Algorithm\AIPlayerDesktop\data\蔡扬的\train\train_0076.json,100,1,False,1,3,1,2,T,-1e+18,-30,3.5999999999999996,0.0,1.0,3,0.0,-10,12,deltaR
train_0076,C:\Users\tao20\Desktop\Algorithm\AIPlayerDesktop\data\蔡扬的\train\train_0076.json,100,2,False,2,3,2,2, ,-1e+18,-30,3.5999999999999996,0.0,1.0,4,0.0,-10,12,deltaR
train_0076,C:\Users\tao20\Desktop\Algorithm\AIPlayerDesktop\data\蔡扬的\train\train_0076.json,101,1,False,1,3,1,2,T,-1e+18,-30,3.5999999999999996,0.0,1.0,2,0.0,-10,12,deltaR
train_0076,C:\Users\tao20\Desktop\Algorithm\AIPlayerDesktop\data\蔡扬的\train\train_0076.json,101,2,False,2,3,2,2, ,-1e+18,-30,3.5999999999999996,0.0,1.0,3,0.0,-10,12,deltaR
train_0076,C:\Users\tao20\Desktop\Algorithm\AIPlayerDesktop\data\蔡扬的\train\train_0076.json,102,1,False,1,3,1,2,T,-1e+18,-30,3.5999999999999996,0.0,1.0,3,0.0,-10,12,deltaR
train_0076,C:\Users\tao20\Desktop\Algorithm\AIPlayerDesktop\data\蔡扬的\train\train_0076.json,102,2,False,2,3,2,2, ,-1e+18,-30,3.5999999999999996,0.0,1.0,4,0.0,-10,12,deltaR
train_0076,C:\Users\tao20\Desktop\Algorithm\AIPlayerDesktop\data\蔡扬的\train\train_0076.json,103,1,False,1,3,1,2,T,-1e+18,-30,3.5999999999999996,0.0,1.0,2,0.0,-10,12,deltaR
train_0076,C:\Users\tao20\Desktop\Algorithm\AIPlayerDesktop\data\蔡扬的\train\train_0076.json,103,2,False,2,3,2,2, ,-1e+18,-30,3.5999999999999996,0.0,1.0,3,0.0,-10,12,deltaR
train_0076,C:\Users\tao20\Desktop\Algorithm\AIPlayerDesktop\data\蔡扬的\train\train_0076.json,104,1,False,1,3,1,2,T,-1e+18,-30,3.5999999999999996,0.0,1.0,3,0.0,-10,12,deltaR
train_0076,C:\Users\tao20\Desktop\Algorithm\AIPlayerDesktop\data\蔡扬的\train\train_0076.json,104,2,False,2,3,2,2, ,-1e+18,-30,3.5999999999999996,0.0,1.0,4,0.0,-10,12,deltaR
train_0076,C:\Users\tao20\Desktop\Algorithm\AIPlayerDesktop\data\蔡扬的\train\train_0076.json,105,1,False,1,3,1,2,T,-1e+18,-30,3.5999999999999996,0.0,1.0,2,0.0,-10,12,deltaR
train_0076,C:\Users\tao20\Desktop\Algorithm\AIPlayerDesktop\data\蔡扬的\train\train_0076.json,105,2,False,2,3,2,2, ,-1e+18,-30,3.5999999999999996,0.0,1.0,3,0.0,-10,12,deltaR
train_0076,C:\Users\tao20\Desktop\Algorithm\AIPlayerDesktop\data\蔡扬的\train\train_0076.json,106,1,False,1,3,1,2,T,-1e+18,-30,3.5999999999999996,0.0,1.0,3,0.0,-10,12,deltaR
train_0076,C:\Users\tao20\Desktop\Algorithm\AIPlayerDesktop\data\蔡扬的\train\train_0076.json,106,2,False,2,3,2,2, ,-1e+18,-30,3.5999999999999996,0.0,1.0,4,0.0,-10,12,deltaR
train_0076,C:\Users\tao20\Desktop\Algorithm\AIPlayerDesktop\data\蔡扬的\train\train_0076.json,107,1,False,1,3,1,2,T,-1e+18,-30,3.5999999999999996,0.0,1.0,2,0.0,-10,12,deltaR
train_0076,C:\Users\tao20\Desktop\Algorithm\AIPlayerDesktop\data\蔡扬的\train\train_0076.json,107,2,False,2,3,2,2, ,-1e+18,-30,3.5999999999999996,0.0,1.0,3,0.0,-10,12,deltaR
train_0076,C:\Users\tao20\Desktop\Algorithm\AIPlayerDesktop\data\蔡扬的\train\train_0076.json,108,1,False,1,3,1,2,T,-1e+18,-30,3.5999999999999996,0.0,1.0,3,0.0,-10,12,deltaR
train_0076,C:\Users\tao20\Desktop\Algorithm\AIPlayerDesktop\data\蔡扬的\train\train_0076.json,108,2,False,2,3,2,2, ,-1e+18,-30,3.5999999999999996,0.0,1.0,4,0.0,-10,12,deltaR
train_0076,C:\Users\tao20\Desktop\Algorithm\AIPlayerDesktop\data\蔡扬的\train\train_0076.json,109,1,False,1,3,1,2,T,-1e+18,-30,3.5999999999999996,0.0,1.0,2,0.0,-10,12,deltaR
train_0076,C:\Users\tao20\Desktop\Algorithm\AIPlayerDesktop\data\蔡扬的\train\train_0076.json,109,2,False,2,3,2,2, ,-1e+18,-30,3.5999999999999996,0.0,1.0,3,0.0,-10,12,deltaR
train_0076,C:\Users\tao20\Desktop\Algorithm\AIPlayerDesktop\data\蔡扬的\train\train_0076.json,110,1,False,1,3,1,2,T,-1e+18,-30,3.5999999999999996,0.0,1.0,3,0.0,-10,12,deltaR
train_0076,C:\Users\tao20\Desktop\Algorithm\AIPlayerDesktop\data\蔡扬的\train\train_0076.json,110,2,False,2,3,2,2, ,-1e+18,-30,3.5999999999999996,0.0,1.0,4,0.0,-10,12,deltaR
train_0076,C:\Users\tao20\Desktop\Algorithm\AIPlayerDesktop\data\蔡扬的\train\train_0076.json,111,1,False,1,3,1,2,T,-1e+18,-30,3.5999999999999996,0.0,1.0,2,0.0,-10,12,deltaR
train_0076,C:\Users\tao20\Desktop\Algorithm\AIPlayerDesktop\data\蔡扬的\train\train_0076.json,111,2,False,2,3,2,2, ,-1e+18,-30,3.5999999999999996,0.0,1.0,3,0.0,-10,12,deltaR
train_0076,C:\Users\tao20\Desktop\Algorithm\AIPlayerDesktop\data\蔡扬的\train\train_0076.json,112,1,False,1,3,1,2,T,-1e+18,-30,3.5999999999999996,0.0,1.0,3,0.0,-10,12,deltaR
train_0076,C:\Users\tao20\Desktop\Algorithm\AIPlayerDesktop\data\蔡扬的\train\train_0076.json,112,2,False,2,3,2,2, ,-1e+18,-30,3.5999999999999996,0.0,1.0,4,0.0,-10,12,deltaR
train_0076,C:\Users\tao20\Desktop\Algorithm\AIPlayerDesktop\data\蔡扬的\train\train_0076.json,113,1,False,1,3,1,2,T,-1e+18,-30,3.5999999999999996,0.0,1.0,2,0.0,-10,12,deltaR
train_0076,C:\Users\tao20\Desktop\Algorithm\AIPlayerDesktop\data\蔡扬的\train\train_0076.json,113,2,False,2,3,2,2, ,-1e+18,-30,3.5999999999999996,0.0,1.0,3,0.0,-10,12,deltaR
train_0076,C:\Users\tao20\Desktop\Algorithm\AIPlayerDesktop\data\蔡扬的\train\train_0076.json,114,1,False,1,3,1,2,T,-1e+18,-30,3.5999999999999996,0.0,1.0,3,0.0,-10,12,deltaR
train_0076,C:\Users\tao20\Desktop\Algorithm\AIPlayerDesktop\data\蔡扬的\train\train_0076.json,114,2,False,2,3,2,2, ,-1e+18,-30,3.5999999999999996,0.0,1.0,4,0.0,-10,12,deltaR
train_0076,C:\Users\tao20\Desktop\Algorithm\AIPlayerDesktop\data\蔡扬的\train\train_0076.json,115,1,False,1,3,1,2,T,-1e+18,-30,3.5999999999999996,0.0,1.0,2,0.0,-10,12,deltaR
train_0076,C:\Users\tao20\Desktop\Algorithm\AIPlayerDesktop\data\蔡扬的\train\train_0076.json,115,2,False,2,3,2,2, ,-1e+18,-30,3.5999999999999996,0.0,1.0,3,0.0,-10,12,deltaR
train_0076,C:\Users\tao20\Desktop\Algorithm\AIPlayerDesktop\data\蔡扬的\train\train_0076.json,116,1,False,1,3,1,2,T,-1e+18,-30,3.5999999999999996,0.0,1.0,3,0.0,-10,12,deltaR
train_0076,C:\Users\tao20\Desktop\Algorithm\AIPlayerDesktop\data\蔡扬的\train\train_0076.json,116,2,False,2,3,2,2, ,-1e+18,-30,3.5999999999999996,0.0,1.0,4,0.0,-10,12,deltaR
train_0076,C:\Users\tao20\Desktop\Algorithm\AIPlayerDesktop\data\蔡扬的\train\train_0076.json,117,1,False,1,3,1,2,T,-1e+18,-30,3.5999999999999996,0.0,1.0,2,0.0,-10,12,deltaR
train_0076,C:\Users\tao20\Desktop\Algorithm\AIPlayerDesktop\data\蔡扬的\train\train_0076.json,117,2,False,2,3,2,2, ,-1e+18,-30,3.5999999999999996,0.0,1.0,3,0.0,-10,12,deltaR
train_0076,C:\Users\tao20\Desktop\Algorithm\AIPlayerDesktop\data\蔡扬的\train\train_0076.json,118,1,False,1,3,1,2,T,-1e+18,-30,3.5999999999999996,0.0,1.0,3,0.0,-10,12,deltaR
train_0076,C:\Users\tao20\Desktop\Algorithm\AIPlayerDesktop\data\蔡扬的\train\train_0076.json,118,2,False,2,3,2,2, ,-1e+18,-30,3.5999999999999996,0.0,1.0,4,0.0,-10,12,deltaR
train_0076,C:\Users\tao20\Desktop\Algorithm\AIPlayerDesktop\data\蔡扬的\train\train_0076.json,119,1,False,1,3,1,2,T,-1e+18,-30,3.5999999999999996,0.0,1.0,2,0.0,-10,12,deltaR
train_0076,C:\Users\tao20\Desktop\Algorithm\AIPlayerDesktop\data\蔡扬的\train\train_0076.json,119,2,False,2,3,2,2, ,-1e+18,-30,3.5999999999999996,0.0,1.0,3,0.0,-10,12,deltaR
train_0076,C:\Users\tao20\Desktop\Algorithm\AIPlayerDesktop\data\蔡扬的\train\train_0076.json,120,1,False,1,3,1,2,T,-1e+18,-30,3.5999999999999996,0.0,1.0,3,0.0,-10,12,deltaR
train_0076,C:\Users\tao20\Desktop\Algorithm\AIPlayerDesktop\data\蔡扬的\train\train_0076.json,120,2,False,2,3,2,2, ,-1e+18,-30,3.5999999999999996,0.0,1.0,4,0.0,-10,12,deltaR
train_0076,C:\Users\tao20\Desktop\Algorithm\AIPlayerDesktop\data\蔡扬的\train\train_0076.json,121,1,False,1,3,1,2,T,-1e+18,-30,3.5999999999999996,0.0,1.0,2,0.0,-10,12,deltaR
train_0076,C:\Users\tao20\Desktop\Algorithm\AIPlayerDesktop\data\蔡扬的\train\train_0076.json,121,2,False,2,3,2,2, ,-1e+18,-30,3.5999999999999996,0.0,1.0,3,0.0,-10,12,deltaR
train_0076,C:\Users\tao20\Desktop\Algorithm\AIPlayerDesktop\data\蔡扬的\train\train_0076.json,122,1,False,1,3,1,2,T,-1e+18,-30,3.5999999999999996,0.0,1.0,3,0.0,-10,12,deltaR
train_0076,C:\Users\tao20\Desktop\Algorithm\AIPlayerDesktop\data\蔡扬的\train\train_0076.json,122,2,False,2,3,2,2, ,-1e+18,-30,3.5999999999999996,0.0,1.0,4,0.0,-10,12,deltaR
train_0076,C:\Users\tao20\Desktop\Algorithm\AIPlayerDesktop\data\蔡扬的\train\train_0076.json,123,1,False,1,3,1,2,T,-1e+18,-30,3.5999999999999996,0.0,1.0,2,0.0,-10,12,deltaR
train_0076,C:\Users\tao20\Desktop\Algorithm\AIPlayerDesktop\data\蔡扬的\train\train_0076.json,123,2,False,2,3,2,2, ,-1e+18,-30,3.5999999999999996,0.0,1.0,3,0.0,-10,12,deltaR
train_0076,C:\Users\tao20\Desktop\Algorithm\AIPlayerDesktop\data\蔡扬的\train\train_0076.json,124,1,False,1,3,1,2,T,-1e+18,-30,3.5999999999999996,0.0,1.0,3,0.0,-10,12,deltaR
train_0076,C:\Users\tao20\Desktop\Algorithm\AIPlayerDesktop\data\蔡扬的\train\train_0076.json,124,2,False,2,3,2,2, ,-1e+18,-30,3.5999999999999996,0.0,1.0,4,0.0,-10,12,deltaR
train_0076,C:\Users\tao20\Desktop\Algorithm\AIPlayerDesktop\data\蔡扬的\train\train_0076.json,125,1,False,1,3,1,2,T,-1e+18,-30,3.5999999999999996,0.0,1.0,2,0.0,-10,12,deltaR
train_0076,C:\Users\tao20\Desktop\Algorithm\AIPlayerDesktop\data\蔡扬的\train\train_0076.json,125,2,False,2,3,2,2, ,-1e+18,-30,3.5999999999999996,0.0,1.0,3,0.0,-10,12,deltaR
train_0076,C:\Users\tao20\Desktop\Algorithm\AIPlayerDesktop\data\蔡扬的\train\train_0076.json,126,1,False,1,3,1,2,T,-1e+18,-30,3.5999999999999996,0.0,1.0,3,0.0,-10,12,deltaR
train_0076,C:\Users\tao20\Desktop\Algorithm\AIPlayerDesktop\data\蔡扬的\train\train_0076.json,126,2,False,2,3,2,2, ,-1e+18,-30,3.5999999999999996,0.0,1.0,4,0.0,-10,12,deltaR
train_0076,C:\Users\tao20\Desktop\Algorithm\AIPlayerDesktop\data\蔡扬的\train\train_0076.json,127,1,False,1,3,1,2,T,-1e+18,-30,3.5999999999999996,0.0,1.0,2,0.0,-10,12,deltaR
train_0076,C:\Users\tao20\Desktop\Algorithm\AIPlayerDesktop\data\蔡扬的\train\train_0076.json,127,2,False,2,3,2,2, ,-1e+18,-30,3.5999999999999996,0.0,1.0,3,0.0,-10,12,deltaR
train_0076,C:\Users\tao20\Desktop\Algorithm\AIPlayerDesktop\data\蔡扬的\train\train_0076.json,128,1,False,1,3,1,2,T,-1e+18,-30,3.5999999999999996,0.0,1.0,3,0.0,-10,12,deltaR
train_0076,C:\Users\tao20\Desktop\Algorithm\AIPlayerDesktop\data\蔡扬的\train\train_0076.json,128,2,False,2,3,2,2, ,-1e+18,-30,3.5999999999999996,0.0,1.0,4,0.0,-10,12,deltaR
train_0076,C:\Users\tao20\Desktop\Algorithm\AIPlayerDesktop\data\蔡扬的\train\train_0076.json,129,1,False,1,3,1,2,T,-1e+18,-30,3.5999999999999996,0.0,1.0,2,0.0,-10,12,deltaR
train_0076,C:\Users\tao20\Desktop\Algorithm\AIPlayerDesktop\data\蔡扬的\train\train_0076.json,129,2,False,2,3,2,2, ,-1e+18,-30,3.5999999999999996,0.0,1.0,3,0.0,-10,12,deltaR
train_0076,C:\Users\tao20\Desktop\Algorithm\AIPlayerDesktop\data\蔡扬的\train\train_0076.json,130,1,False,1,3,1,2,T,-1e+18,-30,3.5999999999999996,0.0,1.0,3,0.0,-10,12,deltaR
train_0076,C:\Users\tao20\Desktop\Algorithm\AIPlayerDesktop\data\蔡扬的\train\train_0076.json,130,2,False,2,3,2,2, ,-1e+18,-30,3.5999999999999996,0.0,1.0,4,0.0,-10,12,deltaR
train_0076,C:\Users\tao20\Desktop\Algorithm\AIPlayerDesktop\data\蔡扬的\train\train_0076.json,131,1,False,1,3,1,2,T,-1e+18,-30,3.5999999999999996,0.0,1.0,2,0.0,-10,12,deltaR
train_0076,C:\Users\tao20\Desktop\Algorithm\AIPlayerDesktop\data\蔡扬的\train\train_0076.json,131,2,False,2,3,2,2, ,-1e+18,-30,3.5999999999999996,0.0,1.0,3,0.0,-10,12,deltaR
train_0076,C:\Users\tao20\Desktop\Algorithm\AIPlayerDesktop\data\蔡扬的\train\train_0076.json,132,1,False,1,3,1,2,T,-1e+18,-30,3.5999999999999996,0.0,1.0,3,0.0,-10,12,deltaR
train_0076,C:\Users\tao20\Desktop\Algorithm\AIPlayerDesktop\data\蔡扬的\train\train_0076.json,132,2,False,2,3,2,2, ,-1e+18,-30,3.5999999999999996,0.0,1.0,4,0.0,-10,12,deltaR
train_0076,C:\Users\tao20\Desktop\Algorithm\AIPlayerDesktop\data\蔡扬的\train\train_0076.json,133,1,False,1,3,1,2,T,-1e+18,-30,3.5999999999999996,0.0,1.0,2,0.0,-10,12,deltaR
train_0076,C:\Users\tao20\Desktop\Algorithm\AIPlayerDesktop\data\蔡扬的\train\train_0076.json,133,2,False,2,3,2,2, ,-1e+18,-30,3.5999999999999996,0.0,1.0,3,0.0,-10,12,deltaR
train_0076,C:\Users\tao20\Desktop\Algorithm\AIPlayerDesktop\data\蔡扬的\train\train_0076.json,134,1,False,1,3,1,2,T,-1e+18,-30,3.5999999999999996,0.0,1.0,3,0.0,-10,12,deltaR
train_0076,C:\Users\tao20\Desktop\Algorithm\AIPlayerDesktop\data\蔡扬的\train\train_0076.json,134,2,False,2,3,2,2, ,-1e+18,-30,3.5999999999999996,0.0,1.0,4,0.0,-10,12,deltaR
train_0076,C:\Users\tao20\Desktop\Algorithm\AIPlayerDesktop\data\蔡扬的\train\train_0076.json,135,1,False,1,3,1,2,T,-1e+18,-30,3.5999999999999996,0.0,1.0,2,0.0,-10,12,deltaR
train_0076,C:\Users\tao20\Desktop\Algorithm\AIPlayerDesktop\data\蔡扬的\train\train_0076.json,135,2,False,2,3,2,2, ,-1e+18,-30,3.5999999999999996,0.0,1.0,3,0.0,-10,12,deltaR
train_0076,C:\Users\tao20\Desktop\Algorithm\AIPlayerDesktop\data\蔡扬的\train\train_0076.json,136,1,False,1,3,1,2,T,-1e+18,-30,3.5999999999999996,0.0,1.0,3,0.0,-10,12,deltaR
train_0076,C:\Users\tao20\Desktop\Algorithm\AIPlayerDesktop\data\蔡扬的\train\train_0076.json,136,2,False,2,3,2,2, ,-1e+18,-30,3.5999999999999996,0.0,1.0,4,0.0,-10,12,deltaR
train_0076,C:\Users\tao20\Desktop\Algorithm\AIPlayerDesktop\data\蔡扬的\train\train_0076.json,137,1,False,1,3,1,2,T,-1e+18,-30,3.5999999999999996,0.0,1.0,2,0.0,-10,12,deltaR
train_0076,C:\Users\tao20\Desktop\Algorithm\AIPlayerDesktop\data\蔡扬的\train\train_0076.json,137,2,False,2,3,2,2, ,-1e+18,-30,3.5999999999999996,0.0,1.0,3,0.0,-10,12,deltaR
train_0076,C:\Users\tao20\Desktop\Algorithm\AIPlayerDesktop\data\蔡扬的\train\train_0076.json,138,1,False,1,3,1,2,T,-1e+18,-30,3.5999999999999996,0.0,1.0,3,0.0,-10,12,deltaR
train_0076,C:\Users\tao20\Desktop\Algorithm\AIPlayerDesktop\data\蔡扬的\train\train_0076.json,138,2,False,2,3,2,2, ,-1e+18,-30,3.5999999999999996,0.0,1.0,4,0.0,-10,12,deltaR
train_0076,C:\Users\tao20\Desktop\Algorithm\AIPlayerDesktop\data\蔡扬的\train\train_0076.json,139,1,False,1,3,1,2,T,-1e+18,-30,3.5999999999999996,0.0,1.0,2,0.0,-10,12,deltaR
train_0076,C:\Users\tao20\Desktop\Algorithm\AIPlayerDesktop\data\蔡扬的\train\train_0076.json,139,2,False,2,3,2,2, ,-1e+18,-30,3.5999999999999996,0.0,1.0,3,0.0,-10,12,deltaR
train_0076,C:\Users\tao20\Desktop\Algorithm\AIPlayerDesktop\data\蔡扬的\train\train_0076.json,140,1,False,1,3,1,2,T,-1e+18,-30,3.5999999999999996,0.0,1.0,3,0.0,-10,12,deltaR
train_0076,C:\Users\tao20\Desktop\Algorithm\AIPlayerDesktop\data\蔡扬的\train\train_0076.json,140,2,False,2,3,2,2, ,-1e+18,-30,3.5999999999999996,0.0,1.0,4,0.0,-10,12,deltaR
train_0076,C:\Users\tao20\Desktop\Algorithm\AIPlayerDesktop\data\蔡扬的\train\train_0076.json,141,1,False,1,3,1,2,T,-1e+18,-30,3.5999999999999996,0.0,1.0,2,0.0,-10,12,deltaR
train_0076,C:\Users\tao20\Desktop\Algorithm\AIPlayerDesktop\data\蔡扬的\train\train_0076.json,141,2,False,2,3,2,2, ,-1e+18,-30,3.5999999999999996,0.0,1.0,3,0.0,-10,12,deltaR
train_0076,C:\Users\tao20\Desktop\Algorithm\AIPlayerDesktop\data\蔡扬的\train\train_0076.json,142,1,False,1,3,1,2,T,-1e+18,-30,3.5999999999999996,0.0,1.0,3,0.0,-10,12,deltaR
train_0076,C:\Users\tao20\Desktop\Algorithm\AIPlayerDesktop\data\蔡扬的\train\train_0076.json,142,2,False,2,3,2,2, ,-1e+18,-30,3.5999999999999996,0.0,1.0,4,0.0,-10,12,deltaR
train_0076,C:\Users\tao20\Desktop\Algorithm\AIPlayerDesktop\data\蔡扬的\train\train_0076.json,143,1,False,1,3,1,2,T,-1e+18,-30,3.5999999999999996,0.0,1.0,2,0.0,-10,12,deltaR
train_0076,C:\Users\tao20\Desktop\Algorithm\AIPlayerDesktop\data\蔡扬的\train\train_0076.json,143,2,False,2,3,2,2, ,-1e+18,-30,3.5999999999999996,0.0,1.0,3,0.0,-10,12,deltaR
train_0076,C:\Users\tao20\Desktop\Algorithm\AIPlayerDesktop\data\蔡扬的\train\train_0076.json,144,1,False,1,3,1,2,T,-1e+18,-30,3.5999999999999996,0.0,1.0,3,0.0,-10,12,deltaR
train_0076,C:\Users\tao20\Desktop\Algorithm\AIPlayerDesktop\data\蔡扬的\train\train_0076.json,144,2,False,2,3,2,2, ,-1e+18,-30,3.5999999999999996,0.0,1.0,4,0.0,-10,12,deltaR
train_0076,C:\Users\tao20\Desktop\Algorithm\AIPlayerDesktop\data\蔡扬的\train\train_0076.json,145,1,False,1,3,1,2,T,-1e+18,-30,3.5999999999999996,0.0,1.0,2,0.0,-10,12,deltaR
train_0076,C:\Users\tao20\Desktop\Algorithm\AIPlayerDesktop\data\蔡扬的\train\train_0076.json,145,2,False,2,3,2,2, ,-1e+18,-30,3.5999999999999996,0.0,1.0,3,0.0,-10,12,deltaR
train_0076,C:\Users\tao20\Desktop\Algorithm\AIPlayerDesktop\data\蔡扬的\train\train_0076.json,146,1,False,1,3,1,2,T,-1e+18,-30,3.5999999999999996,0.0,1.0,3,0.0,-10,12,deltaR
train_0076,C:\Users\tao20\Desktop\Algorithm\AIPlayerDesktop\data\蔡扬的\train\train_0076.json,146,2,False,2,3,2,2, ,-1e+18,-30,3.5999999999999996,0.0,1.0,4,0.0,-10,12,deltaR
train_0076,C:\Users\tao20\Desktop\Algorithm\AIPlayerDesktop\data\蔡扬的\train\train_0076.json,147,1,False,1,3,1,2,T,-1e+18,-30,3.5999999999999996,0.0,1.0,2,0.0,-10,12,deltaR
train_0076,C:\Users\tao20\Desktop\Algorithm\AIPlayerDesktop\data\蔡扬的\train\train_0076.json,147,2,False,2,3,2,2, ,-1e+18,-30,3.5999999999999996,0.0,1.0,3,0.0,-10,12,deltaR
train_0076,C:\Users\tao20\Desktop\Algorithm\AIPlayerDesktop\data\蔡扬的\train\train_0076.json,148,1,False,1,3,1,2,T,-1e+18,-30,3.5999999999999996,0.0,1.0,3,0.0,-10,12,deltaR
train_0076,C:\Users\tao20\Desktop\Algorithm\AIPlayerDesktop\data\蔡扬的\train\train_0076.json,148,2,False,2,3,2,2, ,-1e+18,-30,3.5999999999999996,0.0,1.0,4,0.0,-10,12,deltaR
train_0076,C:\Users\tao20\Desktop\Algorithm\AIPlayerDesktop\data\蔡扬的\train\train_0076.json,149,1,False,1,3,1,2,T,-1e+18,-30,3.5999999999999996,0.0,1.0,2,0.0,-10,12,deltaR
train_0076,C:\Users\tao20\Desktop\Algorithm\AIPlayerDesktop\data\蔡扬的\train\train_0076.json,149,2,False,2,3,2,2, ,-1e+18,-30,3.5999999999999996,0.0,1.0,3,0.0,-10,12,deltaR
train_0076,C:\Users\tao20\Desktop\Algorithm\AIPlayerDesktop\data\蔡扬的\train\train_0076.json,150,1,False,1,3,1,2,T,-1e+18,-30,3.5999999999999996,0.0,1.0,3,0.0,-10,12,deltaR
train_0076,C:\Users\tao20\Desktop\Algorithm\AIPlayerDesktop\data\蔡扬的\train\train_0076.json,150,2,False,2,3,2,2, ,-1e+18,-30,3.5999999999999996,0.0,1.0,4,0.0,-10,12,deltaR
train_0076,C:\Users\tao20\Desktop\Algorithm\AIPlayerDesktop\data\蔡扬的\train\train_0076.json,151,1,False,1,3,1,2,T,-1e+18,-30,3.5999999999999996,0.0,1.0,2,0.0,-10,12,deltaR
train_0076,C:\Users\tao20\Desktop\Algorithm\AIPlayerDesktop\data\蔡扬的\train\train_0076.json,151,2,False,2,3,2,2, ,-1e+18,-30,3.5999999999999996,0.0,1.0,3,0.0,-10,12,deltaR
train_0076,C:\Users\tao20\Desktop\Algorithm\AIPlayerDesktop\data\蔡扬的\train\train_0076.json,152,1,False,1,3,1,2,T,-1e+18,-30,3.5999999999999996,0.0,1.0,3,0.0,-10,12,deltaR
train_0076,C:\Users\tao20\Desktop\Algorithm\AIPlayerDesktop\data\蔡扬的\train\train_0076.json,152,2,False,2,3,2,2, ,-1e+18,-30,3.5999999999999996,0.0,1.0,4,0.0,-10,12,deltaR
train_0076,C:\Users\tao20\Desktop\Algorithm\AIPlayerDesktop\data\蔡扬的\train\train_0076.json,153,1,False,1,3,1,2,T,-1e+18,-30,3.5999999999999996,0.0,1.0,2,0.0,-10,12,deltaR
train_0076,C:\Users\tao20\Desktop\Algorithm\AIPlayerDesktop\data\蔡扬的\train\train_0076.json,153,2,False,2,3,2,2, ,-1e+18,-30,3.5999999999999996,0.0,1.0,3,0.0,-10,12,deltaR
train_0076,C:\Users\tao20\Desktop\Algorithm\AIPlayerDesktop\data\蔡扬的\train\train_0076.json,154,1,False,1,3,1,2,T,-1e+18,-30,3.5999999999999996,0.0,1.0,3,0.0,-10,12,deltaR
train_0076,C:\Users\tao20\Desktop\Algorithm\AIPlayerDesktop\data\蔡扬的\train\train_0076.json,154,2,False,2,3,2,2, ,-1e+18,-30,3.5999999999999996,0.0,1.0,4,0.0,-10,12,deltaR
train_0076,C:\Users\tao20\Desktop\Algorithm\AIPlayerDesktop\data\蔡扬的\train\train_0076.json,155,1,False,1,3,1,2,T,-1e+18,-30,3.5999999999999996,0.0,1.0,2,0.0,-10,12,deltaR
train_0076,C:\Users\tao20\Desktop\Algorithm\AIPlayerDesktop\data\蔡扬的\train\train_0076.json,155,2,False,2,3,2,2, ,-1e+18,-30,3.5999999999999996,0.0,1.0,3,0.0,-10,12,deltaR
train_0076,C:\Users\tao20\Desktop\Algorithm\AIPlayerDesktop\data\蔡扬的\train\train_0076.json,156,1,False,1,3,1,2,T,-1e+18,-30,3.5999999999999996,0.0,1.0,3,0.0,-10,12,deltaR
train_0076,C:\Users\tao20\Desktop\Algorithm\AIPlayerDesktop\data\蔡扬的\train\train_0076.json,156,2,False,2,3,2,2, ,-1e+18,-30,3.5999999999999996,0.0,1.0,4,0.0,-10,12,deltaR
train_0076,C:\Users\tao20\Desktop\Algorithm\AIPlayerDesktop\data\蔡扬的\train\train_0076.json,157,1,False,1,3,1,2,T,-1e+18,-30,3.5999999999999996,0.0,1.0,2,0.0,-10,12,deltaR
train_0076,C:\Users\tao20\Desktop\Algorithm\AIPlayerDesktop\data\蔡扬的\train\train_0076.json,157,2,False,2,3,2,2, ,-1e+18,-30,3.5999999999999996,0.0,1.0,3,0.0,-10,12,deltaR
train_0076,C:\Users\tao20\Desktop\Algorithm\AIPlayerDesktop\data\蔡扬的\train\train_0076.json,158,1,False,1,3,1,2,T,-1e+18,-30,3.5999999999999996,0.0,1.0,3,0.0,-10,12,deltaR
train_0076,C:\Users\tao20\Desktop\Algorithm\AIPlayerDesktop\data\蔡扬的\train\train_0076.json,158,2,False,2,3,2,2, ,-1e+18,-30,3.5999999999999996,0.0,1.0,4,0.0,-10,12,deltaR
train_0076,C:\Users\tao20\Desktop\Algorithm\AIPlayerDesktop\data\蔡扬的\train\train_0076.json,159,1,False,1,3,1,2,T,-1e+18,-30,3.5999999999999996,0.0,1.0,2,0.0,-10,12,deltaR
train_0076,C:\Users\tao20\Desktop\Algorithm\AIPlayerDesktop\data\蔡扬的\train\train_0076.json,159,2,False,2,3,2,2, ,-1e+18,-30,3.5999999999999996,0.0,1.0,3,0.0,-10,12,deltaR
train_0076,C:\Users\tao20\Desktop\Algorithm\AIPlayerDesktop\data\蔡扬的\train\train_0076.json,160,1,False,1,3,1,2,T,-1e+18,-30,3.5999999999999996,0.0,1.0,3,0.0,-10,12,deltaR
train_0076,C:\Users\tao20\Desktop\Algorithm\AIPlayerDesktop\data\蔡扬的\train\train_0076.json,160,2,False,2,3,2,2, ,-1e+18,-30,3.5999999999999996,0.0,1.0,4,0.0,-10,12,deltaR
train_0076,C:\Users\tao20\Desktop\Algorithm\AIPlayerDesktop\data\蔡扬的\train\train_0076.json,161,1,False,1,3,1,2,T,-1e+18,-30,3.5999999999999996,0.0,1.0,2,0.0,-10,12,deltaR
train_0076,C:\Users\tao20\Desktop\Algorithm\AIPlayerDesktop\data\蔡扬的\train\train_0076.json,161,2,False,2,3,2,2, ,-1e+18,-30,3.5999999999999996,0.0,1.0,3,0.0,-10,12,deltaR
train_0076,C:\Users\tao20\Desktop\Algorithm\AIPlayerDesktop\data\蔡扬的\train\train_0076.json,162,1,False,1,3,1,2,T,-1e+18,-30,3.5999999999999996,0.0,1.0,3,0.0,-10,12,deltaR
train_0076,C:\Users\tao20\Desktop\Algorithm\AIPlayerDesktop\data\蔡扬的\train\train_0076.json,162,2,False,2,3,2,2, ,-1e+18,-30,3.5999999999999996,0.0,1.0,4,0.0,-10,12,deltaR
train_0076,C:\Users\tao20\Desktop\Algorithm\AIPlayerDesktop\data\蔡扬的\train\train_0076.json,163,1,False,1,3,1,2,T,-1e+18,-30,3.5999999999999996,0.0,1.0,2,0.0,-10,12,deltaR
train_0076,C:\Users\tao20\Desktop\Algorithm\AIPlayerDesktop\data\蔡扬的\train\train_0076.json,163,2,False,2,3,2,2, ,-1e+18,-30,3.5999999999999996,0.0,1.0,3,0.0,-10,12,deltaR
train_0076,C:\Users\tao20\Desktop\Algorithm\AIPlayerDesktop\data\蔡扬的\train\train_0076.json,164,1,False,1,3,1,2,T,-1e+18,-30,3.5999999999999996,0.0,1.0,3,0.0,-10,12,deltaR
train_0076,C:\Users\tao20\Desktop\Algorithm\AIPlayerDesktop\data\蔡扬的\train\train_0076.json,164,2,False,2,3,2,2, ,-1e+18,-30,3.5999999999999996,0.0,1.0,4,0.0,-10,12,deltaR
train_0076,C:\Users\tao20\Desktop\Algorithm\AIPlayerDesktop\data\蔡扬的\train\train_0076.json,165,1,False,1,3,1,2,T,-1e+18,-30,3.5999999999999996,0.0,1.0,2,0.0,-10,12,deltaR
train_0076,C:\Users\tao20\Desktop\Algorithm\AIPlayerDesktop\data\蔡扬的\train\train_0076.json,165,2,False,2,3,2,2, ,-1e+18,-30,3.5999999999999996,0.0,1.0,3,0.0,-10,12,deltaR
train_0076,C:\Users\tao20\Desktop\Algorithm\AIPlayerDesktop\data\蔡扬的\train\train_0076.json,166,1,False,1,3,1,2,T,-1e+18,-30,3.5999999999999996,0.0,1.0,3,0.0,-10,12,deltaR
train_0076,C:\Users\tao20\Desktop\Algorithm\AIPlayerDesktop\data\蔡扬的\train\train_0076.json,166,2,False,2,3,2,2, ,-1e+18,-30,3.5999999999999996,0.0,1.0,4,0.0,-10,12,deltaR
train_0076,C:\Users\tao20\Desktop\Algorithm\AIPlayerDesktop\data\蔡扬的\train\train_0076.json,167,1,False,1,3,1,2,T,-1e+18,-30,3.5999999999999996,0.0,1.0,2,0.0,-10,12,deltaR
train_0076,C:\Users\tao20\Desktop\Algorithm\AIPlayerDesktop\data\蔡扬的\train\train_0076.json,167,2,False,2,3,2,2, ,-1e+18,-30,3.5999999999999996,0.0,1.0,3,0.0,-10,12,deltaR
train_0076,C:\Users\tao20\Desktop\Algorithm\AIPlayerDesktop\data\蔡扬的\train\train_0076.json,168,1,False,1,3,1,2,T,-1e+18,-30,3.5999999999999996,0.0,1.0,3,0.0,-10,12,deltaR
train_0076,C:\Users\tao20\Desktop\Algorithm\AIPlayerDesktop\data\蔡扬的\train\train_0076.json,168,2,False,2,3,2,2, ,-1e+18,-30,3.5999999999999996,0.0,1.0,4,0.0,-10,12,deltaR
train_0076,C:\Users\tao20\Desktop\Algorithm\AIPlayerDesktop\data\蔡扬的\train\train_0076.json,169,1,False,1,3,1,2,T,-1e+18,-30,3.5999999999999996,0.0,1.0,2,0.0,-10,12,deltaR
train_0076,C:\Users\tao20\Desktop\Algorithm\AIPlayerDesktop\data\蔡扬的\train\train_0076.json,169,2,False,2,3,2,2, ,-1e+18,-30,3.5999999999999996,0.0,1.0,3,0.0,-10,12,deltaR
train_0076,C:\Users\tao20\Desktop\Algorithm\AIPlayerDesktop\data\蔡扬的\train\train_0076.json,170,1,False,1,3,1,2,T,-1e+18,-30,3.5999999999999996,0.0,1.0,3,0.0,-10,12,deltaR
train_0076,C:\Users\tao20\Desktop\Algorithm\AIPlayerDesktop\data\蔡扬的\train\train_0076.json,170,2,False,2,3,2,2, ,-1e+18,-30,3.5999999999999996,0.0,1.0,4,0.0,-10,12,deltaR
train_0076,C:\Users\tao20\Desktop\Algorithm\AIPlayerDesktop\data\蔡扬的\train\train_0076.json,171,1,False,1,3,1,2,T,-1e+18,-30,3.5999999999999996,0.0,1.0,2,0.0,-10,12,deltaR
train_0076,C:\Users\tao20\Desktop\Algorithm\AIPlayerDesktop\data\蔡扬的\train\train_0076.json,171,2,False,2,3,2,2, ,-1e+18,-30,3.5999999999999996,0.0,1.0,3,0.0,-10,12,deltaR
train_0076,C:\Users\tao20\Desktop\Algorithm\AIPlayerDesktop\data\蔡扬的\train\train_0076.json,172,1,False,1,3,1,2,T,-1e+18,-30,3.5999999999999996,0.0,1.0,3,0.0,-10,12,deltaR
train_0076,C:\Users\tao20\Desktop\Algorithm\AIPlayerDesktop\data\蔡扬的\train\train_0076.json,172,2,False,2,3,2,2, ,-1e+18,-30,3.5999999999999996,0.0,1.0,4,0.0,-10,12,deltaR
train_0076,C:\Users\tao20\Desktop\Algorithm\AIPlayerDesktop\data\蔡扬的\train\train_0076.json,173,1,False,1,3,1,2,T,-1e+18,-30,3.5999999999999996,0.0,1.0,2,0.0,-10,12,deltaR
train_0076,C:\Users\tao20\Desktop\Algorithm\AIPlayerDesktop\data\蔡扬的\train\train_0076.json,173,2,False,2,3,2,2, ,-1e+18,-30,3.5999999999999996,0.0,1.0,3,0.0,-10,12,deltaR
train_0076,C:\Users\tao20\Desktop\Algorithm\AIPlayerDesktop\data\蔡扬的\train\train_0076.json,174,1,False,1,3,1,2,T,-1e+18,-30,3.5999999999999996,0.0,1.0,3,0.0,-10,12,deltaR
train_0076,C:\Users\tao20\Desktop\Algorithm\AIPlayerDesktop\data\蔡扬的\train\train_0076.json,174,2,False,2,3,2,2, ,-1e+18,-30,3.5999999999999996,0.0,1.0,4,0.0,-10,12,deltaR
train_0076,C:\Users\tao20\Desktop\Algorithm\AIPlayerDesktop\data\蔡扬的\train\train_0076.json,175,1,False,1,3,1,2,T,-1e+18,-30,3.5999999999999996,0.0,1.0,2,0.0,-10,12,deltaR
train_0076,C:\Users\tao20\Desktop\Algorithm\AIPlayerDesktop\data\蔡扬的\train\train_0076.json,175,2,False,2,3,2,2, ,-1e+18,-30,3.5999999999999996,0.0,1.0,3,0.0,-10,12,deltaR
train_0076,C:\Users\tao20\Desktop\Algorithm\AIPlayerDesktop\data\蔡扬的\train\train_0076.json,176,1,False,1,3,1,2,T,-1e+18,-30,3.5999999999999996,0.0,1.0,3,0.0,-10,12,deltaR
train_0076,C:\Users\tao20\Desktop\Algorithm\AIPlayerDesktop\data\蔡扬的\train\train_0076.json,176,2,False,2,3,2,2, ,-1e+18,-30,3.5999999999999996,0.0,1.0,4,0.0,-10,12,deltaR
train_0076,C:\Users\tao20\Desktop\Algorithm\AIPlayerDesktop\data\蔡扬的\train\train_0076.json,177,1,False,1,3,1,2,T,-1e+18,-30,3.5999999999999996,0.0,1.0,2,0.0,-10,12,deltaR
train_0076,C:\Users\tao20\Desktop\Algorithm\AIPlayerDesktop\data\蔡扬的\train\train_0076.json,177,2,False,2,3,2,2, ,-1e+18,-30,3.5999999999999996,0.0,1.0,3,0.0,-10,12,deltaR
train_0076,C:\Users\tao20\Desktop\Algorithm\AIPlayerDesktop\data\蔡扬的\train\train_0076.json,178,1,False,1,3,1,2,T,-1e+18,-30,3.5999999999999996,0.0,1.0,3,0.0,-10,12,deltaR
train_0076,C:\Users\tao20\Desktop\Algorithm\AIPlayerDesktop\data\蔡扬的\train\train_0076.json,178,2,False,2,3,2,2, ,-1e+18,-30,3.5999999999999996,0.0,1.0,4,0.0,-10,12,deltaR
train_0076,C:\Users\tao20\Desktop\Algorithm\AIPlayerDesktop\data\蔡扬的\train\train_0076.json,179,1,False,1,3,1,2,T,-1e+18,-30,3.5999999999999996,0.0,1.0,2,0.0,-10,12,deltaR
train_0076,C:\Users\tao20\Desktop\Algorithm\AIPlayerDesktop\data\蔡扬的\train\train_0076.json,179,2,False,2,3,2,2, ,-1e+18,-30,3.5999999999999996,0.0,1.0,3,0.0,-10,12,deltaR
train_0076,C:\Users\tao20\Desktop\Algorithm\AIPlayerDesktop\data\蔡扬的\train\train_0076.json,180,1,False,1,3,1,2,T,-1e+18,-30,3.5999999999999996,0.0,1.0,3,0.0,-10,12,deltaR
train_0076,C:\Users\tao20\Desktop\Algorithm\AIPlayerDesktop\data\蔡扬的\train\train_0076.json,180,2,False,2,3,2,2, ,-1e+18,-30,3.5999999999999996,0.0,1.0,4,0.0,-10,12,deltaR
train_0076,C:\Users\tao20\Desktop\Algorithm\AIPlayerDesktop\data\蔡扬的\train\train_0076.json,181,1,False,1,3,1,2,T,-1e+18,-30,3.5999999999999996,0.0,1.0,2,0.0,-10,12,deltaR
train_0076,C:\Users\tao20\Desktop\Algorithm\AIPlayerDesktop\data\蔡扬的\train\train_0076.json,181,2,False,2,3,2,2, ,-1e+18,-30,3.5999999999999996,0.0,1.0,3,0.0,-10,12,deltaR
train_0076,C:\Users\tao20\Desktop\Algorithm\AIPlayerDesktop\data\蔡扬的\train\train_0076.json,182,1,False,1,3,1,2,T,-1e+18,-30,3.5999999999999996,0.0,1.0,3,0.0,-10,12,deltaR
train_0076,C:\Users\tao20\Desktop\Algorithm\AIPlayerDesktop\data\蔡扬的\train\train_0076.json,182,2,False,2,3,2,2, ,-1e+18,-30,3.5999999999999996,0.0,1.0,4,0.0,-10,12,deltaR
train_0076,C:\Users\tao20\Desktop\Algorithm\AIPlayerDesktop\data\蔡扬的\train\train_0076.json,183,1,False,1,3,1,2,T,-1e+18,-30,3.5999999999999996,0.0,1.0,2,0.0,-10,12,deltaR
train_0076,C:\Users\tao20\Desktop\Algorithm\AIPlayerDesktop\data\蔡扬的\train\train_0076.json,183,2,False,2,3,2,2, ,-1e+18,-30,3.5999999999999996,0.0,1.0,3,0.0,-10,12,deltaR
train_0076,C:\Users\tao20\Desktop\Algorithm\AIPlayerDesktop\data\蔡扬的\train\train_0076.json,184,1,False,1,3,1,2,T,-1e+18,-30,3.5999999999999996,0.0,1.0,3,0.0,-10,12,deltaR
train_0076,C:\Users\tao20\Desktop\Algorithm\AIPlayerDesktop\data\蔡扬的\train\train_0076.json,184,2,False,2,3,2,2, ,-1e+18,-30,3.5999999999999996,0.0,1.0,4,0.0,-10,12,deltaR
train_0076,C:\Users\tao20\Desktop\Algorithm\AIPlayerDesktop\data\蔡扬的\train\train_0076.json,185,1,False,1,3,1,2,T,-1e+18,-30,3.5999999999999996,0.0,1.0,2,0.0,-10,12,deltaR
train_0076,C:\Users\tao20\Desktop\Algorithm\AIPlayerDesktop\data\蔡扬的\train\train_0076.json,185,2,False,2,3,2,2, ,-1e+18,-30,3.5999999999999996,0.0,1.0,3,0.0,-10,12,deltaR
train_0076,C:\Users\tao20\Desktop\Algorithm\AIPlayerDesktop\data\蔡扬的\train\train_0076.json,186,1,False,1,3,1,2,T,-1e+18,-30,3.5999999999999996,0.0,1.0,3,0.0,-10,12,deltaR
train_0076,C:\Users\tao20\Desktop\Algorithm\AIPlayerDesktop\data\蔡扬的\train\train_0076.json,186,2,False,2,3,2,2, ,-1e+18,-30,3.5999999999999996,0.0,1.0,4,0.0,-10,12,deltaR
train_0076,C:\Users\tao20\Desktop\Algorithm\AIPlayerDesktop\data\蔡扬的\train\train_0076.json,187,1,False,1,3,1,2,T,-1e+18,-30,3.5999999999999996,0.0,1.0,2,0.0,-10,12,deltaR
train_0076,C:\Users\tao20\Desktop\Algorithm\AIPlayerDesktop\data\蔡扬的\train\train_0076.json,187,2,False,2,3,2,2, ,-1e+18,-30,3.5999999999999996,0.0,1.0,3,0.0,-10,12,deltaR
train_0076,C:\Users\tao20\Desktop\Algorithm\AIPlayerDesktop\data\蔡扬的\train\train_0076.json,188,1,False,1,3,1,2,T,-1e+18,-30,3.5999999999999996,0.0,1.0,3,0.0,-10,12,deltaR
train_0076,C:\Users\tao20\Desktop\Algorithm\AIPlayerDesktop\data\蔡扬的\train\train_0076.json,188,2,False,2,3,2,2, ,-1e+18,-30,3.5999999999999996,0.0,1.0,4,0.0,-10,12,deltaR
train_0076,C:\Users\tao20\Desktop\Algorithm\AIPlayerDesktop\data\蔡扬的\train\train_0076.json,189,1,False,1,3,1,2,T,-1e+18,-30,3.5999999999999996,0.0,1.0,2,0.0,-10,12,deltaR
train_0076,C:\Users\tao20\Desktop\Algorithm\AIPlayerDesktop\data\蔡扬的\train\train_0076.json,189,2,False,2,3,2,2, ,-1e+18,-30,3.5999999999999996,0.0,1.0,3,0.0,-10,12,deltaR
train_0076,C:\Users\tao20\Desktop\Algorithm\AIPlayerDesktop\data\蔡扬的\train\train_0076.json,190,1,False,1,3,1,2,T,-1e+18,-30,3.5999999999999996,0.0,1.0,3,0.0,-10,12,deltaR
train_0076,C:\Users\tao20\Desktop\Algorithm\AIPlayerDesktop\data\蔡扬的\train\train_0076.json,190,2,False,2,3,2,2, ,-1e+18,-30,3.5999999999999996,0.0,1.0,4,0.0,-10,12,deltaR
train_0076,C:\Users\tao20\Desktop\Algorithm\AIPlayerDesktop\data\蔡扬的\train\train_0076.json,191,1,False,1,3,1,2,T,-1e+18,-30,3.5999999999999996,0.0,1.0,2,0.0,-10,12,deltaR
train_0076,C:\Users\tao20\Desktop\Algorithm\AIPlayerDesktop\data\蔡扬的\train\train_0076.json,191,2,False,2,3,2,2, ,-1e+18,-30,3.5999999999999996,0.0,1.0,3,0.0,-10,12,deltaR
train_0076,C:\Users\tao20\Desktop\Algorithm\AIPlayerDesktop\data\蔡扬的\train\train_0076.json,192,1,False,1,3,1,2,T,-1e+18,-30,3.5999999999999996,0.0,1.0,3,0.0,-10,12,deltaR
train_0076,C:\Users\tao20\Desktop\Algorithm\AIPlayerDesktop\data\蔡扬的\train\train_0076.json,192,2,False,2,3,2,2, ,-1e+18,-30,3.5999999999999996,0.0,1.0,4,0.0,-10,12,deltaR
train_0076,C:\Users\tao20\Desktop\Algorithm\AIPlayerDesktop\data\蔡扬的\train\train_0076.json,193,1,False,1,3,1,2,T,-1e+18,-30,3.5999999999999996,0.0,1.0,2,0.0,-10,12,deltaR
train_0076,C:\Users\tao20\Desktop\Algorithm\AIPlayerDesktop\data\蔡扬的\train\train_0076.json,193,2,False,2,3,2,2, ,-1e+18,-30,3.5999999999999996,0.0,1.0,3,0.0,-10,12,deltaR
train_0076,C:\Users\tao20\Desktop\Algorithm\AIPlayerDesktop\data\蔡扬的\train\train_0076.json,194,1,False,1,3,1,2,T,-1e+18,-30,3.5999999999999996,0.0,1.0,3,0.0,-10,12,deltaR
train_0076,C:\Users\tao20\Desktop\Algorithm\AIPlayerDesktop\data\蔡扬的\train\train_0076.json,194,2,False,2,3,2,2, ,-1e+18,-30,3.5999999999999996,0.0,1.0,4,0.0,-10,12,deltaR
train_0076,C:\Users\tao20\Desktop\Algorithm\AIPlayerDesktop\data\蔡扬的\train\train_0076.json,195,1,False,1,3,1,2,T,-1e+18,-30,3.5999999999999996,0.0,1.0,2,0.0,-10,12,deltaR
train_0076,C:\Users\tao20\Desktop\Algorithm\AIPlayerDesktop\data\蔡扬的\train\train_0076.json,195,2,False,2,3,2,2, ,-1e+18,-30,3.5999999999999996,0.0,1.0,3,0.0,-10,12,deltaR
train_0076,C:\Users\tao20\Desktop\Algorithm\AIPlayerDesktop\data\蔡扬的\train\train_0076.json,196,1,False,1,3,1,2,T,-1e+18,-30,3.5999999999999996,0.0,1.0,3,0.0,-10,12,deltaR
train_0076,C:\Users\tao20\Desktop\Algorithm\AIPlayerDesktop\data\蔡扬的\train\train_0076.json,196,2,False,2,3,2,2, ,-1e+18,-30,3.5999999999999996,0.0,1.0,4,0.0,-10,12,deltaR
train_0076,C:\Users\tao20\Desktop\Algorithm\AIPlayerDesktop\data\蔡扬的\train\train_0076.json,197,1,False,1,3,1,2,T,-1e+18,-30,3.5999999999999996,0.0,1.0,2,0.0,-10,12,deltaR
train_0076,C:\Users\tao20\Desktop\Algorithm\AIPlayerDesktop\data\蔡扬的\train\train_0076.json,197,2,False,2,3,2,2, ,-1e+18,-30,3.5999999999999996,0.0,1.0,3,0.0,-10,12,deltaR
train_0076,C:\Users\tao20\Desktop\Algorithm\AIPlayerDesktop\data\蔡扬的\train\train_0076.json,198,1,False,1,3,1,2,T,-1e+18,-30,3.5999999999999996,0.0,1.0,3,0.0,-10,12,deltaR
train_0076,C:\Users\tao20\Desktop\Algorithm\AIPlayerDesktop\data\蔡扬的\train\train_0076.json,198,2,False,2,3,2,2, ,-1e+18,-30,3.5999999999999996,0.0,1.0,4,0.0,-10,12,deltaR
train_0076,C:\Users\tao20\Desktop\Algorithm\AIPlayerDesktop\data\蔡扬的\train\train_0076.json,199,1,False,1,3,1,2,T,-1e+18,-30,3.5999999999999996,0.0,1.0,2,0.0,-10,12,deltaR
train_0076,C:\Users\tao20\Desktop\Algorithm\AIPlayerDesktop\data\蔡扬的\train\train_0076.json,199,2,False,2,3,2,2, ,-1e+18,-30,3.5999999999999996,0.0,1.0,3,0.0,-10,12,deltaR
train_0076,C:\Users\tao20\Desktop\Algorithm\AIPlayerDesktop\data\蔡扬的\train\train_0076.json,200,1,False,1,3,1,2,T,-1e+18,-30,3.5999999999999996,0.0,1.0,3,0.0,-10,12,deltaR
train_0076,C:\Users\tao20\Desktop\Algorithm\AIPlayerDesktop\data\蔡扬的\train\train_0076.json,200,2,False,2,3,2,2, ,-1e+18,-30,3.5999999999999996,0.0,1.0,4,0.0,-10,12,deltaR
train_0076,C:\Users\tao20\Desktop\Algorithm\AIPlayerDesktop\data\蔡扬的\train\train_0076.json,201,1,False,1,3,1,2,T,-1e+18,-30,3.5999999999999996,0.0,1.0,2,0.0,-10,12,deltaR
train_0076,C:\Users\tao20\Desktop\Algorithm\AIPlayerDesktop\data\蔡扬的\train\train_0076.json,201,2,False,2,3,2,2, ,-1e+18,-30,3.5999999999999996,0.0,1.0,3,0.0,-10,12,deltaR
train_0076,C:\Users\tao20\Desktop\Algorithm\AIPlayerDesktop\data\蔡扬的\train\train_0076.json,202,1,False,1,3,1,2,T,-1e+18,-30,3.5999999999999996,0.0,1.0,3,0.0,-10,12,deltaR
train_0076,C:\Users\tao20\Desktop\Algorithm\AIPlayerDesktop\data\蔡扬的\train\train_0076.json,202,2,False,2,3,2,2, ,-1e+18,-30,3.5999999999999996,0.0,1.0,4,0.0,-10,12,deltaR
train_0076,C:\Users\tao20\Desktop\Algorithm\AIPlayerDesktop\data\蔡扬的\train\train_0076.json,203,1,False,1,3,1,2,T,-1e+18,-30,3.5999999999999996,0.0,1.0,2,0.0,-10,12,deltaR
train_0076,C:\Users\tao20\Desktop\Algorithm\AIPlayerDesktop\data\蔡扬的\train\train_0076.json,203,2,False,2,3,2,2, ,-1e+18,-30,3.5999999999999996,0.0,1.0,3,0.0,-10,12,deltaR
train_0076,C:\Users\tao20\Desktop\Algorithm\AIPlayerDesktop\data\蔡扬的\train\train_0076.json,204,1,False,1,3,1,2,T,-1e+18,-30,3.5999999999999996,0.0,1.0,3,0.0,-10,12,deltaR
train_0076,C:\Users\tao20\Desktop\Algorithm\AIPlayerDesktop\data\蔡扬的\train\train_0076.json,204,2,False,2,3,2,2, ,-1e+18,-30,3.5999999999999996,0.0,1.0,4,0.0,-10,12,deltaR
train_0076,C:\Users\tao20\Desktop\Algorithm\AIPlayerDesktop\data\蔡扬的\train\train_0076.json,205,1,False,1,3,1,2,T,-1e+18,-30,3.5999999999999996,0.0,1.0,2,0.0,-10,12,deltaR
train_0076,C:\Users\tao20\Desktop\Algorithm\AIPlayerDesktop\data\蔡扬的\train\train_0076.json,205,2,False,2,3,2,2, ,-1e+18,-30,3.5999999999999996,0.0,1.0,3,0.0,-10,12,deltaR
train_0076,C:\Users\tao20\Desktop\Algorithm\AIPlayerDesktop\data\蔡扬的\train\train_0076.json,206,1,False,1,3,1,2,T,-1e+18,-30,3.5999999999999996,0.0,1.0,3,0.0,-10,12,deltaR
train_0076,C:\Users\tao20\Desktop\Algorithm\AIPlayerDesktop\data\蔡扬的\train\train_0076.json,206,2,False,2,3,2,2, ,-1e+18,-30,3.5999999999999996,0.0,1.0,4,0.0,-10,12,deltaR
train_0076,C:\Users\tao20\Desktop\Algorithm\AIPlayerDesktop\data\蔡扬的\train\train_0076.json,207,1,False,1,3,1,2,T,-1e+18,-30,3.5999999999999996,0.0,1.0,2,0.0,-10,12,deltaR
train_0076,C:\Users\tao20\Desktop\Algorithm\AIPlayerDesktop\data\蔡扬的\train\train_0076.json,207,2,False,2,3,2,2, ,-1e+18,-30,3.5999999999999996,0.0,1.0,3,0.0,-10,12,deltaR
train_0076,C:\Users\tao20\Desktop\Algorithm\AIPlayerDesktop\data\蔡扬的\train\train_0076.json,208,1,False,1,3,1,2,T,-1e+18,-30,3.5999999999999996,0.0,1.0,3,0.0,-10,12,deltaR
train_0076,C:\Users\tao20\Desktop\Algorithm\AIPlayerDesktop\data\蔡扬的\train\train_0076.json,208,2,False,2,3,2,2, ,-1e+18,-30,3.5999999999999996,0.0,1.0,4,0.0,-10,12,deltaR
train_0076,C:\Users\tao20\Desktop\Algorithm\AIPlayerDesktop\data\蔡扬的\train\train_0076.json,209,1,False,1,3,1,2,T,-1e+18,-30,3.5999999999999996,0.0,1.0,2,0.0,-10,12,deltaR
train_0076,C:\Users\tao20\Desktop\Algorithm\AIPlayerDesktop\data\蔡扬的\train\train_0076.json,209,2,False,2,3,2,2, ,-1e+18,-30,3.5999999999999996,0.0,1.0,3,0.0,-10,12,deltaR
train_0076,C:\Users\tao20\Desktop\Algorithm\AIPlayerDesktop\data\蔡扬的\train\train_0076.json,210,1,False,1,3,1,2,T,-1e+18,-30,3.5999999999999996,0.0,1.0,3,0.0,-10,12,deltaR
train_0076,C:\Users\tao20\Desktop\Algorithm\AIPlayerDesktop\data\蔡扬的\train\train_0076.json,210,2,False,2,3,2,2, ,-1e+18,-30,3.5999999999999996,0.0,1.0,4,0.0,-10,12,deltaR
train_0076,C:\Users\tao20\Desktop\Algorithm\AIPlayerDesktop\data\蔡扬的\train\train_0076.json,211,1,False,1,3,1,2,T,-1e+18,-30,3.5999999999999996,0.0,1.0,2,0.0,-10,12,deltaR
train_0076,C:\Users\tao20\Desktop\Algorithm\AIPlayerDesktop\data\蔡扬的\train\train_0076.json,211,2,False,2,3,2,2, ,-1e+18,-30,3.5999999999999996,0.0,1.0,3,0.0,-10,12,deltaR
train_0076,C:\Users\tao20\Desktop\Algorithm\AIPlayerDesktop\data\蔡扬的\train\train_0076.json,212,1,False,1,3,1,2,T,-1e+18,-30,3.5999999999999996,0.0,1.0,3,0.0,-10,12,deltaR
train_0076,C:\Users\tao20\Desktop\Algorithm\AIPlayerDesktop\data\蔡扬的\train\train_0076.json,212,2,False,2,3,2,2, ,-1e+18,-30,3.5999999999999996,0.0,1.0,4,0.0,-10,12,deltaR
train_0076,C:\Users\tao20\Desktop\Algorithm\AIPlayerDesktop\data\蔡扬的\train\train_0076.json,213,1,False,1,3,1,2,T,-1e+18,-30,3.5999999999999996,0.0,1.0,2,0.0,-10,12,deltaR
train_0076,C:\Users\tao20\Desktop\Algorithm\AIPlayerDesktop\data\蔡扬的\train\train_0076.json,213,2,False,2,3,2,2, ,-1e+18,-30,3.5999999999999996,0.0,1.0,3,0.0,-10,12,deltaR
train_0076,C:\Users\tao20\Desktop\Algorithm\AIPlayerDesktop\data\蔡扬的\train\train_0076.json,214,1,False,1,3,1,2,T,-1e+18,-30,3.5999999999999996,0.0,1.0,3,0.0,-10,12,deltaR
train_0076,C:\Users\tao20\Desktop\Algorithm\AIPlayerDesktop\data\蔡扬的\train\train_0076.json,214,2,False,2,3,2,2, ,-1e+18,-30,3.5999999999999996,0.0,1.0,4,0.0,-10,12,deltaR
train_0076,C:\Users\tao20\Desktop\Algorithm\AIPlayerDesktop\data\蔡扬的\train\train_0076.json,215,1,False,1,3,1,2,T,-1e+18,-30,3.5999999999999996,0.0,1.0,2,0.0,-10,12,deltaR
train_0076,C:\Users\tao20\Desktop\Algorithm\AIPlayerDesktop\data\蔡扬的\train\train_0076.json,215,2,False,2,3,2,2, ,-1e+18,-30,3.5999999999999996,0.0,1.0,3,0.0,-10,12,deltaR
train_0076,C:\Users\tao20\Desktop\Algorithm\AIPlayerDesktop\data\蔡扬的\train\train_0076.json,216,1,False,1,3,1,2,T,-1e+18,-30,3.5999999999999996,0.0,1.0,3,0.0,-10,12,deltaR
train_0076,C:\Users\tao20\Desktop\Algorithm\AIPlayerDesktop\data\蔡扬的\train\train_0076.json,216,2,False,2,3,2,2, ,-1e+18,-30,3.5999999999999996,0.0,1.0,4,0.0,-10,12,deltaR
train_0076,C:\Users\tao20\Desktop\Algorithm\AIPlayerDesktop\data\蔡扬的\train\train_0076.json,217,1,False,1,3,1,2,T,-1e+18,-30,3.5999999999999996,0.0,1.0,2,0.0,-10,12,deltaR
train_0076,C:\Users\tao20\Desktop\Algorithm\AIPlayerDesktop\data\蔡扬的\train\train_0076.json,217,2,False,2,3,2,2, ,-1e+18,-30,3.5999999999999996,0.0,1.0,3,0.0,-10,12,deltaR
train_0076,C:\Users\tao20\Desktop\Algorithm\AIPlayerDesktop\data\蔡扬的\train\train_0076.json,218,1,False,1,3,1,2,T,-1e+18,-30,3.5999999999999996,0.0,1.0,3,0.0,-10,12,deltaR
train_0076,C:\Users\tao20\Desktop\Algorithm\AIPlayerDesktop\data\蔡扬的\train\train_0076.json,218,2,False,2,3,2,2, ,-1e+18,-30,3.5999999999999996,0.0,1.0,4,0.0,-10,12,deltaR
train_0076,C:\Users\tao20\Desktop\Algorithm\AIPlayerDesktop\data\蔡扬的\train\train_0076.json,219,1,False,1,3,1,2,T,-1e+18,-30,3.5999999999999996,0.0,1.0,2,0.0,-10,12,deltaR
train_0076,C:\Users\tao20\Desktop\Algorithm\AIPlayerDesktop\data\蔡扬的\train\train_0076.json,219,2,False,2,3,2,2, ,-1e+18,-30,3.5999999999999996,0.0,1.0,3,0.0,-10,12,deltaR
train_0076,C:\Users\tao20\Desktop\Algorithm\AIPlayerDesktop\data\蔡扬的\train\train_0076.json,220,1,False,1,3,1,2,T,-1e+18,-30,3.5999999999999996,0.0,1.0,3,0.0,-10,12,deltaR
train_0076,C:\Users\tao20\Desktop\Algorithm\AIPlayerDesktop\data\蔡扬的\train\train_0076.json,220,2,False,2,3,2,2, ,-1e+18,-30,3.5999999999999996,0.0,1.0,4,0.0,-10,12,deltaR
train_0076,C:\Users\tao20\Desktop\Algorithm\AIPlayerDesktop\data\蔡扬的\train\train_0076.json,221,1,False,1,3,1,2,T,-1e+18,-30,3.5999999999999996,0.0,1.0,2,0.0,-10,12,deltaR
train_0076,C:\Users\tao20\Desktop\Algorithm\AIPlayerDesktop\data\蔡扬的\train\train_0076.json,221,2,False,2,3,2,2, ,-1e+18,-30,3.5999999999999996,0.0,1.0,3,0.0,-10,12,deltaR
train_0076,C:\Users\tao20\Desktop\Algorithm\AIPlayerDesktop\data\蔡扬的\train\train_0076.json,222,1,False,1,3,1,2,T,-1e+18,-30,3.5999999999999996,0.0,1.0,3,0.0,-10,12,deltaR
train_0076,C:\Users\tao20\Desktop\Algorithm\AIPlayerDesktop\data\蔡扬的\train\train_0076.json,222,2,False,2,3,2,2, ,-1e+18,-30,3.5999999999999996,0.0,1.0,4,0.0,-10,12,deltaR
train_0076,C:\Users\tao20\Desktop\Algorithm\AIPlayerDesktop\data\蔡扬的\train\train_0076.json,223,1,False,1,3,1,2,T,-1e+18,-30,3.5999999999999996,0.0,1.0,2,0.0,-10,12,deltaR
train_0076,C:\Users\tao20\Desktop\Algorithm\AIPlayerDesktop\data\蔡扬的\train\train_0076.json,223,2,False,2,3,2,2, ,-1e+18,-30,3.5999999999999996,0.0,1.0,3,0.0,-10,12,deltaR
train_0076,C:\Users\tao20\Desktop\Algorithm\AIPlayerDesktop\data\蔡扬的\train\train_0076.json,224,1,False,1,3,1,2,T,-1e+18,-30,3.5999999999999996,0.0,1.0,3,0.0,-10,12,deltaR
train_0076,C:\Users\tao20\Desktop\Algorithm\AIPlayerDesktop\data\蔡扬的\train\train_0076.json,224,2,False,2,3,2,2, ,-1e+18,-30,3.5999999999999996,0.0,1.0,4,0.0,-10,12,deltaR
train_0076,C:\Users\tao20\Desktop\Algorithm\AIPlayerDesktop\data\蔡扬的\train\train_0076.json,225,1,False,1,3,1,2,T,-1e+18,-30,3.5999999999999996,0.0,1.0,2,0.0,-10,12,deltaR
train_0076,C:\Users\tao20\Desktop\Algorithm\AIPlayerDesktop\data\蔡扬的\train\train_0076.json,225,2,False,2,3,2,2, ,-1e+18,-30,3.5999999999999996,0.0,1.0,3,0.0,-10,12,deltaR
train_0076,C:\Users\tao20\Desktop\Algorithm\AIPlayerDesktop\data\蔡扬的\train\train_0076.json,226,1,False,1,3,1,2,T,-1e+18,-30,3.5999999999999996,0.0,1.0,3,0.0,-10,12,deltaR
train_0076,C:\Users\tao20\Desktop\Algorithm\AIPlayerDesktop\data\蔡扬的\train\train_0076.json,226,2,False,2,3,2,2, ,-1e+18,-30,3.5999999999999996,0.0,1.0,4,0.0,-10,12,deltaR
train_0076,C:\Users\tao20\Desktop\Algorithm\AIPlayerDesktop\data\蔡扬的\train\train_0076.json,227,1,False,1,3,1,2,T,-1e+18,-30,3.5999999999999996,0.0,1.0,2,0.0,-10,12,deltaR
train_0076,C:\Users\tao20\Desktop\Algorithm\AIPlayerDesktop\data\蔡扬的\train\train_0076.json,227,2,False,2,3,2,2, ,-1e+18,-30,3.5999999999999996,0.0,1.0,3,0.0,-10,12,deltaR
train_0076,C:\Users\tao20\Desktop\Algorithm\AIPlayerDesktop\data\蔡扬的\train\train_0076.json,228,1,False,1,3,1,2,T,-1e+18,-30,3.5999999999999996,0.0,1.0,3,0.0,-10,12,deltaR
train_0076,C:\Users\tao20\Desktop\Algorithm\AIPlayerDesktop\data\蔡扬的\train\train_0076.json,228,2,False,2,3,2,2, ,-1e+18,-30,3.5999999999999996,0.0,1.0,4,0.0,-10,12,deltaR
train_0076,C:\Users\tao20\Desktop\Algorithm\AIPlayerDesktop\data\蔡扬的\train\train_0076.json,229,1,False,1,3,1,2,T,-1e+18,-30,3.5999999999999996,0.0,1.0,2,0.0,-10,12,deltaR
train_0076,C:\Users\tao20\Desktop\Algorithm\AIPlayerDesktop\data\蔡扬的\train\train_0076.json,229,2,False,2,3,2,2, ,-1e+18,-30,3.5999999999999996,0.0,1.0,3,0.0,-10,12,deltaR
train_0076,C:\Users\tao20\Desktop\Algorithm\AIPlayerDesktop\data\蔡扬的\train\train_0076.json,230,1,False,1,3,1,2,T,-1e+18,-30,3.5999999999999996,0.0,1.0,3,0.0,-10,12,deltaR
train_0076,C:\Users\tao20\Desktop\Algorithm\AIPlayerDesktop\data\蔡扬的\train\train_0076.json,230,2,False,2,3,2,2, ,-1e+18,-30,3.5999999999999996,0.0,1.0,4,0.0,-10,12,deltaR
train_0076,C:\Users\tao20\Desktop\Algorithm\AIPlayerDesktop\data\蔡扬的\train\train_0076.json,231,1,False,1,3,1,2,T,-1e+18,-30,3.5999999999999996,0.0,1.0,2,0.0,-10,12,deltaR
train_0076,C:\Users\tao20\Desktop\Algorithm\AIPlayerDesktop\data\蔡扬的\train\train_0076.json,231,2,False,2,3,2,2, ,-1e+18,-30,3.5999999999999996,0.0,1.0,3,0.0,-10,12,deltaR
train_0076,C:\Users\tao20\Desktop\Algorithm\AIPlayerDesktop\data\蔡扬的\train\train_0076.json,232,1,False,1,3,1,2,T,-1e+18,-30,3.5999999999999996,0.0,1.0,3,0.0,-10,12,deltaR
train_0076,C:\Users\tao20\Desktop\Algorithm\AIPlayerDesktop\data\蔡扬的\train\train_0076.json,232,2,False,2,3,2,2, ,-1e+18,-30,3.5999999999999996,0.0,1.0,4,0.0,-10,12,deltaR
train_0076,C:\Users\tao20\Desktop\Algorithm\AIPlayerDesktop\data\蔡扬的\train\train_0076.json,233,1,False,1,3,1,2,T,-1e+18,-30,3.5999999999999996,0.0,1.0,2,0.0,-10,12,deltaR
train_0076,C:\Users\tao20\Desktop\Algorithm\AIPlayerDesktop\data\蔡扬的\train\train_0076.json,233,2,False,2,3,2,2, ,-1e+18,-30,3.5999999999999996,0.0,1.0,3,0.0,-10,12,deltaR
train_0076,C:\Users\tao20\Desktop\Algorithm\AIPlayerDesktop\data\蔡扬的\train\train_0076.json,234,1,False,1,3,1,2,T,-1e+18,-30,3.5999999999999996,0.0,1.0,3,0.0,-10,12,deltaR
train_0076,C:\Users\tao20\Desktop\Algorithm\AIPlayerDesktop\data\蔡扬的\train\train_0076.json,234,2,False,2,3,2,2, ,-1e+18,-30,3.5999999999999996,0.0,1.0,4,0.0,-10,12,deltaR
train_0076,C:\Users\tao20\Desktop\Algorithm\AIPlayerDesktop\data\蔡扬的\train\train_0076.json,235,1,False,1,3,1,2,T,-1e+18,-30,3.5999999999999996,0.0,1.0,2,0.0,-10,12,deltaR
train_0076,C:\Users\tao20\Desktop\Algorithm\AIPlayerDesktop\data\蔡扬的\train\train_0076.json,235,2,False,2,3,2,2, ,-1e+18,-30,3.5999999999999996,0.0,1.0,3,0.0,-10,12,deltaR
train_0076,C:\Users\tao20\Desktop\Algorithm\AIPlayerDesktop\data\蔡扬的\train\train_0076.json,236,1,False,1,3,1,2,T,-1e+18,-30,3.5999999999999996,0.0,1.0,3,0.0,-10,12,deltaR
train_0076,C:\Users\tao20\Desktop\Algorithm\AIPlayerDesktop\data\蔡扬的\train\train_0076.json,236,2,False,2,3,2,2, ,-1e+18,-30,3.5999999999999996,0.0,1.0,4,0.0,-10,12,deltaR
train_0076,C:\Users\tao20\Desktop\Algorithm\AIPlayerDesktop\data\蔡扬的\train\train_0076.json,237,1,False,1,3,1,2,T,-1e+18,-30,3.5999999999999996,0.0,1.0,2,0.0,-10,12,deltaR
train_0076,C:\Users\tao20\Desktop\Algorithm\AIPlayerDesktop\data\蔡扬的\train\train_0076.json,237,2,False,2,3,2,2, ,-1e+18,-30,3.5999999999999996,0.0,1.0,3,0.0,-10,12,deltaR
train_0076,C:\Users\tao20\Desktop\Algorithm\AIPlayerDesktop\data\蔡扬的\train\train_0076.json,238,1,False,1,3,1,2,T,-1e+18,-30,3.5999999999999996,0.0,1.0,3,0.0,-10,12,deltaR
train_0076,C:\Users\tao20\Desktop\Algorithm\AIPlayerDesktop\data\蔡扬的\train\train_0076.json,238,2,False,2,3,2,2, ,-1e+18,-30,3.5999999999999996,0.0,1.0,4,0.0,-10,12,deltaR
train_0076,C:\Users\tao20\Desktop\Algorithm\AIPlayerDesktop\data\蔡扬的\train\train_0076.json,239,1,False,1,3,1,2,T,-1e+18,-30,3.5999999999999996,0.0,1.0,2,0.0,-10,12,deltaR
train_0076,C:\Users\tao20\Desktop\Algorithm\AIPlayerDesktop\data\蔡扬的\train\train_0076.json,239,2,False,2,3,2,2, ,-1e+18,-30,3.5999999999999996,0.0,1.0,3,0.0,-10,12,deltaR
train_0076,C:\Users\tao20\Desktop\Algorithm\AIPlayerDesktop\data\蔡扬的\train\train_0076.json,240,1,False,1,3,1,2,T,-1e+18,-30,3.5999999999999996,0.0,1.0,3,0.0,-10,12,deltaR
train_0076,C:\Users\tao20\Desktop\Algorithm\AIPlayerDesktop\data\蔡扬的\train\train_0076.json,240,2,False,2,3,2,2, ,-1e+18,-30,3.5999999999999996,0.0,1.0,4,0.0,-10,12,deltaR
train_0076,C:\Users\tao20\Desktop\Algorithm\AIPlayerDesktop\data\蔡扬的\train\train_0076.json,241,1,False,1,3,1,2,T,-1e+18,-30,3.5999999999999996,0.0,1.0,2,0.0,-10,12,deltaR
train_0076,C:\Users\tao20\Desktop\Algorithm\AIPlayerDesktop\data\蔡扬的\train\train_0076.json,241,2,False,2,3,2,2, ,-1e+18,-30,3.5999999999999996,0.0,1.0,3,0.0,-10,12,deltaR
train_0076,C:\Users\tao20\Desktop\Algorithm\AIPlayerDesktop\data\蔡扬的\train\train_0076.json,242,1,False,1,3,1,2,T,-1e+18,-30,3.5999999999999996,0.0,1.0,3,0.0,-10,12,deltaR
train_0076,C:\Users\tao20\Desktop\Algorithm\AIPlayerDesktop\data\蔡扬的\train\train_0076.json,242,2,False,2,3,2,2, ,-1e+18,-30,3.5999999999999996,0.0,1.0,4,0.0,-10,12,deltaR
train_0076,C:\Users\tao20\Desktop\Algorithm\AIPlayerDesktop\data\蔡扬的\train\train_0076.json,243,1,False,1,3,1,2,T,-1e+18,-30,3.5999999999999996,0.0,1.0,2,0.0,-10,12,deltaR
train_0076,C:\Users\tao20\Desktop\Algorithm\AIPlayerDesktop\data\蔡扬的\train\train_0076.json,243,2,False,2,3,2,2, ,-1e+18,-30,3.5999999999999996,0.0,1.0,3,0.0,-10,12,deltaR
train_0076,C:\Users\tao20\Desktop\Algorithm\AIPlayerDesktop\data\蔡扬的\train\train_0076.json,244,1,False,1,3,1,2,T,-1e+18,-30,3.5999999999999996,0.0,1.0,3,0.0,-10,12,deltaR
train_0076,C:\Users\tao20\Desktop\Algorithm\AIPlayerDesktop\data\蔡扬的\train\train_0076.json,244,2,False,2,3,2,2, ,-1e+18,-30,3.5999999999999996,0.0,1.0,4,0.0,-10,12,deltaR
train_0076,C:\Users\tao20\Desktop\Algorithm\AIPlayerDesktop\data\蔡扬的\train\train_0076.json,245,1,False,1,3,1,2,T,-1e+18,-30,3.5999999999999996,0.0,1.0,2,0.0,-10,12,deltaR
train_0076,C:\Users\tao20\Desktop\Algorithm\AIPlayerDesktop\data\蔡扬的\train\train_0076.json,245,2,False,2,3,2,2, ,-1e+18,-30,3.5999999999999996,0.0,1.0,3,0.0,-10,12,deltaR
train_0076,C:\Users\tao20\Desktop\Algorithm\AIPlayerDesktop\data\蔡扬的\train\train_0076.json,246,1,False,1,3,1,2,T,-1e+18,-30,3.5999999999999996,0.0,1.0,3,0.0,-10,12,deltaR
train_0076,C:\Users\tao20\Desktop\Algorithm\AIPlayerDesktop\data\蔡扬的\train\train_0076.json,246,2,False,2,3,2,2, ,-1e+18,-30,3.5999999999999996,0.0,1.0,4,0.0,-10,12,deltaR
train_0076,C:\Users\tao20\Desktop\Algorithm\AIPlayerDesktop\data\蔡扬的\train\train_0076.json,247,1,False,1,3,1,2,T,-1e+18,-30,3.5999999999999996,0.0,1.0,2,0.0,-10,12,deltaR
train_0076,C:\Users\tao20\Desktop\Algorithm\AIPlayerDesktop\data\蔡扬的\train\train_0076.json,247,2,False,2,3,2,2, ,-1e+18,-30,3.5999999999999996,0.0,1.0,3,0.0,-10,12,deltaR
train_0076,C:\Users\tao20\Desktop\Algorithm\AIPlayerDesktop\data\蔡扬的\train\train_0076.json,248,1,False,1,3,1,2,T,-1e+18,-30,3.5999999999999996,0.0,1.0,3,0.0,-10,12,deltaR
train_0076,C:\Users\tao20\Desktop\Algorithm\AIPlayerDesktop\data\蔡扬的\train\train_0076.json,248,2,False,2,3,2,2, ,-1e+18,-30,3.5999999999999996,0.0,1.0,4,0.0,-10,12,deltaR
train_0076,C:\Users\tao20\Desktop\Algorithm\AIPlayerDesktop\data\蔡扬的\train\train_0076.json,249,1,False,1,3,1,2,T,-1e+18,-30,3.5999999999999996,0.0,1.0,2,0.0,-10,12,deltaR
train_0076,C:\Users\tao20\Desktop\Algorithm\AIPlayerDesktop\data\蔡扬的\train\train_0076.json,249,2,False,2,3,2,2, ,-1e+18,-30,3.5999999999999996,0.0,1.0,3,0.0,-10,12,deltaR
train_0076,C:\Users\tao20\Desktop\Algorithm\AIPlayerDesktop\data\蔡扬的\train\train_0076.json,250,1,False,1,3,1,2,T,-1e+18,-30,3.5999999999999996,0.0,1.0,3,0.0,-10,12,deltaR
train_0076,C:\Users\tao20\Desktop\Algorithm\AIPlayerDesktop\data\蔡扬的\train\train_0076.json,250,2,False,2,3,2,2, ,-1e+18,-30,3.5999999999999996,0.0,1.0,4,0.0,-10,12,deltaR
train_0076,C:\Users\tao20\Desktop\Algorithm\AIPlayerDesktop\data\蔡扬的\train\train_0076.json,251,1,False,1,3,1,2,T,-1e+18,-30,3.5999999999999996,0.0,1.0,2,0.0,-10,12,deltaR
train_0076,C:\Users\tao20\Desktop\Algorithm\AIPlayerDesktop\data\蔡扬的\train\train_0076.json,251,2,False,2,3,2,2, ,-1e+18,-30,3.5999999999999996,0.0,1.0,3,0.0,-10,12,deltaR
train_0076,C:\Users\tao20\Desktop\Algorithm\AIPlayerDesktop\data\蔡扬的\train\train_0076.json,252,1,False,1,3,1,2,T,-1e+18,-30,3.5999999999999996,0.0,1.0,3,0.0,-10,12,deltaR
train_0076,C:\Users\tao20\Desktop\Algorithm\AIPlayerDesktop\data\蔡扬的\train\train_0076.json,252,2,False,2,3,2,2, ,-1e+18,-30,3.5999999999999996,0.0,1.0,4,0.0,-10,12,deltaR
train_0076,C:\Users\tao20\Desktop\Algorithm\AIPlayerDesktop\data\蔡扬的\train\train_0076.json,253,1,False,1,3,1,2,T,-1e+18,-30,3.5999999999999996,0.0,1.0,2,0.0,-10,12,deltaR
train_0076,C:\Users\tao20\Desktop\Algorithm\AIPlayerDesktop\data\蔡扬的\train\train_0076.json,253,2,False,2,3,2,2, ,-1e+18,-30,3.5999999999999996,0.0,1.0,3,0.0,-10,12,deltaR
train_0076,C:\Users\tao20\Desktop\Algorithm\AIPlayerDesktop\data\蔡扬的\train\train_0076.json,254,1,False,1,3,1,2,T,-1e+18,-30,3.5999999999999996,0.0,1.0,3,0.0,-10,12,deltaR
train_0076,C:\Users\tao20\Desktop\Algorithm\AIPlayerDesktop\data\蔡扬的\train\train_0076.json,254,2,False,2,3,2,2, ,-1e+18,-30,3.5999999999999996,0.0,1.0,4,0.0,-10,12,deltaR
train_0076,C:\Users\tao20\Desktop\Algorithm\AIPlayerDesktop\data\蔡扬的\train\train_0076.json,255,1,False,1,3,1,2,T,-1e+18,-30,3.5999999999999996,0.0,1.0,2,0.0,-10,12,deltaR
train_0076,C:\Users\tao20\Desktop\Algorithm\AIPlayerDesktop\data\蔡扬的\train\train_0076.json,255,2,False,2,3,2,2, ,-1e+18,-30,3.5999999999999996,0.0,1.0,3,0.0,-10,12,deltaR
train_0076,C:\Users\tao20\Desktop\Algorithm\AIPlayerDesktop\data\蔡扬的\train\train_0076.json,256,1,False,1,3,1,2,T,-1e+18,-30,3.5999999999999996,0.0,1.0,3,0.0,-10,12,deltaR
train_0076,C:\Users\tao20\Desktop\Algorithm\AIPlayerDesktop\data\蔡扬的\train\train_0076.json,256,2,False,2,3,2,2, ,-1e+18,-30,3.5999999999999996,0.0,1.0,4,0.0,-10,12,deltaR
train_0076,C:\Users\tao20\Desktop\Algorithm\AIPlayerDesktop\data\蔡扬的\train\train_0076.json,257,1,False,1,3,1,2,T,-1e+18,-30,3.5999999999999996,0.0,1.0,2,0.0,-10,12,deltaR
train_0076,C:\Users\tao20\Desktop\Algorithm\AIPlayerDesktop\data\蔡扬的\train\train_0076.json,257,2,False,2,3,2,2, ,-1e+18,-30,3.5999999999999996,0.0,1.0,3,0.0,-10,12,deltaR
train_0076,C:\Users\tao20\Desktop\Algorithm\AIPlayerDesktop\data\蔡扬的\train\train_0076.json,258,1,False,1,3,1,2,T,-1e+18,-30,3.5999999999999996,0.0,1.0,3,0.0,-10,12,deltaR
train_0076,C:\Users\tao20\Desktop\Algorithm\AIPlayerDesktop\data\蔡扬的\train\train_0076.json,258,2,False,2,3,2,2, ,-1e+18,-30,3.5999999999999996,0.0,1.0,4,0.0,-10,12,deltaR
train_0076,C:\Users\tao20\Desktop\Algorithm\AIPlayerDesktop\data\蔡扬的\train\train_0076.json,259,1,False,1,3,1,2,T,-1e+18,-30,3.5999999999999996,0.0,1.0,2,0.0,-10,12,deltaR
train_0076,C:\Users\tao20\Desktop\Algorithm\AIPlayerDesktop\data\蔡扬的\train\train_0076.json,259,2,False,2,3,2,2, ,-1e+18,-30,3.5999999999999996,0.0,1.0,3,0.0,-10,12,deltaR
train_0076,C:\Users\tao20\Desktop\Algorithm\AIPlayerDesktop\data\蔡扬的\train\train_0076.json,260,1,False,1,3,1,2,T,-1e+18,-30,3.5999999999999996,0.0,1.0,3,0.0,-10,12,deltaR
train_0076,C:\Users\tao20\Desktop\Algorithm\AIPlayerDesktop\data\蔡扬的\train\train_0076.json,260,2,False,2,3,2,2, ,-1e+18,-30,3.5999999999999996,0.0,1.0,4,0.0,-10,12,deltaR
train_0076,C:\Users\tao20\Desktop\Algorithm\AIPlayerDesktop\data\蔡扬的\train\train_0076.json,261,1,False,1,3,1,2,T,-1e+18,-30,3.5999999999999996,0.0,1.0,2,0.0,-10,12,deltaR
train_0076,C:\Users\tao20\Desktop\Algorithm\AIPlayerDesktop\data\蔡扬的\train\train_0076.json,261,2,False,2,3,2,2, ,-1e+18,-30,3.5999999999999996,0.0,1.0,3,0.0,-10,12,deltaR
train_0076,C:\Users\tao20\Desktop\Algorithm\AIPlayerDesktop\data\蔡扬的\train\train_0076.json,262,1,False,1,3,1,2,T,-1e+18,-30,3.5999999999999996,0.0,1.0,3,0.0,-10,12,deltaR
train_0076,C:\Users\tao20\Desktop\Algorithm\AIPlayerDesktop\data\蔡扬的\train\train_0076.json,262,2,False,2,3,2,2, ,-1e+18,-30,3.5999999999999996,0.0,1.0,4,0.0,-10,12,deltaR
train_0076,C:\Users\tao20\Desktop\Algorithm\AIPlayerDesktop\data\蔡扬的\train\train_0076.json,263,1,False,1,3,1,2,T,-1e+18,-30,3.5999999999999996,0.0,1.0,2,0.0,-10,12,deltaR
train_0076,C:\Users\tao20\Desktop\Algorithm\AIPlayerDesktop\data\蔡扬的\train\train_0076.json,263,2,False,2,3,2,2, ,-1e+18,-30,3.5999999999999996,0.0,1.0,3,0.0,-10,12,deltaR
train_0076,C:\Users\tao20\Desktop\Algorithm\AIPlayerDesktop\data\蔡扬的\train\train_0076.json,264,1,False,1,3,1,2,T,-1e+18,-30,3.5999999999999996,0.0,1.0,3,0.0,-10,12,deltaR
train_0076,C:\Users\tao20\Desktop\Algorithm\AIPlayerDesktop\data\蔡扬的\train\train_0076.json,264,2,False,2,3,2,2, ,-1e+18,-30,3.5999999999999996,0.0,1.0,4,0.0,-10,12,deltaR
train_0076,C:\Users\tao20\Desktop\Algorithm\AIPlayerDesktop\data\蔡扬的\train\train_0076.json,265,1,False,1,3,1,2,T,-1e+18,-30,3.5999999999999996,0.0,1.0,2,0.0,-10,12,deltaR
train_0076,C:\Users\tao20\Desktop\Algorithm\AIPlayerDesktop\data\蔡扬的\train\train_0076.json,265,2,False,2,3,2,2, ,-1e+18,-30,3.5999999999999996,0.0,1.0,3,0.0,-10,12,deltaR
train_0076,C:\Users\tao20\Desktop\Algorithm\AIPlayerDesktop\data\蔡扬的\train\train_0076.json,266,1,False,1,3,1,2,T,-1e+18,-30,3.5999999999999996,0.0,1.0,3,0.0,-10,12,deltaR
train_0076,C:\Users\tao20\Desktop\Algorithm\AIPlayerDesktop\data\蔡扬的\train\train_0076.json,266,2,False,2,3,2,2, ,-1e+18,-30,3.5999999999999996,0.0,1.0,4,0.0,-10,12,deltaR
train_0076,C:\Users\tao20\Desktop\Algorithm\AIPlayerDesktop\data\蔡扬的\train\train_0076.json,267,1,False,1,3,1,2,T,-1e+18,-30,3.5999999999999996,0.0,1.0,2,0.0,-10,12,deltaR
train_0076,C:\Users\tao20\Desktop\Algorithm\AIPlayerDesktop\data\蔡扬的\train\train_0076.json,267,2,False,2,3,2,2, ,-1e+18,-30,3.5999999999999996,0.0,1.0,3,0.0,-10,12,deltaR
train_0076,C:\Users\tao20\Desktop\Algorithm\AIPlayerDesktop\data\蔡扬的\train\train_0076.json,268,1,False,1,3,1,2,T,-1e+18,-30,3.5999999999999996,0.0,1.0,3,0.0,-10,12,deltaR
train_0076,C:\Users\tao20\Desktop\Algorithm\AIPlayerDesktop\data\蔡扬的\train\train_0076.json,268,2,False,2,3,2,2, ,-1e+18,-30,3.5999999999999996,0.0,1.0,4,0.0,-10,12,deltaR
train_0076,C:\Users\tao20\Desktop\Algorithm\AIPlayerDesktop\data\蔡扬的\train\train_0076.json,269,1,False,1,3,1,2,T,-1e+18,-30,3.5999999999999996,0.0,1.0,2,0.0,-10,12,deltaR
train_0076,C:\Users\tao20\Desktop\Algorithm\AIPlayerDesktop\data\蔡扬的\train\train_0076.json,269,2,False,2,3,2,2, ,-1e+18,-30,3.5999999999999996,0.0,1.0,3,0.0,-10,12,deltaR
train_0076,C:\Users\tao20\Desktop\Algorithm\AIPlayerDesktop\data\蔡扬的\train\train_0076.json,270,1,False,1,3,1,2,T,-1e+18,-30,3.5999999999999996,0.0,1.0,3,0.0,-10,12,deltaR
train_0076,C:\Users\tao20\Desktop\Algorithm\AIPlayerDesktop\data\蔡扬的\train\train_0076.json,270,2,False,2,3,2,2, ,-1e+18,-30,3.5999999999999996,0.0,1.0,4,0.0,-10,12,deltaR
train_0076,C:\Users\tao20\Desktop\Algorithm\AIPlayerDesktop\data\蔡扬的\train\train_0076.json,271,1,False,1,3,1,2,T,-1e+18,-30,3.5999999999999996,0.0,1.0,2,0.0,-10,12,deltaR
train_0076,C:\Users\tao20\Desktop\Algorithm\AIPlayerDesktop\data\蔡扬的\train\train_0076.json,271,2,False,2,3,2,2, ,-1e+18,-30,3.5999999999999996,0.0,1.0,3,0.0,-10,12,deltaR
train_0076,C:\Users\tao20\Desktop\Algorithm\AIPlayerDesktop\data\蔡扬的\train\train_0076.json,272,1,False,1,3,1,2,T,-1e+18,-30,3.5999999999999996,0.0,1.0,3,0.0,-10,12,deltaR
train_0076,C:\Users\tao20\Desktop\Algorithm\AIPlayerDesktop\data\蔡扬的\train\train_0076.json,272,2,False,2,3,2,2, ,-1e+18,-30,3.5999999999999996,0.0,1.0,4,0.0,-10,12,deltaR
train_0076,C:\Users\tao20\Desktop\Algorithm\AIPlayerDesktop\data\蔡扬的\train\train_0076.json,273,1,False,1,3,1,2,T,-1e+18,-30,3.5999999999999996,0.0,1.0,2,0.0,-10,12,deltaR
train_0076,C:\Users\tao20\Desktop\Algorithm\AIPlayerDesktop\data\蔡扬的\train\train_0076.json,273,2,False,2,3,2,2, ,-1e+18,-30,3.5999999999999996,0.0,1.0,3,0.0,-10,12,deltaR
train_0076,C:\Users\tao20\Desktop\Algorithm\AIPlayerDesktop\data\蔡扬的\train\train_0076.json,274,1,False,1,3,1,2,T,-1e+18,-30,3.5999999999999996,0.0,1.0,3,0.0,-10,12,deltaR
train_0076,C:\Users\tao20\Desktop\Algorithm\AIPlayerDesktop\data\蔡扬的\train\train_0076.json,274,2,False,2,3,2,2, ,-1e+18,-30,3.5999999999999996,0.0,1.0,4,0.0,-10,12,deltaR
train_0076,C:\Users\tao20\Desktop\Algorithm\AIPlayerDesktop\data\蔡扬的\train\train_0076.json,275,1,False,1,3,1,2,T,-1e+18,-30,3.5999999999999996,0.0,1.0,2,0.0,-10,12,deltaR
train_0076,C:\Users\tao20\Desktop\Algorithm\AIPlayerDesktop\data\蔡扬的\train\train_0076.json,275,2,False,2,3,2,2, ,-1e+18,-30,3.5999999999999996,0.0,1.0,3,0.0,-10,12,deltaR
train_0076,C:\Users\tao20\Desktop\Algorithm\AIPlayerDesktop\data\蔡扬的\train\train_0076.json,276,1,False,1,3,1,2,T,-1e+18,-30,3.5999999999999996,0.0,1.0,3,0.0,-10,12,deltaR
train_0076,C:\Users\tao20\Desktop\Algorithm\AIPlayerDesktop\data\蔡扬的\train\train_0076.json,276,2,False,2,3,2,2, ,-1e+18,-30,3.5999999999999996,0.0,1.0,4,0.0,-10,12,deltaR
train_0076,C:\Users\tao20\Desktop\Algorithm\AIPlayerDesktop\data\蔡扬的\train\train_0076.json,277,1,False,1,3,1,2,T,-1e+18,-30,3.5999999999999996,0.0,1.0,2,0.0,-10,12,deltaR
train_0076,C:\Users\tao20\Desktop\Algorithm\AIPlayerDesktop\data\蔡扬的\train\train_0076.json,277,2,False,2,3,2,2, ,-1e+18,-30,3.5999999999999996,0.0,1.0,3,0.0,-10,12,deltaR
train_0076,C:\Users\tao20\Desktop\Algorithm\AIPlayerDesktop\data\蔡扬的\train\train_0076.json,278,1,False,1,3,1,2,T,-1e+18,-30,3.5999999999999996,0.0,1.0,3,0.0,-10,12,deltaR
train_0076,C:\Users\tao20\Desktop\Algorithm\AIPlayerDesktop\data\蔡扬的\train\train_0076.json,278,2,False,2,3,2,2, ,-1e+18,-30,3.5999999999999996,0.0,1.0,4,0.0,-10,12,deltaR
train_0076,C:\Users\tao20\Desktop\Algorithm\AIPlayerDesktop\data\蔡扬的\train\train_0076.json,279,1,False,1,3,1,2,T,-1e+18,-30,3.5999999999999996,0.0,1.0,2,0.0,-10,12,deltaR
train_0076,C:\Users\tao20\Desktop\Algorithm\AIPlayerDesktop\data\蔡扬的\train\train_0076.json,279,2,False,2,3,2,2, ,-1e+18,-30,3.5999999999999996,0.0,1.0,3,0.0,-10,12,deltaR
train_0076,C:\Users\tao20\Desktop\Algorithm\AIPlayerDesktop\data\蔡扬的\train\train_0076.json,280,1,False,1,3,1,2,T,-1e+18,-30,3.5999999999999996,0.0,1.0,3,0.0,-10,12,deltaR
train_0076,C:\Users\tao20\Desktop\Algorithm\AIPlayerDesktop\data\蔡扬的\train\train_0076.json,280,2,False,2,3,2,2, ,-1e+18,-30,3.5999999999999996,0.0,1.0,4,0.0,-10,12,deltaR
train_0076,C:\Users\tao20\Desktop\Algorithm\AIPlayerDesktop\data\蔡扬的\train\train_0076.json,281,1,False,1,3,1,2,T,-1e+18,-30,3.5999999999999996,0.0,1.0,2,0.0,-10,12,deltaR
train_0076,C:\Users\tao20\Desktop\Algorithm\AIPlayerDesktop\data\蔡扬的\train\train_0076.json,281,2,False,2,3,2,2, ,-1e+18,-30,3.5999999999999996,0.0,1.0,3,0.0,-10,12,deltaR
train_0076,C:\Users\tao20\Desktop\Algorithm\AIPlayerDesktop\data\蔡扬的\train\train_0076.json,282,1,False,1,3,1,2,T,-1e+18,-30,3.5999999999999996,0.0,1.0,3,0.0,-10,12,deltaR
train_0076,C:\Users\tao20\Desktop\Algorithm\AIPlayerDesktop\data\蔡扬的\train\train_0076.json,282,2,False,2,3,2,2, ,-1e+18,-30,3.5999999999999996,0.0,1.0,4,0.0,-10,12,deltaR
train_0076,C:\Users\tao20\Desktop\Algorithm\AIPlayerDesktop\data\蔡扬的\train\train_0076.json,283,1,False,1,3,1,2,T,-1e+18,-30,3.5999999999999996,0.0,1.0,2,0.0,-10,12,deltaR
train_0076,C:\Users\tao20\Desktop\Algorithm\AIPlayerDesktop\data\蔡扬的\train\train_0076.json,283,2,False,2,3,2,2, ,-1e+18,-30,3.5999999999999996,0.0,1.0,3,0.0,-10,12,deltaR
train_0076,C:\Users\tao20\Desktop\Algorithm\AIPlayerDesktop\data\蔡扬的\train\train_0076.json,284,1,False,1,3,1,2,T,-1e+18,-30,3.5999999999999996,0.0,1.0,3,0.0,-10,12,deltaR
train_0076,C:\Users\tao20\Desktop\Algorithm\AIPlayerDesktop\data\蔡扬的\train\train_0076.json,284,2,False,2,3,2,2, ,-1e+18,-30,3.5999999999999996,0.0,1.0,4,0.0,-10,12,deltaR
train_0076,C:\Users\tao20\Desktop\Algorithm\AIPlayerDesktop\data\蔡扬的\train\train_0076.json,285,1,False,1,3,1,2,T,-1e+18,-30,3.5999999999999996,0.0,1.0,2,0.0,-10,12,deltaR
train_0076,C:\Users\tao20\Desktop\Algorithm\AIPlayerDesktop\data\蔡扬的\train\train_0076.json,285,2,False,2,3,2,2, ,-1e+18,-30,3.5999999999999996,0.0,1.0,3,0.0,-10,12,deltaR
train_0076,C:\Users\tao20\Desktop\Algorithm\AIPlayerDesktop\data\蔡扬的\train\train_0076.json,286,1,False,1,3,1,2,T,-1e+18,-30,3.5999999999999996,0.0,1.0,3,0.0,-10,12,deltaR
train_0076,C:\Users\tao20\Desktop\Algorithm\AIPlayerDesktop\data\蔡扬的\train\train_0076.json,286,2,False,2,3,2,2, ,-1e+18,-30,3.5999999999999996,0.0,1.0,4,0.0,-10,12,deltaR
train_0076,C:\Users\tao20\Desktop\Algorithm\AIPlayerDesktop\data\蔡扬的\train\train_0076.json,287,1,False,1,3,1,2,T,-1e+18,-30,3.5999999999999996,0.0,1.0,2,0.0,-10,12,deltaR
train_0076,C:\Users\tao20\Desktop\Algorithm\AIPlayerDesktop\data\蔡扬的\train\train_0076.json,287,2,False,2,3,2,2, ,-1e+18,-30,3.5999999999999996,0.0,1.0,3,0.0,-10,12,deltaR
train_0076,C:\Users\tao20\Desktop\Algorithm\AIPlayerDesktop\data\蔡扬的\train\train_0076.json,288,1,False,1,3,1,2,T,-1e+18,-30,3.5999999999999996,0.0,1.0,3,0.0,-10,12,deltaR
train_0076,C:\Users\tao20\Desktop\Algorithm\AIPlayerDesktop\data\蔡扬的\train\train_0076.json,288,2,False,2,3,2,2, ,-1e+18,-30,3.5999999999999996,0.0,1.0,4,0.0,-10,12,deltaR
train_0076,C:\Users\tao20\Desktop\Algorithm\AIPlayerDesktop\data\蔡扬的\train\train_0076.json,289,1,False,1,3,1,2,T,-1e+18,-30,3.5999999999999996,0.0,1.0,2,0.0,-10,12,deltaR
train_0076,C:\Users\tao20\Desktop\Algorithm\AIPlayerDesktop\data\蔡扬的\train\train_0076.json,289,2,False,2,3,2,2, ,-1e+18,-30,3.5999999999999996,0.0,1.0,3,0.0,-10,12,deltaR
train_0076,C:\Users\tao20\Desktop\Algorithm\AIPlayerDesktop\data\蔡扬的\train\train_0076.json,290,1,False,1,3,1,2,T,-1e+18,-30,3.5999999999999996,0.0,1.0,3,0.0,-10,12,deltaR
train_0076,C:\Users\tao20\Desktop\Algorithm\AIPlayerDesktop\data\蔡扬的\train\train_0076.json,290,2,False,2,3,2,2, ,-1e+18,-30,3.5999999999999996,0.0,1.0,4,0.0,-10,12,deltaR
train_0076,C:\Users\tao20\Desktop\Algorithm\AIPlayerDesktop\data\蔡扬的\train\train_0076.json,291,1,False,1,3,1,2,T,-1e+18,-30,3.5999999999999996,0.0,1.0,2,0.0,-10,12,deltaR
train_0076,C:\Users\tao20\Desktop\Algorithm\AIPlayerDesktop\data\蔡扬的\train\train_0076.json,291,2,False,2,3,2,2, ,-1e+18,-30,3.5999999999999996,0.0,1.0,3,0.0,-10,12,deltaR
train_0076,C:\Users\tao20\Desktop\Algorithm\AIPlayerDesktop\data\蔡扬的\train\train_0076.json,292,1,False,1,3,1,2,T,-1e+18,-30,3.5999999999999996,0.0,1.0,3,0.0,-10,12,deltaR
train_0076,C:\Users\tao20\Desktop\Algorithm\AIPlayerDesktop\data\蔡扬的\train\train_0076.json,292,2,False,2,3,2,2, ,-1e+18,-30,3.5999999999999996,0.0,1.0,4,0.0,-10,12,deltaR
train_0076,C:\Users\tao20\Desktop\Algorithm\AIPlayerDesktop\data\蔡扬的\train\train_0076.json,293,1,False,1,3,1,2,T,-1e+18,-30,3.5999999999999996,0.0,1.0,2,0.0,-10,12,deltaR
train_0076,C:\Users\tao20\Desktop\Algorithm\AIPlayerDesktop\data\蔡扬的\train\train_0076.json,293,2,False,2,3,2,2, ,-1e+18,-30,3.5999999999999996,0.0,1.0,3,0.0,-10,12,deltaR
train_0076,C:\Users\tao20\Desktop\Algorithm\AIPlayerDesktop\data\蔡扬的\train\train_0076.json,294,1,False,1,3,1,2,T,-1e+18,-30,3.5999999999999996,0.0,1.0,3,0.0,-10,12,deltaR
train_0076,C:\Users\tao20\Desktop\Algorithm\AIPlayerDesktop\data\蔡扬的\train\train_0076.json,294,2,False,2,3,2,2, ,-1e+18,-30,3.5999999999999996,0.0,1.0,4,0.0,-10,12,deltaR
train_0076,C:\Users\tao20\Desktop\Algorithm\AIPlayerDesktop\data\蔡扬的\train\train_0076.json,295,1,False,1,3,1,2,T,-1e+18,-30,3.5999999999999996,0.0,1.0,2,0.0,-10,12,deltaR
train_0076,C:\Users\tao20\Desktop\Algorithm\AIPlayerDesktop\data\蔡扬的\train\train_0076.json,295,2,False,2,3,2,2, ,-1e+18,-30,3.5999999999999996,0.0,1.0,3,0.0,-10,12,deltaR
train_0076,C:\Users\tao20\Desktop\Algorithm\AIPlayerDesktop\data\蔡扬的\train\train_0076.json,296,1,False,1,3,1,2,T,-1e+18,-30,3.5999999999999996,0.0,1.0,3,0.0,-10,12,deltaR
train_0076,C:\Users\tao20\Desktop\Algorithm\AIPlayerDesktop\data\蔡扬的\train\train_0076.json,296,2,False,2,3,2,2, ,-1e+18,-30,3.5999999999999996,0.0,1.0,4,0.0,-10,12,deltaR
train_0076,C:\Users\tao20\Desktop\Algorithm\AIPlayerDesktop\data\蔡扬的\train\train_0076.json,297,1,False,1,3,1,2,T,-1e+18,-30,3.5999999999999996,0.0,1.0,2,0.0,-10,12,deltaR
train_0076,C:\Users\tao20\Desktop\Algorithm\AIPlayerDesktop\data\蔡扬的\train\train_0076.json,297,2,False,2,3,2,2, ,-1e+18,-30,3.5999999999999996,0.0,1.0,3,0.0,-10,12,deltaR
train_0076,C:\Users\tao20\Desktop\Algorithm\AIPlayerDesktop\data\蔡扬的\train\train_0076.json,298,1,False,1,3,1,2,T,-1e+18,-30,3.5999999999999996,0.0,1.0,3,0.0,-10,12,deltaR
train_0076,C:\Users\tao20\Desktop\Algorithm\AIPlayerDesktop\data\蔡扬的\train\train_0076.json,298,2,False,2,3,2,2, ,-1e+18,-30,3.5999999999999996,0.0,1.0,4,0.0,-10,12,deltaR
train_0076,C:\Users\tao20\Desktop\Algorithm\AIPlayerDesktop\data\蔡扬的\train\train_0076.json,299,1,False,1,3,1,2,T,-1e+18,-30,3.5999999999999996,0.0,1.0,2,0.0,-10,12,deltaR
train_0076,C:\Users\tao20\Desktop\Algorithm\AIPlayerDesktop\data\蔡扬的\train\train_0076.json,299,2,False,2,3,2,2, ,-1e+18,-30,3.5999999999999996,0.0,1.0,3,0.0,-10,12,deltaR
train_0076,C:\Users\tao20\Desktop\Algorithm\AIPlayerDesktop\data\蔡扬的\train\train_0076.json,300,1,False,1,3,1,2,T,-1e+18,-30,3.5999999999999996,0.0,1.0,3,0.0,-10,12,deltaR
train_0076,C:\Users\tao20\Desktop\Algorithm\AIPlayerDesktop\data\蔡扬的\train\train_0076.json,300,2,False,2,3,2,2, ,-1e+18,-30,3.5999999999999996,0.0,1.0,4,0.0,-10,12,deltaR
train_0076,C:\Users\tao20\Desktop\Algorithm\AIPlayerDesktop\data\蔡扬的\train\train_0076.json,301,1,False,1,3,1,2,T,-1e+18,-30,3.5999999999999996,0.0,1.0,2,0.0,-10,12,deltaR
train_0076,C:\Users\tao20\Desktop\Algorithm\AIPlayerDesktop\data\蔡扬的\train\train_0076.json,301,2,False,2,3,2,2, ,-1e+18,-30,3.5999999999999996,0.0,1.0,3,0.0,-10,12,deltaR
train_0076,C:\Users\tao20\Desktop\Algorithm\AIPlayerDesktop\data\蔡扬的\train\train_0076.json,302,1,False,1,3,1,2,T,-1e+18,-30,3.5999999999999996,0.0,1.0,3,0.0,-10,12,deltaR
train_0076,C:\Users\tao20\Desktop\Algorithm\AIPlayerDesktop\data\蔡扬的\train\train_0076.json,302,2,False,2,3,2,2, ,-1e+18,-30,3.5999999999999996,0.0,1.0,4,0.0,-10,12,deltaR
train_0076,C:\Users\tao20\Desktop\Algorithm\AIPlayerDesktop\data\蔡扬的\train\train_0076.json,303,1,False,1,3,1,2,T,-1e+18,-30,3.5999999999999996,0.0,1.0,2,0.0,-10,12,deltaR
train_0076,C:\Users\tao20\Desktop\Algorithm\AIPlayerDesktop\data\蔡扬的\train\train_0076.json,303,2,False,2,3,2,2, ,-1e+18,-30,3.5999999999999996,0.0,1.0,3,0.0,-10,12,deltaR
train_0076,C:\Users\tao20\Desktop\Algorithm\AIPlayerDesktop\data\蔡扬的\train\train_0076.json,304,1,False,1,3,1,2,T,-1e+18,-30,3.5999999999999996,0.0,1.0,3,0.0,-10,12,deltaR
train_0076,C:\Users\tao20\Desktop\Algorithm\AIPlayerDesktop\data\蔡扬的\train\train_0076.json,304,2,False,2,3,2,2, ,-1e+18,-30,3.5999999999999996,0.0,1.0,4,0.0,-10,12,deltaR
train_0076,C:\Users\tao20\Desktop\Algorithm\AIPlayerDesktop\data\蔡扬的\train\train_0076.json,305,1,False,1,3,1,2,T,-1e+18,-30,3.5999999999999996,0.0,1.0,2,0.0,-10,12,deltaR
train_0076,C:\Users\tao20\Desktop\Algorithm\AIPlayerDesktop\data\蔡扬的\train\train_0076.json,305,2,False,2,3,2,2, ,-1e+18,-30,3.5999999999999996,0.0,1.0,3,0.0,-10,12,deltaR
train_0076,C:\Users\tao20\Desktop\Algorithm\AIPlayerDesktop\data\蔡扬的\train\train_0076.json,306,1,False,1,3,1,2,T,-1e+18,-30,3.5999999999999996,0.0,1.0,3,0.0,-10,12,deltaR
train_0076,C:\Users\tao20\Desktop\Algorithm\AIPlayerDesktop\data\蔡扬的\train\train_0076.json,306,2,False,2,3,2,2, ,-1e+18,-30,3.5999999999999996,0.0,1.0,4,0.0,-10,12,deltaR
train_0076,C:\Users\tao20\Desktop\Algorithm\AIPlayerDesktop\data\蔡扬的\train\train_0076.json,307,1,False,1,3,1,2,T,-1e+18,-30,3.5999999999999996,0.0,1.0,2,0.0,-10,12,deltaR
train_0076,C:\Users\tao20\Desktop\Algorithm\AIPlayerDesktop\data\蔡扬的\train\train_0076.json,307,2,False,2,3,2,2, ,-1e+18,-30,3.5999999999999996,0.0,1.0,3,0.0,-10,12,deltaR
train_0076,C:\Users\tao20\Desktop\Algorithm\AIPlayerDesktop\data\蔡扬的\train\train_0076.json,308,1,False,1,3,1,2,T,-1e+18,-30,3.5999999999999996,0.0,1.0,3,0.0,-10,12,deltaR
train_0076,C:\Users\tao20\Desktop\Algorithm\AIPlayerDesktop\data\蔡扬的\train\train_0076.json,308,2,False,2,3,2,2, ,-1e+18,-30,3.5999999999999996,0.0,1.0,4,0.0,-10,12,deltaR
train_0076,C:\Users\tao20\Desktop\Algorithm\AIPlayerDesktop\data\蔡扬的\train\train_0076.json,309,1,False,1,3,1,2,T,-1e+18,-30,3.5999999999999996,0.0,1.0,2,0.0,-10,12,deltaR
train_0076,C:\Users\tao20\Desktop\Algorithm\AIPlayerDesktop\data\蔡扬的\train\train_0076.json,309,2,False,2,3,2,2, ,-1e+18,-30,3.5999999999999996,0.0,1.0,3,0.0,-10,12,deltaR
train_0076,C:\Users\tao20\Desktop\Algorithm\AIPlayerDesktop\data\蔡扬的\train\train_0076.json,310,1,False,1,3,1,2,T,-1e+18,-30,3.5999999999999996,0.0,1.0,3,0.0,-10,12,deltaR
train_0076,C:\Users\tao20\Desktop\Algorithm\AIPlayerDesktop\data\蔡扬的\train\train_0076.json,310,2,False,2,3,2,2, ,-1e+18,-30,3.5999999999999996,0.0,1.0,4,0.0,-10,12,deltaR
train_0076,C:\Users\tao20\Desktop\Algorithm\AIPlayerDesktop\data\蔡扬的\train\train_0076.json,311,1,False,1,3,1,2,T,-1e+18,-30,3.5999999999999996,0.0,1.0,2,0.0,-10,12,deltaR
train_0076,C:\Users\tao20\Desktop\Algorithm\AIPlayerDesktop\data\蔡扬的\train\train_0076.json,311,2,False,2,3,2,2, ,-1e+18,-30,3.5999999999999996,0.0,1.0,3,0.0,-10,12,deltaR
train_0076,C:\Users\tao20\Desktop\Algorithm\AIPlayerDesktop\data\蔡扬的\train\train_0076.json,312,1,False,1,3,1,2,T,-1e+18,-30,3.5999999999999996,0.0,1.0,3,0.0,-10,12,deltaR
train_0076,C:\Users\tao20\Desktop\Algorithm\AIPlayerDesktop\data\蔡扬的\train\train_0076.json,312,2,False,2,3,2,2, ,-1e+18,-30,3.5999999999999996,0.0,1.0,4,0.0,-10,12,deltaR
train_0076,C:\Users\tao20\Desktop\Algorithm\AIPlayerDesktop\data\蔡扬的\train\train_0076.json,313,1,False,1,3,1,2,T,-1e+18,-30,3.5999999999999996,0.0,1.0,2,0.0,-10,12,deltaR
train_0076,C:\Users\tao20\Desktop\Algorithm\AIPlayerDesktop\data\蔡扬的\train\train_0076.json,313,2,False,2,3,2,2, ,-1e+18,-30,3.5999999999999996,0.0,1.0,3,0.0,-10,12,deltaR
train_0076,C:\Users\tao20\Desktop\Algorithm\AIPlayerDesktop\data\蔡扬的\train\train_0076.json,314,1,False,1,3,1,2,T,-1e+18,-30,3.5999999999999996,0.0,1.0,3,0.0,-10,12,deltaR
train_0076,C:\Users\tao20\Desktop\Algorithm\AIPlayerDesktop\data\蔡扬的\train\train_0076.json,314,2,False,2,3,2,2, ,-1e+18,-30,3.5999999999999996,0.0,1.0,4,0.0,-10,12,deltaR
train_0076,C:\Users\tao20\Desktop\Algorithm\AIPlayerDesktop\data\蔡扬的\train\train_0076.json,315,1,False,1,3,1,2,T,-1e+18,-30,3.5999999999999996,0.0,1.0,2,0.0,-10,12,deltaR
train_0076,C:\Users\tao20\Desktop\Algorithm\AIPlayerDesktop\data\蔡扬的\train\train_0076.json,315,2,False,2,3,2,2, ,-1e+18,-30,3.5999999999999996,0.0,1.0,3,0.0,-10,12,deltaR
train_0076,C:\Users\tao20\Desktop\Algorithm\AIPlayerDesktop\data\蔡扬的\train\train_0076.json,316,1,False,1,3,1,2,T,-1e+18,-30,3.5999999999999996,0.0,1.0,3,0.0,-10,12,deltaR
train_0076,C:\Users\tao20\Desktop\Algorithm\AIPlayerDesktop\data\蔡扬的\train\train_0076.json,316,2,False,2,3,2,2, ,-1e+18,-30,3.5999999999999996,0.0,1.0,4,0.0,-10,12,deltaR
train_0076,C:\Users\tao20\Desktop\Algorithm\AIPlayerDesktop\data\蔡扬的\train\train_0076.json,317,1,False,1,3,1,2,T,-1e+18,-30,3.5999999999999996,0.0,1.0,2,0.0,-10,12,deltaR
train_0076,C:\Users\tao20\Desktop\Algorithm\AIPlayerDesktop\data\蔡扬的\train\train_0076.json,317,2,False,2,3,2,2, ,-1e+18,-30,3.5999999999999996,0.0,1.0,3,0.0,-10,12,deltaR
train_0076,C:\Users\tao20\Desktop\Algorithm\AIPlayerDesktop\data\蔡扬的\train\train_0076.json,318,1,False,1,3,1,2,T,-1e+18,-30,3.5999999999999996,0.0,1.0,3,0.0,-10,12,deltaR
train_0076,C:\Users\tao20\Desktop\Algorithm\AIPlayerDesktop\data\蔡扬的\train\train_0076.json,318,2,False,2,3,2,2, ,-1e+18,-30,3.5999999999999996,0.0,1.0,4,0.0,-10,12,deltaR
train_0076,C:\Users\tao20\Desktop\Algorithm\AIPlayerDesktop\data\蔡扬的\train\train_0076.json,319,1,False,1,3,1,2,T,-1e+18,-30,3.5999999999999996,0.0,1.0,2,0.0,-10,12,deltaR
train_0076,C:\Users\tao20\Desktop\Algorithm\AIPlayerDesktop\data\蔡扬的\train\train_0076.json,319,2,False,2,3,2,2, ,-1e+18,-30,3.5999999999999996,0.0,1.0,3,0.0,-10,12,deltaR
train_0076,C:\Users\tao20\Desktop\Algorithm\AIPlayerDesktop\data\蔡扬的\train\train_0076.json,320,1,False,1,3,1,2,T,-1e+18,-30,3.5999999999999996,0.0,1.0,3,0.0,-10,12,deltaR
train_0076,C:\Users\tao20\Desktop\Algorithm\AIPlayerDesktop\data\蔡扬的\train\train_0076.json,320,2,False,2,3,2,2, ,-1e+18,-30,3.5999999999999996,0.0,1.0,4,0.0,-10,12,deltaR
train_0076,C:\Users\tao20\Desktop\Algorithm\AIPlayerDesktop\data\蔡扬的\train\train_0076.json,321,1,False,1,3,1,2,T,-1e+18,-30,3.5999999999999996,0.0,1.0,2,0.0,-10,12,deltaR
train_0076,C:\Users\tao20\Desktop\Algorithm\AIPlayerDesktop\data\蔡扬的\train\train_0076.json,321,2,False,2,3,2,2, ,-1e+18,-30,3.5999999999999996,0.0,1.0,3,0.0,-10,12,deltaR
train_0076,C:\Users\tao20\Desktop\Algorithm\AIPlayerDesktop\data\蔡扬的\train\train_0076.json,322,1,False,1,3,1,2,T,-1e+18,-30,3.5999999999999996,0.0,1.0,3,0.0,-10,12,deltaR
train_0076,C:\Users\tao20\Desktop\Algorithm\AIPlayerDesktop\data\蔡扬的\train\train_0076.json,322,2,False,2,3,2,2, ,-1e+18,-30,3.5999999999999996,0.0,1.0,4,0.0,-10,12,deltaR
train_0076,C:\Users\tao20\Desktop\Algorithm\AIPlayerDesktop\data\蔡扬的\train\train_0076.json,323,1,False,1,3,1,2,T,-1e+18,-30,3.5999999999999996,0.0,1.0,2,0.0,-10,12,deltaR
train_0076,C:\Users\tao20\Desktop\Algorithm\AIPlayerDesktop\data\蔡扬的\train\train_0076.json,323,2,False,2,3,2,2, ,-1e+18,-30,3.5999999999999996,0.0,1.0,3,0.0,-10,12,deltaR
train_0076,C:\Users\tao20\Desktop\Algorithm\AIPlayerDesktop\data\蔡扬的\train\train_0076.json,324,1,False,1,3,1,2,T,-1e+18,-30,3.5999999999999996,0.0,1.0,3,0.0,-10,12,deltaR
train_0076,C:\Users\tao20\Desktop\Algorithm\AIPlayerDesktop\data\蔡扬的\train\train_0076.json,324,2,False,2,3,2,2, ,-1e+18,-30,3.5999999999999996,0.0,1.0,4,0.0,-10,12,deltaR
train_0076,C:\Users\tao20\Desktop\Algorithm\AIPlayerDesktop\data\蔡扬的\train\train_0076.json,325,1,False,1,3,1,2,T,-1e+18,-30,3.5999999999999996,0.0,1.0,2,0.0,-10,12,deltaR
train_0076,C:\Users\tao20\Desktop\Algorithm\AIPlayerDesktop\data\蔡扬的\train\train_0076.json,325,2,False,2,3,2,2, ,-1e+18,-30,3.5999999999999996,0.0,1.0,3,0.0,-10,12,deltaR
train_0076,C:\Users\tao20\Desktop\Algorithm\AIPlayerDesktop\data\蔡扬的\train\train_0076.json,326,1,False,1,3,1,2,T,-1e+18,-30,3.5999999999999996,0.0,1.0,3,0.0,-10,12,deltaR
train_0076,C:\Users\tao20\Desktop\Algorithm\AIPlayerDesktop\data\蔡扬的\train\train_0076.json,326,2,False,2,3,2,2, ,-1e+18,-30,3.5999999999999996,0.0,1.0,4,0.0,-10,12,deltaR
train_0076,C:\Users\tao20\Desktop\Algorithm\AIPlayerDesktop\data\蔡扬的\train\train_0076.json,327,1,False,1,3,1,2,T,-1e+18,-30,3.5999999999999996,0.0,1.0,2,0.0,-10,12,deltaR
train_0076,C:\Users\tao20\Desktop\Algorithm\AIPlayerDesktop\data\蔡扬的\train\train_0076.json,327,2,False,2,3,2,2, ,-1e+18,-30,3.5999999999999996,0.0,1.0,3,0.0,-10,12,deltaR
train_0076,C:\Users\tao20\Desktop\Algorithm\AIPlayerDesktop\data\蔡扬的\train\train_0076.json,328,1,False,1,3,1,2,T,-1e+18,-30,3.5999999999999996,0.0,1.0,3,0.0,-10,12,deltaR
train_0076,C:\Users\tao20\Desktop\Algorithm\AIPlayerDesktop\data\蔡扬的\train\train_0076.json,328,2,False,2,3,2,2, ,-1e+18,-30,3.5999999999999996,0.0,1.0,4,0.0,-10,12,deltaR
train_0076,C:\Users\tao20\Desktop\Algorithm\AIPlayerDesktop\data\蔡扬的\train\train_0076.json,329,1,False,1,3,1,2,T,-1e+18,-30,3.5999999999999996,0.0,1.0,2,0.0,-10,12,deltaR
train_0076,C:\Users\tao20\Desktop\Algorithm\AIPlayerDesktop\data\蔡扬的\train\train_0076.json,329,2,False,2,3,2,2, ,-1e+18,-30,3.5999999999999996,0.0,1.0,3,0.0,-10,12,deltaR
train_0076,C:\Users\tao20\Desktop\Algorithm\AIPlayerDesktop\data\蔡扬的\train\train_0076.json,330,1,False,1,3,1,2,T,-1e+18,-30,3.5999999999999996,0.0,1.0,3,0.0,-10,12,deltaR
train_0076,C:\Users\tao20\Desktop\Algorithm\AIPlayerDesktop\data\蔡扬的\train\train_0076.json,330,2,False,2,3,2,2, ,-1e+18,-30,3.5999999999999996,0.0,1.0,4,0.0,-10,12,deltaR
train_0076,C:\Users\tao20\Desktop\Algorithm\AIPlayerDesktop\data\蔡扬的\train\train_0076.json,331,1,False,1,3,1,2,T,-1e+18,-30,3.5999999999999996,0.0,1.0,2,0.0,-10,12,deltaR
train_0076,C:\Users\tao20\Desktop\Algorithm\AIPlayerDesktop\data\蔡扬的\train\train_0076.json,331,2,False,2,3,2,2, ,-1e+18,-30,3.5999999999999996,0.0,1.0,3,0.0,-10,12,deltaR
train_0076,C:\Users\tao20\Desktop\Algorithm\AIPlayerDesktop\data\蔡扬的\train\train_0076.json,332,1,False,1,3,1,2,T,-1e+18,-30,3.5999999999999996,0.0,1.0,3,0.0,-10,12,deltaR
train_0076,C:\Users\tao20\Desktop\Algorithm\AIPlayerDesktop\data\蔡扬的\train\train_0076.json,332,2,False,2,3,2,2, ,-1e+18,-30,3.5999999999999996,0.0,1.0,4,0.0,-10,12,deltaR
train_0076,C:\Users\tao20\Desktop\Algorithm\AIPlayerDesktop\data\蔡扬的\train\train_0076.json,333,1,False,1,3,1,2,T,-1e+18,-30,3.5999999999999996,0.0,1.0,2,0.0,-10,12,deltaR
train_0076,C:\Users\tao20\Desktop\Algorithm\AIPlayerDesktop\data\蔡扬的\train\train_0076.json,333,2,False,2,3,2,2, ,-1e+18,-30,3.5999999999999996,0.0,1.0,3,0.0,-10,12,deltaR
train_0076,C:\Users\tao20\Desktop\Algorithm\AIPlayerDesktop\data\蔡扬的\train\train_0076.json,334,1,False,1,3,1,2,T,-1e+18,-30,3.5999999999999996,0.0,1.0,3,0.0,-10,12,deltaR
train_0076,C:\Users\tao20\Desktop\Algorithm\AIPlayerDesktop\data\蔡扬的\train\train_0076.json,334,2,False,2,3,2,2, ,-1e+18,-30,3.5999999999999996,0.0,1.0,4,0.0,-10,12,deltaR
train_0076,C:\Users\tao20\Desktop\Algorithm\AIPlayerDesktop\data\蔡扬的\train\train_0076.json,335,1,False,1,3,1,2,T,-1e+18,-30,3.5999999999999996,0.0,1.0,2,0.0,-10,12,deltaR
train_0076,C:\Users\tao20\Desktop\Algorithm\AIPlayerDesktop\data\蔡扬的\train\train_0076.json,335,2,False,2,3,2,2, ,-1e+18,-30,3.5999999999999996,0.0,1.0,3,0.0,-10,12,deltaR
train_0076,C:\Users\tao20\Desktop\Algorithm\AIPlayerDesktop\data\蔡扬的\train\train_0076.json,336,1,False,1,3,1,2,T,-1e+18,-30,3.5999999999999996,0.0,1.0,3,0.0,-10,12,deltaR
train_0076,C:\Users\tao20\Desktop\Algorithm\AIPlayerDesktop\data\蔡扬的\train\train_0076.json,336,2,False,2,3,2,2, ,-1e+18,-30,3.5999999999999996,0.0,1.0,4,0.0,-10,12,deltaR
train_0076,C:\Users\tao20\Desktop\Algorithm\AIPlayerDesktop\data\蔡扬的\train\train_0076.json,337,1,False,1,3,1,2,T,-1e+18,-30,3.5999999999999996,0.0,1.0,2,0.0,-10,12,deltaR
train_0076,C:\Users\tao20\Desktop\Algorithm\AIPlayerDesktop\data\蔡扬的\train\train_0076.json,337,2,False,2,3,2,2, ,-1e+18,-30,3.5999999999999996,0.0,1.0,3,0.0,-10,12,deltaR
train_0076,C:\Users\tao20\Desktop\Algorithm\AIPlayerDesktop\data\蔡扬的\train\train_0076.json,338,1,False,1,3,1,2,T,-1e+18,-30,3.5999999999999996,0.0,1.0,3,0.0,-10,12,deltaR
train_0076,C:\Users\tao20\Desktop\Algorithm\AIPlayerDesktop\data\蔡扬的\train\train_0076.json,338,2,False,2,3,2,2, ,-1e+18,-30,3.5999999999999996,0.0,1.0,4,0.0,-10,12,deltaR
train_0076,C:\Users\tao20\Desktop\Algorithm\AIPlayerDesktop\data\蔡扬的\train\train_0076.json,339,1,False,1,3,1,2,T,-1e+18,-30,3.5999999999999996,0.0,1.0,2,0.0,-10,12,deltaR
train_0076,C:\Users\tao20\Desktop\Algorithm\AIPlayerDesktop\data\蔡扬的\train\train_0076.json,339,2,False,2,3,2,2, ,-1e+18,-30,3.5999999999999996,0.0,1.0,3,0.0,-10,12,deltaR
train_0076,C:\Users\tao20\Desktop\Algorithm\AIPlayerDesktop\data\蔡扬的\train\train_0076.json,340,1,False,1,3,1,2,T,-1e+18,-30,3.5999999999999996,0.0,1.0,3,0.0,-10,12,deltaR
train_0076,C:\Users\tao20\Desktop\Algorithm\AIPlayerDesktop\data\蔡扬的\train\train_0076.json,340,2,False,2,3,2,2, ,-1e+18,-30,3.5999999999999996,0.0,1.0,4,0.0,-10,12,deltaR
train_0076,C:\Users\tao20\Desktop\Algorithm\AIPlayerDesktop\data\蔡扬的\train\train_0076.json,341,1,False,1,3,1,2,T,-1e+18,-30,3.5999999999999996,0.0,1.0,2,0.0,-10,12,deltaR
train_0076,C:\Users\tao20\Desktop\Algorithm\AIPlayerDesktop\data\蔡扬的\train\train_0076.json,341,2,False,2,3,2,2, ,-1e+18,-30,3.5999999999999996,0.0,1.0,3,0.0,-10,12,deltaR
train_0076,C:\Users\tao20\Desktop\Algorithm\AIPlayerDesktop\data\蔡扬的\train\train_0076.json,342,1,False,1,3,1,2,T,-1e+18,-30,3.5999999999999996,0.0,1.0,3,0.0,-10,12,deltaR
train_0076,C:\Users\tao20\Desktop\Algorithm\AIPlayerDesktop\data\蔡扬的\train\train_0076.json,342,2,False,2,3,2,2, ,-1e+18,-30,3.5999999999999996,0.0,1.0,4,0.0,-10,12,deltaR
train_0076,C:\Users\tao20\Desktop\Algorithm\AIPlayerDesktop\data\蔡扬的\train\train_0076.json,343,1,False,1,3,1,2,T,-1e+18,-30,3.5999999999999996,0.0,1.0,2,0.0,-10,12,deltaR
train_0076,C:\Users\tao20\Desktop\Algorithm\AIPlayerDesktop\data\蔡扬的\train\train_0076.json,343,2,False,2,3,2,2, ,-1e+18,-30,3.5999999999999996,0.0,1.0,3,0.0,-10,12,deltaR
train_0076,C:\Users\tao20\Desktop\Algorithm\AIPlayerDesktop\data\蔡扬的\train\train_0076.json,344,1,False,1,3,1,2,T,-1e+18,-30,3.5999999999999996,0.0,1.0,3,0.0,-10,12,deltaR
train_0076,C:\Users\tao20\Desktop\Algorithm\AIPlayerDesktop\data\蔡扬的\train\train_0076.json,344,2,False,2,3,2,2, ,-1e+18,-30,3.5999999999999996,0.0,1.0,4,0.0,-10,12,deltaR
train_0076,C:\Users\tao20\Desktop\Algorithm\AIPlayerDesktop\data\蔡扬的\train\train_0076.json,345,1,False,1,3,1,2,T,-1e+18,-30,3.5999999999999996,0.0,1.0,2,0.0,-10,12,deltaR
train_0076,C:\Users\tao20\Desktop\Algorithm\AIPlayerDesktop\data\蔡扬的\train\train_0076.json,345,2,False,2,3,2,2, ,-1e+18,-30,3.5999999999999996,0.0,1.0,3,0.0,-10,12,deltaR
train_0076,C:\Users\tao20\Desktop\Algorithm\AIPlayerDesktop\data\蔡扬的\train\train_0076.json,346,1,False,1,3,1,2,T,-1e+18,-30,3.5999999999999996,0.0,1.0,3,0.0,-10,12,deltaR
train_0076,C:\Users\tao20\Desktop\Algorithm\AIPlayerDesktop\data\蔡扬的\train\train_0076.json,346,2,False,2,3,2,2, ,-1e+18,-30,3.5999999999999996,0.0,1.0,4,0.0,-10,12,deltaR
train_0076,C:\Users\tao20\Desktop\Algorithm\AIPlayerDesktop\data\蔡扬的\train\train_0076.json,347,1,False,1,3,1,2,T,-1e+18,-30,3.5999999999999996,0.0,1.0,2,0.0,-10,12,deltaR
train_0076,C:\Users\tao20\Desktop\Algorithm\AIPlayerDesktop\data\蔡扬的\train\train_0076.json,347,2,False,2,3,2,2, ,-1e+18,-30,3.5999999999999996,0.0,1.0,3,0.0,-10,12,deltaR
train_0076,C:\Users\tao20\Desktop\Algorithm\AIPlayerDesktop\data\蔡扬的\train\train_0076.json,348,1,False,1,3,1,2,T,-1e+18,-30,3.5999999999999996,0.0,1.0,3,0.0,-10,12,deltaR
train_0076,C:\Users\tao20\Desktop\Algorithm\AIPlayerDesktop\data\蔡扬的\train\train_0076.json,348,2,False,2,3,2,2, ,-1e+18,-30,3.5999999999999996,0.0,1.0,4,0.0,-10,12,deltaR
train_0076,C:\Users\tao20\Desktop\Algorithm\AIPlayerDesktop\data\蔡扬的\train\train_0076.json,349,1,False,1,3,1,2,T,-1e+18,-30,3.5999999999999996,0.0,1.0,2,0.0,-10,12,deltaR
train_0076,C:\Users\tao20\Desktop\Algorithm\AIPlayerDesktop\data\蔡扬的\train\train_0076.json,349,2,False,2,3,2,2, ,-1e+18,-30,3.5999999999999996,0.0,1.0,3,0.0,-10,12,deltaR
train_0076,C:\Users\tao20\Desktop\Algorithm\AIPlayerDesktop\data\蔡扬的\train\train_0076.json,350,1,False,1,3,1,2,T,-1e+18,-30,3.5999999999999996,0.0,1.0,3,0.0,-10,12,deltaR
train_0076,C:\Users\tao20\Desktop\Algorithm\AIPlayerDesktop\data\蔡扬的\train\train_0076.json,350,2,False,2,3,2,2, ,-1e+18,-30,3.5999999999999996,0.0,1.0,4,0.0,-10,12,deltaR
train_0076,C:\Users\tao20\Desktop\Algorithm\AIPlayerDesktop\data\蔡扬的\train\train_0076.json,351,1,False,1,3,1,2,T,-1e+18,-30,3.5999999999999996,0.0,1.0,2,0.0,-10,12,deltaR
train_0076,C:\Users\tao20\Desktop\Algorithm\AIPlayerDesktop\data\蔡扬的\train\train_0076.json,351,2,False,2,3,2,2, ,-1e+18,-30,3.5999999999999996,0.0,1.0,3,0.0,-10,12,deltaR
train_0076,C:\Users\tao20\Desktop\Algorithm\AIPlayerDesktop\data\蔡扬的\train\train_0076.json,352,1,False,1,3,1,2,T,-1e+18,-30,3.5999999999999996,0.0,1.0,3,0.0,-10,12,deltaR
train_0076,C:\Users\tao20\Desktop\Algorithm\AIPlayerDesktop\data\蔡扬的\train\train_0076.json,352,2,False,2,3,2,2, ,-1e+18,-30,3.5999999999999996,0.0,1.0,4,0.0,-10,12,deltaR
train_0076,C:\Users\tao20\Desktop\Algorithm\AIPlayerDesktop\data\蔡扬的\train\train_0076.json,353,1,False,1,3,1,2,T,-1e+18,-30,3.5999999999999996,0.0,1.0,2,0.0,-10,12,deltaR
train_0076,C:\Users\tao20\Desktop\Algorithm\AIPlayerDesktop\data\蔡扬的\train\train_0076.json,353,2,False,2,3,2,2, ,-1e+18,-30,3.5999999999999996,0.0,1.0,3,0.0,-10,12,deltaR
train_0076,C:\Users\tao20\Desktop\Algorithm\AIPlayerDesktop\data\蔡扬的\train\train_0076.json,354,1,False,1,3,1,2,T,-1e+18,-30,3.5999999999999996,0.0,1.0,3,0.0,-10,12,deltaR
train_0076,C:\Users\tao20\Desktop\Algorithm\AIPlayerDesktop\data\蔡扬的\train\train_0076.json,354,2,False,2,3,2,2, ,-1e+18,-30,3.5999999999999996,0.0,1.0,4,0.0,-10,12,deltaR
train_0076,C:\Users\tao20\Desktop\Algorithm\AIPlayerDesktop\data\蔡扬的\train\train_0076.json,355,1,False,1,3,1,2,T,-1e+18,-30,3.5999999999999996,0.0,1.0,2,0.0,-10,12,deltaR
train_0076,C:\Users\tao20\Desktop\Algorithm\AIPlayerDesktop\data\蔡扬的\train\train_0076.json,355,2,False,2,3,2,2, ,-1e+18,-30,3.5999999999999996,0.0,1.0,3,0.0,-10,12,deltaR
train_0076,C:\Users\tao20\Desktop\Algorithm\AIPlayerDesktop\data\蔡扬的\train\train_0076.json,356,1,False,1,3,1,2,T,-1e+18,-30,3.5999999999999996,0.0,1.0,3,0.0,-10,12,deltaR
train_0076,C:\Users\tao20\Desktop\Algorithm\AIPlayerDesktop\data\蔡扬的\train\train_0076.json,356,2,False,2,3,2,2, ,-1e+18,-30,3.5999999999999996,0.0,1.0,4,0.0,-10,12,deltaR
train_0076,C:\Users\tao20\Desktop\Algorithm\AIPlayerDesktop\data\蔡扬的\train\train_0076.json,357,1,False,1,3,1,2,T,-1e+18,-30,3.5999999999999996,0.0,1.0,2,0.0,-10,12,deltaR
train_0076,C:\Users\tao20\Desktop\Algorithm\AIPlayerDesktop\data\蔡扬的\train\train_0076.json,357,2,False,2,3,2,2, ,-1e+18,-30,3.5999999999999996,0.0,1.0,3,0.0,-10,12,deltaR
train_0076,C:\Users\tao20\Desktop\Algorithm\AIPlayerDesktop\data\蔡扬的\train\train_0076.json,358,1,False,1,3,1,2,T,-1e+18,-30,3.5999999999999996,0.0,1.0,3,0.0,-10,12,deltaR
train_0076,C:\Users\tao20\Desktop\Algorithm\AIPlayerDesktop\data\蔡扬的\train\train_0076.json,358,2,False,2,3,2,2, ,-1e+18,-30,3.5999999999999996,0.0,1.0,4,0.0,-10,12,deltaR
train_0076,C:\Users\tao20\Desktop\Algorithm\AIPlayerDesktop\data\蔡扬的\train\train_0076.json,359,1,False,1,3,1,2,T,-1e+18,-30,3.5999999999999996,0.0,1.0,2,0.0,-10,12,deltaR
train_0076,C:\Users\tao20\Desktop\Algorithm\AIPlayerDesktop\data\蔡扬的\train\train_0076.json,359,2,False,2,3,2,2, ,-1e+18,-30,3.5999999999999996,0.0,1.0,3,0.0,-10,12,deltaR
train_0076,C:\Users\tao20\Desktop\Algorithm\AIPlayerDesktop\data\蔡扬的\train\train_0076.json,360,1,False,1,3,1,2,T,-1e+18,-30,3.5999999999999996,0.0,1.0,3,0.0,-10,12,deltaR
train_0076,C:\Users\tao20\Desktop\Algorithm\AIPlayerDesktop\data\蔡扬的\train\train_0076.json,360,2,False,2,3,2,2, ,-1e+18,-30,3.5999999999999996,0.0,1.0,4,0.0,-10,12,deltaR
train_0076,C:\Users\tao20\Desktop\Algorithm\AIPlayerDesktop\data\蔡扬的\train\train_0076.json,361,1,False,1,3,1,2,T,-1e+18,-30,3.5999999999999996,0.0,1.0,2,0.0,-10,12,deltaR
train_0076,C:\Users\tao20\Desktop\Algorithm\AIPlayerDesktop\data\蔡扬的\train\train_0076.json,361,2,False,2,3,2,2, ,-1e+18,-30,3.5999999999999996,0.0,1.0,3,0.0,-10,12,deltaR
train_0076,C:\Users\tao20\Desktop\Algorithm\AIPlayerDesktop\data\蔡扬的\train\train_0076.json,362,1,False,1,3,1,2,T,-1e+18,-30,3.5999999999999996,0.0,1.0,3,0.0,-10,12,deltaR
train_0076,C:\Users\tao20\Desktop\Algorithm\AIPlayerDesktop\data\蔡扬的\train\train_0076.json,362,2,False,2,3,2,2, ,-1e+18,-30,3.5999999999999996,0.0,1.0,4,0.0,-10,12,deltaR
train_0076,C:\Users\tao20\Desktop\Algorithm\AIPlayerDesktop\data\蔡扬的\train\train_0076.json,363,1,False,1,3,1,2,T,-1e+18,-30,3.5999999999999996,0.0,1.0,2,0.0,-10,12,deltaR
train_0076,C:\Users\tao20\Desktop\Algorithm\AIPlayerDesktop\data\蔡扬的\train\train_0076.json,363,2,False,2,3,2,2, ,-1e+18,-30,3.5999999999999996,0.0,1.0,3,0.0,-10,12,deltaR
train_0076,C:\Users\tao20\Desktop\Algorithm\AIPlayerDesktop\data\蔡扬的\train\train_0076.json,364,1,False,1,3,1,2,T,-1e+18,-30,3.5999999999999996,0.0,1.0,3,0.0,-10,12,deltaR
train_0076,C:\Users\tao20\Desktop\Algorithm\AIPlayerDesktop\data\蔡扬的\train\train_0076.json,364,2,False,2,3,2,2, ,-1e+18,-30,3.5999999999999996,0.0,1.0,4,0.0,-10,12,deltaR
train_0076,C:\Users\tao20\Desktop\Algorithm\AIPlayerDesktop\data\蔡扬的\train\train_0076.json,365,1,False,1,3,1,2,T,-1e+18,-30,3.5999999999999996,0.0,1.0,2,0.0,-10,12,deltaR
train_0076,C:\Users\tao20\Desktop\Algorithm\AIPlayerDesktop\data\蔡扬的\train\train_0076.json,365,2,False,2,3,2,2, ,-1e+18,-30,3.5999999999999996,0.0,1.0,3,0.0,-10,12,deltaR
train_0076,C:\Users\tao20\Desktop\Algorithm\AIPlayerDesktop\data\蔡扬的\train\train_0076.json,366,1,False,1,3,1,2,T,-1e+18,-30,3.5999999999999996,0.0,1.0,3,0.0,-10,12,deltaR
train_0076,C:\Users\tao20\Desktop\Algorithm\AIPlayerDesktop\data\蔡扬的\train\train_0076.json,366,2,False,2,3,2,2, ,-1e+18,-30,3.5999999999999996,0.0,1.0,4,0.0,-10,12,deltaR
train_0076,C:\Users\tao20\Desktop\Algorithm\AIPlayerDesktop\data\蔡扬的\train\train_0076.json,367,1,False,1,3,1,2,T,-1e+18,-30,3.5999999999999996,0.0,1.0,2,0.0,-10,12,deltaR
train_0076,C:\Users\tao20\Desktop\Algorithm\AIPlayerDesktop\data\蔡扬的\train\train_0076.json,367,2,False,2,3,2,2, ,-1e+18,-30,3.5999999999999996,0.0,1.0,3,0.0,-10,12,deltaR
train_0076,C:\Users\tao20\Desktop\Algorithm\AIPlayerDesktop\data\蔡扬的\train\train_0076.json,368,1,False,1,3,1,2,T,-1e+18,-30,3.5999999999999996,0.0,1.0,3,0.0,-10,12,deltaR
train_0076,C:\Users\tao20\Desktop\Algorithm\AIPlayerDesktop\data\蔡扬的\train\train_0076.json,368,2,False,2,3,2,2, ,-1e+18,-30,3.5999999999999996,0.0,1.0,4,0.0,-10,12,deltaR
train_0076,C:\Users\tao20\Desktop\Algorithm\AIPlayerDesktop\data\蔡扬的\train\train_0076.json,369,1,False,1,3,1,2,T,-1e+18,-30,3.5999999999999996,0.0,1.0,2,0.0,-10,12,deltaR
train_0076,C:\Users\tao20\Desktop\Algorithm\AIPlayerDesktop\data\蔡扬的\train\train_0076.json,369,2,False,2,3,2,2, ,-1e+18,-30,3.5999999999999996,0.0,1.0,3,0.0,-10,12,deltaR
train_0076,C:\Users\tao20\Desktop\Algorithm\AIPlayerDesktop\data\蔡扬的\train\train_0076.json,370,1,False,1,3,1,2,T,-1e+18,-30,3.5999999999999996,0.0,1.0,3,0.0,-10,12,deltaR
train_0076,C:\Users\tao20\Desktop\Algorithm\AIPlayerDesktop\data\蔡扬的\train\train_0076.json,370,2,False,2,3,2,2, ,-1e+18,-30,3.5999999999999996,0.0,1.0,4,0.0,-10,12,deltaR
train_0076,C:\Users\tao20\Desktop\Algorithm\AIPlayerDesktop\data\蔡扬的\train\train_0076.json,371,1,False,1,3,1,2,T,-1e+18,-30,3.5999999999999996,0.0,1.0,2,0.0,-10,12,deltaR
train_0076,C:\Users\tao20\Desktop\Algorithm\AIPlayerDesktop\data\蔡扬的\train\train_0076.json,371,2,False,2,3,2,2, ,-1e+18,-30,3.5999999999999996,0.0,1.0,3,0.0,-10,12,deltaR
train_0076,C:\Users\tao20\Desktop\Algorithm\AIPlayerDesktop\data\蔡扬的\train\train_0076.json,372,1,False,1,3,1,2,T,-1e+18,-30,3.5999999999999996,0.0,1.0,3,0.0,-10,12,deltaR
train_0076,C:\Users\tao20\Desktop\Algorithm\AIPlayerDesktop\data\蔡扬的\train\train_0076.json,372,2,False,2,3,2,2, ,-1e+18,-30,3.5999999999999996,0.0,1.0,4,0.0,-10,12,deltaR
train_0076,C:\Users\tao20\Desktop\Algorithm\AIPlayerDesktop\data\蔡扬的\train\train_0076.json,373,1,False,1,3,1,2,T,-1e+18,-30,3.5999999999999996,0.0,1.0,2,0.0,-10,12,deltaR
train_0076,C:\Users\tao20\Desktop\Algorithm\AIPlayerDesktop\data\蔡扬的\train\train_0076.json,373,2,False,2,3,2,2, ,-1e+18,-30,3.5999999999999996,0.0,1.0,3,0.0,-10,12,deltaR
train_0076,C:\Users\tao20\Desktop\Algorithm\AIPlayerDesktop\data\蔡扬的\train\train_0076.json,374,1,False,1,3,1,2,T,-1e+18,-30,3.5999999999999996,0.0,1.0,3,0.0,-10,12,deltaR
train_0076,C:\Users\tao20\Desktop\Algorithm\AIPlayerDesktop\data\蔡扬的\train\train_0076.json,374,2,False,2,3,2,2, ,-1e+18,-30,3.5999999999999996,0.0,1.0,4,0.0,-10,12,deltaR
train_0076,C:\Users\tao20\Desktop\Algorithm\AIPlayerDesktop\data\蔡扬的\train\train_0076.json,375,1,False,1,3,1,2,T,-1e+18,-30,3.5999999999999996,0.0,1.0,2,0.0,-10,12,deltaR
train_0076,C:\Users\tao20\Desktop\Algorithm\AIPlayerDesktop\data\蔡扬的\train\train_0076.json,375,2,False,2,3,2,2, ,-1e+18,-30,3.5999999999999996,0.0,1.0,3,0.0,-10,12,deltaR
train_0076,C:\Users\tao20\Desktop\Algorithm\AIPlayerDesktop\data\蔡扬的\train\train_0076.json,376,1,False,1,3,1,2,T,-1e+18,-30,3.5999999999999996,0.0,1.0,3,0.0,-10,12,deltaR
train_0076,C:\Users\tao20\Desktop\Algorithm\AIPlayerDesktop\data\蔡扬的\train\train_0076.json,376,2,False,2,3,2,2, ,-1e+18,-30,3.5999999999999996,0.0,1.0,4,0.0,-10,12,deltaR
train_0076,C:\Users\tao20\Desktop\Algorithm\AIPlayerDesktop\data\蔡扬的\train\train_0076.json,377,1,False,1,3,1,2,T,-1e+18,-30,3.5999999999999996,0.0,1.0,2,0.0,-10,12,deltaR
train_0076,C:\Users\tao20\Desktop\Algorithm\AIPlayerDesktop\data\蔡扬的\train\train_0076.json,377,2,False,2,3,2,2, ,-1e+18,-30,3.5999999999999996,0.0,1.0,3,0.0,-10,12,deltaR
train_0076,C:\Users\tao20\Desktop\Algorithm\AIPlayerDesktop\data\蔡扬的\train\train_0076.json,378,1,False,1,3,1,2,T,-1e+18,-30,3.5999999999999996,0.0,1.0,3,0.0,-10,12,deltaR
train_0076,C:\Users\tao20\Desktop\Algorithm\AIPlayerDesktop\data\蔡扬的\train\train_0076.json,378,2,False,2,3,2,2, ,-1e+18,-30,3.5999999999999996,0.0,1.0,4,0.0,-10,12,deltaR
train_0076,C:\Users\tao20\Desktop\Algorithm\AIPlayerDesktop\data\蔡扬的\train\train_0076.json,379,1,False,1,3,1,2,T,-1e+18,-30,3.5999999999999996,0.0,1.0,2,0.0,-10,12,deltaR
train_0076,C:\Users\tao20\Desktop\Algorithm\AIPlayerDesktop\data\蔡扬的\train\train_0076.json,379,2,False,2,3,2,2, ,-1e+18,-30,3.5999999999999996,0.0,1.0,3,0.0,-10,12,deltaR
train_0076,C:\Users\tao20\Desktop\Algorithm\AIPlayerDesktop\data\蔡扬的\train\train_0076.json,380,1,False,1,3,1,2,T,-1e+18,-30,3.5999999999999996,0.0,1.0,3,0.0,-10,12,deltaR
train_0076,C:\Users\tao20\Desktop\Algorithm\AIPlayerDesktop\data\蔡扬的\train\train_0076.json,380,2,False,2,3,2,2, ,-1e+18,-30,3.5999999999999996,0.0,1.0,4,0.0,-10,12,deltaR
train_0076,C:\Users\tao20\Desktop\Algorithm\AIPlayerDesktop\data\蔡扬的\train\train_0076.json,381,1,False,1,3,1,2,T,-1e+18,-30,3.5999999999999996,0.0,1.0,2,0.0,-10,12,deltaR
train_0076,C:\Users\tao20\Desktop\Algorithm\AIPlayerDesktop\data\蔡扬的\train\train_0076.json,381,2,False,2,3,2,2, ,-1e+18,-30,3.5999999999999996,0.0,1.0,3,0.0,-10,12,deltaR
train_0076,C:\Users\tao20\Desktop\Algorithm\AIPlayerDesktop\data\蔡扬的\train\train_0076.json,382,1,False,1,3,1,2,T,-1e+18,-30,3.5999999999999996,0.0,1.0,3,0.0,-10,12,deltaR
train_0076,C:\Users\tao20\Desktop\Algorithm\AIPlayerDesktop\data\蔡扬的\train\train_0076.json,382,2,False,2,3,2,2, ,-1e+18,-30,3.5999999999999996,0.0,1.0,4,0.0,-10,12,deltaR
train_0076,C:\Users\tao20\Desktop\Algorithm\AIPlayerDesktop\data\蔡扬的\train\train_0076.json,383,1,False,1,3,1,2,T,-1e+18,-30,3.5999999999999996,0.0,1.0,2,0.0,-10,12,deltaR
train_0076,C:\Users\tao20\Desktop\Algorithm\AIPlayerDesktop\data\蔡扬的\train\train_0076.json,383,2,False,2,3,2,2, ,-1e+18,-30,3.5999999999999996,0.0,1.0,3,0.0,-10,12,deltaR
train_0076,C:\Users\tao20\Desktop\Algorithm\AIPlayerDesktop\data\蔡扬的\train\train_0076.json,384,1,False,1,3,1,2,T,-1e+18,-30,3.5999999999999996,0.0,1.0,3,0.0,-10,12,deltaR
train_0076,C:\Users\tao20\Desktop\Algorithm\AIPlayerDesktop\data\蔡扬的\train\train_0076.json,384,2,False,2,3,2,2, ,-1e+18,-30,3.5999999999999996,0.0,1.0,4,0.0,-10,12,deltaR
train_0076,C:\Users\tao20\Desktop\Algorithm\AIPlayerDesktop\data\蔡扬的\train\train_0076.json,385,1,False,1,3,1,2,T,-1e+18,-30,3.5999999999999996,0.0,1.0,2,0.0,-10,12,deltaR
train_0076,C:\Users\tao20\Desktop\Algorithm\AIPlayerDesktop\data\蔡扬的\train\train_0076.json,385,2,False,2,3,2,2, ,-1e+18,-30,3.5999999999999996,0.0,1.0,3,0.0,-10,12,deltaR
train_0076,C:\Users\tao20\Desktop\Algorithm\AIPlayerDesktop\data\蔡扬的\train\train_0076.json,386,1,False,1,3,1,2,T,-1e+18,-30,3.5999999999999996,0.0,1.0,3,0.0,-10,12,deltaR
train_0076,C:\Users\tao20\Desktop\Algorithm\AIPlayerDesktop\data\蔡扬的\train\train_0076.json,386,2,False,2,3,2,2, ,-1e+18,-30,3.5999999999999996,0.0,1.0,4,0.0,-10,12,deltaR
train_0076,C:\Users\tao20\Desktop\Algorithm\AIPlayerDesktop\data\蔡扬的\train\train_0076.json,387,1,False,1,3,1,2,T,-1e+18,-30,3.5999999999999996,0.0,1.0,2,0.0,-10,12,deltaR
train_0076,C:\Users\tao20\Desktop\Algorithm\AIPlayerDesktop\data\蔡扬的\train\train_0076.json,387,2,False,2,3,2,2, ,-1e+18,-30,3.5999999999999996,0.0,1.0,3,0.0,-10,12,deltaR
train_0076,C:\Users\tao20\Desktop\Algorithm\AIPlayerDesktop\data\蔡扬的\train\train_0076.json,388,1,False,1,3,1,2,T,-1e+18,-30,3.5999999999999996,0.0,1.0,3,0.0,-10,12,deltaR
train_0076,C:\Users\tao20\Desktop\Algorithm\AIPlayerDesktop\data\蔡扬的\train\train_0076.json,388,2,False,2,3,2,2, ,-1e+18,-30,3.5999999999999996,0.0,1.0,4,0.0,-10,12,deltaR
train_0076,C:\Users\tao20\Desktop\Algorithm\AIPlayerDesktop\data\蔡扬的\train\train_0076.json,389,1,False,1,3,1,2,T,-1e+18,-30,3.5999999999999996,0.0,1.0,2,0.0,-10,12,deltaR
train_0076,C:\Users\tao20\Desktop\Algorithm\AIPlayerDesktop\data\蔡扬的\train\train_0076.json,389,2,False,2,3,2,2, ,-1e+18,-30,3.5999999999999996,0.0,1.0,3,0.0,-10,12,deltaR
train_0076,C:\Users\tao20\Desktop\Algorithm\AIPlayerDesktop\data\蔡扬的\train\train_0076.json,390,1,False,1,3,1,2,T,-1e+18,-30,3.5999999999999996,0.0,1.0,3,0.0,-10,12,deltaR
train_0076,C:\Users\tao20\Desktop\Algorithm\AIPlayerDesktop\data\蔡扬的\train\train_0076.json,390,2,False,2,3,2,2, ,-1e+18,-30,3.5999999999999996,0.0,1.0,4,0.0,-10,12,deltaR
train_0076,C:\Users\tao20\Desktop\Algorithm\AIPlayerDesktop\data\蔡扬的\train\train_0076.json,391,1,False,1,3,1,2,T,-1e+18,-30,3.5999999999999996,0.0,1.0,2,0.0,-10,12,deltaR
train_0076,C:\Users\tao20\Desktop\Algorithm\AIPlayerDesktop\data\蔡扬的\train\train_0076.json,391,2,False,2,3,2,2, ,-1e+18,-30,3.5999999999999996,0.0,1.0,3,0.0,-10,12,deltaR
train_0076,C:\Users\tao20\Desktop\Algorithm\AIPlayerDesktop\data\蔡扬的\train\train_0076.json,392,1,False,1,3,1,2,T,-1e+18,-30,3.5999999999999996,0.0,1.0,3,0.0,-10,12,deltaR
train_0076,C:\Users\tao20\Desktop\Algorithm\AIPlayerDesktop\data\蔡扬的\train\train_0076.json,392,2,False,2,3,2,2, ,-1e+18,-30,3.5999999999999996,0.0,1.0,4,0.0,-10,12,deltaR
train_0076,C:\Users\tao20\Desktop\Algorithm\AIPlayerDesktop\data\蔡扬的\train\train_0076.json,393,1,False,1,3,1,2,T,-1e+18,-30,3.5999999999999996,0.0,1.0,2,0.0,-10,12,deltaR
train_0076,C:\Users\tao20\Desktop\Algorithm\AIPlayerDesktop\data\蔡扬的\train\train_0076.json,393,2,False,2,3,2,2, ,-1e+18,-30,3.5999999999999996,0.0,1.0,3,0.0,-10,12,deltaR
train_0076,C:\Users\tao20\Desktop\Algorithm\AIPlayerDesktop\data\蔡扬的\train\train_0076.json,394,1,False,1,3,1,2,T,-1e+18,-30,3.5999999999999996,0.0,1.0,3,0.0,-10,12,deltaR
train_0076,C:\Users\tao20\Desktop\Algorithm\AIPlayerDesktop\data\蔡扬的\train\train_0076.json,394,2,False,2,3,2,2, ,-1e+18,-30,3.5999999999999996,0.0,1.0,4,0.0,-10,12,deltaR
train_0076,C:\Users\tao20\Desktop\Algorithm\AIPlayerDesktop\data\蔡扬的\train\train_0076.json,395,1,False,1,3,1,2,T,-1e+18,-30,3.5999999999999996,0.0,1.0,2,0.0,-10,12,deltaR
train_0076,C:\Users\tao20\Desktop\Algorithm\AIPlayerDesktop\data\蔡扬的\train\train_0076.json,395,2,False,2,3,2,2, ,-1e+18,-30,3.5999999999999996,0.0,1.0,3,0.0,-10,12,deltaR
train_0076,C:\Users\tao20\Desktop\Algorithm\AIPlayerDesktop\data\蔡扬的\train\train_0076.json,396,1,False,1,3,1,2,T,-1e+18,-30,3.5999999999999996,0.0,1.0,3,0.0,-10,12,deltaR
train_0076,C:\Users\tao20\Desktop\Algorithm\AIPlayerDesktop\data\蔡扬的\train\train_0076.json,396,2,False,2,3,2,2, ,-1e+18,-30,3.5999999999999996,0.0,1.0,4,0.0,-10,12,deltaR
train_0076,C:\Users\tao20\Desktop\Algorithm\AIPlayerDesktop\data\蔡扬的\train\train_0076.json,397,1,False,1,3,1,2,T,-1e+18,-30,3.5999999999999996,0.0,1.0,2,0.0,-10,12,deltaR
train_0076,C:\Users\tao20\Desktop\Algorithm\AIPlayerDesktop\data\蔡扬的\train\train_0076.json,397,2,False,2,3,2,2, ,-1e+18,-30,3.5999999999999996,0.0,1.0,3,0.0,-10,12,deltaR
train_0076,C:\Users\tao20\Desktop\Algorithm\AIPlayerDesktop\data\蔡扬的\train\train_0076.json,398,1,False,1,3,1,2,T,-1e+18,-30,3.5999999999999996,0.0,1.0,3,0.0,-10,12,deltaR
train_0076,C:\Users\tao20\Desktop\Algorithm\AIPlayerDesktop\data\蔡扬的\train\train_0076.json,398,2,False,2,3,2,2, ,-1e+18,-30,3.5999999999999996,0.0,1.0,4,0.0,-10,12,deltaR
train_0076,C:\Users\tao20\Desktop\Algorithm\AIPlayerDesktop\data\蔡扬的\train\train_0076.json,399,1,False,1,3,1,2,T,-1e+18,-30,3.5999999999999996,0.0,1.0,2,0.0,-10,12,deltaR
train_0076,C:\Users\tao20\Desktop\Algorithm\AIPlayerDesktop\data\蔡扬的\train\train_0076.json,399,2,False,2,3,2,2, ,-1e+18,-30,3.5999999999999996,0.0,1.0,3,0.0,-10,12,deltaR
train_0076,C:\Users\tao20\Desktop\Algorithm\AIPlayerDesktop\data\蔡扬的\train\train_0076.json,400,1,False,1,3,1,2,T,-1e+18,-30,3.5999999999999996,0.0,1.0,3,0.0,-10,12,deltaR
train_0076,C:\Users\tao20\Desktop\Algorithm\AIPlayerDesktop\data\蔡扬的\train\train_0076.json,400,2,False,2,3,2,2, ,-1e+18,-30,3.5999999999999996,0.0,1.0,4,0.0,-10,12,deltaR
train_0076,C:\Users\tao20\Desktop\Algorithm\AIPlayerDesktop\data\蔡扬的\train\train_0076.json,401,1,False,1,3,1,2,T,-1e+18,-30,3.5999999999999996,0.0,1.0,2,0.0,-10,12,deltaR
train_0076,C:\Users\tao20\Desktop\Algorithm\AIPlayerDesktop\data\蔡扬的\train\train_0076.json,401,2,False,2,3,2,2, ,-1e+18,-30,3.5999999999999996,0.0,1.0,3,0.0,-10,12,deltaR
train_0076,C:\Users\tao20\Desktop\Algorithm\AIPlayerDesktop\data\蔡扬的\train\train_0076.json,402,1,False,1,3,1,2,T,-1e+18,-30,3.5999999999999996,0.0,1.0,3,0.0,-10,12,deltaR
train_0076,C:\Users\tao20\Desktop\Algorithm\AIPlayerDesktop\data\蔡扬的\train\train_0076.json,402,2,False,2,3,2,2, ,-1e+18,-30,3.5999999999999996,0.0,1.0,4,0.0,-10,12,deltaR
train_0076,C:\Users\tao20\Desktop\Algorithm\AIPlayerDesktop\data\蔡扬的\train\train_0076.json,403,1,False,1,3,1,2,T,-1e+18,-30,3.5999999999999996,0.0,1.0,2,0.0,-10,12,deltaR
train_0076,C:\Users\tao20\Desktop\Algorithm\AIPlayerDesktop\data\蔡扬的\train\train_0076.json,403,2,False,2,3,2,2, ,-1e+18,-30,3.5999999999999996,0.0,1.0,3,0.0,-10,12,deltaR
train_0076,C:\Users\tao20\Desktop\Algorithm\AIPlayerDesktop\data\蔡扬的\train\train_0076.json,404,1,False,1,3,1,2,T,-1e+18,-30,3.5999999999999996,0.0,1.0,3,0.0,-10,12,deltaR
train_0076,C:\Users\tao20\Desktop\Algorithm\AIPlayerDesktop\data\蔡扬的\train\train_0076.json,404,2,False,2,3,2,2, ,-1e+18,-30,3.5999999999999996,0.0,1.0,4,0.0,-10,12,deltaR
train_0076,C:\Users\tao20\Desktop\Algorithm\AIPlayerDesktop\data\蔡扬的\train\train_0076.json,405,1,False,1,3,1,2,T,-1e+18,-30,3.5999999999999996,0.0,1.0,2,0.0,-10,12,deltaR
train_0076,C:\Users\tao20\Desktop\Algorithm\AIPlayerDesktop\data\蔡扬的\train\train_0076.json,405,2,False,2,3,2,2, ,-1e+18,-30,3.5999999999999996,0.0,1.0,3,0.0,-10,12,deltaR
train_0076,C:\Users\tao20\Desktop\Algorithm\AIPlayerDesktop\data\蔡扬的\train\train_0076.json,406,1,False,1,3,1,2,T,-1e+18,-30,3.5999999999999996,0.0,1.0,3,0.0,-10,12,deltaR
train_0076,C:\Users\tao20\Desktop\Algorithm\AIPlayerDesktop\data\蔡扬的\train\train_0076.json,406,2,False,2,3,2,2, ,-1e+18,-30,3.5999999999999996,0.0,1.0,4,0.0,-10,12,deltaR
train_0076,C:\Users\tao20\Desktop\Algorithm\AIPlayerDesktop\data\蔡扬的\train\train_0076.json,407,1,False,1,3,1,2,T,-1e+18,-30,3.5999999999999996,0.0,1.0,2,0.0,-10,12,deltaR
train_0076,C:\Users\tao20\Desktop\Algorithm\AIPlayerDesktop\data\蔡扬的\train\train_0076.json,407,2,False,2,3,2,2, ,-1e+18,-30,3.5999999999999996,0.0,1.0,3,0.0,-10,12,deltaR
train_0076,C:\Users\tao20\Desktop\Algorithm\AIPlayerDesktop\data\蔡扬的\train\train_0076.json,408,1,False,1,3,1,2,T,-1e+18,-30,3.5999999999999996,0.0,1.0,3,0.0,-10,12,deltaR
train_0076,C:\Users\tao20\Desktop\Algorithm\AIPlayerDesktop\data\蔡扬的\train\train_0076.json,408,2,False,2,3,2,2, ,-1e+18,-30,3.5999999999999996,0.0,1.0,4,0.0,-10,12,deltaR
train_0076,C:\Users\tao20\Desktop\Algorithm\AIPlayerDesktop\data\蔡扬的\train\train_0076.json,409,1,False,1,3,1,2,T,-1e+18,-30,3.5999999999999996,0.0,1.0,2,0.0,-10,12,deltaR
train_0076,C:\Users\tao20\Desktop\Algorithm\AIPlayerDesktop\data\蔡扬的\train\train_0076.json,409,2,False,2,3,2,2, ,-1e+18,-30,3.5999999999999996,0.0,1.0,3,0.0,-10,12,deltaR
train_0076,C:\Users\tao20\Desktop\Algorithm\AIPlayerDesktop\data\蔡扬的\train\train_0076.json,410,1,False,1,3,1,2,T,-1e+18,-30,3.5999999999999996,0.0,1.0,3,0.0,-10,12,deltaR
train_0076,C:\Users\tao20\Desktop\Algorithm\AIPlayerDesktop\data\蔡扬的\train\train_0076.json,410,2,False,2,3,2,2, ,-1e+18,-30,3.5999999999999996,0.0,1.0,4,0.0,-10,12,deltaR
train_0076,C:\Users\tao20\Desktop\Algorithm\AIPlayerDesktop\data\蔡扬的\train\train_0076.json,411,1,False,1,3,1,2,T,-1e+18,-30,3.5999999999999996,0.0,1.0,2,0.0,-10,12,deltaR
train_0076,C:\Users\tao20\Desktop\Algorithm\AIPlayerDesktop\data\蔡扬的\train\train_0076.json,411,2,False,2,3,2,2, ,-1e+18,-30,3.5999999999999996,0.0,1.0,3,0.0,-10,12,deltaR
train_0076,C:\Users\tao20\Desktop\Algorithm\AIPlayerDesktop\data\蔡扬的\train\train_0076.json,412,1,False,1,3,1,2,T,-1e+18,-30,3.5999999999999996,0.0,1.0,3,0.0,-10,12,deltaR
train_0076,C:\Users\tao20\Desktop\Algorithm\AIPlayerDesktop\data\蔡扬的\train\train_0076.json,412,2,False,2,3,2,2, ,-1e+18,-30,3.5999999999999996,0.0,1.0,4,0.0,-10,12,deltaR
train_0076,C:\Users\tao20\Desktop\Algorithm\AIPlayerDesktop\data\蔡扬的\train\train_0076.json,413,1,False,1,3,1,2,T,-1e+18,-30,3.5999999999999996,0.0,1.0,2,0.0,-10,12,deltaR
train_0076,C:\Users\tao20\Desktop\Algorithm\AIPlayerDesktop\data\蔡扬的\train\train_0076.json,413,2,False,2,3,2,2, ,-1e+18,-30,3.5999999999999996,0.0,1.0,3,0.0,-10,12,deltaR
train_0076,C:\Users\tao20\Desktop\Algorithm\AIPlayerDesktop\data\蔡扬的\train\train_0076.json,414,1,False,1,3,1,2,T,-1e+18,-30,3.5999999999999996,0.0,1.0,3,0.0,-10,12,deltaR
train_0076,C:\Users\tao20\Desktop\Algorithm\AIPlayerDesktop\data\蔡扬的\train\train_0076.json,414,2,False,2,3,2,2, ,-1e+18,-30,3.5999999999999996,0.0,1.0,4,0.0,-10,12,deltaR
train_0076,C:\Users\tao20\Desktop\Algorithm\AIPlayerDesktop\data\蔡扬的\train\train_0076.json,415,1,False,1,3,1,2,T,-1e+18,-30,3.5999999999999996,0.0,1.0,2,0.0,-10,12,deltaR
train_0076,C:\Users\tao20\Desktop\Algorithm\AIPlayerDesktop\data\蔡扬的\train\train_0076.json,415,2,False,2,3,2,2, ,-1e+18,-30,3.5999999999999996,0.0,1.0,3,0.0,-10,12,deltaR
train_0076,C:\Users\tao20\Desktop\Algorithm\AIPlayerDesktop\data\蔡扬的\train\train_0076.json,416,1,False,1,3,1,2,T,-1e+18,-30,3.5999999999999996,0.0,1.0,3,0.0,-10,12,deltaR
train_0076,C:\Users\tao20\Desktop\Algorithm\AIPlayerDesktop\data\蔡扬的\train\train_0076.json,416,2,False,2,3,2,2, ,-1e+18,-30,3.5999999999999996,0.0,1.0,4,0.0,-10,12,deltaR
train_0076,C:\Users\tao20\Desktop\Algorithm\AIPlayerDesktop\data\蔡扬的\train\train_0076.json,417,1,False,1,3,1,2,T,-1e+18,-30,3.5999999999999996,0.0,1.0,2,0.0,-10,12,deltaR
train_0076,C:\Users\tao20\Desktop\Algorithm\AIPlayerDesktop\data\蔡扬的\train\train_0076.json,417,2,False,2,3,2,2, ,-1e+18,-30,3.5999999999999996,0.0,1.0,3,0.0,-10,12,deltaR
train_0076,C:\Users\tao20\Desktop\Algorithm\AIPlayerDesktop\data\蔡扬的\train\train_0076.json,418,1,False,1,3,1,2,T,-1e+18,-30,3.5999999999999996,0.0,1.0,3,0.0,-10,12,deltaR
train_0076,C:\Users\tao20\Desktop\Algorithm\AIPlayerDesktop\data\蔡扬的\train\train_0076.json,418,2,False,2,3,2,2, ,-1e+18,-30,3.5999999999999996,0.0,1.0,4,0.0,-10,12,deltaR
train_0076,C:\Users\tao20\Desktop\Algorithm\AIPlayerDesktop\data\蔡扬的\train\train_0076.json,419,1,False,1,3,1,2,T,-1e+18,-30,3.5999999999999996,0.0,1.0,2,0.0,-10,12,deltaR
train_0076,C:\Users\tao20\Desktop\Algorithm\AIPlayerDesktop\data\蔡扬的\train\train_0076.json,419,2,False,2,3,2,2, ,-1e+18,-30,3.5999999999999996,0.0,1.0,3,0.0,-10,12,deltaR
train_0076,C:\Users\tao20\Desktop\Algorithm\AIPlayerDesktop\data\蔡扬的\train\train_0076.json,420,1,False,1,3,1,2,T,-1e+18,-30,3.5999999999999996,0.0,1.0,3,0.0,-10,12,deltaR
train_0076,C:\Users\tao20\Desktop\Algorithm\AIPlayerDesktop\data\蔡扬的\train\train_0076.json,420,2,False,2,3,2,2, ,-1e+18,-30,3.5999999999999996,0.0,1.0,4,0.0,-10,12,deltaR
train_0076,C:\Users\tao20\Desktop\Algorithm\AIPlayerDesktop\data\蔡扬的\train\train_0076.json,421,1,False,1,3,1,2,T,-1e+18,-30,3.5999999999999996,0.0,1.0,2,0.0,-10,12,deltaR
train_0076,C:\Users\tao20\Desktop\Algorithm\AIPlayerDesktop\data\蔡扬的\train\train_0076.json,421,2,False,2,3,2,2, ,-1e+18,-30,3.5999999999999996,0.0,1.0,3,0.0,-10,12,deltaR
train_0076,C:\Users\tao20\Desktop\Algorithm\AIPlayerDesktop\data\蔡扬的\train\train_0076.json,422,1,False,1,3,1,2,T,-1e+18,-30,3.5999999999999996,0.0,1.0,3,0.0,-10,12,deltaR
train_0076,C:\Users\tao20\Desktop\Algorithm\AIPlayerDesktop\data\蔡扬的\train\train_0076.json,422,2,False,2,3,2,2, ,-1e+18,-30,3.5999999999999996,0.0,1.0,4,0.0,-10,12,deltaR
train_0076,C:\Users\tao20\Desktop\Algorithm\AIPlayerDesktop\data\蔡扬的\train\train_0076.json,423,1,False,1,3,1,2,T,-1e+18,-30,3.5999999999999996,0.0,1.0,2,0.0,-10,12,deltaR
train_0076,C:\Users\tao20\Desktop\Algorithm\AIPlayerDesktop\data\蔡扬的\train\train_0076.json,423,2,False,2,3,2,2, ,-1e+18,-30,3.5999999999999996,0.0,1.0,3,0.0,-10,12,deltaR
train_0076,C:\Users\tao20\Desktop\Algorithm\AIPlayerDesktop\data\蔡扬的\train\train_0076.json,424,1,False,1,3,1,2,T,-1e+18,-30,3.5999999999999996,0.0,1.0,3,0.0,-10,12,deltaR
train_0076,C:\Users\tao20\Desktop\Algorithm\AIPlayerDesktop\data\蔡扬的\train\train_0076.json,424,2,False,2,3,2,2, ,-1e+18,-30,3.5999999999999996,0.0,1.0,4,0.0,-10,12,deltaR
train_0076,C:\Users\tao20\Desktop\Algorithm\AIPlayerDesktop\data\蔡扬的\train\train_0076.json,425,1,False,1,3,1,2,T,-1e+18,-30,3.5999999999999996,0.0,1.0,2,0.0,-10,12,deltaR
train_0076,C:\Users\tao20\Desktop\Algorithm\AIPlayerDesktop\data\蔡扬的\train\train_0076.json,425,2,False,2,3,2,2, ,-1e+18,-30,3.5999999999999996,0.0,1.0,3,0.0,-10,12,deltaR
train_0076,C:\Users\tao20\Desktop\Algorithm\AIPlayerDesktop\data\蔡扬的\train\train_0076.json,426,1,False,1,3,1,2,T,-1e+18,-30,3.5999999999999996,0.0,1.0,3,0.0,-10,12,deltaR
train_0076,C:\Users\tao20\Desktop\Algorithm\AIPlayerDesktop\data\蔡扬的\train\train_0076.json,426,2,False,2,3,2,2, ,-1e+18,-30,3.5999999999999996,0.0,1.0,4,0.0,-10,12,deltaR
train_0076,C:\Users\tao20\Desktop\Algorithm\AIPlayerDesktop\data\蔡扬的\train\train_0076.json,427,1,False,1,3,1,2,T,-1e+18,-30,3.5999999999999996,0.0,1.0,2,0.0,-10,12,deltaR
train_0076,C:\Users\tao20\Desktop\Algorithm\AIPlayerDesktop\data\蔡扬的\train\train_0076.json,427,2,False,2,3,2,2, ,-1e+18,-30,3.5999999999999996,0.0,1.0,3,0.0,-10,12,deltaR
train_0076,C:\Users\tao20\Desktop\Algorithm\AIPlayerDesktop\data\蔡扬的\train\train_0076.json,428,1,False,1,3,1,2,T,-1e+18,-30,3.5999999999999996,0.0,1.0,3,0.0,-10,12,deltaR
train_0076,C:\Users\tao20\Desktop\Algorithm\AIPlayerDesktop\data\蔡扬的\train\train_0076.json,428,2,False,2,3,2,2, ,-1e+18,-30,3.5999999999999996,0.0,1.0,4,0.0,-10,12,deltaR
train_0076,C:\Users\tao20\Desktop\Algorithm\AIPlayerDesktop\data\蔡扬的\train\train_0076.json,429,1,False,1,3,1,2,T,-1e+18,-30,3.5999999999999996,0.0,1.0,2,0.0,-10,12,deltaR
train_0076,C:\Users\tao20\Desktop\Algorithm\AIPlayerDesktop\data\蔡扬的\train\train_0076.json,429,2,False,2,3,2,2, ,-1e+18,-30,3.5999999999999996,0.0,1.0,3,0.0,-10,12,deltaR
train_0076,C:\Users\tao20\Desktop\Algorithm\AIPlayerDesktop\data\蔡扬的\train\train_0076.json,430,1,False,1,3,1,2,T,-1e+18,-30,3.5999999999999996,0.0,1.0,3,0.0,-10,12,deltaR
train_0076,C:\Users\tao20\Desktop\Algorithm\AIPlayerDesktop\data\蔡扬的\train\train_0076.json,430,2,False,2,3,2,2, ,-1e+18,-30,3.5999999999999996,0.0,1.0,4,0.0,-10,12,deltaR
train_0076,C:\Users\tao20\Desktop\Algorithm\AIPlayerDesktop\data\蔡扬的\train\train_0076.json,431,1,False,1,3,1,2,T,-1e+18,-30,3.5999999999999996,0.0,1.0,2,0.0,-10,12,deltaR
train_0076,C:\Users\tao20\Desktop\Algorithm\AIPlayerDesktop\data\蔡扬的\train\train_0076.json,431,2,False,2,3,2,2, ,-1e+18,-30,3.5999999999999996,0.0,1.0,3,0.0,-10,12,deltaR
train_0076,C:\Users\tao20\Desktop\Algorithm\AIPlayerDesktop\data\蔡扬的\train\train_0076.json,432,1,False,1,3,1,2,T,-1e+18,-30,3.5999999999999996,0.0,1.0,3,0.0,-10,12,deltaR
train_0076,C:\Users\tao20\Desktop\Algorithm\AIPlayerDesktop\data\蔡扬的\train\train_0076.json,432,2,False,2,3,2,2, ,-1e+18,-30,3.5999999999999996,0.0,1.0,4,0.0,-10,12,deltaR
train_0076,C:\Users\tao20\Desktop\Algorithm\AIPlayerDesktop\data\蔡扬的\train\train_0076.json,433,1,False,1,3,1,2,T,-1e+18,-30,3.5999999999999996,0.0,1.0,2,0.0,-10,12,deltaR
train_0076,C:\Users\tao20\Desktop\Algorithm\AIPlayerDesktop\data\蔡扬的\train\train_0076.json,433,2,False,2,3,2,2, ,-1e+18,-30,3.5999999999999996,0.0,1.0,3,0.0,-10,12,deltaR
train_0076,C:\Users\tao20\Desktop\Algorithm\AIPlayerDesktop\data\蔡扬的\train\train_0076.json,434,1,False,1,3,1,2,T,-1e+18,-30,3.5999999999999996,0.0,1.0,3,0.0,-10,12,deltaR
train_0076,C:\Users\tao20\Desktop\Algorithm\AIPlayerDesktop\data\蔡扬的\train\train_0076.json,434,2,False,2,3,2,2, ,-1e+18,-30,3.5999999999999996,0.0,1.0,4,0.0,-10,12,deltaR
train_0076,C:\Users\tao20\Desktop\Algorithm\AIPlayerDesktop\data\蔡扬的\train\train_0076.json,435,1,False,1,3,1,2,T,-1e+18,-30,3.5999999999999996,0.0,1.0,2,0.0,-10,12,deltaR
train_0076,C:\Users\tao20\Desktop\Algorithm\AIPlayerDesktop\data\蔡扬的\train\train_0076.json,435,2,False,2,3,2,2, ,-1e+18,-30,3.5999999999999996,0.0,1.0,3,0.0,-10,12,deltaR
train_0076,C:\Users\tao20\Desktop\Algorithm\AIPlayerDesktop\data\蔡扬的\train\train_0076.json,436,1,False,1,3,1,2,T,-1e+18,-30,3.5999999999999996,0.0,1.0,3,0.0,-10,12,deltaR
train_0076,C:\Users\tao20\Desktop\Algorithm\AIPlayerDesktop\data\蔡扬的\train\train_0076.json,436,2,False,2,3,2,2, ,-1e+18,-30,3.5999999999999996,0.0,1.0,4,0.0,-10,12,deltaR
train_0076,C:\Users\tao20\Desktop\Algorithm\AIPlayerDesktop\data\蔡扬的\train\train_0076.json,437,1,False,1,3,1,2,T,-1e+18,-30,3.5999999999999996,0.0,1.0,2,0.0,-10,12,deltaR
train_0076,C:\Users\tao20\Desktop\Algorithm\AIPlayerDesktop\data\蔡扬的\train\train_0076.json,437,2,False,2,3,2,2, ,-1e+18,-30,3.5999999999999996,0.0,1.0,3,0.0,-10,12,deltaR
train_0076,C:\Users\tao20\Desktop\Algorithm\AIPlayerDesktop\data\蔡扬的\train\train_0076.json,438,1,False,1,3,1,2,T,-1e+18,-30,3.5999999999999996,0.0,1.0,3,0.0,-10,12,deltaR
train_0076,C:\Users\tao20\Desktop\Algorithm\AIPlayerDesktop\data\蔡扬的\train\train_0076.json,438,2,False,2,3,2,2, ,-1e+18,-30,3.5999999999999996,0.0,1.0,4,0.0,-10,12,deltaR
train_0076,C:\Users\tao20\Desktop\Algorithm\AIPlayerDesktop\data\蔡扬的\train\train_0076.json,439,1,False,1,3,1,2,T,-1e+18,-30,3.5999999999999996,0.0,1.0,2,0.0,-10,12,deltaR
train_0076,C:\Users\tao20\Desktop\Algorithm\AIPlayerDesktop\data\蔡扬的\train\train_0076.json,439,2,False,2,3,2,2, ,-1e+18,-30,3.5999999999999996,0.0,1.0,3,0.0,-10,12,deltaR
train_0076,C:\Users\tao20\Desktop\Algorithm\AIPlayerDesktop\data\蔡扬的\train\train_0076.json,440,1,False,1,3,1,2,T,-1e+18,-30,3.5999999999999996,0.0,1.0,3,0.0,-10,12,deltaR
train_0076,C:\Users\tao20\Desktop\Algorithm\AIPlayerDesktop\data\蔡扬的\train\train_0076.json,440,2,False,2,3,2,2, ,-1e+18,-30,3.5999999999999996,0.0,1.0,4,0.0,-10,12,deltaR
train_0076,C:\Users\tao20\Desktop\Algorithm\AIPlayerDesktop\data\蔡扬的\train\train_0076.json,441,1,False,1,3,1,2,T,-1e+18,-30,3.5999999999999996,0.0,1.0,2,0.0,-10,12,deltaR
train_0076,C:\Users\tao20\Desktop\Algorithm\AIPlayerDesktop\data\蔡扬的\train\train_0076.json,441,2,False,2,3,2,2, ,-1e+18,-30,3.5999999999999996,0.0,1.0,3,0.0,-10,12,deltaR
train_0076,C:\Users\tao20\Desktop\Algorithm\AIPlayerDesktop\data\蔡扬的\train\train_0076.json,442,1,False,1,3,1,2,T,-1e+18,-30,3.5999999999999996,0.0,1.0,3,0.0,-10,12,deltaR
train_0076,C:\Users\tao20\Desktop\Algorithm\AIPlayerDesktop\data\蔡扬的\train\train_0076.json,442,2,False,2,3,2,2, ,-1e+18,-30,3.5999999999999996,0.0,1.0,4,0.0,-10,12,deltaR
train_0076,C:\Users\tao20\Desktop\Algorithm\AIPlayerDesktop\data\蔡扬的\train\train_0076.json,443,1,False,1,3,1,2,T,-1e+18,-30,3.5999999999999996,0.0,1.0,2,0.0,-10,12,deltaR
train_0076,C:\Users\tao20\Desktop\Algorithm\AIPlayerDesktop\data\蔡扬的\train\train_0076.json,443,2,False,2,3,2,2, ,-1e+18,-30,3.5999999999999996,0.0,1.0,3,0.0,-10,12,deltaR
train_0076,C:\Users\tao20\Desktop\Algorithm\AIPlayerDesktop\data\蔡扬的\train\train_0076.json,444,1,False,1,3,1,2,T,-1e+18,-30,3.5999999999999996,0.0,1.0,3,0.0,-10,12,deltaR
train_0076,C:\Users\tao20\Desktop\Algorithm\AIPlayerDesktop\data\蔡扬的\train\train_0076.json,444,2,False,2,3,2,2, ,-1e+18,-30,3.5999999999999996,0.0,1.0,4,0.0,-10,12,deltaR
train_0076,C:\Users\tao20\Desktop\Algorithm\AIPlayerDesktop\data\蔡扬的\train\train_0076.json,445,1,False,1,3,1,2,T,-1e+18,-30,3.5999999999999996,0.0,1.0,2,0.0,-10,12,deltaR
train_0076,C:\Users\tao20\Desktop\Algorithm\AIPlayerDesktop\data\蔡扬的\train\train_0076.json,445,2,False,2,3,2,2, ,-1e+18,-30,3.5999999999999996,0.0,1.0,3,0.0,-10,12,deltaR
train_0076,C:\Users\tao20\Desktop\Algorithm\AIPlayerDesktop\data\蔡扬的\train\train_0076.json,446,1,False,1,3,1,2,T,-1e+18,-30,3.5999999999999996,0.0,1.0,3,0.0,-10,12,deltaR
train_0076,C:\Users\tao20\Desktop\Algorithm\AIPlayerDesktop\data\蔡扬的\train\train_0076.json,446,2,False,2,3,2,2, ,-1e+18,-30,3.5999999999999996,0.0,1.0,4,0.0,-10,12,deltaR
train_0076,C:\Users\tao20\Desktop\Algorithm\AIPlayerDesktop\data\蔡扬的\train\train_0076.json,447,1,False,1,3,1,2,T,-1e+18,-30,3.5999999999999996,0.0,1.0,2,0.0,-10,12,deltaR
train_0076,C:\Users\tao20\Desktop\Algorithm\AIPlayerDesktop\data\蔡扬的\train\train_0076.json,447,2,False,2,3,2,2, ,-1e+18,-30,3.5999999999999996,0.0,1.0,3,0.0,-10,12,deltaR
train_0076,C:\Users\tao20\Desktop\Algorithm\AIPlayerDesktop\data\蔡扬的\train\train_0076.json,448,1,False,1,3,1,2,T,-1e+18,-30,3.5999999999999996,0.0,1.0,3,0.0,-10,12,deltaR
train_0076,C:\Users\tao20\Desktop\Algorithm\AIPlayerDesktop\data\蔡扬的\train\train_0076.json,448,2,False,2,3,2,2, ,-1e+18,-30,3.5999999999999996,0.0,1.0,4,0.0,-10,12,deltaR
train_0076,C:\Users\tao20\Desktop\Algorithm\AIPlayerDesktop\data\蔡扬的\train\train_0076.json,449,1,False,1,3,1,2,T,-1e+18,-30,3.5999999999999996,0.0,1.0,2,0.0,-10,12,deltaR
train_0076,C:\Users\tao20\Desktop\Algorithm\AIPlayerDesktop\data\蔡扬的\train\train_0076.json,449,2,False,2,3,2,2, ,-1e+18,-30,3.5999999999999996,0.0,1.0,3,0.0,-10,12,deltaR
train_0076,C:\Users\tao20\Desktop\Algorithm\AIPlayerDesktop\data\蔡扬的\train\train_0076.json,450,1,False,1,3,1,2,T,-1e+18,-30,3.5999999999999996,0.0,1.0,3,0.0,-10,12,deltaR
train_0076,C:\Users\tao20\Desktop\Algorithm\AIPlayerDesktop\data\蔡扬的\train\train_0076.json,450,2,False,2,3,2,2, ,-1e+18,-30,3.5999999999999996,0.0,1.0,4,0.0,-10,12,deltaR
train_0076,C:\Users\tao20\Desktop\Algorithm\AIPlayerDesktop\data\蔡扬的\train\train_0076.json,451,1,False,1,3,1,2,T,-1e+18,-30,3.5999999999999996,0.0,1.0,2,0.0,-10,12,deltaR
train_0076,C:\Users\tao20\Desktop\Algorithm\AIPlayerDesktop\data\蔡扬的\train\train_0076.json,451,2,False,2,3,2,2, ,-1e+18,-30,3.5999999999999996,0.0,1.0,3,0.0,-10,12,deltaR
train_0076,C:\Users\tao20\Desktop\Algorithm\AIPlayerDesktop\data\蔡扬的\train\train_0076.json,452,1,False,1,3,1,2,T,-1e+18,-30,3.5999999999999996,0.0,1.0,3,0.0,-10,12,deltaR
train_0076,C:\Users\tao20\Desktop\Algorithm\AIPlayerDesktop\data\蔡扬的\train\train_0076.json,452,2,False,2,3,2,2, ,-1e+18,-30,3.5999999999999996,0.0,1.0,4,0.0,-10,12,deltaR
train_0076,C:\Users\tao20\Desktop\Algorithm\AIPlayerDesktop\data\蔡扬的\train\train_0076.json,453,1,False,1,3,1,2,T,-1e+18,-30,3.5999999999999996,0.0,1.0,2,0.0,-10,12,deltaR
train_0076,C:\Users\tao20\Desktop\Algorithm\AIPlayerDesktop\data\蔡扬的\train\train_0076.json,453,2,False,2,3,2,2, ,-1e+18,-30,3.5999999999999996,0.0,1.0,3,0.0,-10,12,deltaR
train_0076,C:\Users\tao20\Desktop\Algorithm\AIPlayerDesktop\data\蔡扬的\train\train_0076.json,454,1,False,1,3,1,2,T,-1e+18,-30,3.5999999999999996,0.0,1.0,3,0.0,-10,12,deltaR
train_0076,C:\Users\tao20\Desktop\Algorithm\AIPlayerDesktop\data\蔡扬的\train\train_0076.json,454,2,False,2,3,2,2, ,-1e+18,-30,3.5999999999999996,0.0,1.0,4,0.0,-10,12,deltaR
train_0076,C:\Users\tao20\Desktop\Algorithm\AIPlayerDesktop\data\蔡扬的\train\train_0076.json,455,1,False,1,3,1,2,T,-1e+18,-30,3.5999999999999996,0.0,1.0,2,0.0,-10,12,deltaR
train_0076,C:\Users\tao20\Desktop\Algorithm\AIPlayerDesktop\data\蔡扬的\train\train_0076.json,455,2,False,2,3,2,2, ,-1e+18,-30,3.5999999999999996,0.0,1.0,3,0.0,-10,12,deltaR
train_0076,C:\Users\tao20\Desktop\Algorithm\AIPlayerDesktop\data\蔡扬的\train\train_0076.json,456,1,False,1,3,1,2,T,-1e+18,-30,3.5999999999999996,0.0,1.0,3,0.0,-10,12,deltaR
train_0076,C:\Users\tao20\Desktop\Algorithm\AIPlayerDesktop\data\蔡扬的\train\train_0076.json,456,2,False,2,3,2,2, ,-1e+18,-30,3.5999999999999996,0.0,1.0,4,0.0,-10,12,deltaR
train_0076,C:\Users\tao20\Desktop\Algorithm\AIPlayerDesktop\data\蔡扬的\train\train_0076.json,457,1,False,1,3,1,2,T,-1e+18,-30,3.5999999999999996,0.0,1.0,2,0.0,-10,12,deltaR
train_0076,C:\Users\tao20\Desktop\Algorithm\AIPlayerDesktop\data\蔡扬的\train\train_0076.json,457,2,False,2,3,2,2, ,-1e+18,-30,3.5999999999999996,0.0,1.0,3,0.0,-10,12,deltaR
train_0076,C:\Users\tao20\Desktop\Algorithm\AIPlayerDesktop\data\蔡扬的\train\train_0076.json,458,1,False,1,3,1,2,T,-1e+18,-30,3.5999999999999996,0.0,1.0,3,0.0,-10,12,deltaR
train_0076,C:\Users\tao20\Desktop\Algorithm\AIPlayerDesktop\data\蔡扬的\train\train_0076.json,458,2,False,2,3,2,2, ,-1e+18,-30,3.5999999999999996,0.0,1.0,4,0.0,-10,12,deltaR
train_0076,C:\Users\tao20\Desktop\Algorithm\AIPlayerDesktop\data\蔡扬的\train\train_0076.json,459,1,False,1,3,1,2,T,-1e+18,-30,3.5999999999999996,0.0,1.0,2,0.0,-10,12,deltaR
train_0076,C:\Users\tao20\Desktop\Algorithm\AIPlayerDesktop\data\蔡扬的\train\train_0076.json,459,2,False,2,3,2,2, ,-1e+18,-30,3.5999999999999996,0.0,1.0,3,0.0,-10,12,deltaR
train_0076,C:\Users\tao20\Desktop\Algorithm\AIPlayerDesktop\data\蔡扬的\train\train_0076.json,460,1,False,1,3,1,2,T,-1e+18,-30,3.5999999999999996,0.0,1.0,3,0.0,-10,12,deltaR
train_0076,C:\Users\tao20\Desktop\Algorithm\AIPlayerDesktop\data\蔡扬的\train\train_0076.json,460,2,False,2,3,2,2, ,-1e+18,-30,3.5999999999999996,0.0,1.0,4,0.0,-10,12,deltaR
train_0076,C:\Users\tao20\Desktop\Algorithm\AIPlayerDesktop\data\蔡扬的\train\train_0076.json,461,1,False,1,3,1,2,T,-1e+18,-30,3.5999999999999996,0.0,1.0,2,0.0,-10,12,deltaR
train_0076,C:\Users\tao20\Desktop\Algorithm\AIPlayerDesktop\data\蔡扬的\train\train_0076.json,461,2,False,2,3,2,2, ,-1e+18,-30,3.5999999999999996,0.0,1.0,3,0.0,-10,12,deltaR
train_0076,C:\Users\tao20\Desktop\Algorithm\AIPlayerDesktop\data\蔡扬的\train\train_0076.json,462,1,False,1,3,1,2,T,-1e+18,-30,3.5999999999999996,0.0,1.0,3,0.0,-10,12,deltaR
train_0076,C:\Users\tao20\Desktop\Algorithm\AIPlayerDesktop\data\蔡扬的\train\train_0076.json,462,2,False,2,3,2,2, ,-1e+18,-30,3.5999999999999996,0.0,1.0,4,0.0,-10,12,deltaR
train_0076,C:\Users\tao20\Desktop\Algorithm\AIPlayerDesktop\data\蔡扬的\train\train_0076.json,463,1,False,1,3,1,2,T,-1e+18,-30,3.5999999999999996,0.0,1.0,2,0.0,-10,12,deltaR
train_0076,C:\Users\tao20\Desktop\Algorithm\AIPlayerDesktop\data\蔡扬的\train\train_0076.json,463,2,False,2,3,2,2, ,-1e+18,-30,3.5999999999999996,0.0,1.0,3,0.0,-10,12,deltaR
train_0076,C:\Users\tao20\Desktop\Algorithm\AIPlayerDesktop\data\蔡扬的\train\train_0076.json,464,1,False,1,3,1,2,T,-1e+18,-30,3.5999999999999996,0.0,1.0,3,0.0,-10,12,deltaR
train_0076,C:\Users\tao20\Desktop\Algorithm\AIPlayerDesktop\data\蔡扬的\train\train_0076.json,464,2,False,2,3,2,2, ,-1e+18,-30,3.5999999999999996,0.0,1.0,4,0.0,-10,12,deltaR
train_0076,C:\Users\tao20\Desktop\Algorithm\AIPlayerDesktop\data\蔡扬的\train\train_0076.json,465,1,False,1,3,1,2,T,-1e+18,-30,3.5999999999999996,0.0,1.0,2,0.0,-10,12,deltaR
train_0076,C:\Users\tao20\Desktop\Algorithm\AIPlayerDesktop\data\蔡扬的\train\train_0076.json,465,2,False,2,3,2,2, ,-1e+18,-30,3.5999999999999996,0.0,1.0,3,0.0,-10,12,deltaR
train_0076,C:\Users\tao20\Desktop\Algorithm\AIPlayerDesktop\data\蔡扬的\train\train_0076.json,466,1,False,1,3,1,2,T,-1e+18,-30,3.5999999999999996,0.0,1.0,3,0.0,-10,12,deltaR
train_0076,C:\Users\tao20\Desktop\Algorithm\AIPlayerDesktop\data\蔡扬的\train\train_0076.json,466,2,False,2,3,2,2, ,-1e+18,-30,3.5999999999999996,0.0,1.0,4,0.0,-10,12,deltaR
train_0076,C:\Users\tao20\Desktop\Algorithm\AIPlayerDesktop\data\蔡扬的\train\train_0076.json,467,1,False,1,3,1,2,T,-1e+18,-30,3.5999999999999996,0.0,1.0,2,0.0,-10,12,deltaR
train_0076,C:\Users\tao20\Desktop\Algorithm\AIPlayerDesktop\data\蔡扬的\train\train_0076.json,467,2,False,2,3,2,2, ,-1e+18,-30,3.5999999999999996,0.0,1.0,3,0.0,-10,12,deltaR
train_0076,C:\Users\tao20\Desktop\Algorithm\AIPlayerDesktop\data\蔡扬的\train\train_0076.json,468,1,False,1,3,1,2,T,-1e+18,-30,3.5999999999999996,0.0,1.0,3,0.0,-10,12,deltaR
train_0076,C:\Users\tao20\Desktop\Algorithm\AIPlayerDesktop\data\蔡扬的\train\train_0076.json,468,2,False,2,3,2,2, ,-1e+18,-30,3.5999999999999996,0.0,1.0,4,0.0,-10,12,deltaR
train_0076,C:\Users\tao20\Desktop\Algorithm\AIPlayerDesktop\data\蔡扬的\train\train_0076.json,469,1,False,1,3,1,2,T,-1e+18,-30,3.5999999999999996,0.0,1.0,2,0.0,-10,12,deltaR
train_0076,C:\Users\tao20\Desktop\Algorithm\AIPlayerDesktop\data\蔡扬的\train\train_0076.json,469,2,False,2,3,2,2, ,-1e+18,-30,3.5999999999999996,0.0,1.0,3,0.0,-10,12,deltaR
train_0076,C:\Users\tao20\Desktop\Algorithm\AIPlayerDesktop\data\蔡扬的\train\train_0076.json,470,1,False,1,3,1,2,T,-1e+18,-30,3.5999999999999996,0.0,1.0,3,0.0,-10,12,deltaR
train_0076,C:\Users\tao20\Desktop\Algorithm\AIPlayerDesktop\data\蔡扬的\train\train_0076.json,470,2,False,2,3,2,2, ,-1e+18,-30,3.5999999999999996,0.0,1.0,4,0.0,-10,12,deltaR
train_0076,C:\Users\tao20\Desktop\Algorithm\AIPlayerDesktop\data\蔡扬的\train\train_0076.json,471,1,False,1,3,1,2,T,-1e+18,-30,3.5999999999999996,0.0,1.0,2,0.0,-10,12,deltaR
train_0076,C:\Users\tao20\Desktop\Algorithm\AIPlayerDesktop\data\蔡扬的\train\train_0076.json,471,2,False,2,3,2,2, ,-1e+18,-30,3.5999999999999996,0.0,1.0,3,0.0,-10,12,deltaR
train_0076,C:\Users\tao20\Desktop\Algorithm\AIPlayerDesktop\data\蔡扬的\train\train_0076.json,472,1,False,1,3,1,2,T,-1e+18,-30,3.5999999999999996,0.0,1.0,3,0.0,-10,12,deltaR
train_0076,C:\Users\tao20\Desktop\Algorithm\AIPlayerDesktop\data\蔡扬的\train\train_0076.json,472,2,False,2,3,2,2, ,-1e+18,-30,3.5999999999999996,0.0,1.0,4,0.0,-10,12,deltaR
train_0076,C:\Users\tao20\Desktop\Algorithm\AIPlayerDesktop\data\蔡扬的\train\train_0076.json,473,1,False,1,3,1,2,T,-1e+18,-30,3.5999999999999996,0.0,1.0,2,0.0,-10,12,deltaR
train_0076,C:\Users\tao20\Desktop\Algorithm\AIPlayerDesktop\data\蔡扬的\train\train_0076.json,473,2,False,2,3,2,2, ,-1e+18,-30,3.5999999999999996,0.0,1.0,3,0.0,-10,12,deltaR
train_0076,C:\Users\tao20\Desktop\Algorithm\AIPlayerDesktop\data\蔡扬的\train\train_0076.json,474,1,False,1,3,1,2,T,-1e+18,-30,3.5999999999999996,0.0,1.0,3,0.0,-10,12,deltaR
train_0076,C:\Users\tao20\Desktop\Algorithm\AIPlayerDesktop\data\蔡扬的\train\train_0076.json,474,2,False,2,3,2,2, ,-1e+18,-30,3.5999999999999996,0.0,1.0,4,0.0,-10,12,deltaR
train_0076,C:\Users\tao20\Desktop\Algorithm\AIPlayerDesktop\data\蔡扬的\train\train_0076.json,475,1,False,1,3,1,2,T,-1e+18,-30,3.5999999999999996,0.0,1.0,2,0.0,-10,12,deltaR
train_0076,C:\Users\tao20\Desktop\Algorithm\AIPlayerDesktop\data\蔡扬的\train\train_0076.json,475,2,False,2,3,2,2, ,-1e+18,-30,3.5999999999999996,0.0,1.0,3,0.0,-10,12,deltaR
train_0076,C:\Users\tao20\Desktop\Algorithm\AIPlayerDesktop\data\蔡扬的\train\train_0076.json,476,1,False,1,3,1,2,T,-1e+18,-30,3.5999999999999996,0.0,1.0,3,0.0,-10,12,deltaR
train_0076,C:\Users\tao20\Desktop\Algorithm\AIPlayerDesktop\data\蔡扬的\train\train_0076.json,476,2,False,2,3,2,2, ,-1e+18,-30,3.5999999999999996,0.0,1.0,4,0.0,-10,12,deltaR
train_0076,C:\Users\tao20\Desktop\Algorithm\AIPlayerDesktop\data\蔡扬的\train\train_0076.json,477,1,False,1,3,1,2,T,-1e+18,-30,3.5999999999999996,0.0,1.0,2,0.0,-10,12,deltaR
train_0076,C:\Users\tao20\Desktop\Algorithm\AIPlayerDesktop\data\蔡扬的\train\train_0076.json,477,2,False,2,3,2,2, ,-1e+18,-30,3.5999999999999996,0.0,1.0,3,0.0,-10,12,deltaR
train_0076,C:\Users\tao20\Desktop\Algorithm\AIPlayerDesktop\data\蔡扬的\train\train_0076.json,478,1,False,1,3,1,2,T,-1e+18,-30,3.5999999999999996,0.0,1.0,3,0.0,-10,12,deltaR
train_0076,C:\Users\tao20\Desktop\Algorithm\AIPlayerDesktop\data\蔡扬的\train\train_0076.json,478,2,False,2,3,2,2, ,-1e+18,-30,3.5999999999999996,0.0,1.0,4,0.0,-10,12,deltaR
train_0076,C:\Users\tao20\Desktop\Algorithm\AIPlayerDesktop\data\蔡扬的\train\train_0076.json,479,1,False,1,3,1,2,T,-1e+18,-30,3.5999999999999996,0.0,1.0,2,0.0,-10,12,deltaR
train_0076,C:\Users\tao20\Desktop\Algorithm\AIPlayerDesktop\data\蔡扬的\train\train_0076.json,479,2,False,2,3,2,2, ,-1e+18,-30,3.5999999999999996,0.0,1.0,3,0.0,-10,12,deltaR
train_0076,C:\Users\tao20\Desktop\Algorithm\AIPlayerDesktop\data\蔡扬的\train\train_0076.json,480,1,False,1,3,1,2,T,-1e+18,-30,3.5999999999999996,0.0,1.0,3,0.0,-10,12,deltaR
train_0076,C:\Users\tao20\Desktop\Algorithm\AIPlayerDesktop\data\蔡扬的\train\train_0076.json,480,2,False,2,3,2,2, ,-1e+18,-30,3.5999999999999996,0.0,1.0,4,0.0,-10,12,deltaR
train_0076,C:\Users\tao20\Desktop\Algorithm\AIPlayerDesktop\data\蔡扬的\train\train_0076.json,481,1,False,1,3,1,2,T,-1e+18,-30,3.5999999999999996,0.0,1.0,2,0.0,-10,12,deltaR
train_0076,C:\Users\tao20\Desktop\Algorithm\AIPlayerDesktop\data\蔡扬的\train\train_0076.json,481,2,False,2,3,2,2, ,-1e+18,-30,3.5999999999999996,0.0,1.0,3,0.0,-10,12,deltaR
train_0076,C:\Users\tao20\Desktop\Algorithm\AIPlayerDesktop\data\蔡扬的\train\train_0076.json,482,1,False,1,3,1,2,T,-1e+18,-30,3.5999999999999996,0.0,1.0,3,0.0,-10,12,deltaR
train_0076,C:\Users\tao20\Desktop\Algorithm\AIPlayerDesktop\data\蔡扬的\train\train_0076.json,482,2,False,2,3,2,2, ,-1e+18,-30,3.5999999999999996,0.0,1.0,4,0.0,-10,12,deltaR
train_0076,C:\Users\tao20\Desktop\Algorithm\AIPlayerDesktop\data\蔡扬的\train\train_0076.json,483,1,False,1,3,1,2,T,-1e+18,-30,3.5999999999999996,0.0,1.0,2,0.0,-10,12,deltaR
train_0076,C:\Users\tao20\Desktop\Algorithm\AIPlayerDesktop\data\蔡扬的\train\train_0076.json,483,2,False,2,3,2,2, ,-1e+18,-30,3.5999999999999996,0.0,1.0,3,0.0,-10,12,deltaR
train_0076,C:\Users\tao20\Desktop\Algorithm\AIPlayerDesktop\data\蔡扬的\train\train_0076.json,484,1,False,1,3,1,2,T,-1e+18,-30,3.5999999999999996,0.0,1.0,3,0.0,-10,12,deltaR
train_0076,C:\Users\tao20\Desktop\Algorithm\AIPlayerDesktop\data\蔡扬的\train\train_0076.json,484,2,False,2,3,2,2, ,-1e+18,-30,3.5999999999999996,0.0,1.0,4,0.0,-10,12,deltaR
train_0076,C:\Users\tao20\Desktop\Algorithm\AIPlayerDesktop\data\蔡扬的\train\train_0076.json,485,1,False,1,3,1,2,T,-1e+18,-30,3.5999999999999996,0.0,1.0,2,0.0,-10,12,deltaR
train_0076,C:\Users\tao20\Desktop\Algorithm\AIPlayerDesktop\data\蔡扬的\train\train_0076.json,485,2,False,2,3,2,2, ,-1e+18,-30,3.5999999999999996,0.0,1.0,3,0.0,-10,12,deltaR
train_0076,C:\Users\tao20\Desktop\Algorithm\AIPlayerDesktop\data\蔡扬的\train\train_0076.json,486,1,False,1,3,1,2,T,-1e+18,-30,3.5999999999999996,0.0,1.0,3,0.0,-10,12,deltaR
train_0076,C:\Users\tao20\Desktop\Algorithm\AIPlayerDesktop\data\蔡扬的\train\train_0076.json,486,2,False,2,3,2,2, ,-1e+18,-30,3.5999999999999996,0.0,1.0,4,0.0,-10,12,deltaR
train_0076,C:\Users\tao20\Desktop\Algorithm\AIPlayerDesktop\data\蔡扬的\train\train_0076.json,487,1,False,1,3,1,2,T,-1e+18,-30,3.5999999999999996,0.0,1.0,2,0.0,-10,12,deltaR
train_0076,C:\Users\tao20\Desktop\Algorithm\AIPlayerDesktop\data\蔡扬的\train\train_0076.json,487,2,False,2,3,2,2, ,-1e+18,-30,3.5999999999999996,0.0,1.0,3,0.0,-10,12,deltaR
train_0076,C:\Users\tao20\Desktop\Algorithm\AIPlayerDesktop\data\蔡扬的\train\train_0076.json,488,1,False,1,3,1,2,T,-1e+18,-30,3.5999999999999996,0.0,1.0,3,0.0,-10,12,deltaR
train_0076,C:\Users\tao20\Desktop\Algorithm\AIPlayerDesktop\data\蔡扬的\train\train_0076.json,488,2,False,2,3,2,2, ,-1e+18,-30,3.5999999999999996,0.0,1.0,4,0.0,-10,12,deltaR
train_0076,C:\Users\tao20\Desktop\Algorithm\AIPlayerDesktop\data\蔡扬的\train\train_0076.json,489,1,False,1,3,1,2,T,-1e+18,-30,3.5999999999999996,0.0,1.0,2,0.0,-10,12,deltaR
train_0076,C:\Users\tao20\Desktop\Algorithm\AIPlayerDesktop\data\蔡扬的\train\train_0076.json,489,2,False,2,3,2,2, ,-1e+18,-30,3.5999999999999996,0.0,1.0,3,0.0,-10,12,deltaR
train_0076,C:\Users\tao20\Desktop\Algorithm\AIPlayerDesktop\data\蔡扬的\train\train_0076.json,490,1,False,1,3,1,2,T,-1e+18,-30,3.5999999999999996,0.0,1.0,3,0.0,-10,12,deltaR
train_0076,C:\Users\tao20\Desktop\Algorithm\AIPlayerDesktop\data\蔡扬的\train\train_0076.json,490,2,False,2,3,2,2, ,-1e+18,-30,3.5999999999999996,0.0,1.0,4,0.0,-10,12,deltaR
train_0076,C:\Users\tao20\Desktop\Algorithm\AIPlayerDesktop\data\蔡扬的\train\train_0076.json,491,1,False,1,3,1,2,T,-1e+18,-30,3.5999999999999996,0.0,1.0,2,0.0,-10,12,deltaR
train_0076,C:\Users\tao20\Desktop\Algorithm\AIPlayerDesktop\data\蔡扬的\train\train_0076.json,491,2,False,2,3,2,2, ,-1e+18,-30,3.5999999999999996,0.0,1.0,3,0.0,-10,12,deltaR
train_0076,C:\Users\tao20\Desktop\Algorithm\AIPlayerDesktop\data\蔡扬的\train\train_0076.json,492,1,False,1,3,1,2,T,-1e+18,-30,3.5999999999999996,0.0,1.0,3,0.0,-10,12,deltaR
train_0076,C:\Users\tao20\Desktop\Algorithm\AIPlayerDesktop\data\蔡扬的\train\train_0076.json,492,2,False,2,3,2,2, ,-1e+18,-30,3.5999999999999996,0.0,1.0,4,0.0,-10,12,deltaR
train_0076,C:\Users\tao20\Desktop\Algorithm\AIPlayerDesktop\data\蔡扬的\train\train_0076.json,493,1,False,1,3,1,2,T,-1e+18,-30,3.5999999999999996,0.0,1.0,2,0.0,-10,12,deltaR
train_0076,C:\Users\tao20\Desktop\Algorithm\AIPlayerDesktop\data\蔡扬的\train\train_0076.json,493,2,False,2,3,2,2, ,-1e+18,-30,3.5999999999999996,0.0,1.0,3,0.0,-10,12,deltaR
train_0076,C:\Users\tao20\Desktop\Algorithm\AIPlayerDesktop\data\蔡扬的\train\train_0076.json,494,1,False,1,3,1,2,T,-1e+18,-30,3.5999999999999996,0.0,1.0,3,0.0,-10,12,deltaR
train_0076,C:\Users\tao20\Desktop\Algorithm\AIPlayerDesktop\data\蔡扬的\train\train_0076.json,494,2,False,2,3,2,2, ,-1e+18,-30,3.5999999999999996,0.0,1.0,4,0.0,-10,12,deltaR
train_0076,C:\Users\tao20\Desktop\Algorithm\AIPlayerDesktop\data\蔡扬的\train\train_0076.json,495,1,False,1,3,1,2,T,-1e+18,-30,3.5999999999999996,0.0,1.0,2,0.0,-10,12,deltaR
train_0076,C:\Users\tao20\Desktop\Algorithm\AIPlayerDesktop\data\蔡扬的\train\train_0076.json,495,2,False,2,3,2,2, ,-1e+18,-30,3.5999999999999996,0.0,1.0,3,0.0,-10,12,deltaR
train_0076,C:\Users\tao20\Desktop\Algorithm\AIPlayerDesktop\data\蔡扬的\train\train_0076.json,496,1,False,1,3,1,2,T,-1e+18,-30,3.5999999999999996,0.0,1.0,3,0.0,-10,12,deltaR
train_0076,C:\Users\tao20\Desktop\Algorithm\AIPlayerDesktop\data\蔡扬的\train\train_0076.json,496,2,False,2,3,2,2, ,-1e+18,-30,3.5999999999999996,0.0,1.0,4,0.0,-10,12,deltaR
train_0076,C:\Users\tao20\Desktop\Algorithm\AIPlayerDesktop\data\蔡扬的\train\train_0076.json,497,1,False,1,3,1,2,T,-1e+18,-30,3.5999999999999996,0.0,1.0,2,0.0,-10,12,deltaR
train_0076,C:\Users\tao20\Desktop\Algorithm\AIPlayerDesktop\data\蔡扬的\train\train_0076.json,497,2,False,2,3,2,2, ,-1e+18,-30,3.5999999999999996,0.0,1.0,3,0.0,-10,12,deltaR
train_0076,C:\Users\tao20\Desktop\Algorithm\AIPlayerDesktop\data\蔡扬的\train\train_0076.json,498,1,False,1,3,1,2,T,-1e+18,-30,3.5999999999999996,0.0,1.0,3,0.0,-10,12,deltaR
train_0076,C:\Users\tao20\Desktop\Algorithm\AIPlayerDesktop\data\蔡扬的\train\train_0076.json,498,2,False,2,3,2,2, ,-1e+18,-30,3.5999999999999996,0.0,1.0,4,0.0,-10,12,deltaR
train_0076,C:\Users\tao20\Desktop\Algorithm\AIPlayerDesktop\data\蔡扬的\train\train_0076.json,499,1,False,1,3,1,2,T,-1e+18,-30,3.5999999999999996,0.0,1.0,2,0.0,-10,12,deltaR
train_0076,C:\Users\tao20\Desktop\Algorithm\AIPlayerDesktop\data\蔡扬的\train\train_0076.json,499,2,False,2,3,2,2, ,-1e+18,-30,3.5999999999999996,0.0,1.0,3,0.0,-10,12,deltaR
train_0076,C:\Users\tao20\Desktop\Algorithm\AIPlayerDesktop\data\蔡扬的\train\train_0076.json,500,1,False,1,3,1,2,T,-1e+18,-30,3.5999999999999996,0.0,1.0,3,0.0,-10,12,deltaR
train_0076,C:\Users\tao20\Desktop\Algorithm\AIPlayerDesktop\data\蔡扬的\train\train_0076.json,500,2,False,2,3,2,2, ,-1e+18,-30,3.5999999999999996,0.0,1.0,4,0.0,-10,12,deltaR
train_0076,C:\Users\tao20\Desktop\Algorithm\AIPlayerDesktop\data\蔡扬的\train\train_0076.json,501,1,False,1,3,1,2,T,-1e+18,-30,3.5999999999999996,0.0,1.0,2,0.0,-10,12,deltaR
train_0076,C:\Users\tao20\Desktop\Algorithm\AIPlayerDesktop\data\蔡扬的\train\train_0076.json,501,2,False,2,3,2,2, ,-1e+18,-30,3.5999999999999996,0.0,1.0,3,0.0,-10,12,deltaR
train_0076,C:\Users\tao20\Desktop\Algorithm\AIPlayerDesktop\data\蔡扬的\train\train_0076.json,502,1,False,1,3,1,2,T,-1e+18,-30,3.5999999999999996,0.0,1.0,3,0.0,-10,12,deltaR
train_0076,C:\Users\tao20\Desktop\Algorithm\AIPlayerDesktop\data\蔡扬的\train\train_0076.json,502,2,False,2,3,2,2, ,-1e+18,-30,3.5999999999999996,0.0,1.0,4,0.0,-10,12,deltaR
train_0076,C:\Users\tao20\Desktop\Algorithm\AIPlayerDesktop\data\蔡扬的\train\train_0076.json,503,1,False,1,3,1,2,T,-1e+18,-30,3.5999999999999996,0.0,1.0,2,0.0,-10,12,deltaR
train_0076,C:\Users\tao20\Desktop\Algorithm\AIPlayerDesktop\data\蔡扬的\train\train_0076.json,503,2,False,2,3,2,2, ,-1e+18,-30,3.5999999999999996,0.0,1.0,3,0.0,-10,12,deltaR
train_0076,C:\Users\tao20\Desktop\Algorithm\AIPlayerDesktop\data\蔡扬的\train\train_0076.json,504,1,False,1,3,1,2,T,-1e+18,-30,3.5999999999999996,0.0,1.0,3,0.0,-10,12,deltaR
train_0076,C:\Users\tao20\Desktop\Algorithm\AIPlayerDesktop\data\蔡扬的\train\train_0076.json,504,2,False,2,3,2,2, ,-1e+18,-30,3.5999999999999996,0.0,1.0,4,0.0,-10,12,deltaR
train_0076,C:\Users\tao20\Desktop\Algorithm\AIPlayerDesktop\data\蔡扬的\train\train_0076.json,505,1,False,1,3,1,2,T,-1e+18,-30,3.5999999999999996,0.0,1.0,2,0.0,-10,12,deltaR
train_0076,C:\Users\tao20\Desktop\Algorithm\AIPlayerDesktop\data\蔡扬的\train\train_0076.json,505,2,False,2,3,2,2, ,-1e+18,-30,3.5999999999999996,0.0,1.0,3,0.0,-10,12,deltaR
train_0076,C:\Users\tao20\Desktop\Algorithm\AIPlayerDesktop\data\蔡扬的\train\train_0076.json,506,1,False,1,3,1,2,T,-1e+18,-30,3.5999999999999996,0.0,1.0,3,0.0,-10,12,deltaR
train_0076,C:\Users\tao20\Desktop\Algorithm\AIPlayerDesktop\data\蔡扬的\train\train_0076.json,506,2,False,2,3,2,2, ,-1e+18,-30,3.5999999999999996,0.0,1.0,4,0.0,-10,12,deltaR
train_0076,C:\Users\tao20\Desktop\Algorithm\AIPlayerDesktop\data\蔡扬的\train\train_0076.json,507,1,False,1,3,1,2,T,-1e+18,-30,3.5999999999999996,0.0,1.0,2,0.0,-10,12,deltaR
train_0076,C:\Users\tao20\Desktop\Algorithm\AIPlayerDesktop\data\蔡扬的\train\train_0076.json,507,2,False,2,3,2,2, ,-1e+18,-30,3.5999999999999996,0.0,1.0,3,0.0,-10,12,deltaR
train_0076,C:\Users\tao20\Desktop\Algorithm\AIPlayerDesktop\data\蔡扬的\train\train_0076.json,508,1,False,1,3,1,2,T,-1e+18,-30,3.5999999999999996,0.0,1.0,3,0.0,-10,12,deltaR
train_0076,C:\Users\tao20\Desktop\Algorithm\AIPlayerDesktop\data\蔡扬的\train\train_0076.json,508,2,False,2,3,2,2, ,-1e+18,-30,3.5999999999999996,0.0,1.0,4,0.0,-10,12,deltaR
train_0076,C:\Users\tao20\Desktop\Algorithm\AIPlayerDesktop\data\蔡扬的\train\train_0076.json,509,1,False,1,3,1,2,T,-1e+18,-30,3.5999999999999996,0.0,1.0,2,0.0,-10,12,deltaR
train_0076,C:\Users\tao20\Desktop\Algorithm\AIPlayerDesktop\data\蔡扬的\train\train_0076.json,509,2,False,2,3,2,2, ,-1e+18,-30,3.5999999999999996,0.0,1.0,3,0.0,-10,12,deltaR
train_0076,C:\Users\tao20\Desktop\Algorithm\AIPlayerDesktop\data\蔡扬的\train\train_0076.json,510,1,False,1,3,1,2,T,-1e+18,-30,3.5999999999999996,0.0,1.0,3,0.0,-10,12,deltaR
train_0076,C:\Users\tao20\Desktop\Algorithm\AIPlayerDesktop\data\蔡扬的\train\train_0076.json,510,2,False,2,3,2,2, ,-1e+18,-30,3.5999999999999996,0.0,1.0,4,0.0,-10,12,deltaR
train_0076,C:\Users\tao20\Desktop\Algorithm\AIPlayerDesktop\data\蔡扬的\train\train_0076.json,511,1,False,1,3,1,2,T,-1e+18,-30,3.5999999999999996,0.0,1.0,2,0.0,-10,12,deltaR
train_0076,C:\Users\tao20\Desktop\Algorithm\AIPlayerDesktop\data\蔡扬的\train\train_0076.json,511,2,False,2,3,2,2, ,-1e+18,-30,3.5999999999999996,0.0,1.0,3,0.0,-10,12,deltaR
train_0076,C:\Users\tao20\Desktop\Algorithm\AIPlayerDesktop\data\蔡扬的\train\train_0076.json,512,1,False,1,3,1,2,T,-1e+18,-30,3.5999999999999996,0.0,1.0,3,0.0,-10,12,deltaR
train_0076,C:\Users\tao20\Desktop\Algorithm\AIPlayerDesktop\data\蔡扬的\train\train_0076.json,512,2,False,2,3,2,2, ,-1e+18,-30,3.5999999999999996,0.0,1.0,4,0.0,-10,12,deltaR
train_0076,C:\Users\tao20\Desktop\Algorithm\AIPlayerDesktop\data\蔡扬的\train\train_0076.json,513,1,False,1,3,1,2,T,-1e+18,-30,3.5999999999999996,0.0,1.0,2,0.0,-10,12,deltaR
train_0076,C:\Users\tao20\Desktop\Algorithm\AIPlayerDesktop\data\蔡扬的\train\train_0076.json,513,2,False,2,3,2,2, ,-1e+18,-30,3.5999999999999996,0.0,1.0,3,0.0,-10,12,deltaR
train_0076,C:\Users\tao20\Desktop\Algorithm\AIPlayerDesktop\data\蔡扬的\train\train_0076.json,514,1,False,1,3,1,2,T,-1e+18,-30,3.5999999999999996,0.0,1.0,3,0.0,-10,12,deltaR
train_0076,C:\Users\tao20\Desktop\Algorithm\AIPlayerDesktop\data\蔡扬的\train\train_0076.json,514,2,False,2,3,2,2, ,-1e+18,-30,3.5999999999999996,0.0,1.0,4,0.0,-10,12,deltaR
train_0076,C:\Users\tao20\Desktop\Algorithm\AIPlayerDesktop\data\蔡扬的\train\train_0076.json,515,1,False,1,3,1,2,T,-1e+18,-30,3.5999999999999996,0.0,1.0,2,0.0,-10,12,deltaR
train_0076,C:\Users\tao20\Desktop\Algorithm\AIPlayerDesktop\data\蔡扬的\train\train_0076.json,515,2,False,2,3,2,2, ,-1e+18,-30,3.5999999999999996,0.0,1.0,3,0.0,-10,12,deltaR
train_0076,C:\Users\tao20\Desktop\Algorithm\AIPlayerDesktop\data\蔡扬的\train\train_0076.json,516,1,False,1,3,1,2,T,-1e+18,-30,3.5999999999999996,0.0,1.0,3,0.0,-10,12,deltaR
train_0076,C:\Users\tao20\Desktop\Algorithm\AIPlayerDesktop\data\蔡扬的\train\train_0076.json,516,2,False,2,3,2,2, ,-1e+18,-30,3.5999999999999996,0.0,1.0,4,0.0,-10,12,deltaR
train_0076,C:\Users\tao20\Desktop\Algorithm\AIPlayerDesktop\data\蔡扬的\train\train_0076.json,517,1,False,1,3,1,2,T,-1e+18,-30,3.5999999999999996,0.0,1.0,2,0.0,-10,12,deltaR
train_0076,C:\Users\tao20\Desktop\Algorithm\AIPlayerDesktop\data\蔡扬的\train\train_0076.json,517,2,False,2,3,2,2, ,-1e+18,-30,3.5999999999999996,0.0,1.0,3,0.0,-10,12,deltaR
train_0076,C:\Users\tao20\Desktop\Algorithm\AIPlayerDesktop\data\蔡扬的\train\train_0076.json,518,1,False,1,3,1,2,T,-1e+18,-30,3.5999999999999996,0.0,1.0,3,0.0,-10,12,deltaR
train_0076,C:\Users\tao20\Desktop\Algorithm\AIPlayerDesktop\data\蔡扬的\train\train_0076.json,518,2,False,2,3,2,2, ,-1e+18,-30,3.5999999999999996,0.0,1.0,4,0.0,-10,12,deltaR
train_0076,C:\Users\tao20\Desktop\Algorithm\AIPlayerDesktop\data\蔡扬的\train\train_0076.json,519,1,False,1,3,1,2,T,-1e+18,-30,3.5999999999999996,0.0,1.0,2,0.0,-10,12,deltaR
train_0076,C:\Users\tao20\Desktop\Algorithm\AIPlayerDesktop\data\蔡扬的\train\train_0076.json,519,2,False,2,3,2,2, ,-1e+18,-30,3.5999999999999996,0.0,1.0,3,0.0,-10,12,deltaR
train_0076,C:\Users\tao20\Desktop\Algorithm\AIPlayerDesktop\data\蔡扬的\train\train_0076.json,520,1,False,1,3,1,2,T,-1e+18,-30,3.5999999999999996,0.0,1.0,3,0.0,-10,12,deltaR
train_0076,C:\Users\tao20\Desktop\Algorithm\AIPlayerDesktop\data\蔡扬的\train\train_0076.json,520,2,False,2,3,2,2, ,-1e+18,-30,3.5999999999999996,0.0,1.0,4,0.0,-10,12,deltaR
train_0076,C:\Users\tao20\Desktop\Algorithm\AIPlayerDesktop\data\蔡扬的\train\train_0076.json,521,1,False,1,3,1,2,T,-1e+18,-30,3.5999999999999996,0.0,1.0,2,0.0,-10,12,deltaR
train_0076,C:\Users\tao20\Desktop\Algorithm\AIPlayerDesktop\data\蔡扬的\train\train_0076.json,521,2,False,2,3,2,2, ,-1e+18,-30,3.5999999999999996,0.0,1.0,3,0.0,-10,12,deltaR
train_0076,C:\Users\tao20\Desktop\Algorithm\AIPlayerDesktop\data\蔡扬的\train\train_0076.json,522,1,False,1,3,1,2,T,-1e+18,-30,3.5999999999999996,0.0,1.0,3,0.0,-10,12,deltaR
train_0076,C:\Users\tao20\Desktop\Algorithm\AIPlayerDesktop\data\蔡扬的\train\train_0076.json,522,2,False,2,3,2,2, ,-1e+18,-30,3.5999999999999996,0.0,1.0,4,0.0,-10,12,deltaR
train_0076,C:\Users\tao20\Desktop\Algorithm\AIPlayerDesktop\data\蔡扬的\train\train_0076.json,523,1,False,1,3,1,2,T,-1e+18,-30,3.5999999999999996,0.0,1.0,2,0.0,-10,12,deltaR
train_0076,C:\Users\tao20\Desktop\Algorithm\AIPlayerDesktop\data\蔡扬的\train\train_0076.json,523,2,False,2,3,2,2, ,-1e+18,-30,3.5999999999999996,0.0,1.0,3,0.0,-10,12,deltaR
train_0076,C:\Users\tao20\Desktop\Algorithm\AIPlayerDesktop\data\蔡扬的\train\train_0076.json,524,1,False,1,3,1,2,T,-1e+18,-30,3.5999999999999996,0.0,1.0,3,0.0,-10,12,deltaR
train_0076,C:\Users\tao20\Desktop\Algorithm\AIPlayerDesktop\data\蔡扬的\train\train_0076.json,524,2,False,2,3,2,2, ,-1e+18,-30,3.5999999999999996,0.0,1.0,4,0.0,-10,12,deltaR
train_0076,C:\Users\tao20\Desktop\Algorithm\AIPlayerDesktop\data\蔡扬的\train\train_0076.json,525,1,False,1,3,1,2,T,-1e+18,-30,3.5999999999999996,0.0,1.0,2,0.0,-10,12,deltaR
train_0076,C:\Users\tao20\Desktop\Algorithm\AIPlayerDesktop\data\蔡扬的\train\train_0076.json,525,2,False,2,3,2,2, ,-1e+18,-30,3.5999999999999996,0.0,1.0,3,0.0,-10,12,deltaR
train_0076,C:\Users\tao20\Desktop\Algorithm\AIPlayerDesktop\data\蔡扬的\train\train_0076.json,526,1,False,1,3,1,2,T,-1e+18,-30,3.5999999999999996,0.0,1.0,3,0.0,-10,12,deltaR
train_0076,C:\Users\tao20\Desktop\Algorithm\AIPlayerDesktop\data\蔡扬的\train\train_0076.json,526,2,False,2,3,2,2, ,-1e+18,-30,3.5999999999999996,0.0,1.0,4,0.0,-10,12,deltaR
train_0076,C:\Users\tao20\Desktop\Algorithm\AIPlayerDesktop\data\蔡扬的\train\train_0076.json,527,1,False,1,3,1,2,T,-1e+18,-30,3.5999999999999996,0.0,1.0,2,0.0,-10,12,deltaR
train_0076,C:\Users\tao20\Desktop\Algorithm\AIPlayerDesktop\data\蔡扬的\train\train_0076.json,527,2,False,2,3,2,2, ,-1e+18,-30,3.5999999999999996,0.0,1.0,3,0.0,-10,12,deltaR
train_0076,C:\Users\tao20\Desktop\Algorithm\AIPlayerDesktop\data\蔡扬的\train\train_0076.json,528,1,False,1,3,1,2,T,-1e+18,-30,3.5999999999999996,0.0,1.0,3,0.0,-10,12,deltaR
train_0076,C:\Users\tao20\Desktop\Algorithm\AIPlayerDesktop\data\蔡扬的\train\train_0076.json,528,2,False,2,3,2,2, ,-1e+18,-30,3.5999999999999996,0.0,1.0,4,0.0,-10,12,deltaR
train_0076,C:\Users\tao20\Desktop\Algorithm\AIPlayerDesktop\data\蔡扬的\train\train_0076.json,529,1,False,1,3,1,2,T,-1e+18,-30,3.5999999999999996,0.0,1.0,2,0.0,-10,12,deltaR
train_0076,C:\Users\tao20\Desktop\Algorithm\AIPlayerDesktop\data\蔡扬的\train\train_0076.json,529,2,False,2,3,2,2, ,-1e+18,-30,3.5999999999999996,0.0,1.0,3,0.0,-10,12,deltaR
train_0076,C:\Users\tao20\Desktop\Algorithm\AIPlayerDesktop\data\蔡扬的\train\train_0076.json,530,1,False,1,3,1,2,T,-1e+18,-30,3.5999999999999996,0.0,1.0,3,0.0,-10,12,deltaR
train_0076,C:\Users\tao20\Desktop\Algorithm\AIPlayerDesktop\data\蔡扬的\train\train_0076.json,530,2,False,2,3,2,2, ,-1e+18,-30,3.5999999999999996,0.0,1.0,4,0.0,-10,12,deltaR
train_0076,C:\Users\tao20\Desktop\Algorithm\AIPlayerDesktop\data\蔡扬的\train\train_0076.json,531,1,False,1,3,1,2,T,-1e+18,-30,3.5999999999999996,0.0,1.0,2,0.0,-10,12,deltaR
train_0076,C:\Users\tao20\Desktop\Algorithm\AIPlayerDesktop\data\蔡扬的\train\train_0076.json,531,2,False,2,3,2,2, ,-1e+18,-30,3.5999999999999996,0.0,1.0,3,0.0,-10,12,deltaR
train_0076,C:\Users\tao20\Desktop\Algorithm\AIPlayerDesktop\data\蔡扬的\train\train_0076.json,532,1,False,1,3,1,2,T,-1e+18,-30,3.5999999999999996,0.0,1.0,3,0.0,-10,12,deltaR
train_0076,C:\Users\tao20\Desktop\Algorithm\AIPlayerDesktop\data\蔡扬的\train\train_0076.json,532,2,False,2,3,2,2, ,-1e+18,-30,3.5999999999999996,0.0,1.0,4,0.0,-10,12,deltaR
train_0076,C:\Users\tao20\Desktop\Algorithm\AIPlayerDesktop\data\蔡扬的\train\train_0076.json,533,1,False,1,3,1,2,T,-1e+18,-30,3.5999999999999996,0.0,1.0,2,0.0,-10,12,deltaR
train_0076,C:\Users\tao20\Desktop\Algorithm\AIPlayerDesktop\data\蔡扬的\train\train_0076.json,533,2,False,2,3,2,2, ,-1e+18,-30,3.5999999999999996,0.0,1.0,3,0.0,-10,12,deltaR
train_0076,C:\Users\tao20\Desktop\Algorithm\AIPlayerDesktop\data\蔡扬的\train\train_0076.json,534,1,False,1,3,1,2,T,-1e+18,-30,3.5999999999999996,0.0,1.0,3,0.0,-10,12,deltaR
train_0076,C:\Users\tao20\Desktop\Algorithm\AIPlayerDesktop\data\蔡扬的\train\train_0076.json,534,2,False,2,3,2,2, ,-1e+18,-30,3.5999999999999996,0.0,1.0,4,0.0,-10,12,deltaR
train_0076,C:\Users\tao20\Desktop\Algorithm\AIPlayerDesktop\data\蔡扬的\train\train_0076.json,535,1,False,1,3,1,2,T,-1e+18,-30,3.5999999999999996,0.0,1.0,2,0.0,-10,12,deltaR
train_0076,C:\Users\tao20\Desktop\Algorithm\AIPlayerDesktop\data\蔡扬的\train\train_0076.json,535,2,False,2,3,2,2, ,-1e+18,-30,3.5999999999999996,0.0,1.0,3,0.0,-10,12,deltaR
train_0076,C:\Users\tao20\Desktop\Algorithm\AIPlayerDesktop\data\蔡扬的\train\train_0076.json,536,1,False,1,3,1,2,T,-1e+18,-30,3.5999999999999996,0.0,1.0,3,0.0,-10,12,deltaR
train_0076,C:\Users\tao20\Desktop\Algorithm\AIPlayerDesktop\data\蔡扬的\train\train_0076.json,536,2,False,2,3,2,2, ,-1e+18,-30,3.5999999999999996,0.0,1.0,4,0.0,-10,12,deltaR
train_0076,C:\Users\tao20\Desktop\Algorithm\AIPlayerDesktop\data\蔡扬的\train\train_0076.json,537,1,False,1,3,1,2,T,-1e+18,-30,3.5999999999999996,0.0,1.0,2,0.0,-10,12,deltaR
train_0076,C:\Users\tao20\Desktop\Algorithm\AIPlayerDesktop\data\蔡扬的\train\train_0076.json,537,2,False,2,3,2,2, ,-1e+18,-30,3.5999999999999996,0.0,1.0,3,0.0,-10,12,deltaR
train_0076,C:\Users\tao20\Desktop\Algorithm\AIPlayerDesktop\data\蔡扬的\train\train_0076.json,538,1,False,1,3,1,2,T,-1e+18,-30,3.5999999999999996,0.0,1.0,3,0.0,-10,12,deltaR
train_0076,C:\Users\tao20\Desktop\Algorithm\AIPlayerDesktop\data\蔡扬的\train\train_0076.json,538,2,False,2,3,2,2, ,-1e+18,-30,3.5999999999999996,0.0,1.0,4,0.0,-10,12,deltaR
train_0076,C:\Users\tao20\Desktop\Algorithm\AIPlayerDesktop\data\蔡扬的\train\train_0076.json,539,1,False,1,3,1,2,T,-1e+18,-30,3.5999999999999996,0.0,1.0,2,0.0,-10,12,deltaR
train_0076,C:\Users\tao20\Desktop\Algorithm\AIPlayerDesktop\data\蔡扬的\train\train_0076.json,539,2,False,2,3,2,2, ,-1e+18,-30,3.5999999999999996,0.0,1.0,3,0.0,-10,12,deltaR
train_0076,C:\Users\tao20\Desktop\Algorithm\AIPlayerDesktop\data\蔡扬的\train\train_0076.json,540,1,False,1,3,1,2,T,-1e+18,-30,3.5999999999999996,0.0,1.0,3,0.0,-10,12,deltaR
train_0076,C:\Users\tao20\Desktop\Algorithm\AIPlayerDesktop\data\蔡扬的\train\train_0076.json,540,2,False,2,3,2,2, ,-1e+18,-30,3.5999999999999996,0.0,1.0,4,0.0,-10,12,deltaR
train_0076,C:\Users\tao20\Desktop\Algorithm\AIPlayerDesktop\data\蔡扬的\train\train_0076.json,541,1,False,1,3,1,2,T,-1e+18,-30,3.5999999999999996,0.0,1.0,2,0.0,-10,12,deltaR
train_0076,C:\Users\tao20\Desktop\Algorithm\AIPlayerDesktop\data\蔡扬的\train\train_0076.json,541,2,False,2,3,2,2, ,-1e+18,-30,3.5999999999999996,0.0,1.0,3,0.0,-10,12,deltaR
train_0076,C:\Users\tao20\Desktop\Algorithm\AIPlayerDesktop\data\蔡扬的\train\train_0076.json,542,1,False,1,3,1,2,T,-1e+18,-30,3.5999999999999996,0.0,1.0,3,0.0,-10,12,deltaR
train_0076,C:\Users\tao20\Desktop\Algorithm\AIPlayerDesktop\data\蔡扬的\train\train_0076.json,542,2,False,2,3,2,2, ,-1e+18,-30,3.5999999999999996,0.0,1.0,4,0.0,-10,12,deltaR
train_0076,C:\Users\tao20\Desktop\Algorithm\AIPlayerDesktop\data\蔡扬的\train\train_0076.json,543,1,False,1,3,1,2,T,-1e+18,-30,3.5999999999999996,0.0,1.0,2,0.0,-10,12,deltaR
train_0076,C:\Users\tao20\Desktop\Algorithm\AIPlayerDesktop\data\蔡扬的\train\train_0076.json,543,2,False,2,3,2,2, ,-1e+18,-30,3.5999999999999996,0.0,1.0,3,0.0,-10,12,deltaR
train_0076,C:\Users\tao20\Desktop\Algorithm\AIPlayerDesktop\data\蔡扬的\train\train_0076.json,544,1,False,1,3,1,2,T,-1e+18,-30,3.5999999999999996,0.0,1.0,3,0.0,-10,12,deltaR
train_0076,C:\Users\tao20\Desktop\Algorithm\AIPlayerDesktop\data\蔡扬的\train\train_0076.json,544,2,False,2,3,2,2, ,-1e+18,-30,3.5999999999999996,0.0,1.0,4,0.0,-10,12,deltaR
train_0076,C:\Users\tao20\Desktop\Algorithm\AIPlayerDesktop\data\蔡扬的\train\train_0076.json,545,1,False,1,3,1,2,T,-1e+18,-30,3.5999999999999996,0.0,1.0,2,0.0,-10,12,deltaR
train_0076,C:\Users\tao20\Desktop\Algorithm\AIPlayerDesktop\data\蔡扬的\train\train_0076.json,545,2,False,2,3,2,2, ,-1e+18,-30,3.5999999999999996,0.0,1.0,3,0.0,-10,12,deltaR
train_0076,C:\Users\tao20\Desktop\Algorithm\AIPlayerDesktop\data\蔡扬的\train\train_0076.json,546,1,False,1,3,1,2,T,-1e+18,-30,3.5999999999999996,0.0,1.0,3,0.0,-10,12,deltaR
train_0076,C:\Users\tao20\Desktop\Algorithm\AIPlayerDesktop\data\蔡扬的\train\train_0076.json,546,2,False,2,3,2,2, ,-1e+18,-30,3.5999999999999996,0.0,1.0,4,0.0,-10,12,deltaR
train_0076,C:\Users\tao20\Desktop\Algorithm\AIPlayerDesktop\data\蔡扬的\train\train_0076.json,547,1,False,1,3,1,2,T,-1e+18,-30,3.5999999999999996,0.0,1.0,2,0.0,-10,12,deltaR
train_0076,C:\Users\tao20\Desktop\Algorithm\AIPlayerDesktop\data\蔡扬的\train\train_0076.json,547,2,False,2,3,2,2, ,-1e+18,-30,3.5999999999999996,0.0,1.0,3,0.0,-10,12,deltaR
train_0076,C:\Users\tao20\Desktop\Algorithm\AIPlayerDesktop\data\蔡扬的\train\train_0076.json,548,1,False,1,3,1,2,T,-1e+18,-30,3.5999999999999996,0.0,1.0,3,0.0,-10,12,deltaR
train_0076,C:\Users\tao20\Desktop\Algorithm\AIPlayerDesktop\data\蔡扬的\train\train_0076.json,548,2,False,2,3,2,2, ,-1e+18,-30,3.5999999999999996,0.0,1.0,4,0.0,-10,12,deltaR
train_0076,C:\Users\tao20\Desktop\Algorithm\AIPlayerDesktop\data\蔡扬的\train\train_0076.json,549,1,False,1,3,1,2,T,-1e+18,-30,3.5999999999999996,0.0,1.0,2,0.0,-10,12,deltaR
train_0076,C:\Users\tao20\Desktop\Algorithm\AIPlayerDesktop\data\蔡扬的\train\train_0076.json,549,2,False,2,3,2,2, ,-1e+18,-30,3.5999999999999996,0.0,1.0,3,0.0,-10,12,deltaR
train_0076,C:\Users\tao20\Desktop\Algorithm\AIPlayerDesktop\data\蔡扬的\train\train_0076.json,550,1,False,1,3,1,2,T,-1e+18,-30,3.5999999999999996,0.0,1.0,3,0.0,-10,12,deltaR
train_0076,C:\Users\tao20\Desktop\Algorithm\AIPlayerDesktop\data\蔡扬的\train\train_0076.json,550,2,False,2,3,2,2, ,-1e+18,-30,3.5999999999999996,0.0,1.0,4,0.0,-10,12,deltaR
train_0076,C:\Users\tao20\Desktop\Algorithm\AIPlayerDesktop\data\蔡扬的\train\train_0076.json,551,1,False,1,3,1,2,T,-1e+18,-30,3.5999999999999996,0.0,1.0,2,0.0,-10,12,deltaR
train_0076,C:\Users\tao20\Desktop\Algorithm\AIPlayerDesktop\data\蔡扬的\train\train_0076.json,551,2,False,2,3,2,2, ,-1e+18,-30,3.5999999999999996,0.0,1.0,3,0.0,-10,12,deltaR
train_0076,C:\Users\tao20\Desktop\Algorithm\AIPlayerDesktop\data\蔡扬的\train\train_0076.json,552,1,False,1,3,1,2,T,-1e+18,-30,3.5999999999999996,0.0,1.0,3,0.0,-10,12,deltaR
train_0076,C:\Users\tao20\Desktop\Algorithm\AIPlayerDesktop\data\蔡扬的\train\train_0076.json,552,2,False,2,3,2,2, ,-1e+18,-30,3.5999999999999996,0.0,1.0,4,0.0,-10,12,deltaR
train_0076,C:\Users\tao20\Desktop\Algorithm\AIPlayerDesktop\data\蔡扬的\train\train_0076.json,553,1,False,1,3,1,2,T,-1e+18,-30,3.5999999999999996,0.0,1.0,2,0.0,-10,12,deltaR
train_0076,C:\Users\tao20\Desktop\Algorithm\AIPlayerDesktop\data\蔡扬的\train\train_0076.json,553,2,False,2,3,2,2, ,-1e+18,-30,3.5999999999999996,0.0,1.0,3,0.0,-10,12,deltaR
train_0076,C:\Users\tao20\Desktop\Algorithm\AIPlayerDesktop\data\蔡扬的\train\train_0076.json,554,1,False,1,3,1,2,T,-1e+18,-30,3.5999999999999996,0.0,1.0,3,0.0,-10,12,deltaR
train_0076,C:\Users\tao20\Desktop\Algorithm\AIPlayerDesktop\data\蔡扬的\train\train_0076.json,554,2,False,2,3,2,2, ,-1e+18,-30,3.5999999999999996,0.0,1.0,4,0.0,-10,12,deltaR
train_0076,C:\Users\tao20\Desktop\Algorithm\AIPlayerDesktop\data\蔡扬的\train\train_0076.json,555,1,False,1,3,1,2,T,-1e+18,-30,3.5999999999999996,0.0,1.0,2,0.0,-10,12,deltaR
train_0076,C:\Users\tao20\Desktop\Algorithm\AIPlayerDesktop\data\蔡扬的\train\train_0076.json,555,2,False,2,3,2,2, ,-1e+18,-30,3.5999999999999996,0.0,1.0,3,0.0,-10,12,deltaR
train_0076,C:\Users\tao20\Desktop\Algorithm\AIPlayerDesktop\data\蔡扬的\train\train_0076.json,556,1,False,1,3,1,2,T,-1e+18,-30,3.5999999999999996,0.0,1.0,3,0.0,-10,12,deltaR
train_0076,C:\Users\tao20\Desktop\Algorithm\AIPlayerDesktop\data\蔡扬的\train\train_0076.json,556,2,False,2,3,2,2, ,-1e+18,-30,3.5999999999999996,0.0,1.0,4,0.0,-10,12,deltaR
train_0076,C:\Users\tao20\Desktop\Algorithm\AIPlayerDesktop\data\蔡扬的\train\train_0076.json,557,1,False,1,3,1,2,T,-1e+18,-30,3.5999999999999996,0.0,1.0,2,0.0,-10,12,deltaR
train_0076,C:\Users\tao20\Desktop\Algorithm\AIPlayerDesktop\data\蔡扬的\train\train_0076.json,557,2,False,2,3,2,2, ,-1e+18,-30,3.5999999999999996,0.0,1.0,3,0.0,-10,12,deltaR
train_0076,C:\Users\tao20\Desktop\Algorithm\AIPlayerDesktop\data\蔡扬的\train\train_0076.json,558,1,False,1,3,1,2,T,-1e+18,-30,3.5999999999999996,0.0,1.0,3,0.0,-10,12,deltaR
train_0076,C:\Users\tao20\Desktop\Algorithm\AIPlayerDesktop\data\蔡扬的\train\train_0076.json,558,2,False,2,3,2,2, ,-1e+18,-30,3.5999999999999996,0.0,1.0,4,0.0,-10,12,deltaR
train_0076,C:\Users\tao20\Desktop\Algorithm\AIPlayerDesktop\data\蔡扬的\train\train_0076.json,559,1,False,1,3,1,2,T,-1e+18,-30,3.5999999999999996,0.0,1.0,2,0.0,-10,12,deltaR
train_0076,C:\Users\tao20\Desktop\Algorithm\AIPlayerDesktop\data\蔡扬的\train\train_0076.json,559,2,False,2,3,2,2, ,-1e+18,-30,3.5999999999999996,0.0,1.0,3,0.0,-10,12,deltaR
train_0076,C:\Users\tao20\Desktop\Algorithm\AIPlayerDesktop\data\蔡扬的\train\train_0076.json,560,1,False,1,3,1,2,T,-1e+18,-30,3.5999999999999996,0.0,1.0,3,0.0,-10,12,deltaR
train_0076,C:\Users\tao20\Desktop\Algorithm\AIPlayerDesktop\data\蔡扬的\train\train_0076.json,560,2,False,2,3,2,2, ,-1e+18,-30,3.5999999999999996,0.0,1.0,4,0.0,-10,12,deltaR
train_0076,C:\Users\tao20\Desktop\Algorithm\AIPlayerDesktop\data\蔡扬的\train\train_0076.json,561,1,False,1,3,1,2,T,-1e+18,-30,3.5999999999999996,0.0,1.0,2,0.0,-10,12,deltaR
train_0076,C:\Users\tao20\Desktop\Algorithm\AIPlayerDesktop\data\蔡扬的\train\train_0076.json,561,2,False,2,3,2,2, ,-1e+18,-30,3.5999999999999996,0.0,1.0,3,0.0,-10,12,deltaR
train_0076,C:\Users\tao20\Desktop\Algorithm\AIPlayerDesktop\data\蔡扬的\train\train_0076.json,562,1,False,1,3,1,2,T,-1e+18,-30,3.5999999999999996,0.0,1.0,3,0.0,-10,12,deltaR
train_0076,C:\Users\tao20\Desktop\Algorithm\AIPlayerDesktop\data\蔡扬的\train\train_0076.json,562,2,False,2,3,2,2, ,-1e+18,-30,3.5999999999999996,0.0,1.0,4,0.0,-10,12,deltaR
train_0076,C:\Users\tao20\Desktop\Algorithm\AIPlayerDesktop\data\蔡扬的\train\train_0076.json,563,1,False,1,3,1,2,T,-1e+18,-30,3.5999999999999996,0.0,1.0,2,0.0,-10,12,deltaR
train_0076,C:\Users\tao20\Desktop\Algorithm\AIPlayerDesktop\data\蔡扬的\train\train_0076.json,563,2,False,2,3,2,2, ,-1e+18,-30,3.5999999999999996,0.0,1.0,3,0.0,-10,12,deltaR
train_0076,C:\Users\tao20\Desktop\Algorithm\AIPlayerDesktop\data\蔡扬的\train\train_0076.json,564,1,False,1,3,1,2,T,-1e+18,-30,3.5999999999999996,0.0,1.0,3,0.0,-10,12,deltaR
train_0076,C:\Users\tao20\Desktop\Algorithm\AIPlayerDesktop\data\蔡扬的\train\train_0076.json,564,2,False,2,3,2,2, ,-1e+18,-30,3.5999999999999996,0.0,1.0,4,0.0,-10,12,deltaR
train_0076,C:\Users\tao20\Desktop\Algorithm\AIPlayerDesktop\data\蔡扬的\train\train_0076.json,565,1,False,1,3,1,2,T,-1e+18,-30,3.5999999999999996,0.0,1.0,2,0.0,-10,12,deltaR
train_0076,C:\Users\tao20\Desktop\Algorithm\AIPlayerDesktop\data\蔡扬的\train\train_0076.json,565,2,False,2,3,2,2, ,-1e+18,-30,3.5999999999999996,0.0,1.0,3,0.0,-10,12,deltaR
train_0076,C:\Users\tao20\Desktop\Algorithm\AIPlayerDesktop\data\蔡扬的\train\train_0076.json,566,1,False,1,3,1,2,T,-1e+18,-30,3.5999999999999996,0.0,1.0,3,0.0,-10,12,deltaR
train_0076,C:\Users\tao20\Desktop\Algorithm\AIPlayerDesktop\data\蔡扬的\train\train_0076.json,566,2,False,2,3,2,2, ,-1e+18,-30,3.5999999999999996,0.0,1.0,4,0.0,-10,12,deltaR
train_0076,C:\Users\tao20\Desktop\Algorithm\AIPlayerDesktop\data\蔡扬的\train\train_0076.json,567,1,False,1,3,1,2,T,-1e+18,-30,3.5999999999999996,0.0,1.0,2,0.0,-10,12,deltaR
train_0076,C:\Users\tao20\Desktop\Algorithm\AIPlayerDesktop\data\蔡扬的\train\train_0076.json,567,2,False,2,3,2,2, ,-1e+18,-30,3.5999999999999996,0.0,1.0,3,0.0,-10,12,deltaR
train_0076,C:\Users\tao20\Desktop\Algorithm\AIPlayerDesktop\data\蔡扬的\train\train_0076.json,568,1,False,1,3,1,2,T,-1e+18,-30,3.5999999999999996,0.0,1.0,3,0.0,-10,12,deltaR
train_0076,C:\Users\tao20\Desktop\Algorithm\AIPlayerDesktop\data\蔡扬的\train\train_0076.json,568,2,False,2,3,2,2, ,-1e+18,-30,3.5999999999999996,0.0,1.0,4,0.0,-10,12,deltaR
train_0076,C:\Users\tao20\Desktop\Algorithm\AIPlayerDesktop\data\蔡扬的\train\train_0076.json,569,1,False,1,3,1,2,T,-1e+18,-30,3.5999999999999996,0.0,1.0,2,0.0,-10,12,deltaR
train_0076,C:\Users\tao20\Desktop\Algorithm\AIPlayerDesktop\data\蔡扬的\train\train_0076.json,569,2,False,2,3,2,2, ,-1e+18,-30,3.5999999999999996,0.0,1.0,3,0.0,-10,12,deltaR
train_0076,C:\Users\tao20\Desktop\Algorithm\AIPlayerDesktop\data\蔡扬的\train\train_0076.json,570,1,False,1,3,1,2,T,-1e+18,-30,3.5999999999999996,0.0,1.0,3,0.0,-10,12,deltaR
train_0076,C:\Users\tao20\Desktop\Algorithm\AIPlayerDesktop\data\蔡扬的\train\train_0076.json,570,2,False,2,3,2,2, ,-1e+18,-30,3.5999999999999996,0.0,1.0,4,0.0,-10,12,deltaR
train_0076,C:\Users\tao20\Desktop\Algorithm\AIPlayerDesktop\data\蔡扬的\train\train_0076.json,571,1,False,1,3,1,2,T,-1e+18,-30,3.5999999999999996,0.0,1.0,2,0.0,-10,12,deltaR
train_0076,C:\Users\tao20\Desktop\Algorithm\AIPlayerDesktop\data\蔡扬的\train\train_0076.json,571,2,False,2,3,2,2, ,-1e+18,-30,3.5999999999999996,0.0,1.0,3,0.0,-10,12,deltaR
train_0076,C:\Users\tao20\Desktop\Algorithm\AIPlayerDesktop\data\蔡扬的\train\train_0076.json,572,1,False,1,3,1,2,T,-1e+18,-30,3.5999999999999996,0.0,1.0,3,0.0,-10,12,deltaR
train_0076,C:\Users\tao20\Desktop\Algorithm\AIPlayerDesktop\data\蔡扬的\train\train_0076.json,572,2,False,2,3,2,2, ,-1e+18,-30,3.5999999999999996,0.0,1.0,4,0.0,-10,12,deltaR
train_0076,C:\Users\tao20\Desktop\Algorithm\AIPlayerDesktop\data\蔡扬的\train\train_0076.json,573,1,False,1,3,1,2,T,-1e+18,-30,3.5999999999999996,0.0,1.0,2,0.0,-10,12,deltaR
train_0076,C:\Users\tao20\Desktop\Algorithm\AIPlayerDesktop\data\蔡扬的\train\train_0076.json,573,2,False,2,3,2,2, ,-1e+18,-30,3.5999999999999996,0.0,1.0,3,0.0,-10,12,deltaR
train_0076,C:\Users\tao20\Desktop\Algorithm\AIPlayerDesktop\data\蔡扬的\train\train_0076.json,574,1,False,1,3,1,2,T,-1e+18,-30,3.5999999999999996,0.0,1.0,3,0.0,-10,12,deltaR
train_0076,C:\Users\tao20\Desktop\Algorithm\AIPlayerDesktop\data\蔡扬的\train\train_0076.json,574,2,False,2,3,2,2, ,-1e+18,-30,3.5999999999999996,0.0,1.0,4,0.0,-10,12,deltaR
train_0076,C:\Users\tao20\Desktop\Algorithm\AIPlayerDesktop\data\蔡扬的\train\train_0076.json,575,1,False,1,3,1,2,T,-1e+18,-30,3.5999999999999996,0.0,1.0,2,0.0,-10,12,deltaR
train_0076,C:\Users\tao20\Desktop\Algorithm\AIPlayerDesktop\data\蔡扬的\train\train_0076.json,575,2,False,2,3,2,2, ,-1e+18,-30,3.5999999999999996,0.0,1.0,3,0.0,-10,12,deltaR
train_0076,C:\Users\tao20\Desktop\Algorithm\AIPlayerDesktop\data\蔡扬的\train\train_0076.json,576,1,False,1,3,1,2,T,-1e+18,-30,3.5999999999999996,0.0,1.0,3,0.0,-10,12,deltaR
train_0076,C:\Users\tao20\Desktop\Algorithm\AIPlayerDesktop\data\蔡扬的\train\train_0076.json,576,2,False,2,3,2,2, ,-1e+18,-30,3.5999999999999996,0.0,1.0,4,0.0,-10,12,deltaR
train_0076,C:\Users\tao20\Desktop\Algorithm\AIPlayerDesktop\data\蔡扬的\train\train_0076.json,577,1,False,1,3,1,2,T,-1e+18,-30,3.5999999999999996,0.0,1.0,2,0.0,-10,12,deltaR
train_0076,C:\Users\tao20\Desktop\Algorithm\AIPlayerDesktop\data\蔡扬的\train\train_0076.json,577,2,False,2,3,2,2, ,-1e+18,-30,3.5999999999999996,0.0,1.0,3,0.0,-10,12,deltaR
train_0076,C:\Users\tao20\Desktop\Algorithm\AIPlayerDesktop\data\蔡扬的\train\train_0076.json,578,1,False,1,3,1,2,T,-1e+18,-30,3.5999999999999996,0.0,1.0,3,0.0,-10,12,deltaR
train_0076,C:\Users\tao20\Desktop\Algorithm\AIPlayerDesktop\data\蔡扬的\train\train_0076.json,578,2,False,2,3,2,2, ,-1e+18,-30,3.5999999999999996,0.0,1.0,4,0.0,-10,12,deltaR
train_0076,C:\Users\tao20\Desktop\Algorithm\AIPlayerDesktop\data\蔡扬的\train\train_0076.json,579,1,False,1,3,1,2,T,-1e+18,-30,3.5999999999999996,0.0,1.0,2,0.0,-10,12,deltaR
train_0076,C:\Users\tao20\Desktop\Algorithm\AIPlayerDesktop\data\蔡扬的\train\train_0076.json,579,2,False,2,3,2,2, ,-1e+18,-30,3.5999999999999996,0.0,1.0,3,0.0,-10,12,deltaR
train_0076,C:\Users\tao20\Desktop\Algorithm\AIPlayerDesktop\data\蔡扬的\train\train_0076.json,580,1,False,1,3,1,2,T,-1e+18,-30,3.5999999999999996,0.0,1.0,3,0.0,-10,12,deltaR
train_0076,C:\Users\tao20\Desktop\Algorithm\AIPlayerDesktop\data\蔡扬的\train\train_0076.json,580,2,False,2,3,2,2, ,-1e+18,-30,3.5999999999999996,0.0,1.0,4,0.0,-10,12,deltaR
train_0076,C:\Users\tao20\Desktop\Algorithm\AIPlayerDesktop\data\蔡扬的\train\train_0076.json,581,1,False,1,3,1,2,T,-1e+18,-30,3.5999999999999996,0.0,1.0,2,0.0,-10,12,deltaR
train_0076,C:\Users\tao20\Desktop\Algorithm\AIPlayerDesktop\data\蔡扬的\train\train_0076.json,581,2,False,2,3,2,2, ,-1e+18,-30,3.5999999999999996,0.0,1.0,3,0.0,-10,12,deltaR
train_0076,C:\Users\tao20\Desktop\Algorithm\AIPlayerDesktop\data\蔡扬的\train\train_0076.json,582,1,False,1,3,1,2,T,-1e+18,-30,3.5999999999999996,0.0,1.0,3,0.0,-10,12,deltaR
train_0076,C:\Users\tao20\Desktop\Algorithm\AIPlayerDesktop\data\蔡扬的\train\train_0076.json,582,2,False,2,3,2,2, ,-1e+18,-30,3.5999999999999996,0.0,1.0,4,0.0,-10,12,deltaR
train_0076,C:\Users\tao20\Desktop\Algorithm\AIPlayerDesktop\data\蔡扬的\train\train_0076.json,583,1,False,1,3,1,2,T,-1e+18,-30,3.5999999999999996,0.0,1.0,2,0.0,-10,12,deltaR
train_0076,C:\Users\tao20\Desktop\Algorithm\AIPlayerDesktop\data\蔡扬的\train\train_0076.json,583,2,False,2,3,2,2, ,-1e+18,-30,3.5999999999999996,0.0,1.0,3,0.0,-10,12,deltaR
train_0076,C:\Users\tao20\Desktop\Algorithm\AIPlayerDesktop\data\蔡扬的\train\train_0076.json,584,1,False,1,3,1,2,T,-1e+18,-30,3.5999999999999996,0.0,1.0,3,0.0,-10,12,deltaR
train_0076,C:\Users\tao20\Desktop\Algorithm\AIPlayerDesktop\data\蔡扬的\train\train_0076.json,584,2,False,2,3,2,2, ,-1e+18,-30,3.5999999999999996,0.0,1.0,4,0.0,-10,12,deltaR
train_0076,C:\Users\tao20\Desktop\Algorithm\AIPlayerDesktop\data\蔡扬的\train\train_0076.json,585,1,False,1,3,1,2,T,-1e+18,-30,3.5999999999999996,0.0,1.0,2,0.0,-10,12,deltaR
train_0076,C:\Users\tao20\Desktop\Algorithm\AIPlayerDesktop\data\蔡扬的\train\train_0076.json,585,2,False,2,3,2,2, ,-1e+18,-30,3.5999999999999996,0.0,1.0,3,0.0,-10,12,deltaR
train_0076,C:\Users\tao20\Desktop\Algorithm\AIPlayerDesktop\data\蔡扬的\train\train_0076.json,586,1,False,1,3,1,2,T,-1e+18,-30,3.5999999999999996,0.0,1.0,3,0.0,-10,12,deltaR
train_0076,C:\Users\tao20\Desktop\Algorithm\AIPlayerDesktop\data\蔡扬的\train\train_0076.json,586,2,False,2,3,2,2, ,-1e+18,-30,3.5999999999999996,0.0,1.0,4,0.0,-10,12,deltaR
train_0076,C:\Users\tao20\Desktop\Algorithm\AIPlayerDesktop\data\蔡扬的\train\train_0076.json,587,1,False,1,3,1,2,T,-1e+18,-30,3.5999999999999996,0.0,1.0,2,0.0,-10,12,deltaR
train_0076,C:\Users\tao20\Desktop\Algorithm\AIPlayerDesktop\data\蔡扬的\train\train_0076.json,587,2,False,2,3,2,2, ,-1e+18,-30,3.5999999999999996,0.0,1.0,3,0.0,-10,12,deltaR
train_0076,C:\Users\tao20\Desktop\Algorithm\AIPlayerDesktop\data\蔡扬的\train\train_0076.json,588,1,False,1,3,1,2,T,-1e+18,-30,3.5999999999999996,0.0,1.0,3,0.0,-10,12,deltaR
train_0076,C:\Users\tao20\Desktop\Algorithm\AIPlayerDesktop\data\蔡扬的\train\train_0076.json,588,2,False,2,3,2,2, ,-1e+18,-30,3.5999999999999996,0.0,1.0,4,0.0,-10,12,deltaR
train_0076,C:\Users\tao20\Desktop\Algorithm\AIPlayerDesktop\data\蔡扬的\train\train_0076.json,589,1,False,1,3,1,2,T,-1e+18,-30,3.5999999999999996,0.0,1.0,2,0.0,-10,12,deltaR
train_0076,C:\Users\tao20\Desktop\Algorithm\AIPlayerDesktop\data\蔡扬的\train\train_0076.json,589,2,False,2,3,2,2, ,-1e+18,-30,3.5999999999999996,0.0,1.0,3,0.0,-10,12,deltaR
train_0076,C:\Users\tao20\Desktop\Algorithm\AIPlayerDesktop\data\蔡扬的\train\train_0076.json,590,1,False,1,3,1,2,T,-1e+18,-30,3.5999999999999996,0.0,1.0,3,0.0,-10,12,deltaR
train_0076,C:\Users\tao20\Desktop\Algorithm\AIPlayerDesktop\data\蔡扬的\train\train_0076.json,590,2,False,2,3,2,2, ,-1e+18,-30,3.5999999999999996,0.0,1.0,4,0.0,-10,12,deltaR
train_0076,C:\Users\tao20\Desktop\Algorithm\AIPlayerDesktop\data\蔡扬的\train\train_0076.json,591,1,False,1,3,1,2,T,-1e+18,-30,3.5999999999999996,0.0,1.0,2,0.0,-10,12,deltaR
train_0076,C:\Users\tao20\Desktop\Algorithm\AIPlayerDesktop\data\蔡扬的\train\train_0076.json,591,2,False,2,3,2,2, ,-1e+18,-30,3.5999999999999996,0.0,1.0,3,0.0,-10,12,deltaR
train_0076,C:\Users\tao20\Desktop\Algorithm\AIPlayerDesktop\data\蔡扬的\train\train_0076.json,592,1,False,1,3,1,2,T,-1e+18,-30,3.5999999999999996,0.0,1.0,3,0.0,-10,12,deltaR
train_0076,C:\Users\tao20\Desktop\Algorithm\AIPlayerDesktop\data\蔡扬的\train\train_0076.json,592,2,False,2,3,2,2, ,-1e+18,-30,3.5999999999999996,0.0,1.0,4,0.0,-10,12,deltaR
train_0076,C:\Users\tao20\Desktop\Algorithm\AIPlayerDesktop\data\蔡扬的\train\train_0076.json,593,1,False,1,3,1,2,T,-1e+18,-30,3.5999999999999996,0.0,1.0,2,0.0,-10,12,deltaR
train_0076,C:\Users\tao20\Desktop\Algorithm\AIPlayerDesktop\data\蔡扬的\train\train_0076.json,593,2,False,2,3,2,2, ,-1e+18,-30,3.5999999999999996,0.0,1.0,3,0.0,-10,12,deltaR
train_0076,C:\Users\tao20\Desktop\Algorithm\AIPlayerDesktop\data\蔡扬的\train\train_0076.json,594,1,False,1,3,1,2,T,-1e+18,-30,3.5999999999999996,0.0,1.0,3,0.0,-10,12,deltaR
train_0076,C:\Users\tao20\Desktop\Algorithm\AIPlayerDesktop\data\蔡扬的\train\train_0076.json,594,2,False,2,3,2,2, ,-1e+18,-30,3.5999999999999996,0.0,1.0,4,0.0,-10,12,deltaR
train_0076,C:\Users\tao20\Desktop\Algorithm\AIPlayerDesktop\data\蔡扬的\train\train_0076.json,595,1,False,1,3,1,2,T,-1e+18,-30,3.5999999999999996,0.0,1.0,2,0.0,-10,12,deltaR
train_0076,C:\Users\tao20\Desktop\Algorithm\AIPlayerDesktop\data\蔡扬的\train\train_0076.json,595,2,False,2,3,2,2, ,-1e+18,-30,3.5999999999999996,0.0,1.0,3,0.0,-10,12,deltaR
train_0076,C:\Users\tao20\Desktop\Algorithm\AIPlayerDesktop\data\蔡扬的\train\train_0076.json,596,1,False,1,3,1,2,T,-1e+18,-30,3.5999999999999996,0.0,1.0,3,0.0,-10,12,deltaR
train_0076,C:\Users\tao20\Desktop\Algorithm\AIPlayerDesktop\data\蔡扬的\train\train_0076.json,596,2,False,2,3,2,2, ,-1e+18,-30,3.5999999999999996,0.0,1.0,4,0.0,-10,12,deltaR
train_0076,C:\Users\tao20\Desktop\Algorithm\AIPlayerDesktop\data\蔡扬的\train\train_0076.json,597,1,False,1,3,1,2,T,-1e+18,-30,3.5999999999999996,0.0,1.0,2,0.0,-10,12,deltaR
train_0076,C:\Users\tao20\Desktop\Algorithm\AIPlayerDesktop\data\蔡扬的\train\train_0076.json,597,2,False,2,3,2,2, ,-1e+18,-30,3.5999999999999996,0.0,1.0,3,0.0,-10,12,deltaR
train_0076,C:\Users\tao20\Desktop\Algorithm\AIPlayerDesktop\data\蔡扬的\train\train_0076.json,598,1,False,1,3,1,2,T,-1e+18,-30,3.5999999999999996,0.0,1.0,3,0.0,-10,12,deltaR
train_0076,C:\Users\tao20\Desktop\Algorithm\AIPlayerDesktop\data\蔡扬的\train\train_0076.json,598,2,False,2,3,2,2, ,-1e+18,-30,3.5999999999999996,0.0,1.0,4,0.0,-10,12,deltaR
train_0076,C:\Users\tao20\Desktop\Algorithm\AIPlayerDesktop\data\蔡扬的\train\train_0076.json,599,1,False,1,3,1,2,T,-1e+18,-30,3.5999999999999996,0.0,1.0,2,0.0,-10,12,deltaR
train_0076,C:\Users\tao20\Desktop\Algorithm\AIPlayerDesktop\data\蔡扬的\train\train_0076.json,599,2,False,2,3,2,2, ,-1e+18,-30,3.5999999999999996,0.0,1.0,3,0.0,-10,12,deltaR
train_0076,C:\Users\tao20\Desktop\Algorithm\AIPlayerDesktop\data\蔡扬的\train\train_0076.json,600,1,False,1,3,1,2,T,-1e+18,-30,3.5999999999999996,0.0,1.0,3,0.0,-10,12,deltaR
train_0076,C:\Users\tao20\Desktop\Algorithm\AIPlayerDesktop\data\蔡扬的\train\train_0076.json,600,2,False,2,3,2,2, ,-1e+18,-30,3.5999999999999996,0.0,1.0,4,0.0,-10,12,deltaR
train_0076,C:\Users\tao20\Desktop\Algorithm\AIPlayerDesktop\data\蔡扬的\train\train_0076.json,601,1,False,1,3,1,2,T,-1e+18,-30,3.5999999999999996,0.0,1.0,2,0.0,-10,12,deltaR
train_0076,C:\Users\tao20\Desktop\Algorithm\AIPlayerDesktop\data\蔡扬的\train\train_0076.json,601,2,False,2,3,2,2, ,-1e+18,-30,3.5999999999999996,0.0,1.0,3,0.0,-10,12,deltaR
train_0076,C:\Users\tao20\Desktop\Algorithm\AIPlayerDesktop\data\蔡扬的\train\train_0076.json,602,1,False,1,3,1,2,T,-1e+18,-30,3.5999999999999996,0.0,1.0,3,0.0,-10,12,deltaR
train_0076,C:\Users\tao20\Desktop\Algorithm\AIPlayerDesktop\data\蔡扬的\train\train_0076.json,602,2,False,2,3,2,2, ,-1e+18,-30,3.5999999999999996,0.0,1.0,4,0.0,-10,12,deltaR
train_0076,C:\Users\tao20\Desktop\Algorithm\AIPlayerDesktop\data\蔡扬的\train\train_0076.json,603,1,False,1,3,1,2,T,-1e+18,-30,3.5999999999999996,0.0,1.0,2,0.0,-10,12,deltaR
train_0076,C:\Users\tao20\Desktop\Algorithm\AIPlayerDesktop\data\蔡扬的\train\train_0076.json,603,2,False,2,3,2,2, ,-1e+18,-30,3.5999999999999996,0.0,1.0,3,0.0,-10,12,deltaR
train_0076,C:\Users\tao20\Desktop\Algorithm\AIPlayerDesktop\data\蔡扬的\train\train_0076.json,604,1,False,1,3,1,2,T,-1e+18,-30,3.5999999999999996,0.0,1.0,3,0.0,-10,12,deltaR
train_0076,C:\Users\tao20\Desktop\Algorithm\AIPlayerDesktop\data\蔡扬的\train\train_0076.json,604,2,False,2,3,2,2, ,-1e+18,-30,3.5999999999999996,0.0,1.0,4,0.0,-10,12,deltaR
train_0076,C:\Users\tao20\Desktop\Algorithm\AIPlayerDesktop\data\蔡扬的\train\train_0076.json,605,1,False,1,3,1,2,T,-1e+18,-30,3.5999999999999996,0.0,1.0,2,0.0,-10,12,deltaR
train_0076,C:\Users\tao20\Desktop\Algorithm\AIPlayerDesktop\data\蔡扬的\train\train_0076.json,605,2,False,2,3,2,2, ,-1e+18,-30,3.5999999999999996,0.0,1.0,3,0.0,-10,12,deltaR
train_0076,C:\Users\tao20\Desktop\Algorithm\AIPlayerDesktop\data\蔡扬的\train\train_0076.json,606,1,False,1,3,1,2,T,-1e+18,-30,3.5999999999999996,0.0,1.0,3,0.0,-10,12,deltaR
train_0076,C:\Users\tao20\Desktop\Algorithm\AIPlayerDesktop\data\蔡扬的\train\train_0076.json,606,2,False,2,3,2,2, ,-1e+18,-30,3.5999999999999996,0.0,1.0,4,0.0,-10,12,deltaR
train_0076,C:\Users\tao20\Desktop\Algorithm\AIPlayerDesktop\data\蔡扬的\train\train_0076.json,607,1,False,1,3,1,2,T,-1e+18,-30,3.5999999999999996,0.0,1.0,2,0.0,-10,12,deltaR
train_0076,C:\Users\tao20\Desktop\Algorithm\AIPlayerDesktop\data\蔡扬的\train\train_0076.json,607,2,False,2,3,2,2, ,-1e+18,-30,3.5999999999999996,0.0,1.0,3,0.0,-10,12,deltaR
train_0076,C:\Users\tao20\Desktop\Algorithm\AIPlayerDesktop\data\蔡扬的\train\train_0076.json,608,1,False,1,3,1,2,T,-1e+18,-30,3.5999999999999996,0.0,1.0,3,0.0,-10,12,deltaR
train_0076,C:\Users\tao20\Desktop\Algorithm\AIPlayerDesktop\data\蔡扬的\train\train_0076.json,608,2,False,2,3,2,2, ,-1e+18,-30,3.5999999999999996,0.0,1.0,4,0.0,-10,12,deltaR
train_0076,C:\Users\tao20\Desktop\Algorithm\AIPlayerDesktop\data\蔡扬的\train\train_0076.json,609,1,False,1,3,1,2,T,-1e+18,-30,3.5999999999999996,0.0,1.0,2,0.0,-10,12,deltaR
train_0076,C:\Users\tao20\Desktop\Algorithm\AIPlayerDesktop\data\蔡扬的\train\train_0076.json,609,2,False,2,3,2,2, ,-1e+18,-30,3.5999999999999996,0.0,1.0,3,0.0,-10,12,deltaR
train_0076,C:\Users\tao20\Desktop\Algorithm\AIPlayerDesktop\data\蔡扬的\train\train_0076.json,610,1,False,1,3,1,2,T,-1e+18,-30,3.5999999999999996,0.0,1.0,3,0.0,-10,12,deltaR
train_0076,C:\Users\tao20\Desktop\Algorithm\AIPlayerDesktop\data\蔡扬的\train\train_0076.json,610,2,False,2,3,2,2, ,-1e+18,-30,3.5999999999999996,0.0,1.0,4,0.0,-10,12,deltaR
train_0076,C:\Users\tao20\Desktop\Algorithm\AIPlayerDesktop\data\蔡扬的\train\train_0076.json,611,1,False,1,3,1,2,T,-1e+18,-30,3.5999999999999996,0.0,1.0,2,0.0,-10,12,deltaR
train_0076,C:\Users\tao20\Desktop\Algorithm\AIPlayerDesktop\data\蔡扬的\train\train_0076.json,611,2,False,2,3,2,2, ,-1e+18,-30,3.5999999999999996,0.0,1.0,3,0.0,-10,12,deltaR
train_0076,C:\Users\tao20\Desktop\Algorithm\AIPlayerDesktop\data\蔡扬的\train\train_0076.json,612,1,False,1,3,1,2,T,-1e+18,-30,3.5999999999999996,0.0,1.0,3,0.0,-10,12,deltaR
train_0076,C:\Users\tao20\Desktop\Algorithm\AIPlayerDesktop\data\蔡扬的\train\train_0076.json,612,2,False,2,3,2,2, ,-1e+18,-30,3.5999999999999996,0.0,1.0,4,0.0,-10,12,deltaR
train_0076,C:\Users\tao20\Desktop\Algorithm\AIPlayerDesktop\data\蔡扬的\train\train_0076.json,613,1,False,1,3,1,2,T,-1e+18,-30,3.5999999999999996,0.0,1.0,2,0.0,-10,12,deltaR
train_0076,C:\Users\tao20\Desktop\Algorithm\AIPlayerDesktop\data\蔡扬的\train\train_0076.json,613,2,False,2,3,2,2, ,-1e+18,-30,3.5999999999999996,0.0,1.0,3,0.0,-10,12,deltaR
train_0076,C:\Users\tao20\Desktop\Algorithm\AIPlayerDesktop\data\蔡扬的\train\train_0076.json,614,1,False,1,3,1,2,T,-1e+18,-30,3.5999999999999996,0.0,1.0,3,0.0,-10,12,deltaR
train_0076,C:\Users\tao20\Desktop\Algorithm\AIPlayerDesktop\data\蔡扬的\train\train_0076.json,614,2,False,2,3,2,2, ,-1e+18,-30,3.5999999999999996,0.0,1.0,4,0.0,-10,12,deltaR
train_0076,C:\Users\tao20\Desktop\Algorithm\AIPlayerDesktop\data\蔡扬的\train\train_0076.json,615,1,False,1,3,1,2,T,-1e+18,-30,3.5999999999999996,0.0,1.0,2,0.0,-10,12,deltaR
train_0076,C:\Users\tao20\Desktop\Algorithm\AIPlayerDesktop\data\蔡扬的\train\train_0076.json,615,2,False,2,3,2,2, ,-1e+18,-30,3.5999999999999996,0.0,1.0,3,0.0,-10,12,deltaR
train_0076,C:\Users\tao20\Desktop\Algorithm\AIPlayerDesktop\data\蔡扬的\train\train_0076.json,616,1,False,1,3,1,2,T,-1e+18,-30,3.5999999999999996,0.0,1.0,3,0.0,-10,12,deltaR
train_0076,C:\Users\tao20\Desktop\Algorithm\AIPlayerDesktop\data\蔡扬的\train\train_0076.json,616,2,False,2,3,2,2, ,-1e+18,-30,3.5999999999999996,0.0,1.0,4,0.0,-10,12,deltaR
train_0076,C:\Users\tao20\Desktop\Algorithm\AIPlayerDesktop\data\蔡扬的\train\train_0076.json,617,1,False,1,3,1,2,T,-1e+18,-30,3.5999999999999996,0.0,1.0,2,0.0,-10,12,deltaR
train_0076,C:\Users\tao20\Desktop\Algorithm\AIPlayerDesktop\data\蔡扬的\train\train_0076.json,617,2,False,2,3,2,2, ,-1e+18,-30,3.5999999999999996,0.0,1.0,3,0.0,-10,12,deltaR
train_0076,C:\Users\tao20\Desktop\Algorithm\AIPlayerDesktop\data\蔡扬的\train\train_0076.json,618,1,False,1,3,1,2,T,-1e+18,-30,3.5999999999999996,0.0,1.0,3,0.0,-10,12,deltaR
train_0076,C:\Users\tao20\Desktop\Algorithm\AIPlayerDesktop\data\蔡扬的\train\train_0076.json,618,2,False,2,3,2,2, ,-1e+18,-30,3.5999999999999996,0.0,1.0,4,0.0,-10,12,deltaR
train_0076,C:\Users\tao20\Desktop\Algorithm\AIPlayerDesktop\data\蔡扬的\train\train_0076.json,619,1,False,1,3,1,2,T,-1e+18,-30,3.5999999999999996,0.0,1.0,2,0.0,-10,12,deltaR
train_0076,C:\Users\tao20\Desktop\Algorithm\AIPlayerDesktop\data\蔡扬的\train\train_0076.json,619,2,False,2,3,2,2, ,-1e+18,-30,3.5999999999999996,0.0,1.0,3,0.0,-10,12,deltaR
train_0076,C:\Users\tao20\Desktop\Algorithm\AIPlayerDesktop\data\蔡扬的\train\train_0076.json,620,1,False,1,3,1,2,T,-1e+18,-30,3.5999999999999996,0.0,1.0,3,0.0,-10,12,deltaR
train_0076,C:\Users\tao20\Desktop\Algorithm\AIPlayerDesktop\data\蔡扬的\train\train_0076.json,620,2,False,2,3,2,2, ,-1e+18,-30,3.5999999999999996,0.0,1.0,4,0.0,-10,12,deltaR
train_0076,C:\Users\tao20\Desktop\Algorithm\AIPlayerDesktop\data\蔡扬的\train\train_0076.json,621,1,False,1,3,1,2,T,-1e+18,-30,3.5999999999999996,0.0,1.0,2,0.0,-10,12,deltaR
train_0076,C:\Users\tao20\Desktop\Algorithm\AIPlayerDesktop\data\蔡扬的\train\train_0076.json,621,2,False,2,3,2,2, ,-1e+18,-30,3.5999999999999996,0.0,1.0,3,0.0,-10,12,deltaR
train_0076,C:\Users\tao20\Desktop\Algorithm\AIPlayerDesktop\data\蔡扬的\train\train_0076.json,622,1,False,1,3,1,2,T,-1e+18,-30,3.5999999999999996,0.0,1.0,3,0.0,-10,12,deltaR
train_0076,C:\Users\tao20\Desktop\Algorithm\AIPlayerDesktop\data\蔡扬的\train\train_0076.json,622,2,False,2,3,2,2, ,-1e+18,-30,3.5999999999999996,0.0,1.0,4,0.0,-10,12,deltaR
train_0076,C:\Users\tao20\Desktop\Algorithm\AIPlayerDesktop\data\蔡扬的\train\train_0076.json,623,1,False,1,3,1,2,T,-1e+18,-30,3.5999999999999996,0.0,1.0,2,0.0,-10,12,deltaR
train_0076,C:\Users\tao20\Desktop\Algorithm\AIPlayerDesktop\data\蔡扬的\train\train_0076.json,623,2,False,2,3,2,2, ,-1e+18,-30,3.5999999999999996,0.0,1.0,3,0.0,-10,12,deltaR
train_0076,C:\Users\tao20\Desktop\Algorithm\AIPlayerDesktop\data\蔡扬的\train\train_0076.json,624,1,False,1,3,1,2,T,-1e+18,-30,3.5999999999999996,0.0,1.0,3,0.0,-10,12,deltaR
train_0076,C:\Users\tao20\Desktop\Algorithm\AIPlayerDesktop\data\蔡扬的\train\train_0076.json,624,2,False,2,3,2,2, ,-1e+18,-30,3.5999999999999996,0.0,1.0,4,0.0,-10,12,deltaR
train_0076,C:\Users\tao20\Desktop\Algorithm\AIPlayerDesktop\data\蔡扬的\train\train_0076.json,625,1,False,1,3,1,2,T,-1e+18,-30,3.5999999999999996,0.0,1.0,2,0.0,-10,12,deltaR
train_0076,C:\Users\tao20\Desktop\Algorithm\AIPlayerDesktop\data\蔡扬的\train\train_0076.json,625,2,False,2,3,2,2, ,-1e+18,-30,3.5999999999999996,0.0,1.0,3,0.0,-10,12,deltaR
train_0076,C:\Users\tao20\Desktop\Algorithm\AIPlayerDesktop\data\蔡扬的\train\train_0076.json,626,1,False,1,3,1,2,T,-1e+18,-30,3.5999999999999996,0.0,1.0,3,0.0,-10,12,deltaR
train_0076,C:\Users\tao20\Desktop\Algorithm\AIPlayerDesktop\data\蔡扬的\train\train_0076.json,626,2,False,2,3,2,2, ,-1e+18,-30,3.5999999999999996,0.0,1.0,4,0.0,-10,12,deltaR
train_0076,C:\Users\tao20\Desktop\Algorithm\AIPlayerDesktop\data\蔡扬的\train\train_0076.json,627,1,False,1,3,1,2,T,-1e+18,-30,3.5999999999999996,0.0,1.0,2,0.0,-10,12,deltaR
train_0076,C:\Users\tao20\Desktop\Algorithm\AIPlayerDesktop\data\蔡扬的\train\train_0076.json,627,2,False,2,3,2,2, ,-1e+18,-30,3.5999999999999996,0.0,1.0,3,0.0,-10,12,deltaR
train_0076,C:\Users\tao20\Desktop\Algorithm\AIPlayerDesktop\data\蔡扬的\train\train_0076.json,628,1,False,1,3,1,2,T,-1e+18,-30,3.5999999999999996,0.0,1.0,3,0.0,-10,12,deltaR
train_0076,C:\Users\tao20\Desktop\Algorithm\AIPlayerDesktop\data\蔡扬的\train\train_0076.json,628,2,False,2,3,2,2, ,-1e+18,-30,3.5999999999999996,0.0,1.0,4,0.0,-10,12,deltaR
train_0076,C:\Users\tao20\Desktop\Algorithm\AIPlayerDesktop\data\蔡扬的\train\train_0076.json,629,1,False,1,3,1,2,T,-1e+18,-30,3.5999999999999996,0.0,1.0,2,0.0,-10,12,deltaR
train_0076,C:\Users\tao20\Desktop\Algorithm\AIPlayerDesktop\data\蔡扬的\train\train_0076.json,629,2,False,2,3,2,2, ,-1e+18,-30,3.5999999999999996,0.0,1.0,3,0.0,-10,12,deltaR
train_0076,C:\Users\tao20\Desktop\Algorithm\AIPlayerDesktop\data\蔡扬的\train\train_0076.json,630,1,False,1,3,1,2,T,-1e+18,-30,3.5999999999999996,0.0,1.0,3,0.0,-10,12,deltaR
train_0076,C:\Users\tao20\Desktop\Algorithm\AIPlayerDesktop\data\蔡扬的\train\train_0076.json,630,2,False,2,3,2,2, ,-1e+18,-30,3.5999999999999996,0.0,1.0,4,0.0,-10,12,deltaR
train_0076,C:\Users\tao20\Desktop\Algorithm\AIPlayerDesktop\data\蔡扬的\train\train_0076.json,631,1,False,1,3,1,2,T,-1e+18,-30,3.5999999999999996,0.0,1.0,2,0.0,-10,12,deltaR
train_0076,C:\Users\tao20\Desktop\Algorithm\AIPlayerDesktop\data\蔡扬的\train\train_0076.json,631,2,False,2,3,2,2, ,-1e+18,-30,3.5999999999999996,0.0,1.0,3,0.0,-10,12,deltaR
train_0076,C:\Users\tao20\Desktop\Algorithm\AIPlayerDesktop\data\蔡扬的\train\train_0076.json,632,1,False,1,3,1,2,T,-1e+18,-30,3.5999999999999996,0.0,1.0,3,0.0,-10,12,deltaR
train_0076,C:\Users\tao20\Desktop\Algorithm\AIPlayerDesktop\data\蔡扬的\train\train_0076.json,632,2,False,2,3,2,2, ,-1e+18,-30,3.5999999999999996,0.0,1.0,4,0.0,-10,12,deltaR
train_0076,C:\Users\tao20\Desktop\Algorithm\AIPlayerDesktop\data\蔡扬的\train\train_0076.json,633,1,False,1,3,1,2,T,-1e+18,-30,3.5999999999999996,0.0,1.0,2,0.0,-10,12,deltaR
train_0076,C:\Users\tao20\Desktop\Algorithm\AIPlayerDesktop\data\蔡扬的\train\train_0076.json,633,2,False,2,3,2,2, ,-1e+18,-30,3.5999999999999996,0.0,1.0,3,0.0,-10,12,deltaR
train_0076,C:\Users\tao20\Desktop\Algorithm\AIPlayerDesktop\data\蔡扬的\train\train_0076.json,634,1,False,1,3,1,2,T,-1e+18,-30,3.5999999999999996,0.0,1.0,3,0.0,-10,12,deltaR
train_0076,C:\Users\tao20\Desktop\Algorithm\AIPlayerDesktop\data\蔡扬的\train\train_0076.json,634,2,False,2,3,2,2, ,-1e+18,-30,3.5999999999999996,0.0,1.0,4,0.0,-10,12,deltaR
train_0076,C:\Users\tao20\Desktop\Algorithm\AIPlayerDesktop\data\蔡扬的\train\train_0076.json,635,1,False,1,3,1,2,T,-1e+18,-30,3.5999999999999996,0.0,1.0,2,0.0,-10,12,deltaR
train_0076,C:\Users\tao20\Desktop\Algorithm\AIPlayerDesktop\data\蔡扬的\train\train_0076.json,635,2,False,2,3,2,2, ,-1e+18,-30,3.5999999999999996,0.0,1.0,3,0.0,-10,12,deltaR
train_0076,C:\Users\tao20\Desktop\Algorithm\AIPlayerDesktop\data\蔡扬的\train\train_0076.json,636,1,False,1,3,1,2,T,-1e+18,-30,3.5999999999999996,0.0,1.0,3,0.0,-10,12,deltaR
train_0076,C:\Users\tao20\Desktop\Algorithm\AIPlayerDesktop\data\蔡扬的\train\train_0076.json,636,2,False,2,3,2,2, ,-1e+18,-30,3.5999999999999996,0.0,1.0,4,0.0,-10,12,deltaR
train_0076,C:\Users\tao20\Desktop\Algorithm\AIPlayerDesktop\data\蔡扬的\train\train_0076.json,637,1,False,1,3,1,2,T,-1e+18,-30,3.5999999999999996,0.0,1.0,2,0.0,-10,12,deltaR
train_0076,C:\Users\tao20\Desktop\Algorithm\AIPlayerDesktop\data\蔡扬的\train\train_0076.json,637,2,False,2,3,2,2, ,-1e+18,-30,3.5999999999999996,0.0,1.0,3,0.0,-10,12,deltaR
train_0076,C:\Users\tao20\Desktop\Algorithm\AIPlayerDesktop\data\蔡扬的\train\train_0076.json,638,1,False,1,3,1,2,T,-1e+18,-30,3.5999999999999996,0.0,1.0,3,0.0,-10,12,deltaR
train_0076,C:\Users\tao20\Desktop\Algorithm\AIPlayerDesktop\data\蔡扬的\train\train_0076.json,638,2,False,2,3,2,2, ,-1e+18,-30,3.5999999999999996,0.0,1.0,4,0.0,-10,12,deltaR
train_0076,C:\Users\tao20\Desktop\Algorithm\AIPlayerDesktop\data\蔡扬的\train\train_0076.json,639,1,False,1,3,1,2,T,-1e+18,-30,3.5999999999999996,0.0,1.0,2,0.0,-10,12,deltaR
train_0076,C:\Users\tao20\Desktop\Algorithm\AIPlayerDesktop\data\蔡扬的\train\train_0076.json,639,2,False,2,3,2,2, ,-1e+18,-30,3.5999999999999996,0.0,1.0,3,0.0,-10,12,deltaR
train_0076,C:\Users\tao20\Desktop\Algorithm\AIPlayerDesktop\data\蔡扬的\train\train_0076.json,640,1,False,1,3,1,2,T,-1e+18,-30,3.5999999999999996,0.0,1.0,3,0.0,-10,12,deltaR
train_0076,C:\Users\tao20\Desktop\Algorithm\AIPlayerDesktop\data\蔡扬的\train\train_0076.json,640,2,False,2,3,2,2, ,-1e+18,-30,3.5999999999999996,0.0,1.0,4,0.0,-10,12,deltaR
train_0076,C:\Users\tao20\Desktop\Algorithm\AIPlayerDesktop\data\蔡扬的\train\train_0076.json,641,1,False,1,3,1,2,T,-1e+18,-30,3.5999999999999996,0.0,1.0,2,0.0,-10,12,deltaR
train_0076,C:\Users\tao20\Desktop\Algorithm\AIPlayerDesktop\data\蔡扬的\train\train_0076.json,641,2,False,2,3,2,2, ,-1e+18,-30,3.5999999999999996,0.0,1.0,3,0.0,-10,12,deltaR
train_0076,C:\Users\tao20\Desktop\Algorithm\AIPlayerDesktop\data\蔡扬的\train\train_0076.json,642,1,False,1,3,1,2,T,-1e+18,-30,3.5999999999999996,0.0,1.0,3,0.0,-10,12,deltaR
train_0076,C:\Users\tao20\Desktop\Algorithm\AIPlayerDesktop\data\蔡扬的\train\train_0076.json,642,2,False,2,3,2,2, ,-1e+18,-30,3.5999999999999996,0.0,1.0,4,0.0,-10,12,deltaR
train_0076,C:\Users\tao20\Desktop\Algorithm\AIPlayerDesktop\data\蔡扬的\train\train_0076.json,643,1,False,1,3,1,2,T,-1e+18,-30,3.5999999999999996,0.0,1.0,2,0.0,-10,12,deltaR
train_0076,C:\Users\tao20\Desktop\Algorithm\AIPlayerDesktop\data\蔡扬的\train\train_0076.json,643,2,False,2,3,2,2, ,-1e+18,-30,3.5999999999999996,0.0,1.0,3,0.0,-10,12,deltaR
train_0076,C:\Users\tao20\Desktop\Algorithm\AIPlayerDesktop\data\蔡扬的\train\train_0076.json,644,1,False,1,3,1,2,T,-1e+18,-30,3.5999999999999996,0.0,1.0,3,0.0,-10,12,deltaR
train_0076,C:\Users\tao20\Desktop\Algorithm\AIPlayerDesktop\data\蔡扬的\train\train_0076.json,644,2,False,2,3,2,2, ,-1e+18,-30,3.5999999999999996,0.0,1.0,4,0.0,-10,12,deltaR
train_0076,C:\Users\tao20\Desktop\Algorithm\AIPlayerDesktop\data\蔡扬的\train\train_0076.json,645,1,False,1,3,1,2,T,-1e+18,-30,3.5999999999999996,0.0,1.0,2,0.0,-10,12,deltaR
train_0076,C:\Users\tao20\Desktop\Algorithm\AIPlayerDesktop\data\蔡扬的\train\train_0076.json,645,2,False,2,3,2,2, ,-1e+18,-30,3.5999999999999996,0.0,1.0,3,0.0,-10,12,deltaR
train_0076,C:\Users\tao20\Desktop\Algorithm\AIPlayerDesktop\data\蔡扬的\train\train_0076.json,646,1,False,1,3,1,2,T,-1e+18,-30,3.5999999999999996,0.0,1.0,3,0.0,-10,12,deltaR
train_0076,C:\Users\tao20\Desktop\Algorithm\AIPlayerDesktop\data\蔡扬的\train\train_0076.json,646,2,False,2,3,2,2, ,-1e+18,-30,3.5999999999999996,0.0,1.0,4,0.0,-10,12,deltaR
train_0076,C:\Users\tao20\Desktop\Algorithm\AIPlayerDesktop\data\蔡扬的\train\train_0076.json,647,1,False,1,3,1,2,T,-1e+18,-30,3.5999999999999996,0.0,1.0,2,0.0,-10,12,deltaR
train_0076,C:\Users\tao20\Desktop\Algorithm\AIPlayerDesktop\data\蔡扬的\train\train_0076.json,647,2,False,2,3,2,2, ,-1e+18,-30,3.5999999999999996,0.0,1.0,3,0.0,-10,12,deltaR
train_0076,C:\Users\tao20\Desktop\Algorithm\AIPlayerDesktop\data\蔡扬的\train\train_0076.json,648,1,False,1,3,1,2,T,-1e+18,-30,3.5999999999999996,0.0,1.0,3,0.0,-10,12,deltaR
train_0076,C:\Users\tao20\Desktop\Algorithm\AIPlayerDesktop\data\蔡扬的\train\train_0076.json,648,2,False,2,3,2,2, ,-1e+18,-30,3.5999999999999996,0.0,1.0,4,0.0,-10,12,deltaR
train_0076,C:\Users\tao20\Desktop\Algorithm\AIPlayerDesktop\data\蔡扬的\train\train_0076.json,649,1,False,1,3,1,2,T,-1e+18,-30,3.5999999999999996,0.0,1.0,2,0.0,-10,12,deltaR
train_0076,C:\Users\tao20\Desktop\Algorithm\AIPlayerDesktop\data\蔡扬的\train\train_0076.json,649,2,False,2,3,2,2, ,-1e+18,-30,3.5999999999999996,0.0,1.0,3,0.0,-10,12,deltaR
train_0076,C:\Users\tao20\Desktop\Algorithm\AIPlayerDesktop\data\蔡扬的\train\train_0076.json,650,1,False,1,3,1,2,T,-1e+18,-30,3.5999999999999996,0.0,1.0,3,0.0,-10,12,deltaR
train_0076,C:\Users\tao20\Desktop\Algorithm\AIPlayerDesktop\data\蔡扬的\train\train_0076.json,650,2,False,2,3,2,2, ,-1e+18,-30,3.5999999999999996,0.0,1.0,4,0.0,-10,12,deltaR
train_0076,C:\Users\tao20\Desktop\Algorithm\AIPlayerDesktop\data\蔡扬的\train\train_0076.json,651,1,False,1,3,1,2,T,-1e+18,-30,3.5999999999999996,0.0,1.0,2,0.0,-10,12,deltaR
train_0076,C:\Users\tao20\Desktop\Algorithm\AIPlayerDesktop\data\蔡扬的\train\train_0076.json,651,2,False,2,3,2,2, ,-1e+18,-30,3.5999999999999996,0.0,1.0,3,0.0,-10,12,deltaR
train_0076,C:\Users\tao20\Desktop\Algorithm\AIPlayerDesktop\data\蔡扬的\train\train_0076.json,652,1,False,1,3,1,2,T,-1e+18,-30,3.5999999999999996,0.0,1.0,3,0.0,-10,12,deltaR
train_0076,C:\Users\tao20\Desktop\Algorithm\AIPlayerDesktop\data\蔡扬的\train\train_0076.json,652,2,False,2,3,2,2, ,-1e+18,-30,3.5999999999999996,0.0,1.0,4,0.0,-10,12,deltaR
train_0076,C:\Users\tao20\Desktop\Algorithm\AIPlayerDesktop\data\蔡扬的\train\train_0076.json,653,1,False,1,3,1,2,T,-1e+18,-30,3.5999999999999996,0.0,1.0,2,0.0,-10,12,deltaR
train_0076,C:\Users\tao20\Desktop\Algorithm\AIPlayerDesktop\data\蔡扬的\train\train_0076.json,653,2,False,2,3,2,2, ,-1e+18,-30,3.5999999999999996,0.0,1.0,3,0.0,-10,12,deltaR
train_0076,C:\Users\tao20\Desktop\Algorithm\AIPlayerDesktop\data\蔡扬的\train\train_0076.json,654,1,False,1,3,1,2,T,-1e+18,-30,3.5999999999999996,0.0,1.0,3,0.0,-10,12,deltaR
train_0076,C:\Users\tao20\Desktop\Algorithm\AIPlayerDesktop\data\蔡扬的\train\train_0076.json,654,2,False,2,3,2,2, ,-1e+18,-30,3.5999999999999996,0.0,1.0,4,0.0,-10,12,deltaR
train_0076,C:\Users\tao20\Desktop\Algorithm\AIPlayerDesktop\data\蔡扬的\train\train_0076.json,655,1,False,1,3,1,2,T,-1e+18,-30,3.5999999999999996,0.0,1.0,2,0.0,-10,12,deltaR
train_0076,C:\Users\tao20\Desktop\Algorithm\AIPlayerDesktop\data\蔡扬的\train\train_0076.json,655,2,False,2,3,2,2, ,-1e+18,-30,3.5999999999999996,0.0,1.0,3,0.0,-10,12,deltaR
train_0076,C:\Users\tao20\Desktop\Algorithm\AIPlayerDesktop\data\蔡扬的\train\train_0076.json,656,1,False,1,3,1,2,T,-1e+18,-30,3.5999999999999996,0.0,1.0,3,0.0,-10,12,deltaR
train_0076,C:\Users\tao20\Desktop\Algorithm\AIPlayerDesktop\data\蔡扬的\train\train_0076.json,656,2,False,2,3,2,2, ,-1e+18,-30,3.5999999999999996,0.0,1.0,4,0.0,-10,12,deltaR
train_0076,C:\Users\tao20\Desktop\Algorithm\AIPlayerDesktop\data\蔡扬的\train\train_0076.json,657,1,False,1,3,1,2,T,-1e+18,-30,3.5999999999999996,0.0,1.0,2,0.0,-10,12,deltaR
train_0076,C:\Users\tao20\Desktop\Algorithm\AIPlayerDesktop\data\蔡扬的\train\train_0076.json,657,2,False,2,3,2,2, ,-1e+18,-30,3.5999999999999996,0.0,1.0,3,0.0,-10,12,deltaR
train_0076,C:\Users\tao20\Desktop\Algorithm\AIPlayerDesktop\data\蔡扬的\train\train_0076.json,658,1,False,1,3,1,2,T,-1e+18,-30,3.5999999999999996,0.0,1.0,3,0.0,-10,12,deltaR
train_0076,C:\Users\tao20\Desktop\Algorithm\AIPlayerDesktop\data\蔡扬的\train\train_0076.json,658,2,False,2,3,2,2, ,-1e+18,-30,3.5999999999999996,0.0,1.0,4,0.0,-10,12,deltaR
train_0076,C:\Users\tao20\Desktop\Algorithm\AIPlayerDesktop\data\蔡扬的\train\train_0076.json,659,1,False,1,3,1,2,T,-1e+18,-30,3.5999999999999996,0.0,1.0,2,0.0,-10,12,deltaR
train_0076,C:\Users\tao20\Desktop\Algorithm\AIPlayerDesktop\data\蔡扬的\train\train_0076.json,659,2,False,2,3,2,2, ,-1e+18,-30,3.5999999999999996,0.0,1.0,3,0.0,-10,12,deltaR
train_0076,C:\Users\tao20\Desktop\Algorithm\AIPlayerDesktop\data\蔡扬的\train\train_0076.json,660,1,False,1,3,1,2,T,-1e+18,-30,3.5999999999999996,0.0,1.0,3,0.0,-10,12,deltaR
train_0076,C:\Users\tao20\Desktop\Algorithm\AIPlayerDesktop\data\蔡扬的\train\train_0076.json,660,2,False,2,3,2,2, ,-1e+18,-30,3.5999999999999996,0.0,1.0,4,0.0,-10,12,deltaR
train_0076,C:\Users\tao20\Desktop\Algorithm\AIPlayerDesktop\data\蔡扬的\train\train_0076.json,661,1,False,1,3,1,2,T,-1e+18,-30,3.5999999999999996,0.0,1.0,2,0.0,-10,12,deltaR
train_0076,C:\Users\tao20\Desktop\Algorithm\AIPlayerDesktop\data\蔡扬的\train\train_0076.json,661,2,False,2,3,2,2, ,-1e+18,-30,3.5999999999999996,0.0,1.0,3,0.0,-10,12,deltaR
train_0076,C:\Users\tao20\Desktop\Algorithm\AIPlayerDesktop\data\蔡扬的\train\train_0076.json,662,1,False,1,3,1,2,T,-1e+18,-30,3.5999999999999996,0.0,1.0,3,0.0,-10,12,deltaR
train_0076,C:\Users\tao20\Desktop\Algorithm\AIPlayerDesktop\data\蔡扬的\train\train_0076.json,662,2,False,2,3,2,2, ,-1e+18,-30,3.5999999999999996,0.0,1.0,4,0.0,-10,12,deltaR
train_0076,C:\Users\tao20\Desktop\Algorithm\AIPlayerDesktop\data\蔡扬的\train\train_0076.json,663,1,False,1,3,1,2,T,-1e+18,-30,3.5999999999999996,0.0,1.0,2,0.0,-10,12,deltaR
train_0076,C:\Users\tao20\Desktop\Algorithm\AIPlayerDesktop\data\蔡扬的\train\train_0076.json,663,2,False,2,3,2,2, ,-1e+18,-30,3.5999999999999996,0.0,1.0,3,0.0,-10,12,deltaR
train_0076,C:\Users\tao20\Desktop\Algorithm\AIPlayerDesktop\data\蔡扬的\train\train_0076.json,664,1,False,1,3,1,2,T,-1e+18,-30,3.5999999999999996,0.0,1.0,3,0.0,-10,12,deltaR
train_0076,C:\Users\tao20\Desktop\Algorithm\AIPlayerDesktop\data\蔡扬的\train\train_0076.json,664,2,False,2,3,2,2, ,-1e+18,-30,3.5999999999999996,0.0,1.0,4,0.0,-10,12,deltaR
train_0076,C:\Users\tao20\Desktop\Algorithm\AIPlayerDesktop\data\蔡扬的\train\train_0076.json,665,1,False,1,3,1,2,T,-1e+18,-30,3.5999999999999996,0.0,1.0,2,0.0,-10,12,deltaR
train_0076,C:\Users\tao20\Desktop\Algorithm\AIPlayerDesktop\data\蔡扬的\train\train_0076.json,665,2,False,2,3,2,2, ,-1e+18,-30,3.5999999999999996,0.0,1.0,3,0.0,-10,12,deltaR
train_0076,C:\Users\tao20\Desktop\Algorithm\AIPlayerDesktop\data\蔡扬的\train\train_0076.json,666,1,False,1,3,1,2,T,-1e+18,-30,3.5999999999999996,0.0,1.0,3,0.0,-10,12,deltaR
train_0076,C:\Users\tao20\Desktop\Algorithm\AIPlayerDesktop\data\蔡扬的\train\train_0076.json,666,2,False,2,3,2,2, ,-1e+18,-30,3.5999999999999996,0.0,1.0,4,0.0,-10,12,deltaR
train_0076,C:\Users\tao20\Desktop\Algorithm\AIPlayerDesktop\data\蔡扬的\train\train_0076.json,667,1,False,1,3,1,2,T,-1e+18,-30,3.5999999999999996,0.0,1.0,2,0.0,-10,12,deltaR
train_0076,C:\Users\tao20\Desktop\Algorithm\AIPlayerDesktop\data\蔡扬的\train\train_0076.json,667,2,False,2,3,2,2, ,-1e+18,-30,3.5999999999999996,0.0,1.0,3,0.0,-10,12,deltaR
train_0076,C:\Users\tao20\Desktop\Algorithm\AIPlayerDesktop\data\蔡扬的\train\train_0076.json,668,1,False,1,3,1,2,T,-1e+18,-30,3.5999999999999996,0.0,1.0,3,0.0,-10,12,deltaR
train_0076,C:\Users\tao20\Desktop\Algorithm\AIPlayerDesktop\data\蔡扬的\train\train_0076.json,668,2,False,2,3,2,2, ,-1e+18,-30,3.5999999999999996,0.0,1.0,4,0.0,-10,12,deltaR
train_0076,C:\Users\tao20\Desktop\Algorithm\AIPlayerDesktop\data\蔡扬的\train\train_0076.json,669,1,False,1,3,1,2,T,-1e+18,-30,3.5999999999999996,0.0,1.0,2,0.0,-10,12,deltaR
train_0076,C:\Users\tao20\Desktop\Algorithm\AIPlayerDesktop\data\蔡扬的\train\train_0076.json,669,2,False,2,3,2,2, ,-1e+18,-30,3.5999999999999996,0.0,1.0,3,0.0,-10,12,deltaR
train_0076,C:\Users\tao20\Desktop\Algorithm\AIPlayerDesktop\data\蔡扬的\train\train_0076.json,670,1,False,1,3,1,2,T,-1e+18,-30,3.5999999999999996,0.0,1.0,3,0.0,-10,12,deltaR
train_0076,C:\Users\tao20\Desktop\Algorithm\AIPlayerDesktop\data\蔡扬的\train\train_0076.json,670,2,False,2,3,2,2, ,-1e+18,-30,3.5999999999999996,0.0,1.0,4,0.0,-10,12,deltaR
train_0076,C:\Users\tao20\Desktop\Algorithm\AIPlayerDesktop\data\蔡扬的\train\train_0076.json,671,1,False,1,3,1,2,T,-1e+18,-30,3.5999999999999996,0.0,1.0,2,0.0,-10,12,deltaR
train_0076,C:\Users\tao20\Desktop\Algorithm\AIPlayerDesktop\data\蔡扬的\train\train_0076.json,671,2,False,2,3,2,2, ,-1e+18,-30,3.5999999999999996,0.0,1.0,3,0.0,-10,12,deltaR
train_0076,C:\Users\tao20\Desktop\Algorithm\AIPlayerDesktop\data\蔡扬的\train\train_0076.json,672,1,False,1,3,1,2,T,-1e+18,-30,3.5999999999999996,0.0,1.0,3,0.0,-10,12,deltaR
train_0076,C:\Users\tao20\Desktop\Algorithm\AIPlayerDesktop\data\蔡扬的\train\train_0076.json,672,2,False,2,3,2,2, ,-1e+18,-30,3.5999999999999996,0.0,1.0,4,0.0,-10,12,deltaR
train_0076,C:\Users\tao20\Desktop\Algorithm\AIPlayerDesktop\data\蔡扬的\train\train_0076.json,673,1,False,1,3,1,2,T,-1e+18,-30,3.5999999999999996,0.0,1.0,2,0.0,-10,12,deltaR
train_0076,C:\Users\tao20\Desktop\Algorithm\AIPlayerDesktop\data\蔡扬的\train\train_0076.json,673,2,False,2,3,2,2, ,-1e+18,-30,3.5999999999999996,0.0,1.0,3,0.0,-10,12,deltaR
train_0076,C:\Users\tao20\Desktop\Algorithm\AIPlayerDesktop\data\蔡扬的\train\train_0076.json,674,1,False,1,3,1,2,T,-1e+18,-30,3.5999999999999996,0.0,1.0,3,0.0,-10,12,deltaR
train_0076,C:\Users\tao20\Desktop\Algorithm\AIPlayerDesktop\data\蔡扬的\train\train_0076.json,674,2,False,2,3,2,2, ,-1e+18,-30,3.5999999999999996,0.0,1.0,4,0.0,-10,12,deltaR
train_0076,C:\Users\tao20\Desktop\Algorithm\AIPlayerDesktop\data\蔡扬的\train\train_0076.json,675,1,False,1,3,1,2,T,-1e+18,-30,3.5999999999999996,0.0,1.0,2,0.0,-10,12,deltaR
train_0076,C:\Users\tao20\Desktop\Algorithm\AIPlayerDesktop\data\蔡扬的\train\train_0076.json,675,2,False,2,3,2,2, ,-1e+18,-30,3.5999999999999996,0.0,1.0,3,0.0,-10,12,deltaR
train_0076,C:\Users\tao20\Desktop\Algorithm\AIPlayerDesktop\data\蔡扬的\train\train_0076.json,676,1,False,1,3,1,2,T,-1e+18,-30,3.5999999999999996,0.0,1.0,3,0.0,-10,12,deltaR
train_0076,C:\Users\tao20\Desktop\Algorithm\AIPlayerDesktop\data\蔡扬的\train\train_0076.json,676,2,False,2,3,2,2, ,-1e+18,-30,3.5999999999999996,0.0,1.0,4,0.0,-10,12,deltaR
train_0076,C:\Users\tao20\Desktop\Algorithm\AIPlayerDesktop\data\蔡扬的\train\train_0076.json,677,1,False,1,3,1,2,T,-1e+18,-30,3.5999999999999996,0.0,1.0,2,0.0,-10,12,deltaR
train_0076,C:\Users\tao20\Desktop\Algorithm\AIPlayerDesktop\data\蔡扬的\train\train_0076.json,677,2,False,2,3,2,2, ,-1e+18,-30,3.5999999999999996,0.0,1.0,3,0.0,-10,12,deltaR
train_0076,C:\Users\tao20\Desktop\Algorithm\AIPlayerDesktop\data\蔡扬的\train\train_0076.json,678,1,False,1,3,1,2,T,-1e+18,-30,3.5999999999999996,0.0,1.0,3,0.0,-10,12,deltaR
train_0076,C:\Users\tao20\Desktop\Algorithm\AIPlayerDesktop\data\蔡扬的\train\train_0076.json,678,2,False,2,3,2,2, ,-1e+18,-30,3.5999999999999996,0.0,1.0,4,0.0,-10,12,deltaR
train_0076,C:\Users\tao20\Desktop\Algorithm\AIPlayerDesktop\data\蔡扬的\train\train_0076.json,679,1,False,1,3,1,2,T,-1e+18,-30,3.5999999999999996,0.0,1.0,2,0.0,-10,12,deltaR
train_0076,C:\Users\tao20\Desktop\Algorithm\AIPlayerDesktop\data\蔡扬的\train\train_0076.json,679,2,False,2,3,2,2, ,-1e+18,-30,3.5999999999999996,0.0,1.0,3,0.0,-10,12,deltaR
train_0076,C:\Users\tao20\Desktop\Algorithm\AIPlayerDesktop\data\蔡扬的\train\train_0076.json,680,1,False,1,3,1,2,T,-1e+18,-30,3.5999999999999996,0.0,1.0,3,0.0,-10,12,deltaR
train_0076,C:\Users\tao20\Desktop\Algorithm\AIPlayerDesktop\data\蔡扬的\train\train_0076.json,680,2,False,2,3,2,2, ,-1e+18,-30,3.5999999999999996,0.0,1.0,4,0.0,-10,12,deltaR
train_0076,C:\Users\tao20\Desktop\Algorithm\AIPlayerDesktop\data\蔡扬的\train\train_0076.json,681,1,False,1,3,1,2,T,-1e+18,-30,3.5999999999999996,0.0,1.0,2,0.0,-10,12,deltaR
train_0076,C:\Users\tao20\Desktop\Algorithm\AIPlayerDesktop\data\蔡扬的\train\train_0076.json,681,2,False,2,3,2,2, ,-1e+18,-30,3.5999999999999996,0.0,1.0,3,0.0,-10,12,deltaR
train_0076,C:\Users\tao20\Desktop\Algorithm\AIPlayerDesktop\data\蔡扬的\train\train_0076.json,682,1,False,1,3,1,2,T,-1e+18,-30,3.5999999999999996,0.0,1.0,3,0.0,-10,12,deltaR
train_0076,C:\Users\tao20\Desktop\Algorithm\AIPlayerDesktop\data\蔡扬的\train\train_0076.json,682,2,False,2,3,2,2, ,-1e+18,-30,3.5999999999999996,0.0,1.0,4,0.0,-10,12,deltaR
train_0076,C:\Users\tao20\Desktop\Algorithm\AIPlayerDesktop\data\蔡扬的\train\train_0076.json,683,1,False,1,3,1,2,T,-1e+18,-30,3.5999999999999996,0.0,1.0,2,0.0,-10,12,deltaR
train_0076,C:\Users\tao20\Desktop\Algorithm\AIPlayerDesktop\data\蔡扬的\train\train_0076.json,683,2,False,2,3,2,2, ,-1e+18,-30,3.5999999999999996,0.0,1.0,3,0.0,-10,12,deltaR
train_0076,C:\Users\tao20\Desktop\Algorithm\AIPlayerDesktop\data\蔡扬的\train\train_0076.json,684,1,False,1,3,1,2,T,-1e+18,-30,3.5999999999999996,0.0,1.0,3,0.0,-10,12,deltaR
train_0076,C:\Users\tao20\Desktop\Algorithm\AIPlayerDesktop\data\蔡扬的\train\train_0076.json,684,2,False,2,3,2,2, ,-1e+18,-30,3.5999999999999996,0.0,1.0,4,0.0,-10,12,deltaR
train_0076,C:\Users\tao20\Desktop\Algorithm\AIPlayerDesktop\data\蔡扬的\train\train_0076.json,685,1,False,1,3,1,2,T,-1e+18,-30,3.5999999999999996,0.0,1.0,2,0.0,-10,12,deltaR
train_0076,C:\Users\tao20\Desktop\Algorithm\AIPlayerDesktop\data\蔡扬的\train\train_0076.json,685,2,False,2,3,2,2, ,-1e+18,-30,3.5999999999999996,0.0,1.0,3,0.0,-10,12,deltaR
train_0076,C:\Users\tao20\Desktop\Algorithm\AIPlayerDesktop\data\蔡扬的\train\train_0076.json,686,1,False,1,3,1,2,T,-1e+18,-30,3.5999999999999996,0.0,1.0,3,0.0,-10,12,deltaR
train_0076,C:\Users\tao20\Desktop\Algorithm\AIPlayerDesktop\data\蔡扬的\train\train_0076.json,686,2,False,2,3,2,2, ,-1e+18,-30,3.5999999999999996,0.0,1.0,4,0.0,-10,12,deltaR
train_0076,C:\Users\tao20\Desktop\Algorithm\AIPlayerDesktop\data\蔡扬的\train\train_0076.json,687,1,False,1,3,1,2,T,-1e+18,-30,3.5999999999999996,0.0,1.0,2,0.0,-10,12,deltaR
train_0076,C:\Users\tao20\Desktop\Algorithm\AIPlayerDesktop\data\蔡扬的\train\train_0076.json,687,2,False,2,3,2,2, ,-1e+18,-30,3.5999999999999996,0.0,1.0,3,0.0,-10,12,deltaR
train_0076,C:\Users\tao20\Desktop\Algorithm\AIPlayerDesktop\data\蔡扬的\train\train_0076.json,688,1,False,1,3,1,2,T,-1e+18,-30,3.5999999999999996,0.0,1.0,3,0.0,-10,12,deltaR
train_0076,C:\Users\tao20\Desktop\Algorithm\AIPlayerDesktop\data\蔡扬的\train\train_0076.json,688,2,False,2,3,2,2, ,-1e+18,-30,3.5999999999999996,0.0,1.0,4,0.0,-10,12,deltaR
train_0076,C:\Users\tao20\Desktop\Algorithm\AIPlayerDesktop\data\蔡扬的\train\train_0076.json,689,1,False,1,3,1,2,T,-1e+18,-30,3.5999999999999996,0.0,1.0,2,0.0,-10,12,deltaR
train_0076,C:\Users\tao20\Desktop\Algorithm\AIPlayerDesktop\data\蔡扬的\train\train_0076.json,689,2,False,2,3,2,2, ,-1e+18,-30,3.5999999999999996,0.0,1.0,3,0.0,-10,12,deltaR
train_0076,C:\Users\tao20\Desktop\Algorithm\AIPlayerDesktop\data\蔡扬的\train\train_0076.json,690,1,False,1,3,1,2,T,-1e+18,-30,3.5999999999999996,0.0,1.0,3,0.0,-10,12,deltaR
train_0076,C:\Users\tao20\Desktop\Algorithm\AIPlayerDesktop\data\蔡扬的\train\train_0076.json,690,2,False,2,3,2,2, ,-1e+18,-30,3.5999999999999996,0.0,1.0,4,0.0,-10,12,deltaR
train_0076,C:\Users\tao20\Desktop\Algorithm\AIPlayerDesktop\data\蔡扬的\train\train_0076.json,691,1,False,1,3,1,2,T,-1e+18,-30,3.5999999999999996,0.0,1.0,2,0.0,-10,12,deltaR
train_0076,C:\Users\tao20\Desktop\Algorithm\AIPlayerDesktop\data\蔡扬的\train\train_0076.json,691,2,False,2,3,2,2, ,-1e+18,-30,3.5999999999999996,0.0,1.0,3,0.0,-10,12,deltaR
train_0076,C:\Users\tao20\Desktop\Algorithm\AIPlayerDesktop\data\蔡扬的\train\train_0076.json,692,1,False,1,3,1,2,T,-1e+18,-30,3.5999999999999996,0.0,1.0,3,0.0,-10,12,deltaR
train_0076,C:\Users\tao20\Desktop\Algorithm\AIPlayerDesktop\data\蔡扬的\train\train_0076.json,692,2,False,2,3,2,2, ,-1e+18,-30,3.5999999999999996,0.0,1.0,4,0.0,-10,12,deltaR
train_0076,C:\Users\tao20\Desktop\Algorithm\AIPlayerDesktop\data\蔡扬的\train\train_0076.json,693,1,False,1,3,1,2,T,-1e+18,-30,3.5999999999999996,0.0,1.0,2,0.0,-10,12,deltaR
train_0076,C:\Users\tao20\Desktop\Algorithm\AIPlayerDesktop\data\蔡扬的\train\train_0076.json,693,2,False,2,3,2,2, ,-1e+18,-30,3.5999999999999996,0.0,1.0,3,0.0,-10,12,deltaR
train_0076,C:\Users\tao20\Desktop\Algorithm\AIPlayerDesktop\data\蔡扬的\train\train_0076.json,694,1,False,1,3,1,2,T,-1e+18,-30,3.5999999999999996,0.0,1.0,3,0.0,-10,12,deltaR
train_0076,C:\Users\tao20\Desktop\Algorithm\AIPlayerDesktop\data\蔡扬的\train\train_0076.json,694,2,False,2,3,2,2, ,-1e+18,-30,3.5999999999999996,0.0,1.0,4,0.0,-10,12,deltaR
train_0076,C:\Users\tao20\Desktop\Algorithm\AIPlayerDesktop\data\蔡扬的\train\train_0076.json,695,1,False,1,3,1,2,T,-1e+18,-30,3.5999999999999996,0.0,1.0,2,0.0,-10,12,deltaR
train_0076,C:\Users\tao20\Desktop\Algorithm\AIPlayerDesktop\data\蔡扬的\train\train_0076.json,695,2,False,2,3,2,2, ,-1e+18,-30,3.5999999999999996,0.0,1.0,3,0.0,-10,12,deltaR
train_0076,C:\Users\tao20\Desktop\Algorithm\AIPlayerDesktop\data\蔡扬的\train\train_0076.json,696,1,False,1,3,1,2,T,-1e+18,-30,3.5999999999999996,0.0,1.0,3,0.0,-10,12,deltaR
train_0076,C:\Users\tao20\Desktop\Algorithm\AIPlayerDesktop\data\蔡扬的\train\train_0076.json,696,2,False,2,3,2,2, ,-1e+18,-30,3.5999999999999996,0.0,1.0,4,0.0,-10,12,deltaR
train_0076,C:\Users\tao20\Desktop\Algorithm\AIPlayerDesktop\data\蔡扬的\train\train_0076.json,697,1,False,1,3,1,2,T,-1e+18,-30,3.5999999999999996,0.0,1.0,2,0.0,-10,12,deltaR
train_0076,C:\Users\tao20\Desktop\Algorithm\AIPlayerDesktop\data\蔡扬的\train\train_0076.json,697,2,False,2,3,2,2, ,-1e+18,-30,3.5999999999999996,0.0,1.0,3,0.0,-10,12,deltaR
train_0076,C:\Users\tao20\Desktop\Algorithm\AIPlayerDesktop\data\蔡扬的\train\train_0076.json,698,1,False,1,3,1,2,T,-1e+18,-30,3.5999999999999996,0.0,1.0,3,0.0,-10,12,deltaR
train_0076,C:\Users\tao20\Desktop\Algorithm\AIPlayerDesktop\data\蔡扬的\train\train_0076.json,698,2,False,2,3,2,2, ,-1e+18,-30,3.5999999999999996,0.0,1.0,4,0.0,-10,12,deltaR
train_0076,C:\Users\tao20\Desktop\Algorithm\AIPlayerDesktop\data\蔡扬的\train\train_0076.json,699,1,False,1,3,1,2,T,-1e+18,-30,3.5999999999999996,0.0,1.0,2,0.0,-10,12,deltaR
train_0076,C:\Users\tao20\Desktop\Algorithm\AIPlayerDesktop\data\蔡扬的\train\train_0076.json,699,2,False,2,3,2,2, ,-1e+18,-30,3.5999999999999996,0.0,1.0,3,0.0,-10,12,deltaR
train_0076,C:\Users\tao20\Desktop\Algorithm\AIPlayerDesktop\data\蔡扬的\train\train_0076.json,700,1,False,1,3,1,2,T,-1e+18,-30,3.5999999999999996,0.0,1.0,3,0.0,-10,12,deltaR
train_0076,C:\Users\tao20\Desktop\Algorithm\AIPlayerDesktop\data\蔡扬的\train\train_0076.json,700,2,False,2,3,2,2, ,-1e+18,-30,3.5999999999999996,0.0,1.0,4,0.0,-10,12,deltaR
train_0076,C:\Users\tao20\Desktop\Algorithm\AIPlayerDesktop\data\蔡扬的\train\train_0076.json,701,1,False,1,3,1,2,T,-1e+18,-30,3.5999999999999996,0.0,1.0,2,0.0,-10,12,deltaR
train_0076,C:\Users\tao20\Desktop\Algorithm\AIPlayerDesktop\data\蔡扬的\train\train_0076.json,701,2,False,2,3,2,2, ,-1e+18,-30,3.5999999999999996,0.0,1.0,3,0.0,-10,12,deltaR
train_0076,C:\Users\tao20\Desktop\Algorithm\AIPlayerDesktop\data\蔡扬的\train\train_0076.json,702,1,False,1,3,1,2,T,-1e+18,-30,3.5999999999999996,0.0,1.0,3,0.0,-10,12,deltaR
train_0076,C:\Users\tao20\Desktop\Algorithm\AIPlayerDesktop\data\蔡扬的\train\train_0076.json,702,2,False,2,3,2,2, ,-1e+18,-30,3.5999999999999996,0.0,1.0,4,0.0,-10,12,deltaR
train_0076,C:\Users\tao20\Desktop\Algorithm\AIPlayerDesktop\data\蔡扬的\train\train_0076.json,703,1,False,1,3,1,2,T,-1e+18,-30,3.5999999999999996,0.0,1.0,2,0.0,-10,12,deltaR
train_0076,C:\Users\tao20\Desktop\Algorithm\AIPlayerDesktop\data\蔡扬的\train\train_0076.json,703,2,False,2,3,2,2, ,-1e+18,-30,3.5999999999999996,0.0,1.0,3,0.0,-10,12,deltaR
train_0076,C:\Users\tao20\Desktop\Algorithm\AIPlayerDesktop\data\蔡扬的\train\train_0076.json,704,1,False,1,3,1,2,T,-1e+18,-30,3.5999999999999996,0.0,1.0,3,0.0,-10,12,deltaR
train_0076,C:\Users\tao20\Desktop\Algorithm\AIPlayerDesktop\data\蔡扬的\train\train_0076.json,704,2,False,2,3,2,2, ,-1e+18,-30,3.5999999999999996,0.0,1.0,4,0.0,-10,12,deltaR
train_0076,C:\Users\tao20\Desktop\Algorithm\AIPlayerDesktop\data\蔡扬的\train\train_0076.json,705,1,False,1,3,1,2,T,-1e+18,-30,3.5999999999999996,0.0,1.0,2,0.0,-10,12,deltaR
train_0076,C:\Users\tao20\Desktop\Algorithm\AIPlayerDesktop\data\蔡扬的\train\train_0076.json,705,2,False,2,3,2,2, ,-1e+18,-30,3.5999999999999996,0.0,1.0,3,0.0,-10,12,deltaR
train_0076,C:\Users\tao20\Desktop\Algorithm\AIPlayerDesktop\data\蔡扬的\train\train_0076.json,706,1,False,1,3,1,2,T,-1e+18,-30,3.5999999999999996,0.0,1.0,3,0.0,-10,12,deltaR
train_0076,C:\Users\tao20\Desktop\Algorithm\AIPlayerDesktop\data\蔡扬的\train\train_0076.json,706,2,False,2,3,2,2, ,-1e+18,-30,3.5999999999999996,0.0,1.0,4,0.0,-10,12,deltaR
train_0076,C:\Users\tao20\Desktop\Algorithm\AIPlayerDesktop\data\蔡扬的\train\train_0076.json,707,1,False,1,3,1,2,T,-1e+18,-30,3.5999999999999996,0.0,1.0,2,0.0,-10,12,deltaR
train_0076,C:\Users\tao20\Desktop\Algorithm\AIPlayerDesktop\data\蔡扬的\train\train_0076.json,707,2,False,2,3,2,2, ,-1e+18,-30,3.5999999999999996,0.0,1.0,3,0.0,-10,12,deltaR
train_0076,C:\Users\tao20\Desktop\Algorithm\AIPlayerDesktop\data\蔡扬的\train\train_0076.json,708,1,False,1,3,1,2,T,-1e+18,-30,3.5999999999999996,0.0,1.0,3,0.0,-10,12,deltaR
train_0076,C:\Users\tao20\Desktop\Algorithm\AIPlayerDesktop\data\蔡扬的\train\train_0076.json,708,2,False,2,3,2,2, ,-1e+18,-30,3.5999999999999996,0.0,1.0,4,0.0,-10,12,deltaR
train_0076,C:\Users\tao20\Desktop\Algorithm\AIPlayerDesktop\data\蔡扬的\train\train_0076.json,709,1,False,1,3,1,2,T,-1e+18,-30,3.5999999999999996,0.0,1.0,2,0.0,-10,12,deltaR
train_0076,C:\Users\tao20\Desktop\Algorithm\AIPlayerDesktop\data\蔡扬的\train\train_0076.json,709,2,False,2,3,2,2, ,-1e+18,-30,3.5999999999999996,0.0,1.0,3,0.0,-10,12,deltaR
train_0076,C:\Users\tao20\Desktop\Algorithm\AIPlayerDesktop\data\蔡扬的\train\train_0076.json,710,1,False,1,3,1,2,T,-1e+18,-30,3.5999999999999996,0.0,1.0,3,0.0,-10,12,deltaR
train_0076,C:\Users\tao20\Desktop\Algorithm\AIPlayerDesktop\data\蔡扬的\train\train_0076.json,710,2,False,2,3,2,2, ,-1e+18,-30,3.5999999999999996,0.0,1.0,4,0.0,-10,12,deltaR
train_0076,C:\Users\tao20\Desktop\Algorithm\AIPlayerDesktop\data\蔡扬的\train\train_0076.json,711,1,False,1,3,1,2,T,-1e+18,-30,3.5999999999999996,0.0,1.0,2,0.0,-10,12,deltaR
train_0076,C:\Users\tao20\Desktop\Algorithm\AIPlayerDesktop\data\蔡扬的\train\train_0076.json,711,2,False,2,3,2,2, ,-1e+18,-30,3.5999999999999996,0.0,1.0,3,0.0,-10,12,deltaR
train_0076,C:\Users\tao20\Desktop\Algorithm\AIPlayerDesktop\data\蔡扬的\train\train_0076.json,712,1,False,1,3,1,2,T,-1e+18,-30,3.5999999999999996,0.0,1.0,3,0.0,-10,12,deltaR
train_0076,C:\Users\tao20\Desktop\Algorithm\AIPlayerDesktop\data\蔡扬的\train\train_0076.json,712,2,False,2,3,2,2, ,-1e+18,-30,3.5999999999999996,0.0,1.0,4,0.0,-10,12,deltaR
train_0076,C:\Users\tao20\Desktop\Algorithm\AIPlayerDesktop\data\蔡扬的\train\train_0076.json,713,1,False,1,3,1,2,T,-1e+18,-30,3.5999999999999996,0.0,1.0,2,0.0,-10,12,deltaR
train_0076,C:\Users\tao20\Desktop\Algorithm\AIPlayerDesktop\data\蔡扬的\train\train_0076.json,713,2,False,2,3,2,2, ,-1e+18,-30,3.5999999999999996,0.0,1.0,3,0.0,-10,12,deltaR
train_0076,C:\Users\tao20\Desktop\Algorithm\AIPlayerDesktop\data\蔡扬的\train\train_0076.json,714,1,False,1,3,1,2,T,-1e+18,-30,3.5999999999999996,0.0,1.0,3,0.0,-10,12,deltaR
train_0076,C:\Users\tao20\Desktop\Algorithm\AIPlayerDesktop\data\蔡扬的\train\train_0076.json,714,2,False,2,3,2,2, ,-1e+18,-30,3.5999999999999996,0.0,1.0,4,0.0,-10,12,deltaR
train_0076,C:\Users\tao20\Desktop\Algorithm\AIPlayerDesktop\data\蔡扬的\train\train_0076.json,715,1,False,1,3,1,2,T,-1e+18,-30,3.5999999999999996,0.0,1.0,2,0.0,-10,12,deltaR
train_0076,C:\Users\tao20\Desktop\Algorithm\AIPlayerDesktop\data\蔡扬的\train\train_0076.json,715,2,False,2,3,2,2, ,-1e+18,-30,3.5999999999999996,0.0,1.0,3,0.0,-10,12,deltaR
train_0076,C:\Users\tao20\Desktop\Algorithm\AIPlayerDesktop\data\蔡扬的\train\train_0076.json,716,1,False,1,3,1,2,T,-1e+18,-30,3.5999999999999996,0.0,1.0,3,0.0,-10,12,deltaR
train_0076,C:\Users\tao20\Desktop\Algorithm\AIPlayerDesktop\data\蔡扬的\train\train_0076.json,716,2,False,2,3,2,2, ,-1e+18,-30,3.5999999999999996,0.0,1.0,4,0.0,-10,12,deltaR
train_0076,C:\Users\tao20\Desktop\Algorithm\AIPlayerDesktop\data\蔡扬的\train\train_0076.json,717,1,False,1,3,1,2,T,-1e+18,-30,3.5999999999999996,0.0,1.0,2,0.0,-10,12,deltaR
train_0076,C:\Users\tao20\Desktop\Algorithm\AIPlayerDesktop\data\蔡扬的\train\train_0076.json,717,2,False,2,3,2,2, ,-1e+18,-30,3.5999999999999996,0.0,1.0,3,0.0,-10,12,deltaR
train_0076,C:\Users\tao20\Desktop\Algorithm\AIPlayerDesktop\data\蔡扬的\train\train_0076.json,718,1,False,1,3,1,2,T,-1e+18,-30,3.5999999999999996,0.0,1.0,3,0.0,-10,12,deltaR
train_0076,C:\Users\tao20\Desktop\Algorithm\AIPlayerDesktop\data\蔡扬的\train\train_0076.json,718,2,False,2,3,2,2, ,-1e+18,-30,3.5999999999999996,0.0,1.0,4,0.0,-10,12,deltaR
train_0076,C:\Users\tao20\Desktop\Algorithm\AIPlayerDesktop\data\蔡扬的\train\train_0076.json,719,1,False,1,3,1,2,T,-1e+18,-30,3.5999999999999996,0.0,1.0,2,0.0,-10,12,deltaR
train_0076,C:\Users\tao20\Desktop\Algorithm\AIPlayerDesktop\data\蔡扬的\train\train_0076.json,719,2,False,2,3,2,2, ,-1e+18,-30,3.5999999999999996,0.0,1.0,3,0.0,-10,12,deltaR
train_0076,C:\Users\tao20\Desktop\Algorithm\AIPlayerDesktop\data\蔡扬的\train\train_0076.json,720,1,False,1,3,1,2,T,-1e+18,-30,3.5999999999999996,0.0,1.0,3,0.0,-10,12,deltaR
train_0076,C:\Users\tao20\Desktop\Algorithm\AIPlayerDesktop\data\蔡扬的\train\train_0076.json,720,2,False,2,3,2,2, ,-1e+18,-30,3.5999999999999996,0.0,1.0,4,0.0,-10,12,deltaR
train_0076,C:\Users\tao20\Desktop\Algorithm\AIPlayerDesktop\data\蔡扬的\train\train_0076.json,721,1,False,1,3,1,2,T,-1e+18,-30,3.5999999999999996,0.0,1.0,2,0.0,-10,12,deltaR
train_0076,C:\Users\tao20\Desktop\Algorithm\AIPlayerDesktop\data\蔡扬的\train\train_0076.json,721,2,False,2,3,2,2, ,-1e+18,-30,3.5999999999999996,0.0,1.0,3,0.0,-10,12,deltaR
train_0076,C:\Users\tao20\Desktop\Algorithm\AIPlayerDesktop\data\蔡扬的\train\train_0076.json,722,1,False,1,3,1,2,T,-1e+18,-30,3.5999999999999996,0.0,1.0,3,0.0,-10,12,deltaR
train_0076,C:\Users\tao20\Desktop\Algorithm\AIPlayerDesktop\data\蔡扬的\train\train_0076.json,722,2,False,2,3,2,2, ,-1e+18,-30,3.5999999999999996,0.0,1.0,4,0.0,-10,12,deltaR
train_0076,C:\Users\tao20\Desktop\Algorithm\AIPlayerDesktop\data\蔡扬的\train\train_0076.json,723,1,False,1,3,1,2,T,-1e+18,-30,3.5999999999999996,0.0,1.0,2,0.0,-10,12,deltaR
train_0076,C:\Users\tao20\Desktop\Algorithm\AIPlayerDesktop\data\蔡扬的\train\train_0076.json,723,2,False,2,3,2,2, ,-1e+18,-30,3.5999999999999996,0.0,1.0,3,0.0,-10,12,deltaR
train_0076,C:\Users\tao20\Desktop\Algorithm\AIPlayerDesktop\data\蔡扬的\train\train_0076.json,724,1,False,1,3,1,2,T,-1e+18,-30,3.5999999999999996,0.0,1.0,3,0.0,-10,12,deltaR
train_0076,C:\Users\tao20\Desktop\Algorithm\AIPlayerDesktop\data\蔡扬的\train\train_0076.json,724,2,False,2,3,2,2, ,-1e+18,-30,3.5999999999999996,0.0,1.0,4,0.0,-10,12,deltaR
train_0076,C:\Users\tao20\Desktop\Algorithm\AIPlayerDesktop\data\蔡扬的\train\train_0076.json,725,1,False,1,3,1,2,T,-1e+18,-30,3.5999999999999996,0.0,1.0,2,0.0,-10,12,deltaR
train_0076,C:\Users\tao20\Desktop\Algorithm\AIPlayerDesktop\data\蔡扬的\train\train_0076.json,725,2,False,2,3,2,2, ,-1e+18,-30,3.5999999999999996,0.0,1.0,3,0.0,-10,12,deltaR
train_0076,C:\Users\tao20\Desktop\Algorithm\AIPlayerDesktop\data\蔡扬的\train\train_0076.json,726,1,False,1,3,1,2,T,-1e+18,-30,3.5999999999999996,0.0,1.0,3,0.0,-10,12,deltaR
train_0076,C:\Users\tao20\Desktop\Algorithm\AIPlayerDesktop\data\蔡扬的\train\train_0076.json,726,2,False,2,3,2,2, ,-1e+18,-30,3.5999999999999996,0.0,1.0,4,0.0,-10,12,deltaR
train_0076,C:\Users\tao20\Desktop\Algorithm\AIPlayerDesktop\data\蔡扬的\train\train_0076.json,727,1,False,1,3,1,2,T,-1e+18,-30,3.5999999999999996,0.0,1.0,2,0.0,-10,12,deltaR
train_0076,C:\Users\tao20\Desktop\Algorithm\AIPlayerDesktop\data\蔡扬的\train\train_0076.json,727,2,False,2,3,2,2, ,-1e+18,-30,3.5999999999999996,0.0,1.0,3,0.0,-10,12,deltaR
train_0076,C:\Users\tao20\Desktop\Algorithm\AIPlayerDesktop\data\蔡扬的\train\train_0076.json,728,1,False,1,3,1,2,T,-1e+18,-30,3.5999999999999996,0.0,1.0,3,0.0,-10,12,deltaR
train_0076,C:\Users\tao20\Desktop\Algorithm\AIPlayerDesktop\data\蔡扬的\train\train_0076.json,728,2,False,2,3,2,2, ,-1e+18,-30,3.5999999999999996,0.0,1.0,4,0.0,-10,12,deltaR
train_0076,C:\Users\tao20\Desktop\Algorithm\AIPlayerDesktop\data\蔡扬的\train\train_0076.json,729,1,False,1,3,1,2,T,-1e+18,-30,3.5999999999999996,0.0,1.0,2,0.0,-10,12,deltaR
train_0076,C:\Users\tao20\Desktop\Algorithm\AIPlayerDesktop\data\蔡扬的\train\train_0076.json,729,2,False,2,3,2,2, ,-1e+18,-30,3.5999999999999996,0.0,1.0,3,0.0,-10,12,deltaR
train_0076,C:\Users\tao20\Desktop\Algorithm\AIPlayerDesktop\data\蔡扬的\train\train_0076.json,730,1,False,1,3,1,2,T,-1e+18,-30,3.5999999999999996,0.0,1.0,3,0.0,-10,12,deltaR
train_0076,C:\Users\tao20\Desktop\Algorithm\AIPlayerDesktop\data\蔡扬的\train\train_0076.json,730,2,False,2,3,2,2, ,-1e+18,-30,3.5999999999999996,0.0,1.0,4,0.0,-10,12,deltaR
train_0076,C:\Users\tao20\Desktop\Algorithm\AIPlayerDesktop\data\蔡扬的\train\train_0076.json,731,1,False,1,3,1,2,T,-1e+18,-30,3.5999999999999996,0.0,1.0,2,0.0,-10,12,deltaR
train_0076,C:\Users\tao20\Desktop\Algorithm\AIPlayerDesktop\data\蔡扬的\train\train_0076.json,731,2,False,2,3,2,2, ,-1e+18,-30,3.5999999999999996,0.0,1.0,3,0.0,-10,12,deltaR
train_0076,C:\Users\tao20\Desktop\Algorithm\AIPlayerDesktop\data\蔡扬的\train\train_0076.json,732,1,False,1,3,1,2,T,-1e+18,-30,3.5999999999999996,0.0,1.0,3,0.0,-10,12,deltaR
train_0076,C:\Users\tao20\Desktop\Algorithm\AIPlayerDesktop\data\蔡扬的\train\train_0076.json,732,2,False,2,3,2,2, ,-1e+18,-30,3.5999999999999996,0.0,1.0,4,0.0,-10,12,deltaR
train_0076,C:\Users\tao20\Desktop\Algorithm\AIPlayerDesktop\data\蔡扬的\train\train_0076.json,733,1,False,1,3,1,2,T,-1e+18,-30,3.5999999999999996,0.0,1.0,2,0.0,-10,12,deltaR
train_0076,C:\Users\tao20\Desktop\Algorithm\AIPlayerDesktop\data\蔡扬的\train\train_0076.json,733,2,False,2,3,2,2, ,-1e+18,-30,3.5999999999999996,0.0,1.0,3,0.0,-10,12,deltaR
train_0076,C:\Users\tao20\Desktop\Algorithm\AIPlayerDesktop\data\蔡扬的\train\train_0076.json,734,1,False,1,3,1,2,T,-1e+18,-30,3.5999999999999996,0.0,1.0,3,0.0,-10,12,deltaR
train_0076,C:\Users\tao20\Desktop\Algorithm\AIPlayerDesktop\data\蔡扬的\train\train_0076.json,734,2,False,2,3,2,2, ,-1e+18,-30,3.5999999999999996,0.0,1.0,4,0.0,-10,12,deltaR
train_0076,C:\Users\tao20\Desktop\Algorithm\AIPlayerDesktop\data\蔡扬的\train\train_0076.json,735,1,False,1,3,1,2,T,-1e+18,-30,3.5999999999999996,0.0,1.0,2,0.0,-10,12,deltaR
train_0076,C:\Users\tao20\Desktop\Algorithm\AIPlayerDesktop\data\蔡扬的\train\train_0076.json,735,2,False,2,3,2,2, ,-1e+18,-30,3.5999999999999996,0.0,1.0,3,0.0,-10,12,deltaR
train_0076,C:\Users\tao20\Desktop\Algorithm\AIPlayerDesktop\data\蔡扬的\train\train_0076.json,736,1,False,1,3,1,2,T,-1e+18,-30,3.5999999999999996,0.0,1.0,3,0.0,-10,12,deltaR
train_0076,C:\Users\tao20\Desktop\Algorithm\AIPlayerDesktop\data\蔡扬的\train\train_0076.json,736,2,False,2,3,2,2, ,-1e+18,-30,3.5999999999999996,0.0,1.0,4,0.0,-10,12,deltaR
train_0076,C:\Users\tao20\Desktop\Algorithm\AIPlayerDesktop\data\蔡扬的\train\train_0076.json,737,1,False,1,3,1,2,T,-1e+18,-30,3.5999999999999996,0.0,1.0,2,0.0,-10,12,deltaR
train_0076,C:\Users\tao20\Desktop\Algorithm\AIPlayerDesktop\data\蔡扬的\train\train_0076.json,737,2,False,2,3,2,2, ,-1e+18,-30,3.5999999999999996,0.0,1.0,3,0.0,-10,12,deltaR
train_0076,C:\Users\tao20\Desktop\Algorithm\AIPlayerDesktop\data\蔡扬的\train\train_0076.json,738,1,False,1,3,1,2,T,-1e+18,-30,3.5999999999999996,0.0,1.0,3,0.0,-10,12,deltaR
train_0076,C:\Users\tao20\Desktop\Algorithm\AIPlayerDesktop\data\蔡扬的\train\train_0076.json,738,2,False,2,3,2,2, ,-1e+18,-30,3.5999999999999996,0.0,1.0,4,0.0,-10,12,deltaR
train_0076,C:\Users\tao20\Desktop\Algorithm\AIPlayerDesktop\data\蔡扬的\train\train_0076.json,739,1,False,1,3,1,2,T,-1e+18,-30,3.5999999999999996,0.0,1.0,2,0.0,-10,12,deltaR
train_0076,C:\Users\tao20\Desktop\Algorithm\AIPlayerDesktop\data\蔡扬的\train\train_0076.json,739,2,False,2,3,2,2, ,-1e+18,-30,3.5999999999999996,0.0,1.0,3,0.0,-10,12,deltaR
train_0076,C:\Users\tao20\Desktop\Algorithm\AIPlayerDesktop\data\蔡扬的\train\train_0076.json,740,1,False,1,3,1,2,T,-1e+18,-30,3.5999999999999996,0.0,1.0,3,0.0,-10,12,deltaR
train_0076,C:\Users\tao20\Desktop\Algorithm\AIPlayerDesktop\data\蔡扬的\train\train_0076.json,740,2,False,2,3,2,2, ,-1e+18,-30,3.5999999999999996,0.0,1.0,4,0.0,-10,12,deltaR
train_0076,C:\Users\tao20\Desktop\Algorithm\AIPlayerDesktop\data\蔡扬的\train\train_0076.json,741,1,False,1,3,1,2,T,-1e+18,-30,3.5999999999999996,0.0,1.0,2,0.0,-10,12,deltaR
train_0076,C:\Users\tao20\Desktop\Algorithm\AIPlayerDesktop\data\蔡扬的\train\train_0076.json,741,2,False,2,3,2,2, ,-1e+18,-30,3.5999999999999996,0.0,1.0,3,0.0,-10,12,deltaR
train_0076,C:\Users\tao20\Desktop\Algorithm\AIPlayerDesktop\data\蔡扬的\train\train_0076.json,742,1,False,1,3,1,2,T,-1e+18,-30,3.5999999999999996,0.0,1.0,3,0.0,-10,12,deltaR
train_0076,C:\Users\tao20\Desktop\Algorithm\AIPlayerDesktop\data\蔡扬的\train\train_0076.json,742,2,False,2,3,2,2, ,-1e+18,-30,3.5999999999999996,0.0,1.0,4,0.0,-10,12,deltaR
train_0076,C:\Users\tao20\Desktop\Algorithm\AIPlayerDesktop\data\蔡扬的\train\train_0076.json,743,1,False,1,3,1,2,T,-1e+18,-30,3.5999999999999996,0.0,1.0,2,0.0,-10,12,deltaR
train_0076,C:\Users\tao20\Desktop\Algorithm\AIPlayerDesktop\data\蔡扬的\train\train_0076.json,743,2,False,2,3,2,2, ,-1e+18,-30,3.5999999999999996,0.0,1.0,3,0.0,-10,12,deltaR
train_0076,C:\Users\tao20\Desktop\Algorithm\AIPlayerDesktop\data\蔡扬的\train\train_0076.json,744,1,False,1,3,1,2,T,-1e+18,-30,3.5999999999999996,0.0,1.0,3,0.0,-10,12,deltaR
train_0076,C:\Users\tao20\Desktop\Algorithm\AIPlayerDesktop\data\蔡扬的\train\train_0076.json,744,2,False,2,3,2,2, ,-1e+18,-30,3.5999999999999996,0.0,1.0,4,0.0,-10,12,deltaR
train_0076,C:\Users\tao20\Desktop\Algorithm\AIPlayerDesktop\data\蔡扬的\train\train_0076.json,745,1,False,1,3,1,2,T,-1e+18,-30,3.5999999999999996,0.0,1.0,2,0.0,-10,12,deltaR
train_0076,C:\Users\tao20\Desktop\Algorithm\AIPlayerDesktop\data\蔡扬的\train\train_0076.json,745,2,False,2,3,2,2, ,-1e+18,-30,3.5999999999999996,0.0,1.0,3,0.0,-10,12,deltaR
train_0076,C:\Users\tao20\Desktop\Algorithm\AIPlayerDesktop\data\蔡扬的\train\train_0076.json,746,1,False,1,3,1,2,T,-1e+18,-30,3.5999999999999996,0.0,1.0,3,0.0,-10,12,deltaR
train_0076,C:\Users\tao20\Desktop\Algorithm\AIPlayerDesktop\data\蔡扬的\train\train_0076.json,746,2,False,2,3,2,2, ,-1e+18,-30,3.5999999999999996,0.0,1.0,4,0.0,-10,12,deltaR
train_0076,C:\Users\tao20\Desktop\Algorithm\AIPlayerDesktop\data\蔡扬的\train\train_0076.json,747,1,False,1,3,1,2,T,-1e+18,-30,3.5999999999999996,0.0,1.0,2,0.0,-10,12,deltaR
train_0076,C:\Users\tao20\Desktop\Algorithm\AIPlayerDesktop\data\蔡扬的\train\train_0076.json,747,2,False,2,3,2,2, ,-1e+18,-30,3.5999999999999996,0.0,1.0,3,0.0,-10,12,deltaR
train_0076,C:\Users\tao20\Desktop\Algorithm\AIPlayerDesktop\data\蔡扬的\train\train_0076.json,748,1,False,1,3,1,2,T,-1e+18,-30,3.5999999999999996,0.0,1.0,3,0.0,-10,12,deltaR
train_0076,C:\Users\tao20\Desktop\Algorithm\AIPlayerDesktop\data\蔡扬的\train\train_0076.json,748,2,False,2,3,2,2, ,-1e+18,-30,3.5999999999999996,0.0,1.0,4,0.0,-10,12,deltaR
train_0076,C:\Users\tao20\Desktop\Algorithm\AIPlayerDesktop\data\蔡扬的\train\train_0076.json,749,1,False,1,3,1,2,T,-1e+18,-30,3.5999999999999996,0.0,1.0,2,0.0,-10,12,deltaR
train_0076,C:\Users\tao20\Desktop\Algorithm\AIPlayerDesktop\data\蔡扬的\train\train_0076.json,749,2,False,2,3,2,2, ,-1e+18,-30,3.5999999999999996,0.0,1.0,3,0.0,-10,12,deltaR
train_0076,C:\Users\tao20\Desktop\Algorithm\AIPlayerDesktop\data\蔡扬的\train\train_0076.json,750,1,False,1,3,1,2,T,-1e+18,-30,3.5999999999999996,0.0,1.0,3,0.0,-10,12,deltaR
train_0076,C:\Users\tao20\Desktop\Algorithm\AIPlayerDesktop\data\蔡扬的\train\train_0076.json,750,2,False,2,3,2,2, ,-1e+18,-30,3.5999999999999996,0.0,1.0,4,0.0,-10,12,deltaR
train_0076,C:\Users\tao20\Desktop\Algorithm\AIPlayerDesktop\data\蔡扬的\train\train_0076.json,751,1,False,1,3,1,2,T,-1e+18,-30,3.5999999999999996,0.0,1.0,2,0.0,-10,12,deltaR
train_0076,C:\Users\tao20\Desktop\Algorithm\AIPlayerDesktop\data\蔡扬的\train\train_0076.json,751,2,False,2,3,2,2, ,-1e+18,-30,3.5999999999999996,0.0,1.0,3,0.0,-10,12,deltaR
train_0076,C:\Users\tao20\Desktop\Algorithm\AIPlayerDesktop\data\蔡扬的\train\train_0076.json,752,1,False,1,3,1,2,T,-1e+18,-30,3.5999999999999996,0.0,1.0,3,0.0,-10,12,deltaR
train_0076,C:\Users\tao20\Desktop\Algorithm\AIPlayerDesktop\data\蔡扬的\train\train_0076.json,752,2,False,2,3,2,2, ,-1e+18,-30,3.5999999999999996,0.0,1.0,4,0.0,-10,12,deltaR
train_0076,C:\Users\tao20\Desktop\Algorithm\AIPlayerDesktop\data\蔡扬的\train\train_0076.json,753,1,False,1,3,1,2,T,-1e+18,-30,3.5999999999999996,0.0,1.0,2,0.0,-10,12,deltaR
train_0076,C:\Users\tao20\Desktop\Algorithm\AIPlayerDesktop\data\蔡扬的\train\train_0076.json,753,2,False,2,3,2,2, ,-1e+18,-30,3.5999999999999996,0.0,1.0,3,0.0,-10,12,deltaR
train_0076,C:\Users\tao20\Desktop\Algorithm\AIPlayerDesktop\data\蔡扬的\train\train_0076.json,754,1,False,1,3,1,2,T,-1e+18,-30,3.5999999999999996,0.0,1.0,3,0.0,-10,12,deltaR
train_0076,C:\Users\tao20\Desktop\Algorithm\AIPlayerDesktop\data\蔡扬的\train\train_0076.json,754,2,False,2,3,2,2, ,-1e+18,-30,3.5999999999999996,0.0,1.0,4,0.0,-10,12,deltaR
train_0076,C:\Users\tao20\Desktop\Algorithm\AIPlayerDesktop\data\蔡扬的\train\train_0076.json,755,1,False,1,3,1,2,T,-1e+18,-30,3.5999999999999996,0.0,1.0,2,0.0,-10,12,deltaR
train_0076,C:\Users\tao20\Desktop\Algorithm\AIPlayerDesktop\data\蔡扬的\train\train_0076.json,755,2,False,2,3,2,2, ,-1e+18,-30,3.5999999999999996,0.0,1.0,3,0.0,-10,12,deltaR
train_0076,C:\Users\tao20\Desktop\Algorithm\AIPlayerDesktop\data\蔡扬的\train\train_0076.json,756,1,False,1,3,1,2,T,-1e+18,-30,3.5999999999999996,0.0,1.0,3,0.0,-10,12,deltaR
train_0076,C:\Users\tao20\Desktop\Algorithm\AIPlayerDesktop\data\蔡扬的\train\train_0076.json,756,2,False,2,3,2,2, ,-1e+18,-30,3.5999999999999996,0.0,1.0,4,0.0,-10,12,deltaR
train_0076,C:\Users\tao20\Desktop\Algorithm\AIPlayerDesktop\data\蔡扬的\train\train_0076.json,757,1,False,1,3,1,2,T,-1e+18,-30,3.5999999999999996,0.0,1.0,2,0.0,-10,12,deltaR
train_0076,C:\Users\tao20\Desktop\Algorithm\AIPlayerDesktop\data\蔡扬的\train\train_0076.json,757,2,False,2,3,2,2, ,-1e+18,-30,3.5999999999999996,0.0,1.0,3,0.0,-10,12,deltaR
train_0076,C:\Users\tao20\Desktop\Algorithm\AIPlayerDesktop\data\蔡扬的\train\train_0076.json,758,1,False,1,3,1,2,T,-1e+18,-30,3.5999999999999996,0.0,1.0,3,0.0,-10,12,deltaR
train_0076,C:\Users\tao20\Desktop\Algorithm\AIPlayerDesktop\data\蔡扬的\train\train_0076.json,758,2,False,2,3,2,2, ,-1e+18,-30,3.5999999999999996,0.0,1.0,4,0.0,-10,12,deltaR
train_0076,C:\Users\tao20\Desktop\Algorithm\AIPlayerDesktop\data\蔡扬的\train\train_0076.json,759,1,False,1,3,1,2,T,-1e+18,-30,3.5999999999999996,0.0,1.0,2,0.0,-10,12,deltaR
train_0076,C:\Users\tao20\Desktop\Algorithm\AIPlayerDesktop\data\蔡扬的\train\train_0076.json,759,2,False,2,3,2,2, ,-1e+18,-30,3.5999999999999996,0.0,1.0,3,0.0,-10,12,deltaR
train_0076,C:\Users\tao20\Desktop\Algorithm\AIPlayerDesktop\data\蔡扬的\train\train_0076.json,760,1,False,1,3,1,2,T,-1e+18,-30,3.5999999999999996,0.0,1.0,3,0.0,-10,12,deltaR
train_0076,C:\Users\tao20\Desktop\Algorithm\AIPlayerDesktop\data\蔡扬的\train\train_0076.json,760,2,False,2,3,2,2, ,-1e+18,-30,3.5999999999999996,0.0,1.0,4,0.0,-10,12,deltaR
train_0076,C:\Users\tao20\Desktop\Algorithm\AIPlayerDesktop\data\蔡扬的\train\train_0076.json,761,1,False,1,3,1,2,T,-1e+18,-30,3.5999999999999996,0.0,1.0,2,0.0,-10,12,deltaR
train_0076,C:\Users\tao20\Desktop\Algorithm\AIPlayerDesktop\data\蔡扬的\train\train_0076.json,761,2,False,2,3,2,2, ,-1e+18,-30,3.5999999999999996,0.0,1.0,3,0.0,-10,12,deltaR
train_0076,C:\Users\tao20\Desktop\Algorithm\AIPlayerDesktop\data\蔡扬的\train\train_0076.json,762,1,False,1,3,1,2,T,-1e+18,-30,3.5999999999999996,0.0,1.0,3,0.0,-10,12,deltaR
train_0076,C:\Users\tao20\Desktop\Algorithm\AIPlayerDesktop\data\蔡扬的\train\train_0076.json,762,2,False,2,3,2,2, ,-1e+18,-30,3.5999999999999996,0.0,1.0,4,0.0,-10,12,deltaR
train_0076,C:\Users\tao20\Desktop\Algorithm\AIPlayerDesktop\data\蔡扬的\train\train_0076.json,763,1,False,1,3,1,2,T,-1e+18,-30,3.5999999999999996,0.0,1.0,2,0.0,-10,12,deltaR
train_0076,C:\Users\tao20\Desktop\Algorithm\AIPlayerDesktop\data\蔡扬的\train\train_0076.json,763,2,False,2,3,2,2, ,-1e+18,-30,3.5999999999999996,0.0,1.0,3,0.0,-10,12,deltaR
train_0076,C:\Users\tao20\Desktop\Algorithm\AIPlayerDesktop\data\蔡扬的\train\train_0076.json,764,1,False,1,3,1,2,T,-1e+18,-30,3.5999999999999996,0.0,1.0,3,0.0,-10,12,deltaR
train_0076,C:\Users\tao20\Desktop\Algorithm\AIPlayerDesktop\data\蔡扬的\train\train_0076.json,764,2,False,2,3,2,2, ,-1e+18,-30,3.5999999999999996,0.0,1.0,4,0.0,-10,12,deltaR
train_0076,C:\Users\tao20\Desktop\Algorithm\AIPlayerDesktop\data\蔡扬的\train\train_0076.json,765,1,False,1,3,1,2,T,-1e+18,-30,3.5999999999999996,0.0,1.0,2,0.0,-10,12,deltaR
train_0076,C:\Users\tao20\Desktop\Algorithm\AIPlayerDesktop\data\蔡扬的\train\train_0076.json,765,2,False,2,3,2,2, ,-1e+18,-30,3.5999999999999996,0.0,1.0,3,0.0,-10,12,deltaR
train_0076,C:\Users\tao20\Desktop\Algorithm\AIPlayerDesktop\data\蔡扬的\train\train_0076.json,766,1,False,1,3,1,2,T,-1e+18,-30,3.5999999999999996,0.0,1.0,3,0.0,-10,12,deltaR
train_0076,C:\Users\tao20\Desktop\Algorithm\AIPlayerDesktop\data\蔡扬的\train\train_0076.json,766,2,False,2,3,2,2, ,-1e+18,-30,3.5999999999999996,0.0,1.0,4,0.0,-10,12,deltaR
train_0076,C:\Users\tao20\Desktop\Algorithm\AIPlayerDesktop\data\蔡扬的\train\train_0076.json,767,1,False,1,3,1,2,T,-1e+18,-30,3.5999999999999996,0.0,1.0,2,0.0,-10,12,deltaR
train_0076,C:\Users\tao20\Desktop\Algorithm\AIPlayerDesktop\data\蔡扬的\train\train_0076.json,767,2,False,2,3,2,2, ,-1e+18,-30,3.5999999999999996,0.0,1.0,3,0.0,-10,12,deltaR
train_0076,C:\Users\tao20\Desktop\Algorithm\AIPlayerDesktop\data\蔡扬的\train\train_0076.json,768,1,False,1,3,1,2,T,-1e+18,-30,3.5999999999999996,0.0,1.0,3,0.0,-10,12,deltaR
train_0076,C:\Users\tao20\Desktop\Algorithm\AIPlayerDesktop\data\蔡扬的\train\train_0076.json,768,2,False,2,3,2,2, ,-1e+18,-30,3.5999999999999996,0.0,1.0,4,0.0,-10,12,deltaR
train_0076,C:\Users\tao20\Desktop\Algorithm\AIPlayerDesktop\data\蔡扬的\train\train_0076.json,769,1,False,1,3,1,2,T,-1e+18,-30,3.5999999999999996,0.0,1.0,2,0.0,-10,12,deltaR
train_0076,C:\Users\tao20\Desktop\Algorithm\AIPlayerDesktop\data\蔡扬的\train\train_0076.json,769,2,False,2,3,2,2, ,-1e+18,-30,3.5999999999999996,0.0,1.0,3,0.0,-10,12,deltaR
train_0076,C:\Users\tao20\Desktop\Algorithm\AIPlayerDesktop\data\蔡扬的\train\train_0076.json,770,1,False,1,3,1,2,T,-1e+18,-30,3.5999999999999996,0.0,1.0,3,0.0,-10,12,deltaR
train_0076,C:\Users\tao20\Desktop\Algorithm\AIPlayerDesktop\data\蔡扬的\train\train_0076.json,770,2,False,2,3,2,2, ,-1e+18,-30,3.5999999999999996,0.0,1.0,4,0.0,-10,12,deltaR
train_0076,C:\Users\tao20\Desktop\Algorithm\AIPlayerDesktop\data\蔡扬的\train\train_0076.json,771,1,False,1,3,1,2,T,-1e+18,-30,3.5999999999999996,0.0,1.0,2,0.0,-10,12,deltaR
train_0076,C:\Users\tao20\Desktop\Algorithm\AIPlayerDesktop\data\蔡扬的\train\train_0076.json,771,2,False,2,3,2,2, ,-1e+18,-30,3.5999999999999996,0.0,1.0,3,0.0,-10,12,deltaR
train_0076,C:\Users\tao20\Desktop\Algorithm\AIPlayerDesktop\data\蔡扬的\train\train_0076.json,772,1,False,1,3,1,2,T,-1e+18,-30,3.5999999999999996,0.0,1.0,3,0.0,-10,12,deltaR
train_0076,C:\Users\tao20\Desktop\Algorithm\AIPlayerDesktop\data\蔡扬的\train\train_0076.json,772,2,False,2,3,2,2, ,-1e+18,-30,3.5999999999999996,0.0,1.0,4,0.0,-10,12,deltaR
train_0076,C:\Users\tao20\Desktop\Algorithm\AIPlayerDesktop\data\蔡扬的\train\train_0076.json,773,1,False,1,3,1,2,T,-1e+18,-30,3.5999999999999996,0.0,1.0,2,0.0,-10,12,deltaR
train_0076,C:\Users\tao20\Desktop\Algorithm\AIPlayerDesktop\data\蔡扬的\train\train_0076.json,773,2,False,2,3,2,2, ,-1e+18,-30,3.5999999999999996,0.0,1.0,3,0.0,-10,12,deltaR
train_0076,C:\Users\tao20\Desktop\Algorithm\AIPlayerDesktop\data\蔡扬的\train\train_0076.json,774,1,False,1,3,1,2,T,-1e+18,-30,3.5999999999999996,0.0,1.0,3,0.0,-10,12,deltaR
train_0076,C:\Users\tao20\Desktop\Algorithm\AIPlayerDesktop\data\蔡扬的\train\train_0076.json,774,2,False,2,3,2,2, ,-1e+18,-30,3.5999999999999996,0.0,1.0,4,0.0,-10,12,deltaR
train_0076,C:\Users\tao20\Desktop\Algorithm\AIPlayerDesktop\data\蔡扬的\train\train_0076.json,775,1,False,1,3,1,2,T,-1e+18,-30,3.5999999999999996,0.0,1.0,2,0.0,-10,12,deltaR
train_0076,C:\Users\tao20\Desktop\Algorithm\AIPlayerDesktop\data\蔡扬的\train\train_0076.json,775,2,False,2,3,2,2, ,-1e+18,-30,3.5999999999999996,0.0,1.0,3,0.0,-10,12,deltaR
train_0076,C:\Users\tao20\Desktop\Algorithm\AIPlayerDesktop\data\蔡扬的\train\train_0076.json,776,1,False,1,3,1,2,T,-1e+18,-30,3.5999999999999996,0.0,1.0,3,0.0,-10,12,deltaR
train_0076,C:\Users\tao20\Desktop\Algorithm\AIPlayerDesktop\data\蔡扬的\train\train_0076.json,776,2,False,2,3,2,2, ,-1e+18,-30,3.5999999999999996,0.0,1.0,4,0.0,-10,12,deltaR
train_0076,C:\Users\tao20\Desktop\Algorithm\AIPlayerDesktop\data\蔡扬的\train\train_0076.json,777,1,False,1,3,1,2,T,-1e+18,-30,3.5999999999999996,0.0,1.0,2,0.0,-10,12,deltaR
train_0076,C:\Users\tao20\Desktop\Algorithm\AIPlayerDesktop\data\蔡扬的\train\train_0076.json,777,2,False,2,3,2,2, ,-1e+18,-30,3.5999999999999996,0.0,1.0,3,0.0,-10,12,deltaR
train_0076,C:\Users\tao20\Desktop\Algorithm\AIPlayerDesktop\data\蔡扬的\train\train_0076.json,778,1,False,1,3,1,2,T,-1e+18,-30,3.5999999999999996,0.0,1.0,3,0.0,-10,12,deltaR
train_0076,C:\Users\tao20\Desktop\Algorithm\AIPlayerDesktop\data\蔡扬的\train\train_0076.json,778,2,False,2,3,2,2, ,-1e+18,-30,3.5999999999999996,0.0,1.0,4,0.0,-10,12,deltaR
train_0076,C:\Users\tao20\Desktop\Algorithm\AIPlayerDesktop\data\蔡扬的\train\train_0076.json,779,1,False,1,3,1,2,T,-1e+18,-30,3.5999999999999996,0.0,1.0,2,0.0,-10,12,deltaR
train_0076,C:\Users\tao20\Desktop\Algorithm\AIPlayerDesktop\data\蔡扬的\train\train_0076.json,779,2,False,2,3,2,2, ,-1e+18,-30,3.5999999999999996,0.0,1.0,3,0.0,-10,12,deltaR
train_0076,C:\Users\tao20\Desktop\Algorithm\AIPlayerDesktop\data\蔡扬的\train\train_0076.json,780,1,False,1,3,1,2,T,-1e+18,-30,3.5999999999999996,0.0,1.0,3,0.0,-10,12,deltaR
train_0076,C:\Users\tao20\Desktop\Algorithm\AIPlayerDesktop\data\蔡扬的\train\train_0076.json,780,2,False,2,3,2,2, ,-1e+18,-30,3.5999999999999996,0.0,1.0,4,0.0,-10,12,deltaR
train_0076,C:\Users\tao20\Desktop\Algorithm\AIPlayerDesktop\data\蔡扬的\train\train_0076.json,781,1,False,1,3,1,2,T,-1e+18,-30,3.5999999999999996,0.0,1.0,2,0.0,-10,12,deltaR
train_0076,C:\Users\tao20\Desktop\Algorithm\AIPlayerDesktop\data\蔡扬的\train\train_0076.json,781,2,False,2,3,2,2, ,-1e+18,-30,3.5999999999999996,0.0,1.0,3,0.0,-10,12,deltaR
train_0076,C:\Users\tao20\Desktop\Algorithm\AIPlayerDesktop\data\蔡扬的\train\train_0076.json,782,1,False,1,3,1,2,T,-1e+18,-30,3.5999999999999996,0.0,1.0,3,0.0,-10,12,deltaR
train_0076,C:\Users\tao20\Desktop\Algorithm\AIPlayerDesktop\data\蔡扬的\train\train_0076.json,782,2,False,2,3,2,2, ,-1e+18,-30,3.5999999999999996,0.0,1.0,4,0.0,-10,12,deltaR
train_0076,C:\Users\tao20\Desktop\Algorithm\AIPlayerDesktop\data\蔡扬的\train\train_0076.json,783,1,False,1,3,1,2,T,-1e+18,-30,3.5999999999999996,0.0,1.0,2,0.0,-10,12,deltaR
train_0076,C:\Users\tao20\Desktop\Algorithm\AIPlayerDesktop\data\蔡扬的\train\train_0076.json,783,2,False,2,3,2,2, ,-1e+18,-30,3.5999999999999996,0.0,1.0,3,0.0,-10,12,deltaR
train_0076,C:\Users\tao20\Desktop\Algorithm\AIPlayerDesktop\data\蔡扬的\train\train_0076.json,784,1,False,1,3,1,2,T,-1e+18,-30,3.5999999999999996,0.0,1.0,3,0.0,-10,12,deltaR
train_0076,C:\Users\tao20\Desktop\Algorithm\AIPlayerDesktop\data\蔡扬的\train\train_0076.json,784,2,False,2,3,2,2, ,-1e+18,-30,3.5999999999999996,0.0,1.0,4,0.0,-10,12,deltaR
train_0076,C:\Users\tao20\Desktop\Algorithm\AIPlayerDesktop\data\蔡扬的\train\train_0076.json,785,1,False,1,3,1,2,T,-1e+18,-30,3.5999999999999996,0.0,1.0,2,0.0,-10,12,deltaR
train_0076,C:\Users\tao20\Desktop\Algorithm\AIPlayerDesktop\data\蔡扬的\train\train_0076.json,785,2,False,2,3,2,2, ,-1e+18,-30,3.5999999999999996,0.0,1.0,3,0.0,-10,12,deltaR
train_0076,C:\Users\tao20\Desktop\Algorithm\AIPlayerDesktop\data\蔡扬的\train\train_0076.json,786,1,False,1,3,1,2,T,-1e+18,-30,3.5999999999999996,0.0,1.0,3,0.0,-10,12,deltaR
train_0076,C:\Users\tao20\Desktop\Algorithm\AIPlayerDesktop\data\蔡扬的\train\train_0076.json,786,2,False,2,3,2,2, ,-1e+18,-30,3.5999999999999996,0.0,1.0,4,0.0,-10,12,deltaR
train_0076,C:\Users\tao20\Desktop\Algorithm\AIPlayerDesktop\data\蔡扬的\train\train_0076.json,787,1,False,1,3,1,2,T,-1e+18,-30,3.5999999999999996,0.0,1.0,2,0.0,-10,12,deltaR
train_0076,C:\Users\tao20\Desktop\Algorithm\AIPlayerDesktop\data\蔡扬的\train\train_0076.json,787,2,False,2,3,2,2, ,-1e+18,-30,3.5999999999999996,0.0,1.0,3,0.0,-10,12,deltaR
train_0076,C:\Users\tao20\Desktop\Algorithm\AIPlayerDesktop\data\蔡扬的\train\train_0076.json,788,1,False,1,3,1,2,T,-1e+18,-30,3.5999999999999996,0.0,1.0,3,0.0,-10,12,deltaR
train_0076,C:\Users\tao20\Desktop\Algorithm\AIPlayerDesktop\data\蔡扬的\train\train_0076.json,788,2,False,2,3,2,2, ,-1e+18,-30,3.5999999999999996,0.0,1.0,4,0.0,-10,12,deltaR
train_0076,C:\Users\tao20\Desktop\Algorithm\AIPlayerDesktop\data\蔡扬的\train\train_0076.json,789,1,False,1,3,1,2,T,-1e+18,-30,3.5999999999999996,0.0,1.0,2,0.0,-10,12,deltaR
train_0076,C:\Users\tao20\Desktop\Algorithm\AIPlayerDesktop\data\蔡扬的\train\train_0076.json,789,2,False,2,3,2,2, ,-1e+18,-30,3.5999999999999996,0.0,1.0,3,0.0,-10,12,deltaR
train_0076,C:\Users\tao20\Desktop\Algorithm\AIPlayerDesktop\data\蔡扬的\train\train_0076.json,790,1,False,1,3,1,2,T,-1e+18,-30,3.5999999999999996,0.0,1.0,3,0.0,-10,12,deltaR
train_0076,C:\Users\tao20\Desktop\Algorithm\AIPlayerDesktop\data\蔡扬的\train\train_0076.json,790,2,False,2,3,2,2, ,-1e+18,-30,3.5999999999999996,0.0,1.0,4,0.0,-10,12,deltaR
train_0076,C:\Users\tao20\Desktop\Algorithm\AIPlayerDesktop\data\蔡扬的\train\train_0076.json,791,1,False,1,3,1,2,T,-1e+18,-30,3.5999999999999996,0.0,1.0,2,0.0,-10,12,deltaR
train_0076,C:\Users\tao20\Desktop\Algorithm\AIPlayerDesktop\data\蔡扬的\train\train_0076.json,791,2,False,2,3,2,2, ,-1e+18,-30,3.5999999999999996,0.0,1.0,3,0.0,-10,12,deltaR
train_0076,C:\Users\tao20\Desktop\Algorithm\AIPlayerDesktop\data\蔡扬的\train\train_0076.json,792,1,False,1,3,1,2,T,-1e+18,-30,3.5999999999999996,0.0,1.0,3,0.0,-10,12,deltaR
train_0076,C:\Users\tao20\Desktop\Algorithm\AIPlayerDesktop\data\蔡扬的\train\train_0076.json,792,2,False,2,3,2,2, ,-1e+18,-30,3.5999999999999996,0.0,1.0,4,0.0,-10,12,deltaR
train_0076,C:\Users\tao20\Desktop\Algorithm\AIPlayerDesktop\data\蔡扬的\train\train_0076.json,793,1,False,1,3,1,2,T,-1e+18,-30,3.5999999999999996,0.0,1.0,2,0.0,-10,12,deltaR
train_0076,C:\Users\tao20\Desktop\Algorithm\AIPlayerDesktop\data\蔡扬的\train\train_0076.json,793,2,False,2,3,2,2, ,-1e+18,-30,3.5999999999999996,0.0,1.0,3,0.0,-10,12,deltaR
train_0076,C:\Users\tao20\Desktop\Algorithm\AIPlayerDesktop\data\蔡扬的\train\train_0076.json,794,1,False,1,3,1,2,T,-1e+18,-30,3.5999999999999996,0.0,1.0,3,0.0,-10,12,deltaR
train_0076,C:\Users\tao20\Desktop\Algorithm\AIPlayerDesktop\data\蔡扬的\train\train_0076.json,794,2,False,2,3,2,2, ,-1e+18,-30,3.5999999999999996,0.0,1.0,4,0.0,-10,12,deltaR
train_0076,C:\Users\tao20\Desktop\Algorithm\AIPlayerDesktop\data\蔡扬的\train\train_0076.json,795,1,False,1,3,1,2,T,-1e+18,-30,3.5999999999999996,0.0,1.0,2,0.0,-10,12,deltaR
train_0076,C:\Users\tao20\Desktop\Algorithm\AIPlayerDesktop\data\蔡扬的\train\train_0076.json,795,2,False,2,3,2,2, ,-1e+18,-30,3.5999999999999996,0.0,1.0,3,0.0,-10,12,deltaR
train_0076,C:\Users\tao20\Desktop\Algorithm\AIPlayerDesktop\data\蔡扬的\train\train_0076.json,796,1,False,1,3,1,2,T,-1e+18,-30,3.5999999999999996,0.0,1.0,3,0.0,-10,12,deltaR
train_0076,C:\Users\tao20\Desktop\Algorithm\AIPlayerDesktop\data\蔡扬的\train\train_0076.json,796,2,False,2,3,2,2, ,-1e+18,-30,3.5999999999999996,0.0,1.0,4,0.0,-10,12,deltaR
train_0076,C:\Users\tao20\Desktop\Algorithm\AIPlayerDesktop\data\蔡扬的\train\train_0076.json,797,1,False,1,3,1,2,T,-1e+18,-30,3.5999999999999996,0.0,1.0,2,0.0,-10,12,deltaR
train_0076,C:\Users\tao20\Desktop\Algorithm\AIPlayerDesktop\data\蔡扬的\train\train_0076.json,797,2,False,2,3,2,2, ,-1e+18,-30,3.5999999999999996,0.0,1.0,3,0.0,-10,12,deltaR
train_0076,C:\Users\tao20\Desktop\Algorithm\AIPlayerDesktop\data\蔡扬的\train\train_0076.json,798,1,False,1,3,1,2,T,-1e+18,-30,3.5999999999999996,0.0,1.0,3,0.0,-10,12,deltaR
train_0076,C:\Users\tao20\Desktop\Algorithm\AIPlayerDesktop\data\蔡扬的\train\train_0076.json,798,2,False,2,3,2,2, ,-1e+18,-30,3.5999999999999996,0.0,1.0,4,0.0,-10,12,deltaR
train_0076,C:\Users\tao20\Desktop\Algorithm\AIPlayerDesktop\data\蔡扬的\train\train_0076.json,799,1,False,1,3,1,2,T,-1e+18,-30,3.5999999999999996,0.0,1.0,2,0.0,-10,12,deltaR
train_0076,C:\Users\tao20\Desktop\Algorithm\AIPlayerDesktop\data\蔡扬的\train\train_0076.json,799,2,False,2,3,2,2, ,-1e+18,-30,3.5999999999999996,0.0,1.0,3,0.0,-10,12,deltaR
train_0076,C:\Users\tao20\Desktop\Algorithm\AIPlayerDesktop\data\蔡扬的\train\train_0076.json,800,1,False,1,3,1,2,T,-1e+18,-30,3.5999999999999996,0.0,1.0,3,0.0,-10,12,deltaR
train_0076,C:\Users\tao20\Desktop\Algorithm\AIPlayerDesktop\data\蔡扬的\train\train_0076.json,800,2,False,2,3,2,2, ,-1e+18,-30,3.5999999999999996,0.0,1.0,4,0.0,-10,12,deltaR
train_0076,C:\Users\tao20\Desktop\Algorithm\AIPlayerDesktop\data\蔡扬的\train\train_0076.json,801,1,False,1,3,1,2,T,-1e+18,-30,3.5999999999999996,0.0,1.0,2,0.0,-10,12,deltaR
train_0076,C:\Users\tao20\Desktop\Algorithm\AIPlayerDesktop\data\蔡扬的\train\train_0076.json,801,2,False,2,3,2,2, ,-1e+18,-30,3.5999999999999996,0.0,1.0,3,0.0,-10,12,deltaR
train_0076,C:\Users\tao20\Desktop\Algorithm\AIPlayerDesktop\data\蔡扬的\train\train_0076.json,802,1,False,1,3,1,2,T,-1e+18,-30,3.5999999999999996,0.0,1.0,3,0.0,-10,12,deltaR
train_0076,C:\Users\tao20\Desktop\Algorithm\AIPlayerDesktop\data\蔡扬的\train\train_0076.json,802,2,False,2,3,2,2, ,-1e+18,-30,3.5999999999999996,0.0,1.0,4,0.0,-10,12,deltaR
train_0076,C:\Users\tao20\Desktop\Algorithm\AIPlayerDesktop\data\蔡扬的\train\train_0076.json,803,1,False,1,3,1,2,T,-1e+18,-30,3.5999999999999996,0.0,1.0,2,0.0,-10,12,deltaR
train_0076,C:\Users\tao20\Desktop\Algorithm\AIPlayerDesktop\data\蔡扬的\train\train_0076.json,803,2,False,2,3,2,2, ,-1e+18,-30,3.5999999999999996,0.0,1.0,3,0.0,-10,12,deltaR
train_0076,C:\Users\tao20\Desktop\Algorithm\AIPlayerDesktop\data\蔡扬的\train\train_0076.json,804,1,False,1,3,1,2,T,-1e+18,-30,3.5999999999999996,0.0,1.0,3,0.0,-10,12,deltaR
train_0076,C:\Users\tao20\Desktop\Algorithm\AIPlayerDesktop\data\蔡扬的\train\train_0076.json,804,2,False,2,3,2,2, ,-1e+18,-30,3.5999999999999996,0.0,1.0,4,0.0,-10,12,deltaR
train_0076,C:\Users\tao20\Desktop\Algorithm\AIPlayerDesktop\data\蔡扬的\train\train_0076.json,805,1,False,1,3,1,2,T,-1e+18,-30,3.5999999999999996,0.0,1.0,2,0.0,-10,12,deltaR
train_0076,C:\Users\tao20\Desktop\Algorithm\AIPlayerDesktop\data\蔡扬的\train\train_0076.json,805,2,False,2,3,2,2, ,-1e+18,-30,3.5999999999999996,0.0,1.0,3,0.0,-10,12,deltaR
train_0076,C:\Users\tao20\Desktop\Algorithm\AIPlayerDesktop\data\蔡扬的\train\train_0076.json,806,1,False,1,3,1,2,T,-1e+18,-30,3.5999999999999996,0.0,1.0,3,0.0,-10,12,deltaR
train_0076,C:\Users\tao20\Desktop\Algorithm\AIPlayerDesktop\data\蔡扬的\train\train_0076.json,806,2,False,2,3,2,2, ,-1e+18,-30,3.5999999999999996,0.0,1.0,4,0.0,-10,12,deltaR
train_0076,C:\Users\tao20\Desktop\Algorithm\AIPlayerDesktop\data\蔡扬的\train\train_0076.json,807,1,False,1,3,1,2,T,-1e+18,-30,3.5999999999999996,0.0,1.0,2,0.0,-10,12,deltaR
train_0076,C:\Users\tao20\Desktop\Algorithm\AIPlayerDesktop\data\蔡扬的\train\train_0076.json,807,2,False,2,3,2,2, ,-1e+18,-30,3.5999999999999996,0.0,1.0,3,0.0,-10,12,deltaR
train_0076,C:\Users\tao20\Desktop\Algorithm\AIPlayerDesktop\data\蔡扬的\train\train_0076.json,808,1,False,1,3,1,2,T,-1e+18,-30,3.5999999999999996,0.0,1.0,3,0.0,-10,12,deltaR
train_0076,C:\Users\tao20\Desktop\Algorithm\AIPlayerDesktop\data\蔡扬的\train\train_0076.json,808,2,False,2,3,2,2, ,-1e+18,-30,3.5999999999999996,0.0,1.0,4,0.0,-10,12,deltaR
train_0076,C:\Users\tao20\Desktop\Algorithm\AIPlayerDesktop\data\蔡扬的\train\train_0076.json,809,1,False,1,3,1,2,T,-1e+18,-30,3.5999999999999996,0.0,1.0,2,0.0,-10,12,deltaR
train_0076,C:\Users\tao20\Desktop\Algorithm\AIPlayerDesktop\data\蔡扬的\train\train_0076.json,809,2,False,2,3,2,2, ,-1e+18,-30,3.5999999999999996,0.0,1.0,3,0.0,-10,12,deltaR
train_0076,C:\Users\tao20\Desktop\Algorithm\AIPlayerDesktop\data\蔡扬的\train\train_0076.json,810,1,False,1,3,1,2,T,-1e+18,-30,3.5999999999999996,0.0,1.0,3,0.0,-10,12,deltaR
train_0076,C:\Users\tao20\Desktop\Algorithm\AIPlayerDesktop\data\蔡扬的\train\train_0076.json,810,2,False,2,3,2,2, ,-1e+18,-30,3.5999999999999996,0.0,1.0,4,0.0,-10,12,deltaR
train_0076,C:\Users\tao20\Desktop\Algorithm\AIPlayerDesktop\data\蔡扬的\train\train_0076.json,811,1,False,1,3,1,2,T,-1e+18,-30,3.5999999999999996,0.0,1.0,2,0.0,-10,12,deltaR
train_0076,C:\Users\tao20\Desktop\Algorithm\AIPlayerDesktop\data\蔡扬的\train\train_0076.json,811,2,False,2,3,2,2, ,-1e+18,-30,3.5999999999999996,0.0,1.0,3,0.0,-10,12,deltaR
train_0076,C:\Users\tao20\Desktop\Algorithm\AIPlayerDesktop\data\蔡扬的\train\train_0076.json,812,1,False,1,3,1,2,T,-1e+18,-30,3.5999999999999996,0.0,1.0,3,0.0,-10,12,deltaR
train_0076,C:\Users\tao20\Desktop\Algorithm\AIPlayerDesktop\data\蔡扬的\train\train_0076.json,812,2,False,2,3,2,2, ,-1e+18,-30,3.5999999999999996,0.0,1.0,4,0.0,-10,12,deltaR
train_0076,C:\Users\tao20\Desktop\Algorithm\AIPlayerDesktop\data\蔡扬的\train\train_0076.json,813,1,False,1,3,1,2,T,-1e+18,-30,3.5999999999999996,0.0,1.0,2,0.0,-10,12,deltaR
train_0076,C:\Users\tao20\Desktop\Algorithm\AIPlayerDesktop\data\蔡扬的\train\train_0076.json,813,2,False,2,3,2,2, ,-1e+18,-30,3.5999999999999996,0.0,1.0,3,0.0,-10,12,deltaR
train_0076,C:\Users\tao20\Desktop\Algorithm\AIPlayerDesktop\data\蔡扬的\train\train_0076.json,814,1,False,1,3,1,2,T,-1e+18,-30,3.5999999999999996,0.0,1.0,3,0.0,-10,12,deltaR
train_0076,C:\Users\tao20\Desktop\Algorithm\AIPlayerDesktop\data\蔡扬的\train\train_0076.json,814,2,False,2,3,2,2, ,-1e+18,-30,3.5999999999999996,0.0,1.0,4,0.0,-10,12,deltaR
train_0076,C:\Users\tao20\Desktop\Algorithm\AIPlayerDesktop\data\蔡扬的\train\train_0076.json,815,1,False,1,3,1,2,T,-1e+18,-30,3.5999999999999996,0.0,1.0,2,0.0,-10,12,deltaR
train_0076,C:\Users\tao20\Desktop\Algorithm\AIPlayerDesktop\data\蔡扬的\train\train_0076.json,815,2,False,2,3,2,2, ,-1e+18,-30,3.5999999999999996,0.0,1.0,3,0.0,-10,12,deltaR
train_0076,C:\Users\tao20\Desktop\Algorithm\AIPlayerDesktop\data\蔡扬的\train\train_0076.json,816,1,False,1,3,1,2,T,-1e+18,-30,3.5999999999999996,0.0,1.0,3,0.0,-10,12,deltaR
train_0076,C:\Users\tao20\Desktop\Algorithm\AIPlayerDesktop\data\蔡扬的\train\train_0076.json,816,2,False,2,3,2,2, ,-1e+18,-30,3.5999999999999996,0.0,1.0,4,0.0,-10,12,deltaR
train_0076,C:\Users\tao20\Desktop\Algorithm\AIPlayerDesktop\data\蔡扬的\train\train_0076.json,817,1,False,1,3,1,2,T,-1e+18,-30,3.5999999999999996,0.0,1.0,2,0.0,-10,12,deltaR
train_0076,C:\Users\tao20\Desktop\Algorithm\AIPlayerDesktop\data\蔡扬的\train\train_0076.json,817,2,False,2,3,2,2, ,-1e+18,-30,3.5999999999999996,0.0,1.0,3,0.0,-10,12,deltaR
train_0076,C:\Users\tao20\Desktop\Algorithm\AIPlayerDesktop\data\蔡扬的\train\train_0076.json,818,1,False,1,3,1,2,T,-1e+18,-30,3.5999999999999996,0.0,1.0,3,0.0,-10,12,deltaR
train_0076,C:\Users\tao20\Desktop\Algorithm\AIPlayerDesktop\data\蔡扬的\train\train_0076.json,818,2,False,2,3,2,2, ,-1e+18,-30,3.5999999999999996,0.0,1.0,4,0.0,-10,12,deltaR
train_0076,C:\Users\tao20\Desktop\Algorithm\AIPlayerDesktop\data\蔡扬的\train\train_0076.json,819,1,False,1,3,1,2,T,-1e+18,-30,3.5999999999999996,0.0,1.0,2,0.0,-10,12,deltaR
train_0076,C:\Users\tao20\Desktop\Algorithm\AIPlayerDesktop\data\蔡扬的\train\train_0076.json,819,2,False,2,3,2,2, ,-1e+18,-30,3.5999999999999996,0.0,1.0,3,0.0,-10,12,deltaR
train_0076,C:\Users\tao20\Desktop\Algorithm\AIPlayerDesktop\data\蔡扬的\train\train_0076.json,820,1,False,1,3,1,2,T,-1e+18,-30,3.5999999999999996,0.0,1.0,3,0.0,-10,12,deltaR
train_0076,C:\Users\tao20\Desktop\Algorithm\AIPlayerDesktop\data\蔡扬的\train\train_0076.json,820,2,False,2,3,2,2, ,-1e+18,-30,3.5999999999999996,0.0,1.0,4,0.0,-10,12,deltaR
train_0076,C:\Users\tao20\Desktop\Algorithm\AIPlayerDesktop\data\蔡扬的\train\train_0076.json,821,1,False,1,3,1,2,T,-1e+18,-30,3.5999999999999996,0.0,1.0,2,0.0,-10,12,deltaR
train_0076,C:\Users\tao20\Desktop\Algorithm\AIPlayerDesktop\data\蔡扬的\train\train_0076.json,821,2,False,2,3,2,2, ,-1e+18,-30,3.5999999999999996,0.0,1.0,3,0.0,-10,12,deltaR
train_0076,C:\Users\tao20\Desktop\Algorithm\AIPlayerDesktop\data\蔡扬的\train\train_0076.json,822,1,False,1,3,1,2,T,-1e+18,-30,3.5999999999999996,0.0,1.0,3,0.0,-10,12,deltaR
train_0076,C:\Users\tao20\Desktop\Algorithm\AIPlayerDesktop\data\蔡扬的\train\train_0076.json,822,2,False,2,3,2,2, ,-1e+18,-30,3.5999999999999996,0.0,1.0,4,0.0,-10,12,deltaR
train_0076,C:\Users\tao20\Desktop\Algorithm\AIPlayerDesktop\data\蔡扬的\train\train_0076.json,823,1,False,1,3,1,2,T,-1e+18,-30,3.5999999999999996,0.0,1.0,2,0.0,-10,12,deltaR
train_0076,C:\Users\tao20\Desktop\Algorithm\AIPlayerDesktop\data\蔡扬的\train\train_0076.json,823,2,False,2,3,2,2, ,-1e+18,-30,3.5999999999999996,0.0,1.0,3,0.0,-10,12,deltaR
train_0076,C:\Users\tao20\Desktop\Algorithm\AIPlayerDesktop\data\蔡扬的\train\train_0076.json,824,1,False,1,3,1,2,T,-1e+18,-30,3.5999999999999996,0.0,1.0,3,0.0,-10,12,deltaR
train_0076,C:\Users\tao20\Desktop\Algorithm\AIPlayerDesktop\data\蔡扬的\train\train_0076.json,824,2,False,2,3,2,2, ,-1e+18,-30,3.5999999999999996,0.0,1.0,4,0.0,-10,12,deltaR
train_0076,C:\Users\tao20\Desktop\Algorithm\AIPlayerDesktop\data\蔡扬的\train\train_0076.json,825,1,False,1,3,1,2,T,-1e+18,-30,3.5999999999999996,0.0,1.0,2,0.0,-10,12,deltaR
train_0076,C:\Users\tao20\Desktop\Algorithm\AIPlayerDesktop\data\蔡扬的\train\train_0076.json,825,2,False,2,3,2,2, ,-1e+18,-30,3.5999999999999996,0.0,1.0,3,0.0,-10,12,deltaR
train_0076,C:\Users\tao20\Desktop\Algorithm\AIPlayerDesktop\data\蔡扬的\train\train_0076.json,826,1,False,1,3,1,2,T,-1e+18,-30,3.5999999999999996,0.0,1.0,3,0.0,-10,12,deltaR
train_0076,C:\Users\tao20\Desktop\Algorithm\AIPlayerDesktop\data\蔡扬的\train\train_0076.json,826,2,False,2,3,2,2, ,-1e+18,-30,3.5999999999999996,0.0,1.0,4,0.0,-10,12,deltaR
train_0076,C:\Users\tao20\Desktop\Algorithm\AIPlayerDesktop\data\蔡扬的\train\train_0076.json,827,1,False,1,3,1,2,T,-1e+18,-30,3.5999999999999996,0.0,1.0,2,0.0,-10,12,deltaR
train_0076,C:\Users\tao20\Desktop\Algorithm\AIPlayerDesktop\data\蔡扬的\train\train_0076.json,827,2,False,2,3,2,2, ,-1e+18,-30,3.5999999999999996,0.0,1.0,3,0.0,-10,12,deltaR
train_0076,C:\Users\tao20\Desktop\Algorithm\AIPlayerDesktop\data\蔡扬的\train\train_0076.json,828,1,False,1,3,1,2,T,-1e+18,-30,3.5999999999999996,0.0,1.0,3,0.0,-10,12,deltaR
train_0076,C:\Users\tao20\Desktop\Algorithm\AIPlayerDesktop\data\蔡扬的\train\train_0076.json,828,2,False,2,3,2,2, ,-1e+18,-30,3.5999999999999996,0.0,1.0,4,0.0,-10,12,deltaR
train_0076,C:\Users\tao20\Desktop\Algorithm\AIPlayerDesktop\data\蔡扬的\train\train_0076.json,829,1,False,1,3,1,2,T,-1e+18,-30,3.5999999999999996,0.0,1.0,2,0.0,-10,12,deltaR
train_0076,C:\Users\tao20\Desktop\Algorithm\AIPlayerDesktop\data\蔡扬的\train\train_0076.json,829,2,False,2,3,2,2, ,-1e+18,-30,3.5999999999999996,0.0,1.0,3,0.0,-10,12,deltaR
train_0076,C:\Users\tao20\Desktop\Algorithm\AIPlayerDesktop\data\蔡扬的\train\train_0076.json,830,1,False,1,3,1,2,T,-1e+18,-30,3.5999999999999996,0.0,1.0,3,0.0,-10,12,deltaR
train_0076,C:\Users\tao20\Desktop\Algorithm\AIPlayerDesktop\data\蔡扬的\train\train_0076.json,830,2,False,2,3,2,2, ,-1e+18,-30,3.5999999999999996,0.0,1.0,4,0.0,-10,12,deltaR
train_0076,C:\Users\tao20\Desktop\Algorithm\AIPlayerDesktop\data\蔡扬的\train\train_0076.json,831,1,False,1,3,1,2,T,-1e+18,-30,3.5999999999999996,0.0,1.0,2,0.0,-10,12,deltaR
train_0076,C:\Users\tao20\Desktop\Algorithm\AIPlayerDesktop\data\蔡扬的\train\train_0076.json,831,2,False,2,3,2,2, ,-1e+18,-30,3.5999999999999996,0.0,1.0,3,0.0,-10,12,deltaR
train_0076,C:\Users\tao20\Desktop\Algorithm\AIPlayerDesktop\data\蔡扬的\train\train_0076.json,832,1,False,1,3,1,2,T,-1e+18,-30,3.5999999999999996,0.0,1.0,3,0.0,-10,12,deltaR
train_0076,C:\Users\tao20\Desktop\Algorithm\AIPlayerDesktop\data\蔡扬的\train\train_0076.json,832,2,False,2,3,2,2, ,-1e+18,-30,3.5999999999999996,0.0,1.0,4,0.0,-10,12,deltaR
train_0076,C:\Users\tao20\Desktop\Algorithm\AIPlayerDesktop\data\蔡扬的\train\train_0076.json,833,1,False,1,3,1,2,T,-1e+18,-30,3.5999999999999996,0.0,1.0,2,0.0,-10,12,deltaR
train_0076,C:\Users\tao20\Desktop\Algorithm\AIPlayerDesktop\data\蔡扬的\train\train_0076.json,833,2,False,2,3,2,2, ,-1e+18,-30,3.5999999999999996,0.0,1.0,3,0.0,-10,12,deltaR
train_0076,C:\Users\tao20\Desktop\Algorithm\AIPlayerDesktop\data\蔡扬的\train\train_0076.json,834,1,False,1,3,1,2,T,-1e+18,-30,3.5999999999999996,0.0,1.0,3,0.0,-10,12,deltaR
train_0076,C:\Users\tao20\Desktop\Algorithm\AIPlayerDesktop\data\蔡扬的\train\train_0076.json,834,2,False,2,3,2,2, ,-1e+18,-30,3.5999999999999996,0.0,1.0,4,0.0,-10,12,deltaR
train_0076,C:\Users\tao20\Desktop\Algorithm\AIPlayerDesktop\data\蔡扬的\train\train_0076.json,835,1,False,1,3,1,2,T,-1e+18,-30,3.5999999999999996,0.0,1.0,2,0.0,-10,12,deltaR
train_0076,C:\Users\tao20\Desktop\Algorithm\AIPlayerDesktop\data\蔡扬的\train\train_0076.json,835,2,False,2,3,2,2, ,-1e+18,-30,3.5999999999999996,0.0,1.0,3,0.0,-10,12,deltaR
train_0076,C:\Users\tao20\Desktop\Algorithm\AIPlayerDesktop\data\蔡扬的\train\train_0076.json,836,1,False,1,3,1,2,T,-1e+18,-30,3.5999999999999996,0.0,1.0,3,0.0,-10,12,deltaR
train_0076,C:\Users\tao20\Desktop\Algorithm\AIPlayerDesktop\data\蔡扬的\train\train_0076.json,836,2,False,2,3,2,2, ,-1e+18,-30,3.5999999999999996,0.0,1.0,4,0.0,-10,12,deltaR
train_0076,C:\Users\tao20\Desktop\Algorithm\AIPlayerDesktop\data\蔡扬的\train\train_0076.json,837,1,False,1,3,1,2,T,-1e+18,-30,3.5999999999999996,0.0,1.0,2,0.0,-10,12,deltaR
train_0076,C:\Users\tao20\Desktop\Algorithm\AIPlayerDesktop\data\蔡扬的\train\train_0076.json,837,2,False,2,3,2,2, ,-1e+18,-30,3.5999999999999996,0.0,1.0,3,0.0,-10,12,deltaR
train_0076,C:\Users\tao20\Desktop\Algorithm\AIPlayerDesktop\data\蔡扬的\train\train_0076.json,838,1,False,1,3,1,2,T,-1e+18,-30,3.5999999999999996,0.0,1.0,3,0.0,-10,12,deltaR
train_0076,C:\Users\tao20\Desktop\Algorithm\AIPlayerDesktop\data\蔡扬的\train\train_0076.json,838,2,False,2,3,2,2, ,-1e+18,-30,3.5999999999999996,0.0,1.0,4,0.0,-10,12,deltaR
train_0076,C:\Users\tao20\Desktop\Algorithm\AIPlayerDesktop\data\蔡扬的\train\train_0076.json,839,1,False,1,3,1,2,T,-1e+18,-30,3.5999999999999996,0.0,1.0,2,0.0,-10,12,deltaR
train_0076,C:\Users\tao20\Desktop\Algorithm\AIPlayerDesktop\data\蔡扬的\train\train_0076.json,839,2,False,2,3,2,2, ,-1e+18,-30,3.5999999999999996,0.0,1.0,3,0.0,-10,12,deltaR
train_0076,C:\Users\tao20\Desktop\Algorithm\AIPlayerDesktop\data\蔡扬的\train\train_0076.json,840,1,False,1,3,1,2,T,-1e+18,-30,3.5999999999999996,0.0,1.0,3,0.0,-10,12,deltaR
train_0076,C:\Users\tao20\Desktop\Algorithm\AIPlayerDesktop\data\蔡扬的\train\train_0076.json,840,2,False,2,3,2,2, ,-1e+18,-30,3.5999999999999996,0.0,1.0,4,0.0,-10,12,deltaR
train_0076,C:\Users\tao20\Desktop\Algorithm\AIPlayerDesktop\data\蔡扬的\train\train_0076.json,841,1,False,1,3,1,2,T,-1e+18,-30,3.5999999999999996,0.0,1.0,2,0.0,-10,12,deltaR
train_0076,C:\Users\tao20\Desktop\Algorithm\AIPlayerDesktop\data\蔡扬的\train\train_0076.json,841,2,False,2,3,2,2, ,-1e+18,-30,3.5999999999999996,0.0,1.0,3,0.0,-10,12,deltaR
train_0076,C:\Users\tao20\Desktop\Algorithm\AIPlayerDesktop\data\蔡扬的\train\train_0076.json,842,1,False,1,3,1,2,T,-1e+18,-30,3.5999999999999996,0.0,1.0,3,0.0,-10,12,deltaR
train_0076,C:\Users\tao20\Desktop\Algorithm\AIPlayerDesktop\data\蔡扬的\train\train_0076.json,842,2,False,2,3,2,2, ,-1e+18,-30,3.5999999999999996,0.0,1.0,4,0.0,-10,12,deltaR
train_0076,C:\Users\tao20\Desktop\Algorithm\AIPlayerDesktop\data\蔡扬的\train\train_0076.json,843,1,False,1,3,1,2,T,-1e+18,-30,3.5999999999999996,0.0,1.0,2,0.0,-10,12,deltaR
train_0076,C:\Users\tao20\Desktop\Algorithm\AIPlayerDesktop\data\蔡扬的\train\train_0076.json,843,2,False,2,3,2,2, ,-1e+18,-30,3.5999999999999996,0.0,1.0,3,0.0,-10,12,deltaR
train_0076,C:\Users\tao20\Desktop\Algorithm\AIPlayerDesktop\data\蔡扬的\train\train_0076.json,844,1,False,1,3,1,2,T,-1e+18,-30,3.5999999999999996,0.0,1.0,3,0.0,-10,12,deltaR
train_0076,C:\Users\tao20\Desktop\Algorithm\AIPlayerDesktop\data\蔡扬的\train\train_0076.json,844,2,False,2,3,2,2, ,-1e+18,-30,3.5999999999999996,0.0,1.0,4,0.0,-10,12,deltaR
train_0076,C:\Users\tao20\Desktop\Algorithm\AIPlayerDesktop\data\蔡扬的\train\train_0076.json,845,1,False,1,3,1,2,T,-1e+18,-30,3.5999999999999996,0.0,1.0,2,0.0,-10,12,deltaR
train_0076,C:\Users\tao20\Desktop\Algorithm\AIPlayerDesktop\data\蔡扬的\train\train_0076.json,845,2,False,2,3,2,2, ,-1e+18,-30,3.5999999999999996,0.0,1.0,3,0.0,-10,12,deltaR
train_0076,C:\Users\tao20\Desktop\Algorithm\AIPlayerDesktop\data\蔡扬的\train\train_0076.json,846,1,False,1,3,1,2,T,-1e+18,-30,3.5999999999999996,0.0,1.0,3,0.0,-10,12,deltaR
train_0076,C:\Users\tao20\Desktop\Algorithm\AIPlayerDesktop\data\蔡扬的\train\train_0076.json,846,2,False,2,3,2,2, ,-1e+18,-30,3.5999999999999996,0.0,1.0,4,0.0,-10,12,deltaR
train_0076,C:\Users\tao20\Desktop\Algorithm\AIPlayerDesktop\data\蔡扬的\train\train_0076.json,847,1,False,1,3,1,2,T,-1e+18,-30,3.5999999999999996,0.0,1.0,2,0.0,-10,12,deltaR
train_0076,C:\Users\tao20\Desktop\Algorithm\AIPlayerDesktop\data\蔡扬的\train\train_0076.json,847,2,False,2,3,2,2, ,-1e+18,-30,3.5999999999999996,0.0,1.0,3,0.0,-10,12,deltaR
train_0076,C:\Users\tao20\Desktop\Algorithm\AIPlayerDesktop\data\蔡扬的\train\train_0076.json,848,1,False,1,3,1,2,T,-1e+18,-30,3.5999999999999996,0.0,1.0,3,0.0,-10,12,deltaR
train_0076,C:\Users\tao20\Desktop\Algorithm\AIPlayerDesktop\data\蔡扬的\train\train_0076.json,848,2,False,2,3,2,2, ,-1e+18,-30,3.5999999999999996,0.0,1.0,4,0.0,-10,12,deltaR
train_0076,C:\Users\tao20\Desktop\Algorithm\AIPlayerDesktop\data\蔡扬的\train\train_0076.json,849,1,False,1,3,1,2,T,-1e+18,-30,3.5999999999999996,0.0,1.0,2,0.0,-10,12,deltaR
train_0076,C:\Users\tao20\Desktop\Algorithm\AIPlayerDesktop\data\蔡扬的\train\train_0076.json,849,2,False,2,3,2,2, ,-1e+18,-30,3.5999999999999996,0.0,1.0,3,0.0,-10,12,deltaR
train_0076,C:\Users\tao20\Desktop\Algorithm\AIPlayerDesktop\data\蔡扬的\train\train_0076.json,850,1,False,1,3,1,2,T,-1e+18,-30,3.5999999999999996,0.0,1.0,3,0.0,-10,12,deltaR
train_0076,C:\Users\tao20\Desktop\Algorithm\AIPlayerDesktop\data\蔡扬的\train\train_0076.json,850,2,False,2,3,2,2, ,-1e+18,-30,3.5999999999999996,0.0,1.0,4,0.0,-10,12,deltaR
train_0076,C:\Users\tao20\Desktop\Algorithm\AIPlayerDesktop\data\蔡扬的\train\train_0076.json,851,1,False,1,3,1,2,T,-1e+18,-30,3.5999999999999996,0.0,1.0,2,0.0,-10,12,deltaR
train_0076,C:\Users\tao20\Desktop\Algorithm\AIPlayerDesktop\data\蔡扬的\train\train_0076.json,851,2,False,2,3,2,2, ,-1e+18,-30,3.5999999999999996,0.0,1.0,3,0.0,-10,12,deltaR
train_0076,C:\Users\tao20\Desktop\Algorithm\AIPlayerDesktop\data\蔡扬的\train\train_0076.json,852,1,False,1,3,1,2,T,-1e+18,-30,3.5999999999999996,0.0,1.0,3,0.0,-10,12,deltaR
train_0076,C:\Users\tao20\Desktop\Algorithm\AIPlayerDesktop\data\蔡扬的\train\train_0076.json,852,2,False,2,3,2,2, ,-1e+18,-30,3.5999999999999996,0.0,1.0,4,0.0,-10,12,deltaR
train_0076,C:\Users\tao20\Desktop\Algorithm\AIPlayerDesktop\data\蔡扬的\train\train_0076.json,853,1,False,1,3,1,2,T,-1e+18,-30,3.5999999999999996,0.0,1.0,2,0.0,-10,12,deltaR
train_0076,C:\Users\tao20\Desktop\Algorithm\AIPlayerDesktop\data\蔡扬的\train\train_0076.json,853,2,False,2,3,2,2, ,-1e+18,-30,3.5999999999999996,0.0,1.0,3,0.0,-10,12,deltaR
train_0076,C:\Users\tao20\Desktop\Algorithm\AIPlayerDesktop\data\蔡扬的\train\train_0076.json,854,1,False,1,3,1,2,T,-1e+18,-30,3.5999999999999996,0.0,1.0,3,0.0,-10,12,deltaR
train_0076,C:\Users\tao20\Desktop\Algorithm\AIPlayerDesktop\data\蔡扬的\train\train_0076.json,854,2,False,2,3,2,2, ,-1e+18,-30,3.5999999999999996,0.0,1.0,4,0.0,-10,12,deltaR
train_0076,C:\Users\tao20\Desktop\Algorithm\AIPlayerDesktop\data\蔡扬的\train\train_0076.json,855,1,False,1,3,1,2,T,-1e+18,-30,3.5999999999999996,0.0,1.0,2,0.0,-10,12,deltaR
train_0076,C:\Users\tao20\Desktop\Algorithm\AIPlayerDesktop\data\蔡扬的\train\train_0076.json,855,2,False,2,3,2,2, ,-1e+18,-30,3.5999999999999996,0.0,1.0,3,0.0,-10,12,deltaR
train_0076,C:\Users\tao20\Desktop\Algorithm\AIPlayerDesktop\data\蔡扬的\train\train_0076.json,856,1,False,1,3,1,2,T,-1e+18,-30,3.5999999999999996,0.0,1.0,3,0.0,-10,12,deltaR
train_0076,C:\Users\tao20\Desktop\Algorithm\AIPlayerDesktop\data\蔡扬的\train\train_0076.json,856,2,False,2,3,2,2, ,-1e+18,-30,3.5999999999999996,0.0,1.0,4,0.0,-10,12,deltaR
train_0076,C:\Users\tao20\Desktop\Algorithm\AIPlayerDesktop\data\蔡扬的\train\train_0076.json,857,1,False,1,3,1,2,T,-1e+18,-30,3.5999999999999996,0.0,1.0,2,0.0,-10,12,deltaR
train_0076,C:\Users\tao20\Desktop\Algorithm\AIPlayerDesktop\data\蔡扬的\train\train_0076.json,857,2,False,2,3,2,2, ,-1e+18,-30,3.5999999999999996,0.0,1.0,3,0.0,-10,12,deltaR
train_0076,C:\Users\tao20\Desktop\Algorithm\AIPlayerDesktop\data\蔡扬的\train\train_0076.json,858,1,False,1,3,1,2,T,-1e+18,-30,3.5999999999999996,0.0,1.0,3,0.0,-10,12,deltaR
train_0076,C:\Users\tao20\Desktop\Algorithm\AIPlayerDesktop\data\蔡扬的\train\train_0076.json,858,2,False,2,3,2,2, ,-1e+18,-30,3.5999999999999996,0.0,1.0,4,0.0,-10,12,deltaR
train_0076,C:\Users\tao20\Desktop\Algorithm\AIPlayerDesktop\data\蔡扬的\train\train_0076.json,859,1,False,1,3,1,2,T,-1e+18,-30,3.5999999999999996,0.0,1.0,2,0.0,-10,12,deltaR
train_0076,C:\Users\tao20\Desktop\Algorithm\AIPlayerDesktop\data\蔡扬的\train\train_0076.json,859,2,False,2,3,2,2, ,-1e+18,-30,3.5999999999999996,0.0,1.0,3,0.0,-10,12,deltaR
train_0076,C:\Users\tao20\Desktop\Algorithm\AIPlayerDesktop\data\蔡扬的\train\train_0076.json,860,1,False,1,3,1,2,T,-1e+18,-30,3.5999999999999996,0.0,1.0,3,0.0,-10,12,deltaR
train_0076,C:\Users\tao20\Desktop\Algorithm\AIPlayerDesktop\data\蔡扬的\train\train_0076.json,860,2,False,2,3,2,2, ,-1e+18,-30,3.5999999999999996,0.0,1.0,4,0.0,-10,12,deltaR
train_0076,C:\Users\tao20\Desktop\Algorithm\AIPlayerDesktop\data\蔡扬的\train\train_0076.json,861,1,False,1,3,1,2,T,-1e+18,-30,3.5999999999999996,0.0,1.0,2,0.0,-10,12,deltaR
train_0076,C:\Users\tao20\Desktop\Algorithm\AIPlayerDesktop\data\蔡扬的\train\train_0076.json,861,2,False,2,3,2,2, ,-1e+18,-30,3.5999999999999996,0.0,1.0,3,0.0,-10,12,deltaR
train_0076,C:\Users\tao20\Desktop\Algorithm\AIPlayerDesktop\data\蔡扬的\train\train_0076.json,862,1,False,1,3,1,2,T,-1e+18,-30,3.5999999999999996,0.0,1.0,3,0.0,-10,12,deltaR
train_0076,C:\Users\tao20\Desktop\Algorithm\AIPlayerDesktop\data\蔡扬的\train\train_0076.json,862,2,False,2,3,2,2, ,-1e+18,-30,3.5999999999999996,0.0,1.0,4,0.0,-10,12,deltaR
train_0076,C:\Users\tao20\Desktop\Algorithm\AIPlayerDesktop\data\蔡扬的\train\train_0076.json,863,1,False,1,3,1,2,T,-1e+18,-30,3.5999999999999996,0.0,1.0,2,0.0,-10,12,deltaR
train_0076,C:\Users\tao20\Desktop\Algorithm\AIPlayerDesktop\data\蔡扬的\train\train_0076.json,863,2,False,2,3,2,2, ,-1e+18,-30,3.5999999999999996,0.0,1.0,3,0.0,-10,12,deltaR
train_0076,C:\Users\tao20\Desktop\Algorithm\AIPlayerDesktop\data\蔡扬的\train\train_0076.json,864,1,False,1,3,1,2,T,-1e+18,-30,3.5999999999999996,0.0,1.0,3,0.0,-10,12,deltaR
train_0076,C:\Users\tao20\Desktop\Algorithm\AIPlayerDesktop\data\蔡扬的\train\train_0076.json,864,2,False,2,3,2,2, ,-1e+18,-30,3.5999999999999996,0.0,1.0,4,0.0,-10,12,deltaR
train_0076,C:\Users\tao20\Desktop\Algorithm\AIPlayerDesktop\data\蔡扬的\train\train_0076.json,865,1,False,1,3,1,2,T,-1e+18,-30,3.5999999999999996,0.0,1.0,2,0.0,-10,12,deltaR
train_0076,C:\Users\tao20\Desktop\Algorithm\AIPlayerDesktop\data\蔡扬的\train\train_0076.json,865,2,False,2,3,2,2, ,-1e+18,-30,3.5999999999999996,0.0,1.0,3,0.0,-10,12,deltaR
train_0076,C:\Users\tao20\Desktop\Algorithm\AIPlayerDesktop\data\蔡扬的\train\train_0076.json,866,1,False,1,3,1,2,T,-1e+18,-30,3.5999999999999996,0.0,1.0,3,0.0,-10,12,deltaR
train_0076,C:\Users\tao20\Desktop\Algorithm\AIPlayerDesktop\data\蔡扬的\train\train_0076.json,866,2,False,2,3,2,2, ,-1e+18,-30,3.5999999999999996,0.0,1.0,4,0.0,-10,12,deltaR
train_0076,C:\Users\tao20\Desktop\Algorithm\AIPlayerDesktop\data\蔡扬的\train\train_0076.json,867,1,False,1,3,1,2,T,-1e+18,-30,3.5999999999999996,0.0,1.0,2,0.0,-10,12,deltaR
train_0076,C:\Users\tao20\Desktop\Algorithm\AIPlayerDesktop\data\蔡扬的\train\train_0076.json,867,2,False,2,3,2,2, ,-1e+18,-30,3.5999999999999996,0.0,1.0,3,0.0,-10,12,deltaR
train_0076,C:\Users\tao20\Desktop\Algorithm\AIPlayerDesktop\data\蔡扬的\train\train_0076.json,868,1,False,1,3,1,2,T,-1e+18,-30,3.5999999999999996,0.0,1.0,3,0.0,-10,12,deltaR
train_0076,C:\Users\tao20\Desktop\Algorithm\AIPlayerDesktop\data\蔡扬的\train\train_0076.json,868,2,False,2,3,2,2, ,-1e+18,-30,3.5999999999999996,0.0,1.0,4,0.0,-10,12,deltaR
train_0076,C:\Users\tao20\Desktop\Algorithm\AIPlayerDesktop\data\蔡扬的\train\train_0076.json,869,1,False,1,3,1,2,T,-1e+18,-30,3.5999999999999996,0.0,1.0,2,0.0,-10,12,deltaR
train_0076,C:\Users\tao20\Desktop\Algorithm\AIPlayerDesktop\data\蔡扬的\train\train_0076.json,869,2,False,2,3,2,2, ,-1e+18,-30,3.5999999999999996,0.0,1.0,3,0.0,-10,12,deltaR
train_0076,C:\Users\tao20\Desktop\Algorithm\AIPlayerDesktop\data\蔡扬的\train\train_0076.json,870,1,False,1,3,1,2,T,-1e+18,-30,3.5999999999999996,0.0,1.0,3,0.0,-10,12,deltaR
train_0076,C:\Users\tao20\Desktop\Algorithm\AIPlayerDesktop\data\蔡扬的\train\train_0076.json,870,2,False,2,3,2,2, ,-1e+18,-30,3.5999999999999996,0.0,1.0,4,0.0,-10,12,deltaR
train_0076,C:\Users\tao20\Desktop\Algorithm\AIPlayerDesktop\data\蔡扬的\train\train_0076.json,871,1,False,1,3,1,2,T,-1e+18,-30,3.5999999999999996,0.0,1.0,2,0.0,-10,12,deltaR
train_0076,C:\Users\tao20\Desktop\Algorithm\AIPlayerDesktop\data\蔡扬的\train\train_0076.json,871,2,False,2,3,2,2, ,-1e+18,-30,3.5999999999999996,0.0,1.0,3,0.0,-10,12,deltaR
train_0076,C:\Users\tao20\Desktop\Algorithm\AIPlayerDesktop\data\蔡扬的\train\train_0076.json,872,1,False,1,3,1,2,T,-1e+18,-30,3.5999999999999996,0.0,1.0,3,0.0,-10,12,deltaR
train_0076,C:\Users\tao20\Desktop\Algorithm\AIPlayerDesktop\data\蔡扬的\train\train_0076.json,872,2,False,2,3,2,2, ,-1e+18,-30,3.5999999999999996,0.0,1.0,4,0.0,-10,12,deltaR
train_0076,C:\Users\tao20\Desktop\Algorithm\AIPlayerDesktop\data\蔡扬的\train\train_0076.json,873,1,False,1,3,1,2,T,-1e+18,-30,3.5999999999999996,0.0,1.0,2,0.0,-10,12,deltaR
train_0076,C:\Users\tao20\Desktop\Algorithm\AIPlayerDesktop\data\蔡扬的\train\train_0076.json,873,2,False,2,3,2,2, ,-1e+18,-30,3.5999999999999996,0.0,1.0,3,0.0,-10,12,deltaR
train_0076,C:\Users\tao20\Desktop\Algorithm\AIPlayerDesktop\data\蔡扬的\train\train_0076.json,874,1,False,1,3,1,2,T,-1e+18,-30,3.5999999999999996,0.0,1.0,3,0.0,-10,12,deltaR
train_0076,C:\Users\tao20\Desktop\Algorithm\AIPlayerDesktop\data\蔡扬的\train\train_0076.json,874,2,False,2,3,2,2, ,-1e+18,-30,3.5999999999999996,0.0,1.0,4,0.0,-10,12,deltaR
train_0076,C:\Users\tao20\Desktop\Algorithm\AIPlayerDesktop\data\蔡扬的\train\train_0076.json,875,1,False,1,3,1,2,T,-1e+18,-30,3.5999999999999996,0.0,1.0,2,0.0,-10,12,deltaR
train_0076,C:\Users\tao20\Desktop\Algorithm\AIPlayerDesktop\data\蔡扬的\train\train_0076.json,875,2,False,2,3,2,2, ,-1e+18,-30,3.5999999999999996,0.0,1.0,3,0.0,-10,12,deltaR
train_0076,C:\Users\tao20\Desktop\Algorithm\AIPlayerDesktop\data\蔡扬的\train\train_0076.json,876,1,False,1,3,1,2,T,-1e+18,-30,3.5999999999999996,0.0,1.0,3,0.0,-10,12,deltaR
train_0076,C:\Users\tao20\Desktop\Algorithm\AIPlayerDesktop\data\蔡扬的\train\train_0076.json,876,2,False,2,3,2,2, ,-1e+18,-30,3.5999999999999996,0.0,1.0,4,0.0,-10,12,deltaR
train_0076,C:\Users\tao20\Desktop\Algorithm\AIPlayerDesktop\data\蔡扬的\train\train_0076.json,877,1,False,1,3,1,2,T,-1e+18,-30,3.5999999999999996,0.0,1.0,2,0.0,-10,12,deltaR
train_0076,C:\Users\tao20\Desktop\Algorithm\AIPlayerDesktop\data\蔡扬的\train\train_0076.json,877,2,False,2,3,2,2, ,-1e+18,-30,3.5999999999999996,0.0,1.0,3,0.0,-10,12,deltaR
train_0076,C:\Users\tao20\Desktop\Algorithm\AIPlayerDesktop\data\蔡扬的\train\train_0076.json,878,1,False,1,3,1,2,T,-1e+18,-30,3.5999999999999996,0.0,1.0,3,0.0,-10,12,deltaR
train_0076,C:\Users\tao20\Desktop\Algorithm\AIPlayerDesktop\data\蔡扬的\train\train_0076.json,878,2,False,2,3,2,2, ,-1e+18,-30,3.5999999999999996,0.0,1.0,4,0.0,-10,12,deltaR
train_0076,C:\Users\tao20\Desktop\Algorithm\AIPlayerDesktop\data\蔡扬的\train\train_0076.json,879,1,False,1,3,1,2,T,-1e+18,-30,3.5999999999999996,0.0,1.0,2,0.0,-10,12,deltaR
train_0076,C:\Users\tao20\Desktop\Algorithm\AIPlayerDesktop\data\蔡扬的\train\train_0076.json,879,2,False,2,3,2,2, ,-1e+18,-30,3.5999999999999996,0.0,1.0,3,0.0,-10,12,deltaR
train_0076,C:\Users\tao20\Desktop\Algorithm\AIPlayerDesktop\data\蔡扬的\train\train_0076.json,880,1,False,1,3,1,2,T,-1e+18,-30,3.5999999999999996,0.0,1.0,3,0.0,-10,12,deltaR
train_0076,C:\Users\tao20\Desktop\Algorithm\AIPlayerDesktop\data\蔡扬的\train\train_0076.json,880,2,False,2,3,2,2, ,-1e+18,-30,3.5999999999999996,0.0,1.0,4,0.0,-10,12,deltaR
train_0076,C:\Users\tao20\Desktop\Algorithm\AIPlayerDesktop\data\蔡扬的\train\train_0076.json,881,1,False,1,3,1,2,T,-1e+18,-30,3.5999999999999996,0.0,1.0,2,0.0,-10,12,deltaR
train_0076,C:\Users\tao20\Desktop\Algorithm\AIPlayerDesktop\data\蔡扬的\train\train_0076.json,881,2,False,2,3,2,2, ,-1e+18,-30,3.5999999999999996,0.0,1.0,3,0.0,-10,12,deltaR
train_0076,C:\Users\tao20\Desktop\Algorithm\AIPlayerDesktop\data\蔡扬的\train\train_0076.json,882,1,False,1,3,1,2,T,-1e+18,-30,3.5999999999999996,0.0,1.0,3,0.0,-10,12,deltaR
train_0076,C:\Users\tao20\Desktop\Algorithm\AIPlayerDesktop\data\蔡扬的\train\train_0076.json,882,2,False,2,3,2,2, ,-1e+18,-30,3.5999999999999996,0.0,1.0,4,0.0,-10,12,deltaR
train_0076,C:\Users\tao20\Desktop\Algorithm\AIPlayerDesktop\data\蔡扬的\train\train_0076.json,883,1,False,1,3,1,2,T,-1e+18,-30,3.5999999999999996,0.0,1.0,2,0.0,-10,12,deltaR
train_0076,C:\Users\tao20\Desktop\Algorithm\AIPlayerDesktop\data\蔡扬的\train\train_0076.json,883,2,False,2,3,2,2, ,-1e+18,-30,3.5999999999999996,0.0,1.0,3,0.0,-10,12,deltaR
train_0076,C:\Users\tao20\Desktop\Algorithm\AIPlayerDesktop\data\蔡扬的\train\train_0076.json,884,1,False,1,3,1,2,T,-1e+18,-30,3.5999999999999996,0.0,1.0,3,0.0,-10,12,deltaR
train_0076,C:\Users\tao20\Desktop\Algorithm\AIPlayerDesktop\data\蔡扬的\train\train_0076.json,884,2,False,2,3,2,2, ,-1e+18,-30,3.5999999999999996,0.0,1.0,4,0.0,-10,12,deltaR
train_0076,C:\Users\tao20\Desktop\Algorithm\AIPlayerDesktop\data\蔡扬的\train\train_0076.json,885,1,False,1,3,1,2,T,-1e+18,-30,3.5999999999999996,0.0,1.0,2,0.0,-10,12,deltaR
train_0076,C:\Users\tao20\Desktop\Algorithm\AIPlayerDesktop\data\蔡扬的\train\train_0076.json,885,2,False,2,3,2,2, ,-1e+18,-30,3.5999999999999996,0.0,1.0,3,0.0,-10,12,deltaR
train_0076,C:\Users\tao20\Desktop\Algorithm\AIPlayerDesktop\data\蔡扬的\train\train_0076.json,886,1,False,1,3,1,2,T,-1e+18,-30,3.5999999999999996,0.0,1.0,3,0.0,-10,12,deltaR
train_0076,C:\Users\tao20\Desktop\Algorithm\AIPlayerDesktop\data\蔡扬的\train\train_0076.json,886,2,False,2,3,2,2, ,-1e+18,-30,3.5999999999999996,0.0,1.0,4,0.0,-10,12,deltaR
train_0076,C:\Users\tao20\Desktop\Algorithm\AIPlayerDesktop\data\蔡扬的\train\train_0076.json,887,1,False,1,3,1,2,T,-1e+18,-30,3.5999999999999996,0.0,1.0,2,0.0,-10,12,deltaR
train_0076,C:\Users\tao20\Desktop\Algorithm\AIPlayerDesktop\data\蔡扬的\train\train_0076.json,887,2,False,2,3,2,2, ,-1e+18,-30,3.5999999999999996,0.0,1.0,3,0.0,-10,12,deltaR
train_0076,C:\Users\tao20\Desktop\Algorithm\AIPlayerDesktop\data\蔡扬的\train\train_0076.json,888,1,False,1,3,1,2,T,-1e+18,-30,3.5999999999999996,0.0,1.0,3,0.0,-10,12,deltaR
train_0076,C:\Users\tao20\Desktop\Algorithm\AIPlayerDesktop\data\蔡扬的\train\train_0076.json,888,2,False,2,3,2,2, ,-1e+18,-30,3.5999999999999996,0.0,1.0,4,0.0,-10,12,deltaR
train_0076,C:\Users\tao20\Desktop\Algorithm\AIPlayerDesktop\data\蔡扬的\train\train_0076.json,889,1,False,1,3,1,2,T,-1e+18,-30,3.5999999999999996,0.0,1.0,2,0.0,-10,12,deltaR
train_0076,C:\Users\tao20\Desktop\Algorithm\AIPlayerDesktop\data\蔡扬的\train\train_0076.json,889,2,False,2,3,2,2, ,-1e+18,-30,3.5999999999999996,0.0,1.0,3,0.0,-10,12,deltaR
train_0076,C:\Users\tao20\Desktop\Algorithm\AIPlayerDesktop\data\蔡扬的\train\train_0076.json,890,1,False,1,3,1,2,T,-1e+18,-30,3.5999999999999996,0.0,1.0,3,0.0,-10,12,deltaR
train_0076,C:\Users\tao20\Desktop\Algorithm\AIPlayerDesktop\data\蔡扬的\train\train_0076.json,890,2,False,2,3,2,2, ,-1e+18,-30,3.5999999999999996,0.0,1.0,4,0.0,-10,12,deltaR
train_0076,C:\Users\tao20\Desktop\Algorithm\AIPlayerDesktop\data\蔡扬的\train\train_0076.json,891,1,False,1,3,1,2,T,-1e+18,-30,3.5999999999999996,0.0,1.0,2,0.0,-10,12,deltaR
train_0076,C:\Users\tao20\Desktop\Algorithm\AIPlayerDesktop\data\蔡扬的\train\train_0076.json,891,2,False,2,3,2,2, ,-1e+18,-30,3.5999999999999996,0.0,1.0,3,0.0,-10,12,deltaR
train_0076,C:\Users\tao20\Desktop\Algorithm\AIPlayerDesktop\data\蔡扬的\train\train_0076.json,892,1,False,1,3,1,2,T,-1e+18,-30,3.5999999999999996,0.0,1.0,3,0.0,-10,12,deltaR
train_0076,C:\Users\tao20\Desktop\Algorithm\AIPlayerDesktop\data\蔡扬的\train\train_0076.json,892,2,False,2,3,2,2, ,-1e+18,-30,3.5999999999999996,0.0,1.0,4,0.0,-10,12,deltaR
train_0076,C:\Users\tao20\Desktop\Algorithm\AIPlayerDesktop\data\蔡扬的\train\train_0076.json,893,1,False,1,3,1,2,T,-1e+18,-30,3.5999999999999996,0.0,1.0,2,0.0,-10,12,deltaR
train_0076,C:\Users\tao20\Desktop\Algorithm\AIPlayerDesktop\data\蔡扬的\train\train_0076.json,893,2,False,2,3,2,2, ,-1e+18,-30,3.5999999999999996,0.0,1.0,3,0.0,-10,12,deltaR
train_0076,C:\Users\tao20\Desktop\Algorithm\AIPlayerDesktop\data\蔡扬的\train\train_0076.json,894,1,False,1,3,1,2,T,-1e+18,-30,3.5999999999999996,0.0,1.0,3,0.0,-10,12,deltaR
train_0076,C:\Users\tao20\Desktop\Algorithm\AIPlayerDesktop\data\蔡扬的\train\train_0076.json,894,2,False,2,3,2,2, ,-1e+18,-30,3.5999999999999996,0.0,1.0,4,0.0,-10,12,deltaR
train_0076,C:\Users\tao20\Desktop\Algorithm\AIPlayerDesktop\data\蔡扬的\train\train_0076.json,895,1,False,1,3,1,2,T,-1e+18,-30,3.5999999999999996,0.0,1.0,2,0.0,-10,12,deltaR
train_0076,C:\Users\tao20\Desktop\Algorithm\AIPlayerDesktop\data\蔡扬的\train\train_0076.json,895,2,False,2,3,2,2, ,-1e+18,-30,3.5999999999999996,0.0,1.0,3,0.0,-10,12,deltaR
train_0076,C:\Users\tao20\Desktop\Algorithm\AIPlayerDesktop\data\蔡扬的\train\train_0076.json,896,1,False,1,3,1,2,T,-1e+18,-30,3.5999999999999996,0.0,1.0,3,0.0,-10,12,deltaR
train_0076,C:\Users\tao20\Desktop\Algorithm\AIPlayerDesktop\data\蔡扬的\train\train_0076.json,896,2,False,2,3,2,2, ,-1e+18,-30,3.5999999999999996,0.0,1.0,4,0.0,-10,12,deltaR
train_0076,C:\Users\tao20\Desktop\Algorithm\AIPlayerDesktop\data\蔡扬的\train\train_0076.json,897,1,False,1,3,1,2,T,-1e+18,-30,3.5999999999999996,0.0,1.0,2,0.0,-10,12,deltaR
train_0076,C:\Users\tao20\Desktop\Algorithm\AIPlayerDesktop\data\蔡扬的\train\train_0076.json,897,2,False,2,3,2,2, ,-1e+18,-30,3.5999999999999996,0.0,1.0,3,0.0,-10,12,deltaR
train_0076,C:\Users\tao20\Desktop\Algorithm\AIPlayerDesktop\data\蔡扬的\train\train_0076.json,898,1,False,1,3,1,2,T,-1e+18,-30,3.5999999999999996,0.0,1.0,3,0.0,-10,12,deltaR
train_0076,C:\Users\tao20\Desktop\Algorithm\AIPlayerDesktop\data\蔡扬的\train\train_0076.json,898,2,False,2,3,2,2, ,-1e+18,-30,3.5999999999999996,0.0,1.0,4,0.0,-10,12,deltaR
train_0076,C:\Users\tao20\Desktop\Algorithm\AIPlayerDesktop\data\蔡扬的\train\train_0076.json,899,1,False,1,3,1,2,T,-1e+18,-30,3.5999999999999996,0.0,1.0,2,0.0,-10,12,deltaR
train_0076,C:\Users\tao20\Desktop\Algorithm\AIPlayerDesktop\data\蔡扬的\train\train_0076.json,899,2,False,2,3,2,2, ,-1e+18,-30,3.5999999999999996,0.0,1.0,3,0.0,-10,12,deltaR
