case_id,maze_file,step,rank,selected,real_r,real_c,local_r,local_c,tile,score,deltaR,Iproxy,tailGain,qEff,pathLen,margin,projectedR,unknownCompSum,dominant_term
train_0232,C:\Users\tao20\Desktop\Algorithm\AIPlayerDesktop\data\蔡扬的\train\train_0232.json,0,1,True,1,1,1,0, ,5.736266666666669,0,18.000000000000004,0.0,1.0,1,8.0,0,12,Iproxy
train_0232,C:\Users\tao20\Desktop\Algorithm\AIPlayerDesktop\data\蔡扬的\train\train_0232.json,0,2,False,1,2,1,1, ,4.916266666666669,0,18.000000000000004,0.0,1.0,2,8.0,0,12,Iproxy
train_0232,C:\Users\tao20\Desktop\Algorithm\AIPlayerDesktop\data\蔡扬的\train\train_0232.json,1,1,True,1,2,1,1, ,4.789948070175434,0,15.157894736842103,0.0,1.0,1,8.0,0,12,Iproxy
train_0232,C:\Users\tao20\Desktop\Algorithm\AIPlayerDesktop\data\蔡扬的\train\train_0232.json,1,2,False,2,1,2,0, ,4.789948070175434,0,15.157894736842103,0.0,1.0,1,8.0,0,12,Iproxy
train_0232,C:\Users\tao20\Desktop\Algorithm\AIPlayerDesktop\data\蔡扬的\train\train_0232.json,2,1,True,1,3,1,2, ,3.884182303030302,0,13.090909090909092,0.0,1.0,1,8.0,0,12,Iproxy
train_0232,C:\Users\tao20\Desktop\Algorithm\AIPlayerDesktop\data\蔡扬的\train\train_0232.json,2,2,False,2,1,2,0, ,3.064182303030302,0,13.090909090909092,0.0,1.0,2,8.0,0,12,Iproxy
train_0232,C:\Users\tao20\Desktop\Algorithm\AIPlayerDesktop\data\蔡扬的\train\train_0232.json,3,1,True,1,4,1,3, ,3.0347487857777757,0,11.52,0.0,1.0,1,8.0,0,12,Iproxy
train_0232,C:\Users\tao20\Desktop\Algorithm\AIPlayerDesktop\data\蔡扬的\train\train_0232.json,3,2,False,2,1,2,0, ,1.3947487857777752,0,11.52,0.0,1.0,3,8.0,0,12,Iproxy
train_0232,C:\Users\tao20\Desktop\Algorithm\AIPlayerDesktop\data\蔡扬的\train\train_0232.json,4,1,True,1,5,1,4, ,2.2473577041269834,0,10.285714285714285,0.0,1.0,1,8.0,0,12,Iproxy
train_0232,C:\Users\tao20\Desktop\Algorithm\AIPlayerDesktop\data\蔡扬的\train\train_0232.json,4,2,False,2,5,2,4, ,1.4273577041269832,0,10.285714285714285,0.0,1.0,2,8.0,0,12,Iproxy
train_0232,C:\Users\tao20\Desktop\Algorithm\AIPlayerDesktop\data\蔡扬的\train\train_0232.json,4,3,False,2,1,2,0, ,-0.21264229587301564,0,10.285714285714285,0.0,1.0,4,8.0,0,12,Iproxy
train_0232,C:\Users\tao20\Desktop\Algorithm\AIPlayerDesktop\data\蔡扬的\train\train_0232.json,5,1,True,1,6,1,5, ,1.5224238659732787,0,9.29032258064516,0.0,1.0,1,8.0,0,12,Iproxy
train_0232,C:\Users\tao20\Desktop\Algorithm\AIPlayerDesktop\data\蔡扬的\train\train_0232.json,5,2,False,2,5,2,4, ,1.5224238659732787,0,9.29032258064516,0.0,1.0,1,8.0,0,12,Iproxy
train_0232,C:\Users\tao20\Desktop\Algorithm\AIPlayerDesktop\data\蔡扬的\train\train_0232.json,5,3,False,2,1,2,0, ,-1.7575761340267206,0,9.29032258064516,0.0,1.0,5,8.0,0,12,Iproxy
train_0232,C:\Users\tao20\Desktop\Algorithm\AIPlayerDesktop\data\蔡扬的\train\train_0232.json,6,1,True,1,7,1,6, ,0.8575954473373724,0,8.470588235294116,0.0,1.0,1,8.0,0,12,Iproxy
train_0232,C:\Users\tao20\Desktop\Algorithm\AIPlayerDesktop\data\蔡扬的\train\train_0232.json,6,2,False,2,5,2,4, ,0.03759544733737208,0,8.470588235294116,0.0,1.0,2,8.0,0,12,Iproxy
train_0232,C:\Users\tao20\Desktop\Algorithm\AIPlayerDesktop\data\蔡扬的\train\train_0232.json,6,3,False,2,1,2,0, ,-3.2424045526626273,0,8.470588235294116,0.0,1.0,6,8.0,0,12,Iproxy
train_0232,C:\Users\tao20\Desktop\Algorithm\AIPlayerDesktop\data\蔡扬的\train\train_0232.json,7,1,True,1,8,1,7, ,0.2491479213690102,0,7.783783783783782,0.0,1.0,1,8.0,0,12,margin
train_0232,C:\Users\tao20\Desktop\Algorithm\AIPlayerDesktop\data\蔡扬的\train\train_0232.json,7,2,False,2,5,2,4, ,-1.3908520786309895,0,7.783783783783782,0.0,1.0,3,8.0,0,12,margin
train_0232,C:\Users\tao20\Desktop\Algorithm\AIPlayerDesktop\data\蔡扬的\train\train_0232.json,7,3,False,2,1,2,0, ,-4.670852078630989,0,7.783783783783782,0.0,1.0,7,8.0,0,12,margin
train_0232,C:\Users\tao20\Desktop\Algorithm\AIPlayerDesktop\data\蔡扬的\train\train_0232.json,8,1,True,1,9,1,8, ,-0.307230538186932,0,7.199999999999999,0.0,1.0,1,8.0,0,12,margin
train_0232,C:\Users\tao20\Desktop\Algorithm\AIPlayerDesktop\data\蔡扬的\train\train_0232.json,8,2,False,2,5,2,4, ,-2.767230538186931,0,7.199999999999999,0.0,1.0,4,8.0,0,12,margin
train_0232,C:\Users\tao20\Desktop\Algorithm\AIPlayerDesktop\data\蔡扬的\train\train_0232.json,8,3,False,2,1,2,0, ,-6.047230538186931,0,7.199999999999999,0.0,1.0,8,8.0,0,12,pathLen
train_0232,C:\Users\tao20\Desktop\Algorithm\AIPlayerDesktop\data\蔡扬的\train\train_0232.json,9,1,True,1,10,1,9, ,-0.8159941989608157,0,6.697674418604652,0.0,1.0,1,8.0,0,12,margin
train_0232,C:\Users\tao20\Desktop\Algorithm\AIPlayerDesktop\data\蔡扬的\train\train_0232.json,9,2,False,2,5,2,4, ,-4.095994198960815,0,6.697674418604652,0.0,1.0,5,8.0,0,12,margin
train_0232,C:\Users\tao20\Desktop\Algorithm\AIPlayerDesktop\data\蔡扬的\train\train_0232.json,9,3,False,2,1,2,0, ,-7.375994198960815,0,6.697674418604652,0.0,1.0,9,8.0,0,12,pathLen
train_0232,C:\Users\tao20\Desktop\Algorithm\AIPlayerDesktop\data\蔡扬的\train\train_0232.json,10,1,True,1,11,1,10, ,-1.281491314005482,0,6.26086956521739,0.0,1.0,1,8.0,0,12,margin
train_0232,C:\Users\tao20\Desktop\Algorithm\AIPlayerDesktop\data\蔡扬的\train\train_0232.json,10,2,False,2,5,2,4, ,-5.381491314005482,0,6.26086956521739,0.0,1.0,6,8.0,0,12,margin
train_0232,C:\Users\tao20\Desktop\Algorithm\AIPlayerDesktop\data\蔡扬的\train\train_0232.json,10,3,False,2,1,2,0, ,-8.661491314005481,0,6.26086956521739,0.0,1.0,10,8.0,0,12,pathLen
train_0232,C:\Users\tao20\Desktop\Algorithm\AIPlayerDesktop\data\蔡扬的\train\train_0232.json,11,1,True,2,5,2,4, ,-6.627831171718879,0,5.877551020408165,0.0,1.0,7,8.0,0,12,margin
train_0232,C:\Users\tao20\Desktop\Algorithm\AIPlayerDesktop\data\蔡扬的\train\train_0232.json,11,2,False,2,1,2,0, ,-9.907831171718879,0,5.877551020408165,0.0,1.0,11,8.0,0,12,pathLen
train_0232,C:\Users\tao20\Desktop\Algorithm\AIPlayerDesktop\data\蔡扬的\train\train_0232.json,12,1,True,2,5,2,4, ,-5.779669979391909,0,5.877551020408165,0.0,1.0,6,8.0,0,12,margin
train_0232,C:\Users\tao20\Desktop\Algorithm\AIPlayerDesktop\data\蔡扬的\train\train_0232.json,12,2,False,2,1,2,0, ,-9.05966997939191,0,5.877551020408165,0.0,1.0,10,8.0,0,12,pathLen
train_0232,C:\Users\tao20\Desktop\Algorithm\AIPlayerDesktop\data\蔡扬的\train\train_0232.json,13,1,True,2,5,2,4, ,-4.937141025530335,0,5.877551020408165,0.0,1.0,5,8.0,0,12,margin
train_0232,C:\Users\tao20\Desktop\Algorithm\AIPlayerDesktop\data\蔡扬的\train\train_0232.json,13,2,False,2,1,2,0, ,-8.217141025530335,0,5.877551020408165,0.0,1.0,9,8.0,0,12,pathLen
train_0232,C:\Users\tao20\Desktop\Algorithm\AIPlayerDesktop\data\蔡扬的\train\train_0232.json,14,1,True,2,5,2,4, ,-4.099117862441075,0,5.877551020408165,0.0,1.0,4,8.0,0,12,margin
train_0232,C:\Users\tao20\Desktop\Algorithm\AIPlayerDesktop\data\蔡扬的\train\train_0232.json,14,2,False,2,1,2,0, ,-7.379117862441074,0,5.877551020408165,0.0,1.0,8,8.0,0,12,pathLen
train_0232,C:\Users\tao20\Desktop\Algorithm\AIPlayerDesktop\data\蔡扬的\train\train_0232.json,15,1,True,2,5,2,4, ,-3.2646993319696653,0,5.877551020408165,0.0,1.0,3,8.0,0,12,margin
train_0232,C:\Users\tao20\Desktop\Algorithm\AIPlayerDesktop\data\蔡扬的\train\train_0232.json,15,2,False,2,1,2,0, ,-6.544699331969665,0,5.877551020408165,0.0,1.0,7,8.0,0,12,margin
train_0232,C:\Users\tao20\Desktop\Algorithm\AIPlayerDesktop\data\蔡扬的\train\train_0232.json,16,1,True,2,5,2,4, ,-2.4331645075925383,0,5.877551020408165,0.0,1.0,2,8.0,0,12,margin
train_0232,C:\Users\tao20\Desktop\Algorithm\AIPlayerDesktop\data\蔡扬的\train\train_0232.json,16,2,False,2,1,2,0, ,-5.713164507592539,0,5.877551020408165,0.0,1.0,6,8.0,0,12,margin
train_0232,C:\Users\tao20\Desktop\Algorithm\AIPlayerDesktop\data\蔡扬的\train\train_0232.json,17,1,True,2,5,2,4, ,-1.603936648090838,0,5.877551020408165,0.0,1.0,1,8.0,0,12,margin
train_0232,C:\Users\tao20\Desktop\Algorithm\AIPlayerDesktop\data\蔡扬的\train\train_0232.json,17,2,False,2,1,2,0, ,-4.883936648090837,0,5.877551020408165,0.0,1.0,5,8.0,0,12,margin
train_0232,C:\Users\tao20\Desktop\Algorithm\AIPlayerDesktop\data\蔡扬的\train\train_0232.json,18,1,True,3,5,3,4, ,-2.02049925095395,0,5.538461538461538,0.0,1.0,1,8.0,0,12,margin
train_0232,C:\Users\tao20\Desktop\Algorithm\AIPlayerDesktop\data\蔡扬的\train\train_0232.json,18,2,False,3,4,3,3, ,-2.8404992509539495,0,5.538461538461538,0.0,1.0,2,8.0,0,12,margin
train_0232,C:\Users\tao20\Desktop\Algorithm\AIPlayerDesktop\data\蔡扬的\train\train_0232.json,18,3,False,3,6,3,5, ,-2.8404992509539495,0,5.538461538461538,0.0,1.0,2,8.0,0,12,margin
train_0232,C:\Users\tao20\Desktop\Algorithm\AIPlayerDesktop\data\蔡扬的\train\train_0232.json,18,4,False,2,1,2,0, ,-6.12049925095395,0,5.538461538461538,0.0,1.0,6,8.0,0,12,margin
train_0232,C:\Users\tao20\Desktop\Algorithm\AIPlayerDesktop\data\蔡扬的\train\train_0232.json,19,1,True,3,4,3,3, ,-2.3986972324918687,0,5.236363636363636,0.0,1.0,1,8.0,0,12,margin
train_0232,C:\Users\tao20\Desktop\Algorithm\AIPlayerDesktop\data\蔡扬的\train\train_0232.json,19,2,False,3,6,3,5, ,-2.3986972324918687,0,5.236363636363636,0.0,1.0,1,8.0,0,12,margin
train_0232,C:\Users\tao20\Desktop\Algorithm\AIPlayerDesktop\data\蔡扬的\train\train_0232.json,19,3,False,2,1,2,0, ,-7.318697232491868,0,5.236363636363636,0.0,1.0,7,8.0,0,12,margin
train_0232,C:\Users\tao20\Desktop\Algorithm\AIPlayerDesktop\data\蔡扬的\train\train_0232.json,20,1,True,3,3,3,2, ,-2.6343820444688957,0,5.052631578947367,0.0,1.0,1,8.0,0,12,margin
train_0232,C:\Users\tao20\Desktop\Algorithm\AIPlayerDesktop\data\蔡扬的\train\train_0232.json,20,2,False,3,6,3,5, ,-3.454382044468895,0,5.052631578947367,0.0,1.0,2,8.0,0,12,margin
train_0232,C:\Users\tao20\Desktop\Algorithm\AIPlayerDesktop\data\蔡扬的\train\train_0232.json,20,3,False,2,1,2,0, ,-8.374382044468895,0,5.052631578947367,0.0,1.0,8,8.0,0,12,pathLen
train_0232,C:\Users\tao20\Desktop\Algorithm\AIPlayerDesktop\data\蔡扬的\train\train_0232.json,21,1,True,3,6,3,5, ,-4.496750290329168,0,4.881355932203389,0.0,1.0,3,8.0,0,12,margin
train_0232,C:\Users\tao20\Desktop\Algorithm\AIPlayerDesktop\data\蔡扬的\train\train_0232.json,21,2,False,2,1,2,0, ,-9.416750290329169,0,4.881355932203389,0.0,1.0,9,8.0,0,12,pathLen
train_0232,C:\Users\tao20\Desktop\Algorithm\AIPlayerDesktop\data\蔡扬的\train\train_0232.json,22,1,True,3,6,3,5, ,-3.686899315341968,0,4.881355932203389,0.0,1.0,2,8.0,0,12,margin
train_0232,C:\Users\tao20\Desktop\Algorithm\AIPlayerDesktop\data\蔡扬的\train\train_0232.json,22,2,False,2,1,2,0, ,-8.606899315341968,0,4.881355932203389,0.0,1.0,8,8.0,0,12,pathLen
train_0232,C:\Users\tao20\Desktop\Algorithm\AIPlayerDesktop\data\蔡扬的\train\train_0232.json,23,1,True,3,6,3,5, ,-2.8750185353522086,0,4.881355932203389,0.0,1.0,1,8.0,0,12,margin
train_0232,C:\Users\tao20\Desktop\Algorithm\AIPlayerDesktop\data\蔡扬的\train\train_0232.json,23,2,False,2,1,2,0, ,-7.795018535352208,0,4.881355932203389,0.0,1.0,7,8.0,0,12,margin
train_0232,C:\Users\tao20\Desktop\Algorithm\AIPlayerDesktop\data\蔡扬的\train\train_0232.json,24,1,True,3,7,3,6, ,-3.0808187136932945,0,4.721311475409836,0.0,1.0,1,8.0,0,12,margin
train_0232,C:\Users\tao20\Desktop\Algorithm\AIPlayerDesktop\data\蔡扬的\train\train_0232.json,24,2,False,4,7,4,6, ,-3.900818713693294,0,4.721311475409836,0.0,1.0,2,8.0,0,12,margin
train_0232,C:\Users\tao20\Desktop\Algorithm\AIPlayerDesktop\data\蔡扬的\train\train_0232.json,24,3,False,2,1,2,0, ,-8.820818713693294,0,4.721311475409836,0.0,1.0,8,8.0,0,12,pathLen
train_0232,C:\Users\tao20\Desktop\Algorithm\AIPlayerDesktop\data\蔡扬的\train\train_0232.json,25,1,True,3,8,3,7, ,-3.2759750329267705,0,4.571428571428572,0.0,1.0,1,8.0,0,12,margin
train_0232,C:\Users\tao20\Desktop\Algorithm\AIPlayerDesktop\data\蔡扬的\train\train_0232.json,25,2,False,4,7,4,6, ,-3.2759750329267705,0,4.571428571428572,0.0,1.0,1,8.0,0,12,margin
train_0232,C:\Users\tao20\Desktop\Algorithm\AIPlayerDesktop\data\蔡扬的\train\train_0232.json,25,3,False,2,1,2,0, ,-9.83597503292677,0,4.571428571428572,0.0,1.0,9,8.0,0,12,pathLen
train_0232,C:\Users\tao20\Desktop\Algorithm\AIPlayerDesktop\data\蔡扬的\train\train_0232.json,26,1,True,3,9,3,8, ,-3.4610673917766066,0,4.43076923076923,0.0,1.0,1,8.0,0,12,margin
train_0232,C:\Users\tao20\Desktop\Algorithm\AIPlayerDesktop\data\蔡扬的\train\train_0232.json,26,2,False,4,7,4,6, ,-4.281067391776606,0,4.43076923076923,0.0,1.0,2,8.0,0,12,margin
train_0232,C:\Users\tao20\Desktop\Algorithm\AIPlayerDesktop\data\蔡扬的\train\train_0232.json,26,3,False,2,1,2,0, ,-10.841067391776605,0,4.43076923076923,0.0,1.0,10,8.0,0,12,pathLen
train_0232,C:\Users\tao20\Desktop\Algorithm\AIPlayerDesktop\data\蔡扬的\train\train_0232.json,27,1,True,3,10,3,9, ,-3.6366789101653634,0,4.298507462686565,0.0,1.0,1,8.0,0,12,margin
train_0232,C:\Users\tao20\Desktop\Algorithm\AIPlayerDesktop\data\蔡扬的\train\train_0232.json,27,2,False,4,7,4,6, ,-5.276678910165363,0,4.298507462686565,0.0,1.0,3,8.0,0,12,margin
train_0232,C:\Users\tao20\Desktop\Algorithm\AIPlayerDesktop\data\蔡扬的\train\train_0232.json,27,3,False,2,1,2,0, ,-11.836678910165363,0,4.298507462686565,0.0,1.0,11,8.0,0,12,pathLen
train_0232,C:\Users\tao20\Desktop\Algorithm\AIPlayerDesktop\data\蔡扬的\train\train_0232.json,28,1,True,3,11,3,10, ,-3.803382008680404,0,4.173913043478261,0.0,1.0,1,8.0,0,12,margin
train_0232,C:\Users\tao20\Desktop\Algorithm\AIPlayerDesktop\data\蔡扬的\train\train_0232.json,28,2,False,4,11,4,10, ,-4.623382008680403,0,4.173913043478261,0.0,1.0,2,8.0,0,12,margin
train_0232,C:\Users\tao20\Desktop\Algorithm\AIPlayerDesktop\data\蔡扬的\train\train_0232.json,28,3,False,4,7,4,6, ,-6.263382008680404,0,4.173913043478261,0.0,1.0,4,8.0,0,12,margin
train_0232,C:\Users\tao20\Desktop\Algorithm\AIPlayerDesktop\data\蔡扬的\train\train_0232.json,28,4,False,2,1,2,0, ,-12.823382008680404,0,4.173913043478261,0.0,1.0,12,8.0,0,12,pathLen
train_0232,C:\Users\tao20\Desktop\Algorithm\AIPlayerDesktop\data\蔡扬的\train\train_0232.json,29,1,True,3,12,3,11, ,-3.9617293733703534,0,4.056338028169016,0.0,1.0,1,8.0,0,12,margin
train_0232,C:\Users\tao20\Desktop\Algorithm\AIPlayerDesktop\data\蔡扬的\train\train_0232.json,29,2,False,4,11,4,10, ,-3.9617293733703534,0,4.056338028169016,0.0,1.0,1,8.0,0,12,margin
train_0232,C:\Users\tao20\Desktop\Algorithm\AIPlayerDesktop\data\蔡扬的\train\train_0232.json,29,3,False,4,7,4,6, ,-7.241729373370353,0,4.056338028169016,0.0,1.0,5,8.0,0,12,margin
train_0232,C:\Users\tao20\Desktop\Algorithm\AIPlayerDesktop\data\蔡扬的\train\train_0232.json,29,4,False,2,1,2,0, ,-13.801729373370353,0,4.056338028169016,0.0,1.0,13,8.0,0,12,pathLen
train_0232,C:\Users\tao20\Desktop\Algorithm\AIPlayerDesktop\data\蔡扬的\train\train_0232.json,30,1,True,4,11,4,10, ,-8.786065673582693,0,0.72,0.0,1.0,2,8.0,0,12,margin
train_0232,C:\Users\tao20\Desktop\Algorithm\AIPlayerDesktop\data\蔡扬的\train\train_0232.json,30,2,False,4,7,4,6, ,-12.066065673582692,0,0.72,0.0,1.0,6,8.0,0,12,margin
train_0232,C:\Users\tao20\Desktop\Algorithm\AIPlayerDesktop\data\蔡扬的\train\train_0232.json,30,3,False,2,1,2,0, ,-18.626065673582694,0,0.72,0.0,1.0,14,8.0,0,12,pathLen
train_0232,C:\Users\tao20\Desktop\Algorithm\AIPlayerDesktop\data\蔡扬的\train\train_0232.json,30,4,False,2,13,2,12, ,-1e+18,-30,0.72,0.0,1.0,2,0.0,-30,12,deltaR
train_0232,C:\Users\tao20\Desktop\Algorithm\AIPlayerDesktop\data\蔡扬的\train\train_0232.json,30,5,False,3,13,3,12,T,-1e+18,-30,0.72,0.0,1.0,1,0.0,-30,12,deltaR
train_0232,C:\Users\tao20\Desktop\Algorithm\AIPlayerDesktop\data\蔡扬的\train\train_0232.json,31,1,True,4,11,4,10, ,-7.972792641430257,0,0.72,0.0,1.0,1,8.0,0,12,margin
train_0232,C:\Users\tao20\Desktop\Algorithm\AIPlayerDesktop\data\蔡扬的\train\train_0232.json,31,2,False,4,7,4,6, ,-11.252792641430258,0,0.72,0.0,1.0,5,8.0,0,12,margin
train_0232,C:\Users\tao20\Desktop\Algorithm\AIPlayerDesktop\data\蔡扬的\train\train_0232.json,31,3,False,2,1,2,0, ,-17.812792641430256,0,0.72,0.0,1.0,13,8.0,0,12,pathLen
train_0232,C:\Users\tao20\Desktop\Algorithm\AIPlayerDesktop\data\蔡扬的\train\train_0232.json,31,4,False,2,13,2,12, ,-1e+18,-30,0.72,0.0,1.0,3,0.0,-30,12,deltaR
train_0232,C:\Users\tao20\Desktop\Algorithm\AIPlayerDesktop\data\蔡扬的\train\train_0232.json,31,5,False,3,13,3,12,T,-1e+18,-30,0.72,0.0,1.0,2,0.0,-30,12,deltaR
train_0232,C:\Users\tao20\Desktop\Algorithm\AIPlayerDesktop\data\蔡扬的\train\train_0232.json,32,1,True,5,11,5,10, ,-7.979123397094822,0,0.72,0.0,1.0,1,8.0,0,12,margin
train_0232,C:\Users\tao20\Desktop\Algorithm\AIPlayerDesktop\data\蔡扬的\train\train_0232.json,32,2,False,5,12,5,11, ,-8.799123397094823,0,0.72,0.0,1.0,2,8.0,0,12,margin
train_0232,C:\Users\tao20\Desktop\Algorithm\AIPlayerDesktop\data\蔡扬的\train\train_0232.json,32,3,False,4,7,4,6, ,-12.079123397094822,0,0.72,0.0,1.0,6,8.0,0,12,margin
train_0232,C:\Users\tao20\Desktop\Algorithm\AIPlayerDesktop\data\蔡扬的\train\train_0232.json,32,4,False,2,1,2,0, ,-18.63912339709482,0,0.72,0.0,1.0,14,8.0,0,12,pathLen
train_0232,C:\Users\tao20\Desktop\Algorithm\AIPlayerDesktop\data\蔡扬的\train\train_0232.json,32,5,False,2,13,2,12, ,-1e+18,-30,0.72,0.0,1.0,4,0.0,-30,12,deltaR
train_0232,C:\Users\tao20\Desktop\Algorithm\AIPlayerDesktop\data\蔡扬的\train\train_0232.json,32,6,False,3,13,3,12,T,-1e+18,-30,0.72,0.0,1.0,3,0.0,-30,12,deltaR
train_0232,C:\Users\tao20\Desktop\Algorithm\AIPlayerDesktop\data\蔡扬的\train\train_0232.json,33,1,True,5,12,5,11, ,-7.988935926978184,0,0.72,0.0,1.0,1,8.0,0,12,margin
train_0232,C:\Users\tao20\Desktop\Algorithm\AIPlayerDesktop\data\蔡扬的\train\train_0232.json,33,2,False,4,7,4,6, ,-12.908935926978184,0,0.72,0.0,1.0,7,8.0,0,12,margin
train_0232,C:\Users\tao20\Desktop\Algorithm\AIPlayerDesktop\data\蔡扬的\train\train_0232.json,33,3,False,2,1,2,0, ,-19.468935926978183,0,0.72,0.0,1.0,15,8.0,0,12,pathLen
train_0232,C:\Users\tao20\Desktop\Algorithm\AIPlayerDesktop\data\蔡扬的\train\train_0232.json,33,4,False,2,13,2,12, ,-1e+18,-30,0.72,0.0,1.0,5,0.0,-30,12,deltaR
train_0232,C:\Users\tao20\Desktop\Algorithm\AIPlayerDesktop\data\蔡扬的\train\train_0232.json,33,5,False,3,13,3,12,T,-1e+18,-30,0.72,0.0,1.0,4,0.0,-30,12,deltaR
train_0232,C:\Users\tao20\Desktop\Algorithm\AIPlayerDesktop\data\蔡扬的\train\train_0232.json,33,6,False,6,11,6,10,T,-1e+18,-30,0.72,0.0,1.0,1,0.0,-30,12,deltaR
train_0232,C:\Users\tao20\Desktop\Algorithm\AIPlayerDesktop\data\蔡扬的\train\train_0232.json,34,1,True,5,13,5,12, ,-7.997350923400729,0,0.72,0.0,1.0,1,8.0,0,12,margin
train_0232,C:\Users\tao20\Desktop\Algorithm\AIPlayerDesktop\data\蔡扬的\train\train_0232.json,34,2,False,4,7,4,6, ,-13.73735092340073,0,0.72,0.0,1.0,8,8.0,0,12,pathLen
train_0232,C:\Users\tao20\Desktop\Algorithm\AIPlayerDesktop\data\蔡扬的\train\train_0232.json,34,3,False,2,1,2,0, ,-20.297350923400728,0,0.72,0.0,1.0,16,8.0,0,12,pathLen
train_0232,C:\Users\tao20\Desktop\Algorithm\AIPlayerDesktop\data\蔡扬的\train\train_0232.json,34,4,False,2,13,2,12, ,-1e+18,-30,0.72,0.0,1.0,6,0.0,-30,12,deltaR
train_0232,C:\Users\tao20\Desktop\Algorithm\AIPlayerDesktop\data\蔡扬的\train\train_0232.json,34,5,False,3,13,3,12,T,-1e+18,-30,0.72,0.0,1.0,5,0.0,-30,12,deltaR
train_0232,C:\Users\tao20\Desktop\Algorithm\AIPlayerDesktop\data\蔡扬的\train\train_0232.json,34,6,False,6,11,6,10,T,-1e+18,-30,0.72,0.0,1.0,2,0.0,-30,12,deltaR
train_0232,C:\Users\tao20\Desktop\Algorithm\AIPlayerDesktop\data\蔡扬的\train\train_0232.json,35,1,True,4,7,4,6, ,-14.564957661797507,0,0.72,0.0,1.0,9,8.0,0,12,pathLen
train_0232,C:\Users\tao20\Desktop\Algorithm\AIPlayerDesktop\data\蔡扬的\train\train_0232.json,35,2,False,2,1,2,0, ,-21.124957661797506,0,0.72,0.0,1.0,17,8.0,0,12,pathLen
train_0232,C:\Users\tao20\Desktop\Algorithm\AIPlayerDesktop\data\蔡扬的\train\train_0232.json,35,3,False,2,13,2,12, ,-1e+18,-30,0.72,0.0,1.0,7,0.0,-30,12,deltaR
train_0232,C:\Users\tao20\Desktop\Algorithm\AIPlayerDesktop\data\蔡扬的\train\train_0232.json,35,4,False,3,13,3,12,T,-1e+18,-30,0.72,0.0,1.0,6,0.0,-30,12,deltaR
train_0232,C:\Users\tao20\Desktop\Algorithm\AIPlayerDesktop\data\蔡扬的\train\train_0232.json,35,5,False,6,11,6,10,T,-1e+18,-30,0.72,0.0,1.0,3,0.0,-30,12,deltaR
train_0232,C:\Users\tao20\Desktop\Algorithm\AIPlayerDesktop\data\蔡扬的\train\train_0232.json,36,1,True,4,7,4,6, ,-13.751043052514927,0,0.72,0.0,1.0,8,8.0,0,12,pathLen
train_0232,C:\Users\tao20\Desktop\Algorithm\AIPlayerDesktop\data\蔡扬的\train\train_0232.json,36,2,False,2,1,2,0, ,-20.311043052514925,0,0.72,0.0,1.0,16,8.0,0,12,pathLen
train_0232,C:\Users\tao20\Desktop\Algorithm\AIPlayerDesktop\data\蔡扬的\train\train_0232.json,36,3,False,2,13,2,12, ,-1e+18,-30,0.72,0.0,1.0,6,0.0,-30,12,deltaR
train_0232,C:\Users\tao20\Desktop\Algorithm\AIPlayerDesktop\data\蔡扬的\train\train_0232.json,36,4,False,3,13,3,12,T,-1e+18,-30,0.72,0.0,1.0,5,0.0,-30,12,deltaR
train_0232,C:\Users\tao20\Desktop\Algorithm\AIPlayerDesktop\data\蔡扬的\train\train_0232.json,36,5,False,6,11,6,10,T,-1e+18,-30,0.72,0.0,1.0,2,0.0,-30,12,deltaR
train_0232,C:\Users\tao20\Desktop\Algorithm\AIPlayerDesktop\data\蔡扬的\train\train_0232.json,37,1,True,4,7,4,6, ,-12.935911365088865,0,0.72,0.0,1.0,7,8.0,0,12,margin
train_0232,C:\Users\tao20\Desktop\Algorithm\AIPlayerDesktop\data\蔡扬的\train\train_0232.json,37,2,False,2,1,2,0, ,-19.495911365088865,0,0.72,0.0,1.0,15,8.0,0,12,pathLen
train_0232,C:\Users\tao20\Desktop\Algorithm\AIPlayerDesktop\data\蔡扬的\train\train_0232.json,37,3,False,2,13,2,12, ,-1e+18,-30,0.72,0.0,1.0,5,0.0,-30,12,deltaR
train_0232,C:\Users\tao20\Desktop\Algorithm\AIPlayerDesktop\data\蔡扬的\train\train_0232.json,37,4,False,3,13,3,12,T,-1e+18,-30,0.72,0.0,1.0,4,0.0,-30,12,deltaR
train_0232,C:\Users\tao20\Desktop\Algorithm\AIPlayerDesktop\data\蔡扬的\train\train_0232.json,37,5,False,6,11,6,10,T,-1e+18,-30,0.72,0.0,1.0,1,0.0,-30,12,deltaR
train_0232,C:\Users\tao20\Desktop\Algorithm\AIPlayerDesktop\data\蔡扬的\train\train_0232.json,38,1,True,4,7,4,6, ,-12.119806015148015,0,0.72,0.0,1.0,6,8.0,0,12,margin
train_0232,C:\Users\tao20\Desktop\Algorithm\AIPlayerDesktop\data\蔡扬的\train\train_0232.json,38,2,False,2,1,2,0, ,-18.679806015148014,0,0.72,0.0,1.0,14,8.0,0,12,pathLen
train_0232,C:\Users\tao20\Desktop\Algorithm\AIPlayerDesktop\data\蔡扬的\train\train_0232.json,38,3,False,2,13,2,12, ,-1e+18,-30,0.72,0.0,1.0,4,0.0,-30,12,deltaR
train_0232,C:\Users\tao20\Desktop\Algorithm\AIPlayerDesktop\data\蔡扬的\train\train_0232.json,38,4,False,3,13,3,12,T,-1e+18,-30,0.72,0.0,1.0,3,0.0,-30,12,deltaR
train_0232,C:\Users\tao20\Desktop\Algorithm\AIPlayerDesktop\data\蔡扬的\train\train_0232.json,38,5,False,6,11,6,10,T,-1e+18,-30,0.72,0.0,1.0,2,0.0,-30,12,deltaR
train_0232,C:\Users\tao20\Desktop\Algorithm\AIPlayerDesktop\data\蔡扬的\train\train_0232.json,39,1,True,4,7,4,6, ,-11.302921735195335,0,0.72,0.0,1.0,5,8.0,0,12,margin
train_0232,C:\Users\tao20\Desktop\Algorithm\AIPlayerDesktop\data\蔡扬的\train\train_0232.json,39,2,False,2,1,2,0, ,-17.862921735195336,0,0.72,0.0,1.0,13,8.0,0,12,pathLen
train_0232,C:\Users\tao20\Desktop\Algorithm\AIPlayerDesktop\data\蔡扬的\train\train_0232.json,39,3,False,2,13,2,12, ,-1e+18,-30,0.72,0.0,1.0,3,0.0,-30,12,deltaR
train_0232,C:\Users\tao20\Desktop\Algorithm\AIPlayerDesktop\data\蔡扬的\train\train_0232.json,39,4,False,3,13,3,12,T,-1e+18,-30,0.72,0.0,1.0,2,0.0,-30,12,deltaR
train_0232,C:\Users\tao20\Desktop\Algorithm\AIPlayerDesktop\data\蔡扬的\train\train_0232.json,39,5,False,6,11,6,10,T,-1e+18,-30,0.72,0.0,1.0,3,0.0,-30,12,deltaR
train_0232,C:\Users\tao20\Desktop\Algorithm\AIPlayerDesktop\data\蔡扬的\train\train_0232.json,40,1,True,4,7,4,6, ,-10.485414311233193,0,0.72,0.0,1.0,4,8.0,0,12,margin
train_0232,C:\Users\tao20\Desktop\Algorithm\AIPlayerDesktop\data\蔡扬的\train\train_0232.json,40,2,False,2,1,2,0, ,-17.04541431123319,0,0.72,0.0,1.0,12,8.0,0,12,pathLen
train_0232,C:\Users\tao20\Desktop\Algorithm\AIPlayerDesktop\data\蔡扬的\train\train_0232.json,40,3,False,2,13,2,12, ,-1e+18,-30,0.72,0.0,1.0,4,0.0,-30,12,deltaR
train_0232,C:\Users\tao20\Desktop\Algorithm\AIPlayerDesktop\data\蔡扬的\train\train_0232.json,40,4,False,3,13,3,12,T,-1e+18,-30,0.72,0.0,1.0,3,0.0,-30,12,deltaR
train_0232,C:\Users\tao20\Desktop\Algorithm\AIPlayerDesktop\data\蔡扬的\train\train_0232.json,40,5,False,6,11,6,10,T,-1e+18,-30,0.72,0.0,1.0,4,0.0,-30,12,deltaR
train_0232,C:\Users\tao20\Desktop\Algorithm\AIPlayerDesktop\data\蔡扬的\train\train_0232.json,41,1,True,4,7,4,6, ,-9.667408372063477,0,0.72,0.0,1.0,3,8.0,0,12,margin
train_0232,C:\Users\tao20\Desktop\Algorithm\AIPlayerDesktop\data\蔡扬的\train\train_0232.json,41,2,False,2,1,2,0, ,-16.227408372063476,0,0.72,0.0,1.0,11,8.0,0,12,pathLen
train_0232,C:\Users\tao20\Desktop\Algorithm\AIPlayerDesktop\data\蔡扬的\train\train_0232.json,41,3,False,2,13,2,12, ,-1e+18,-30,0.72,0.0,1.0,5,0.0,-30,12,deltaR
train_0232,C:\Users\tao20\Desktop\Algorithm\AIPlayerDesktop\data\蔡扬的\train\train_0232.json,41,4,False,3,13,3,12,T,-1e+18,-30,0.72,0.0,1.0,4,0.0,-30,12,deltaR
train_0232,C:\Users\tao20\Desktop\Algorithm\AIPlayerDesktop\data\蔡扬的\train\train_0232.json,41,5,False,6,11,6,10,T,-1e+18,-30,0.72,0.0,1.0,5,0.0,-30,12,deltaR
train_0232,C:\Users\tao20\Desktop\Algorithm\AIPlayerDesktop\data\蔡扬的\train\train_0232.json,42,1,True,4,7,4,6, ,-8.849003620727704,0,0.72,0.0,1.0,2,8.0,0,12,margin
train_0232,C:\Users\tao20\Desktop\Algorithm\AIPlayerDesktop\data\蔡扬的\train\train_0232.json,42,2,False,2,1,2,0, ,-15.409003620727702,0,0.72,0.0,1.0,10,8.0,0,12,pathLen
train_0232,C:\Users\tao20\Desktop\Algorithm\AIPlayerDesktop\data\蔡扬的\train\train_0232.json,42,3,False,2,13,2,12, ,-1e+18,-30,0.72,0.0,1.0,6,0.0,-30,12,deltaR
train_0232,C:\Users\tao20\Desktop\Algorithm\AIPlayerDesktop\data\蔡扬的\train\train_0232.json,42,4,False,3,13,3,12,T,-1e+18,-30,0.72,0.0,1.0,5,0.0,-30,12,deltaR
train_0232,C:\Users\tao20\Desktop\Algorithm\AIPlayerDesktop\data\蔡扬的\train\train_0232.json,42,5,False,6,11,6,10,T,-1e+18,-30,0.72,0.0,1.0,6,0.0,-30,12,deltaR
train_0232,C:\Users\tao20\Desktop\Algorithm\AIPlayerDesktop\data\蔡扬的\train\train_0232.json,43,1,True,4,7,4,6, ,-8.030279819659087,0,0.72,0.0,1.0,1,8.0,0,12,margin
train_0232,C:\Users\tao20\Desktop\Algorithm\AIPlayerDesktop\data\蔡扬的\train\train_0232.json,43,2,False,2,1,2,0, ,-14.590279819659088,0,0.72,0.0,1.0,9,8.0,0,12,pathLen
train_0232,C:\Users\tao20\Desktop\Algorithm\AIPlayerDesktop\data\蔡扬的\train\train_0232.json,43,3,False,2,13,2,12, ,-1e+18,-30,0.72,0.0,1.0,7,0.0,-30,12,deltaR
train_0232,C:\Users\tao20\Desktop\Algorithm\AIPlayerDesktop\data\蔡扬的\train\train_0232.json,43,4,False,3,13,3,12,T,-1e+18,-30,0.72,0.0,1.0,6,0.0,-30,12,deltaR
train_0232,C:\Users\tao20\Desktop\Algorithm\AIPlayerDesktop\data\蔡扬的\train\train_0232.json,43,5,False,6,11,6,10,T,-1e+18,-30,0.72,0.0,1.0,7,0.0,-30,12,deltaR
train_0232,C:\Users\tao20\Desktop\Algorithm\AIPlayerDesktop\data\蔡扬的\train\train_0232.json,44,1,True,5,8,5,7,G,18.25565525538384,20,0.72,0.0,1.0,2,0.8888888888888888,20,12,deltaR
train_0232,C:\Users\tao20\Desktop\Algorithm\AIPlayerDesktop\data\蔡扬的\train\train_0232.json,44,2,False,2,1,2,0, ,-10.684686624958037,0,0.72,3.8461538461538463,1.0,10,8.0,0,12,pathLen
train_0232,C:\Users\tao20\Desktop\Algorithm\AIPlayerDesktop\data\蔡扬的\train\train_0232.json,44,3,False,2,13,2,12, ,-1e+18,-30,0.72,4.545454545454546,1.0,8,0.0,-30,12,deltaR
train_0232,C:\Users\tao20\Desktop\Algorithm\AIPlayerDesktop\data\蔡扬的\train\train_0232.json,44,4,False,3,13,3,12,T,-1e+18,-30,0.72,5.0,1.0,7,0.0,-30,12,deltaR
train_0232,C:\Users\tao20\Desktop\Algorithm\AIPlayerDesktop\data\蔡扬的\train\train_0232.json,44,5,False,5,7,5,6,T,-1e+18,-30,0.72,25.0,1.0,1,0.0,-30,12,deltaR
train_0232,C:\Users\tao20\Desktop\Algorithm\AIPlayerDesktop\data\蔡扬的\train\train_0232.json,44,6,False,6,11,6,10,T,-1e+18,-30,0.72,4.545454545454546,1.0,8,0.0,-30,12,deltaR
train_0232,C:\Users\tao20\Desktop\Algorithm\AIPlayerDesktop\data\蔡扬的\train\train_0232.json,45,1,True,5,8,5,7,G,49.07069988107475,50,0.72,0.0,1.0,1,0.8888888888888888,20,12,deltaR
train_0232,C:\Users\tao20\Desktop\Algorithm\AIPlayerDesktop\data\蔡扬的\train\train_0232.json,45,2,False,2,1,2,0, ,-1e+18,0,0.72,3.8461538461538463,1.0,11,0.0,-30,12,pathLen
train_0232,C:\Users\tao20\Desktop\Algorithm\AIPlayerDesktop\data\蔡扬的\train\train_0232.json,45,3,False,2,13,2,12, ,-1e+18,-30,0.72,4.545454545454546,1.0,9,0.0,-60,12,deltaR
train_0232,C:\Users\tao20\Desktop\Algorithm\AIPlayerDesktop\data\蔡扬的\train\train_0232.json,45,4,False,3,13,3,12,T,-1e+18,-30,0.72,5.0,1.0,8,0.0,-60,12,deltaR
train_0232,C:\Users\tao20\Desktop\Algorithm\AIPlayerDesktop\data\蔡扬的\train\train_0232.json,45,5,False,6,11,6,10,T,-1e+18,-30,0.72,4.545454545454546,1.0,9,0.0,-60,12,deltaR
train_0232,C:\Users\tao20\Desktop\Algorithm\AIPlayerDesktop\data\蔡扬的\train\train_0232.json,46,1,True,6,9,6,8, ,-1.753824922422928,0,0.72,0.0,1.0,2,0.8888888888888888,20,12,pathLen
train_0232,C:\Users\tao20\Desktop\Algorithm\AIPlayerDesktop\data\蔡扬的\train\train_0232.json,46,2,False,2,1,2,0, ,-9.953824922422928,0,0.72,0.0,1.0,12,0.8888888888888888,20,12,pathLen
train_0232,C:\Users\tao20\Desktop\Algorithm\AIPlayerDesktop\data\蔡扬的\train\train_0232.json,46,3,False,2,13,2,12, ,-1e+18,-30,0.72,0.0,1.0,10,0.0,-10,12,deltaR
train_0232,C:\Users\tao20\Desktop\Algorithm\AIPlayerDesktop\data\蔡扬的\train\train_0232.json,46,4,False,3,13,3,12,T,-1e+18,-30,0.72,0.0,1.0,9,0.0,-10,12,deltaR
train_0232,C:\Users\tao20\Desktop\Algorithm\AIPlayerDesktop\data\蔡扬的\train\train_0232.json,46,5,False,5,9,5,8, ,-1e+18,0,0.0,0.0,1.0,1,0.8888888888888888,20,0,pathLen
train_0232,C:\Users\tao20\Desktop\Algorithm\AIPlayerDesktop\data\蔡扬的\train\train_0232.json,46,6,False,6,11,6,10,T,-1e+18,-30,0.72,0.0,1.0,10,0.0,-10,12,deltaR
train_0232,C:\Users\tao20\Desktop\Algorithm\AIPlayerDesktop\data\蔡扬的\train\train_0232.json,47,1,True,6,9,6,8, ,-0.9374447652210708,0,0.72,0.0,1.0,1,0.8888888888888888,20,12,pathLen
train_0232,C:\Users\tao20\Desktop\Algorithm\AIPlayerDesktop\data\蔡扬的\train\train_0232.json,47,2,False,2,1,2,0, ,-10.777444765221071,0,0.72,0.0,1.0,13,0.8888888888888888,20,12,pathLen
train_0232,C:\Users\tao20\Desktop\Algorithm\AIPlayerDesktop\data\蔡扬的\train\train_0232.json,47,3,False,2,13,2,12, ,-1e+18,-30,0.72,0.0,1.0,11,0.0,-10,12,deltaR
train_0232,C:\Users\tao20\Desktop\Algorithm\AIPlayerDesktop\data\蔡扬的\train\train_0232.json,47,4,False,3,13,3,12,T,-1e+18,-30,0.72,0.0,1.0,10,0.0,-10,12,deltaR
train_0232,C:\Users\tao20\Desktop\Algorithm\AIPlayerDesktop\data\蔡扬的\train\train_0232.json,47,5,False,6,11,6,10,T,-1e+18,-30,0.72,0.0,1.0,11,0.0,-10,12,deltaR
train_0232,C:\Users\tao20\Desktop\Algorithm\AIPlayerDesktop\data\蔡扬的\train\train_0232.json,48,1,True,7,9,7,8, ,-0.9412055899546343,0,0.72,0.0,1.0,1,0.8888888888888888,20,12,pathLen
train_0232,C:\Users\tao20\Desktop\Algorithm\AIPlayerDesktop\data\蔡扬的\train\train_0232.json,48,2,False,2,1,2,0, ,-11.601205589954633,0,0.72,0.0,1.0,14,0.8888888888888888,20,12,pathLen
train_0232,C:\Users\tao20\Desktop\Algorithm\AIPlayerDesktop\data\蔡扬的\train\train_0232.json,48,3,False,2,13,2,12, ,-1e+18,-30,0.72,0.0,1.0,12,0.0,-10,12,deltaR
train_0232,C:\Users\tao20\Desktop\Algorithm\AIPlayerDesktop\data\蔡扬的\train\train_0232.json,48,4,False,3,13,3,12,T,-1e+18,-30,0.72,0.0,1.0,11,0.0,-10,12,deltaR
train_0232,C:\Users\tao20\Desktop\Algorithm\AIPlayerDesktop\data\蔡扬的\train\train_0232.json,48,5,False,6,11,6,10,T,-1e+18,-30,0.72,0.0,1.0,12,0.0,-10,12,deltaR
train_0232,C:\Users\tao20\Desktop\Algorithm\AIPlayerDesktop\data\蔡扬的\train\train_0232.json,49,1,True,8,9,8,8, ,-0.9451060628255973,0,0.72,0.0,1.0,1,0.8888888888888888,20,12,pathLen
train_0232,C:\Users\tao20\Desktop\Algorithm\AIPlayerDesktop\data\蔡扬的\train\train_0232.json,49,2,False,2,1,2,0, ,-12.425106062825597,0,0.72,0.0,1.0,15,0.8888888888888888,20,12,pathLen
train_0232,C:\Users\tao20\Desktop\Algorithm\AIPlayerDesktop\data\蔡扬的\train\train_0232.json,49,3,False,2,13,2,12, ,-1e+18,-30,0.72,0.0,1.0,13,0.0,-10,12,deltaR
train_0232,C:\Users\tao20\Desktop\Algorithm\AIPlayerDesktop\data\蔡扬的\train\train_0232.json,49,4,False,3,13,3,12,T,-1e+18,-30,0.72,0.0,1.0,12,0.0,-10,12,deltaR
train_0232,C:\Users\tao20\Desktop\Algorithm\AIPlayerDesktop\data\蔡扬的\train\train_0232.json,49,5,False,6,11,6,10,T,-1e+18,-30,0.72,0.0,1.0,13,0.0,-10,12,deltaR
train_0232,C:\Users\tao20\Desktop\Algorithm\AIPlayerDesktop\data\蔡扬的\train\train_0232.json,50,1,True,9,9,9,8, ,-0.9491429189473467,0,0.72,0.0,1.0,1,0.8888888888888888,20,12,pathLen
train_0232,C:\Users\tao20\Desktop\Algorithm\AIPlayerDesktop\data\蔡扬的\train\train_0232.json,50,2,False,2,1,2,0, ,-13.249142918947346,0,0.72,0.0,1.0,16,0.8888888888888888,20,12,pathLen
train_0232,C:\Users\tao20\Desktop\Algorithm\AIPlayerDesktop\data\蔡扬的\train\train_0232.json,50,3,False,2,13,2,12, ,-1e+18,-30,0.72,0.0,1.0,14,0.0,-10,12,deltaR
train_0232,C:\Users\tao20\Desktop\Algorithm\AIPlayerDesktop\data\蔡扬的\train\train_0232.json,50,4,False,3,13,3,12,T,-1e+18,-30,0.72,0.0,1.0,13,0.0,-10,12,deltaR
train_0232,C:\Users\tao20\Desktop\Algorithm\AIPlayerDesktop\data\蔡扬的\train\train_0232.json,50,5,False,6,11,6,10,T,-1e+18,-30,0.72,0.0,1.0,14,0.0,-10,12,deltaR
train_0232,C:\Users\tao20\Desktop\Algorithm\AIPlayerDesktop\data\蔡扬的\train\train_0232.json,51,1,True,2,1,2,0, ,-14.073311581962203,0,0.72,0.0,1.0,17,0.8888888888888888,20,12,pathLen
train_0232,C:\Users\tao20\Desktop\Algorithm\AIPlayerDesktop\data\蔡扬的\train\train_0232.json,51,2,False,2,13,2,12, ,-1e+18,-30,0.72,0.0,1.0,15,0.0,-10,12,deltaR
train_0232,C:\Users\tao20\Desktop\Algorithm\AIPlayerDesktop\data\蔡扬的\train\train_0232.json,51,3,False,3,13,3,12,T,-1e+18,-30,0.72,0.0,1.0,14,0.0,-10,12,deltaR
train_0232,C:\Users\tao20\Desktop\Algorithm\AIPlayerDesktop\data\蔡扬的\train\train_0232.json,51,4,False,6,11,6,10,T,-1e+18,-30,0.72,0.0,1.0,15,0.0,-10,12,deltaR
train_0232,C:\Users\tao20\Desktop\Algorithm\AIPlayerDesktop\data\蔡扬的\train\train_0232.json,52,1,True,2,1,2,0, ,-13.25664651237409,0,0.72,0.0,1.0,16,0.8888888888888888,20,12,pathLen
train_0232,C:\Users\tao20\Desktop\Algorithm\AIPlayerDesktop\data\蔡扬的\train\train_0232.json,52,2,False,2,13,2,12, ,-1e+18,-30,0.72,0.0,1.0,14,0.0,-10,12,deltaR
train_0232,C:\Users\tao20\Desktop\Algorithm\AIPlayerDesktop\data\蔡扬的\train\train_0232.json,52,3,False,3,13,3,12,T,-1e+18,-30,0.72,0.0,1.0,13,0.0,-10,12,deltaR
train_0232,C:\Users\tao20\Desktop\Algorithm\AIPlayerDesktop\data\蔡扬的\train\train_0232.json,52,4,False,6,11,6,10,T,-1e+18,-30,0.72,0.0,1.0,14,0.0,-10,12,deltaR
train_0232,C:\Users\tao20\Desktop\Algorithm\AIPlayerDesktop\data\蔡扬的\train\train_0232.json,53,1,True,2,1,2,0, ,-12.439314456703597,0,0.72,0.0,1.0,15,0.8888888888888888,20,12,pathLen
train_0232,C:\Users\tao20\Desktop\Algorithm\AIPlayerDesktop\data\蔡扬的\train\train_0232.json,53,2,False,2,13,2,12, ,-1e+18,-30,0.72,0.0,1.0,13,0.0,-10,12,deltaR
train_0232,C:\Users\tao20\Desktop\Algorithm\AIPlayerDesktop\data\蔡扬的\train\train_0232.json,53,3,False,3,13,3,12,T,-1e+18,-30,0.72,0.0,1.0,12,0.0,-10,12,deltaR
train_0232,C:\Users\tao20\Desktop\Algorithm\AIPlayerDesktop\data\蔡扬的\train\train_0232.json,53,4,False,6,11,6,10,T,-1e+18,-30,0.72,0.0,1.0,13,0.0,-10,12,deltaR
train_0232,C:\Users\tao20\Desktop\Algorithm\AIPlayerDesktop\data\蔡扬的\train\train_0232.json,54,1,True,2,1,2,0, ,-11.621448812167204,0,0.72,0.0,1.0,14,0.8888888888888888,20,12,pathLen
train_0232,C:\Users\tao20\Desktop\Algorithm\AIPlayerDesktop\data\蔡扬的\train\train_0232.json,54,2,False,2,13,2,12, ,-1e+18,-30,0.72,0.0,1.0,12,0.0,-10,12,deltaR
train_0232,C:\Users\tao20\Desktop\Algorithm\AIPlayerDesktop\data\蔡扬的\train\train_0232.json,54,3,False,3,13,3,12,T,-1e+18,-30,0.72,0.0,1.0,11,0.0,-10,12,deltaR
train_0232,C:\Users\tao20\Desktop\Algorithm\AIPlayerDesktop\data\蔡扬的\train\train_0232.json,54,4,False,6,11,6,10,T,-1e+18,-30,0.72,0.0,1.0,12,0.0,-10,12,deltaR
train_0232,C:\Users\tao20\Desktop\Algorithm\AIPlayerDesktop\data\蔡扬的\train\train_0232.json,55,1,True,2,1,2,0, ,-10.803156296538091,0,0.72,0.0,1.0,13,0.8888888888888888,20,12,pathLen
train_0232,C:\Users\tao20\Desktop\Algorithm\AIPlayerDesktop\data\蔡扬的\train\train_0232.json,55,2,False,2,13,2,12, ,-1e+18,-30,0.72,0.0,1.0,11,0.0,-10,12,deltaR
train_0232,C:\Users\tao20\Desktop\Algorithm\AIPlayerDesktop\data\蔡扬的\train\train_0232.json,55,3,False,3,13,3,12,T,-1e+18,-30,0.72,0.0,1.0,10,0.0,-10,12,deltaR
train_0232,C:\Users\tao20\Desktop\Algorithm\AIPlayerDesktop\data\蔡扬的\train\train_0232.json,55,4,False,6,11,6,10,T,-1e+18,-30,0.72,0.0,1.0,11,0.0,-10,12,deltaR
train_0232,C:\Users\tao20\Desktop\Algorithm\AIPlayerDesktop\data\蔡扬的\train\train_0232.json,56,1,True,2,1,2,0, ,-9.9845222840348,0,0.72,0.0,1.0,12,0.8888888888888888,20,12,pathLen
train_0232,C:\Users\tao20\Desktop\Algorithm\AIPlayerDesktop\data\蔡扬的\train\train_0232.json,56,2,False,2,13,2,12, ,-1e+18,-30,0.72,0.0,1.0,10,0.0,-10,12,deltaR
train_0232,C:\Users\tao20\Desktop\Algorithm\AIPlayerDesktop\data\蔡扬的\train\train_0232.json,56,3,False,3,13,3,12,T,-1e+18,-30,0.72,0.0,1.0,9,0.0,-10,12,deltaR
train_0232,C:\Users\tao20\Desktop\Algorithm\AIPlayerDesktop\data\蔡扬的\train\train_0232.json,56,4,False,6,11,6,10,T,-1e+18,-30,0.72,0.0,1.0,10,0.0,-10,12,deltaR
train_0232,C:\Users\tao20\Desktop\Algorithm\AIPlayerDesktop\data\蔡扬的\train\train_0232.json,57,1,True,2,1,2,0, ,-9.165615074032166,0,0.72,0.0,1.0,11,0.8888888888888888,20,12,pathLen
train_0232,C:\Users\tao20\Desktop\Algorithm\AIPlayerDesktop\data\蔡扬的\train\train_0232.json,57,2,False,2,13,2,12, ,-1e+18,-30,0.72,0.0,1.0,9,0.0,-10,12,deltaR
train_0232,C:\Users\tao20\Desktop\Algorithm\AIPlayerDesktop\data\蔡扬的\train\train_0232.json,57,3,False,3,13,3,12,T,-1e+18,-30,0.72,0.0,1.0,8,0.0,-10,12,deltaR
train_0232,C:\Users\tao20\Desktop\Algorithm\AIPlayerDesktop\data\蔡扬的\train\train_0232.json,57,4,False,6,11,6,10,T,-1e+18,-30,0.72,0.0,1.0,9,0.0,-10,12,deltaR
train_0232,C:\Users\tao20\Desktop\Algorithm\AIPlayerDesktop\data\蔡扬的\train\train_0232.json,58,1,True,2,1,2,0, ,-8.346489306030058,0,0.72,0.0,1.0,10,0.8888888888888888,20,12,pathLen
train_0232,C:\Users\tao20\Desktop\Algorithm\AIPlayerDesktop\data\蔡扬的\train\train_0232.json,58,2,False,2,13,2,12, ,-1e+18,-30,0.72,0.0,1.0,8,0.0,-10,12,deltaR
train_0232,C:\Users\tao20\Desktop\Algorithm\AIPlayerDesktop\data\蔡扬的\train\train_0232.json,58,3,False,3,13,3,12,T,-1e+18,-30,0.72,0.0,1.0,7,0.0,-10,12,deltaR
train_0232,C:\Users\tao20\Desktop\Algorithm\AIPlayerDesktop\data\蔡扬的\train\train_0232.json,58,4,False,6,11,6,10,T,-1e+18,-30,0.72,0.0,1.0,8,0.0,-10,12,deltaR
train_0232,C:\Users\tao20\Desktop\Algorithm\AIPlayerDesktop\data\蔡扬的\train\train_0232.json,59,1,True,2,1,2,0, ,-7.527188691628373,0,0.72,0.0,1.0,9,0.8888888888888888,20,12,pathLen
train_0232,C:\Users\tao20\Desktop\Algorithm\AIPlayerDesktop\data\蔡扬的\train\train_0232.json,59,2,False,2,13,2,12, ,-1e+18,-30,0.72,0.0,1.0,7,0.0,-10,12,deltaR
train_0232,C:\Users\tao20\Desktop\Algorithm\AIPlayerDesktop\data\蔡扬的\train\train_0232.json,59,3,False,3,13,3,12,T,-1e+18,-30,0.72,0.0,1.0,6,0.0,-10,12,deltaR
train_0232,C:\Users\tao20\Desktop\Algorithm\AIPlayerDesktop\data\蔡扬的\train\train_0232.json,59,4,False,6,11,6,10,T,-1e+18,-30,0.72,0.0,1.0,7,0.0,-10,12,deltaR
train_0232,C:\Users\tao20\Desktop\Algorithm\AIPlayerDesktop\data\蔡扬的\train\train_0232.json,60,1,True,2,1,2,0, ,-6.707748200107025,0,0.72,0.0,1.0,8,0.8888888888888888,20,12,pathLen
train_0232,C:\Users\tao20\Desktop\Algorithm\AIPlayerDesktop\data\蔡扬的\train\train_0232.json,60,2,False,2,13,2,12, ,-1e+18,-30,0.72,0.0,1.0,8,0.0,-10,12,deltaR
train_0232,C:\Users\tao20\Desktop\Algorithm\AIPlayerDesktop\data\蔡扬的\train\train_0232.json,60,3,False,3,13,3,12,T,-1e+18,-30,0.72,0.0,1.0,7,0.0,-10,12,deltaR
train_0232,C:\Users\tao20\Desktop\Algorithm\AIPlayerDesktop\data\蔡扬的\train\train_0232.json,60,4,False,6,11,6,10,T,-1e+18,-30,0.72,0.0,1.0,8,0.0,-10,12,deltaR
train_0232,C:\Users\tao20\Desktop\Algorithm\AIPlayerDesktop\data\蔡扬的\train\train_0232.json,61,1,True,2,1,2,0, ,-5.8881958068899465,0,0.72,0.0,1.0,7,0.8888888888888888,20,12,pathLen
train_0232,C:\Users\tao20\Desktop\Algorithm\AIPlayerDesktop\data\蔡扬的\train\train_0232.json,61,2,False,2,13,2,12, ,-1e+18,-30,0.72,0.0,1.0,9,0.0,-10,12,deltaR
train_0232,C:\Users\tao20\Desktop\Algorithm\AIPlayerDesktop\data\蔡扬的\train\train_0232.json,61,3,False,3,13,3,12,T,-1e+18,-30,0.72,0.0,1.0,8,0.0,-10,12,deltaR
train_0232,C:\Users\tao20\Desktop\Algorithm\AIPlayerDesktop\data\蔡扬的\train\train_0232.json,61,4,False,6,11,6,10,T,-1e+18,-30,0.72,0.0,1.0,9,0.0,-10,12,deltaR
train_0232,C:\Users\tao20\Desktop\Algorithm\AIPlayerDesktop\data\蔡扬的\train\train_0232.json,62,1,True,2,1,2,0, ,-5.068553892316283,0,0.72,0.0,1.0,6,0.8888888888888888,20,12,pathLen
train_0232,C:\Users\tao20\Desktop\Algorithm\AIPlayerDesktop\data\蔡扬的\train\train_0232.json,62,2,False,2,13,2,12, ,-1e+18,-30,0.72,0.0,1.0,10,0.0,-10,12,deltaR
train_0232,C:\Users\tao20\Desktop\Algorithm\AIPlayerDesktop\data\蔡扬的\train\train_0232.json,62,3,False,3,13,3,12,T,-1e+18,-30,0.72,0.0,1.0,9,0.0,-10,12,deltaR
train_0232,C:\Users\tao20\Desktop\Algorithm\AIPlayerDesktop\data\蔡扬的\train\train_0232.json,62,4,False,6,11,6,10,T,-1e+18,-30,0.72,0.0,1.0,10,0.0,-10,12,deltaR
train_0232,C:\Users\tao20\Desktop\Algorithm\AIPlayerDesktop\data\蔡扬的\train\train_0232.json,63,1,True,2,1,2,0, ,-4.248840360657352,0,0.72,0.0,1.0,5,0.8888888888888888,20,12,pathLen
train_0232,C:\Users\tao20\Desktop\Algorithm\AIPlayerDesktop\data\蔡扬的\train\train_0232.json,63,2,False,2,13,2,12, ,-1e+18,-30,0.72,0.0,1.0,11,0.0,-10,12,deltaR
train_0232,C:\Users\tao20\Desktop\Algorithm\AIPlayerDesktop\data\蔡扬的\train\train_0232.json,63,3,False,3,13,3,12,T,-1e+18,-30,0.72,0.0,1.0,10,0.0,-10,12,deltaR
train_0232,C:\Users\tao20\Desktop\Algorithm\AIPlayerDesktop\data\蔡扬的\train\train_0232.json,63,4,False,6,11,6,10,T,-1e+18,-30,0.72,0.0,1.0,11,0.0,-10,12,deltaR
train_0232,C:\Users\tao20\Desktop\Algorithm\AIPlayerDesktop\data\蔡扬的\train\train_0232.json,64,1,True,2,1,2,0, ,-3.429069535330209,0,0.72,0.0,1.0,4,0.8888888888888888,20,12,pathLen
train_0232,C:\Users\tao20\Desktop\Algorithm\AIPlayerDesktop\data\蔡扬的\train\train_0232.json,64,2,False,2,13,2,12, ,-1e+18,-30,0.72,0.0,1.0,12,0.0,-10,12,deltaR
train_0232,C:\Users\tao20\Desktop\Algorithm\AIPlayerDesktop\data\蔡扬的\train\train_0232.json,64,3,False,3,13,3,12,T,-1e+18,-30,0.72,0.0,1.0,11,0.0,-10,12,deltaR
train_0232,C:\Users\tao20\Desktop\Algorithm\AIPlayerDesktop\data\蔡扬的\train\train_0232.json,64,4,False,6,11,6,10,T,-1e+18,-30,0.72,0.0,1.0,12,0.0,-10,12,deltaR
train_0232,C:\Users\tao20\Desktop\Algorithm\AIPlayerDesktop\data\蔡扬的\train\train_0232.json,65,1,True,2,1,2,0, ,-2.609252875068494,0,0.72,0.0,1.0,3,0.8888888888888888,20,12,pathLen
train_0232,C:\Users\tao20\Desktop\Algorithm\AIPlayerDesktop\data\蔡扬的\train\train_0232.json,65,2,False,2,13,2,12, ,-1e+18,-30,0.72,0.0,1.0,13,0.0,-10,12,deltaR
train_0232,C:\Users\tao20\Desktop\Algorithm\AIPlayerDesktop\data\蔡扬的\train\train_0232.json,65,3,False,3,13,3,12,T,-1e+18,-30,0.72,0.0,1.0,12,0.0,-10,12,deltaR
train_0232,C:\Users\tao20\Desktop\Algorithm\AIPlayerDesktop\data\蔡扬的\train\train_0232.json,65,4,False,6,11,6,10,T,-1e+18,-30,0.72,0.0,1.0,13,0.0,-10,12,deltaR
train_0232,C:\Users\tao20\Desktop\Algorithm\AIPlayerDesktop\data\蔡扬的\train\train_0232.json,66,1,True,2,1,2,0, ,-1.7893995468591215,0,0.72,0.0,1.0,2,0.8888888888888888,20,12,pathLen
train_0232,C:\Users\tao20\Desktop\Algorithm\AIPlayerDesktop\data\蔡扬的\train\train_0232.json,66,2,False,2,13,2,12, ,-1e+18,-30,0.72,0.0,1.0,14,0.0,-10,12,deltaR
train_0232,C:\Users\tao20\Desktop\Algorithm\AIPlayerDesktop\data\蔡扬的\train\train_0232.json,66,3,False,3,13,3,12,T,-1e+18,-30,0.72,0.0,1.0,13,0.0,-10,12,deltaR
train_0232,C:\Users\tao20\Desktop\Algorithm\AIPlayerDesktop\data\蔡扬的\train\train_0232.json,66,4,False,6,11,6,10,T,-1e+18,-30,0.72,0.0,1.0,14,0.0,-10,12,deltaR
train_0232,C:\Users\tao20\Desktop\Algorithm\AIPlayerDesktop\data\蔡扬的\train\train_0232.json,67,1,True,2,1,2,0, ,-0.9695168842916235,0,0.72,0.0,1.0,1,0.8888888888888888,20,12,pathLen
train_0232,C:\Users\tao20\Desktop\Algorithm\AIPlayerDesktop\data\蔡扬的\train\train_0232.json,67,2,False,2,13,2,12, ,-1e+18,-30,0.72,0.0,1.0,15,0.0,-10,12,deltaR
train_0232,C:\Users\tao20\Desktop\Algorithm\AIPlayerDesktop\data\蔡扬的\train\train_0232.json,67,3,False,3,13,3,12,T,-1e+18,-30,0.72,0.0,1.0,14,0.0,-10,12,deltaR
train_0232,C:\Users\tao20\Desktop\Algorithm\AIPlayerDesktop\data\蔡扬的\train\train_0232.json,67,4,False,6,11,6,10,T,-1e+18,-30,0.72,0.0,1.0,15,0.0,-10,12,deltaR
train_0232,C:\Users\tao20\Desktop\Algorithm\AIPlayerDesktop\data\蔡扬的\train\train_0232.json,68,1,True,3,1,3,0, ,-0.9702486069502072,0,0.72,0.0,1.0,1,0.8888888888888888,20,12,pathLen
train_0232,C:\Users\tao20\Desktop\Algorithm\AIPlayerDesktop\data\蔡扬的\train\train_0232.json,68,2,False,2,13,2,12, ,-1e+18,-30,0.72,0.0,1.0,16,0.0,-10,12,deltaR
train_0232,C:\Users\tao20\Desktop\Algorithm\AIPlayerDesktop\data\蔡扬的\train\train_0232.json,68,3,False,3,13,3,12,T,-1e+18,-30,0.72,0.0,1.0,15,0.0,-10,12,deltaR
train_0232,C:\Users\tao20\Desktop\Algorithm\AIPlayerDesktop\data\蔡扬的\train\train_0232.json,68,4,False,6,11,6,10,T,-1e+18,-30,0.72,0.0,1.0,16,0.0,-10,12,deltaR
train_0232,C:\Users\tao20\Desktop\Algorithm\AIPlayerDesktop\data\蔡扬的\train\train_0232.json,69,1,True,4,1,4,0, ,-0.9714806633379435,0,0.72,0.0,1.0,1,0.8888888888888888,20,12,pathLen
train_0232,C:\Users\tao20\Desktop\Algorithm\AIPlayerDesktop\data\蔡扬的\train\train_0232.json,69,2,False,2,13,2,12, ,-1e+18,-30,0.72,0.0,1.0,17,0.0,-10,12,deltaR
train_0232,C:\Users\tao20\Desktop\Algorithm\AIPlayerDesktop\data\蔡扬的\train\train_0232.json,69,3,False,3,13,3,12,T,-1e+18,-30,0.72,0.0,1.0,16,0.0,-10,12,deltaR
train_0232,C:\Users\tao20\Desktop\Algorithm\AIPlayerDesktop\data\蔡扬的\train\train_0232.json,69,4,False,6,11,6,10,T,-1e+18,-30,0.72,0.0,1.0,17,0.0,-10,12,deltaR
train_0232,C:\Users\tao20\Desktop\Algorithm\AIPlayerDesktop\data\蔡扬的\train\train_0232.json,70,1,True,5,1,5,0,G,53.12254096664691,50,3.857142857142856,0.0,1.0,1,0.0,70,12,deltaR
train_0232,C:\Users\tao20\Desktop\Algorithm\AIPlayerDesktop\data\蔡扬的\train\train_0232.json,70,2,False,5,2,5,1, ,52.30254096664691,50,3.857142857142856,0.0,1.0,2,0.0,70,12,deltaR
train_0232,C:\Users\tao20\Desktop\Algorithm\AIPlayerDesktop\data\蔡扬的\train\train_0232.json,70,3,False,2,13,2,12, ,-1e+18,-30,3.857142857142856,2.5,1.0,18,0.0,-10,12,deltaR
train_0232,C:\Users\tao20\Desktop\Algorithm\AIPlayerDesktop\data\蔡扬的\train\train_0232.json,70,4,False,3,13,3,12,T,-1e+18,-30,3.857142857142856,2.6315789473684212,1.0,17,0.0,-10,12,deltaR
train_0232,C:\Users\tao20\Desktop\Algorithm\AIPlayerDesktop\data\蔡扬的\train\train_0232.json,70,5,False,6,11,6,10,T,-1e+18,-30,3.857142857142856,2.5,1.0,18,0.0,-10,12,deltaR
train_0232,C:\Users\tao20\Desktop\Algorithm\AIPlayerDesktop\data\蔡扬的\train\train_0232.json,71,1,True,5,2,5,1, ,3.00827030648443,0,3.7565217391304357,0.0,1.0,1,0.0,70,12,Iproxy
train_0232,C:\Users\tao20\Desktop\Algorithm\AIPlayerDesktop\data\蔡扬的\train\train_0232.json,71,2,False,6,1,6,0, ,3.00827030648443,0,3.7565217391304357,0.0,1.0,1,0.0,70,12,Iproxy
train_0232,C:\Users\tao20\Desktop\Algorithm\AIPlayerDesktop\data\蔡扬的\train\train_0232.json,71,3,False,3,13,3,12,T,-40.93172969351557,-30,3.7565217391304357,0.0,1.0,18,0.0,40,12,deltaR
train_0232,C:\Users\tao20\Desktop\Algorithm\AIPlayerDesktop\data\蔡扬的\train\train_0232.json,71,4,False,2,13,2,12, ,-41.75172969351557,-30,3.7565217391304357,0.0,1.0,19,0.0,40,12,deltaR
train_0232,C:\Users\tao20\Desktop\Algorithm\AIPlayerDesktop\data\蔡扬的\train\train_0232.json,71,5,False,6,11,6,10,T,-41.75172969351557,-30,3.7565217391304357,0.0,1.0,19,0.0,40,12,deltaR
train_0232,C:\Users\tao20\Desktop\Algorithm\AIPlayerDesktop\data\蔡扬的\train\train_0232.json,72,1,True,5,3,5,2, ,2.93033226150912,0,3.6923076923076885,0.0,1.0,1,0.0,70,12,Iproxy
train_0232,C:\Users\tao20\Desktop\Algorithm\AIPlayerDesktop\data\蔡扬的\train\train_0232.json,72,2,False,6,1,6,0, ,2.11033226150912,0,3.6923076923076885,0.0,1.0,2,0.0,70,12,Iproxy
train_0232,C:\Users\tao20\Desktop\Algorithm\AIPlayerDesktop\data\蔡扬的\train\train_0232.json,72,3,False,3,13,3,12,T,-41.82966773849088,-30,3.6923076923076885,0.0,1.0,19,0.0,40,12,deltaR
train_0232,C:\Users\tao20\Desktop\Algorithm\AIPlayerDesktop\data\蔡扬的\train\train_0232.json,72,4,False,2,13,2,12, ,-42.649667738490876,-30,3.6923076923076885,0.0,1.0,20,0.0,40,12,deltaR
train_0232,C:\Users\tao20\Desktop\Algorithm\AIPlayerDesktop\data\蔡扬的\train\train_0232.json,72,5,False,6,11,6,10,T,-42.649667738490876,-30,3.6923076923076885,0.0,1.0,20,0.0,40,12,deltaR
train_0232,C:\Users\tao20\Desktop\Algorithm\AIPlayerDesktop\data\蔡扬的\train\train_0232.json,73,1,True,5,4,5,3, ,2.8539808680613543,0,3.6302521008403357,0.0,1.0,1,0.0,70,12,Iproxy
train_0232,C:\Users\tao20\Desktop\Algorithm\AIPlayerDesktop\data\蔡扬的\train\train_0232.json,73,2,False,6,1,6,0, ,1.2139808680613542,0,3.6302521008403357,0.0,1.0,3,0.0,70,12,Iproxy
train_0232,C:\Users\tao20\Desktop\Algorithm\AIPlayerDesktop\data\蔡扬的\train\train_0232.json,73,3,False,3,13,3,12,T,-42.72601913193864,-30,3.6302521008403357,0.0,1.0,20,0.0,40,12,deltaR
train_0232,C:\Users\tao20\Desktop\Algorithm\AIPlayerDesktop\data\蔡扬的\train\train_0232.json,73,4,False,2,13,2,12, ,-43.54601913193865,-30,3.6302521008403357,0.0,1.0,21,0.0,40,12,deltaR
train_0232,C:\Users\tao20\Desktop\Algorithm\AIPlayerDesktop\data\蔡扬的\train\train_0232.json,73,5,False,6,11,6,10,T,-43.54601913193865,-30,3.6302521008403357,0.0,1.0,21,0.0,40,12,deltaR
train_0232,C:\Users\tao20\Desktop\Algorithm\AIPlayerDesktop\data\蔡扬的\train\train_0232.json,74,1,True,6,5,6,4, ,1.9593093372085268,0,3.5702479338842985,0.0,1.0,2,0.0,70,12,Iproxy
train_0232,C:\Users\tao20\Desktop\Algorithm\AIPlayerDesktop\data\蔡扬的\train\train_0232.json,74,2,False,6,1,6,0, ,0.31930933720852694,0,3.5702479338842985,0.0,1.0,4,0.0,70,12,pathLen
train_0232,C:\Users\tao20\Desktop\Algorithm\AIPlayerDesktop\data\蔡扬的\train\train_0232.json,74,3,False,3,13,3,12,T,-43.620690662791475,-30,3.5702479338842985,0.0,1.0,21,0.0,40,12,deltaR
train_0232,C:\Users\tao20\Desktop\Algorithm\AIPlayerDesktop\data\蔡扬的\train\train_0232.json,74,4,False,2,13,2,12, ,-44.44069066279147,-30,3.5702479338842985,0.0,1.0,22,0.0,40,12,deltaR
train_0232,C:\Users\tao20\Desktop\Algorithm\AIPlayerDesktop\data\蔡扬的\train\train_0232.json,74,5,False,6,11,6,10,T,-44.44069066279147,-30,3.5702479338842985,0.0,1.0,22,0.0,40,12,deltaR
train_0232,C:\Users\tao20\Desktop\Algorithm\AIPlayerDesktop\data\蔡扬的\train\train_0232.json,74,6,False,5,5,5,4, ,-1e+18,0,0.0,0.0,1.0,1,0.0,70,0,pathLen
train_0232,C:\Users\tao20\Desktop\Algorithm\AIPlayerDesktop\data\蔡扬的\train\train_0232.json,75,1,True,6,5,6,4, ,2.76815367772377,0,3.5702479338842985,0.0,1.0,1,0.0,70,12,Iproxy
train_0232,C:\Users\tao20\Desktop\Algorithm\AIPlayerDesktop\data\蔡扬的\train\train_0232.json,75,2,False,6,1,6,0, ,-0.51184632227623,0,3.5702479338842985,0.0,1.0,5,0.0,70,12,pathLen
train_0232,C:\Users\tao20\Desktop\Algorithm\AIPlayerDesktop\data\蔡扬的\train\train_0232.json,75,3,False,3,13,3,12,T,-44.451846322276225,-30,3.5702479338842985,0.0,1.0,22,0.0,40,12,deltaR
train_0232,C:\Users\tao20\Desktop\Algorithm\AIPlayerDesktop\data\蔡扬的\train\train_0232.json,75,4,False,2,13,2,12, ,-45.27184632227623,-30,3.5702479338842985,0.0,1.0,23,0.0,40,12,deltaR
train_0232,C:\Users\tao20\Desktop\Algorithm\AIPlayerDesktop\data\蔡扬的\train\train_0232.json,75,5,False,6,11,6,10,T,-45.27184632227623,-30,3.5702479338842985,0.0,1.0,23,0.0,40,12,deltaR
train_0232,C:\Users\tao20\Desktop\Algorithm\AIPlayerDesktop\data\蔡扬的\train\train_0232.json,76,1,True,7,5,7,4, ,2.6675099970969716,0,3.4838709677419355,0.0,1.0,1,0.0,70,12,Iproxy
train_0232,C:\Users\tao20\Desktop\Algorithm\AIPlayerDesktop\data\蔡扬的\train\train_0232.json,76,2,False,7,6,7,5, ,1.8475099970969715,0,3.4838709677419355,0.0,1.0,2,0.0,70,12,Iproxy
train_0232,C:\Users\tao20\Desktop\Algorithm\AIPlayerDesktop\data\蔡扬的\train\train_0232.json,76,3,False,6,1,6,0, ,-1.4324900029030285,0,3.4838709677419355,0.0,1.0,6,0.0,70,12,pathLen
train_0232,C:\Users\tao20\Desktop\Algorithm\AIPlayerDesktop\data\蔡扬的\train\train_0232.json,76,4,False,3,13,3,12,T,-45.37249000290303,-30,3.4838709677419355,0.0,1.0,23,0.0,40,12,deltaR
train_0232,C:\Users\tao20\Desktop\Algorithm\AIPlayerDesktop\data\蔡扬的\train\train_0232.json,76,5,False,2,13,2,12, ,-46.19249000290303,-30,3.4838709677419355,0.0,1.0,24,0.0,40,12,deltaR
train_0232,C:\Users\tao20\Desktop\Algorithm\AIPlayerDesktop\data\蔡扬的\train\train_0232.json,76,6,False,6,11,6,10,T,-46.19249000290303,-30,3.4838709677419355,0.0,1.0,24,0.0,40,12,deltaR
train_0232,C:\Users\tao20\Desktop\Algorithm\AIPlayerDesktop\data\蔡扬的\train\train_0232.json,77,1,True,7,6,7,5, ,2.569258832378106,0,3.401574803149605,0.0,1.0,1,0.0,70,12,Iproxy
train_0232,C:\Users\tao20\Desktop\Algorithm\AIPlayerDesktop\data\蔡扬的\train\train_0232.json,77,2,False,8,5,8,4, ,2.569258832378106,0,3.401574803149605,0.0,1.0,1,0.0,70,12,Iproxy
train_0232,C:\Users\tao20\Desktop\Algorithm\AIPlayerDesktop\data\蔡扬的\train\train_0232.json,77,3,False,6,1,6,0, ,-2.3507411676218934,0,3.401574803149605,0.0,1.0,7,0.0,70,12,pathLen
train_0232,C:\Users\tao20\Desktop\Algorithm\AIPlayerDesktop\data\蔡扬的\train\train_0232.json,77,4,False,3,13,3,12,T,-46.290741167621896,-30,3.401574803149605,0.0,1.0,24,0.0,40,12,deltaR
train_0232,C:\Users\tao20\Desktop\Algorithm\AIPlayerDesktop\data\蔡扬的\train\train_0232.json,77,5,False,2,13,2,12, ,-47.110741167621896,-30,3.401574803149605,0.0,1.0,25,0.0,40,12,deltaR
train_0232,C:\Users\tao20\Desktop\Algorithm\AIPlayerDesktop\data\蔡扬的\train\train_0232.json,77,6,False,6,11,6,10,T,-47.110741167621896,-30,3.401574803149605,0.0,1.0,25,0.0,40,12,deltaR
train_0232,C:\Users\tao20\Desktop\Algorithm\AIPlayerDesktop\data\蔡扬的\train\train_0232.json,78,1,True,8,5,8,4, ,1.6808595450482298,0,3.3488372093023266,0.0,1.0,2,0.0,70,12,Iproxy
train_0232,C:\Users\tao20\Desktop\Algorithm\AIPlayerDesktop\data\蔡扬的\train\train_0232.json,78,2,False,6,1,6,0, ,-3.23914045495177,0,3.3488372093023266,0.0,1.0,8,0.0,70,12,pathLen
train_0232,C:\Users\tao20\Desktop\Algorithm\AIPlayerDesktop\data\蔡扬的\train\train_0232.json,78,3,False,3,13,3,12,T,-47.17914045495177,-30,3.3488372093023266,0.0,1.0,25,0.0,40,12,deltaR
train_0232,C:\Users\tao20\Desktop\Algorithm\AIPlayerDesktop\data\蔡扬的\train\train_0232.json,78,4,False,2,13,2,12, ,-47.99914045495177,-30,3.3488372093023266,0.0,1.0,26,0.0,40,12,deltaR
train_0232,C:\Users\tao20\Desktop\Algorithm\AIPlayerDesktop\data\蔡扬的\train\train_0232.json,78,5,False,6,11,6,10,T,-47.99914045495177,-30,3.3488372093023266,0.0,1.0,26,0.0,40,12,deltaR
train_0232,C:\Users\tao20\Desktop\Algorithm\AIPlayerDesktop\data\蔡扬的\train\train_0232.json,78,6,False,7,7,7,6, ,-1e+18,0,0.0,0.0,1.0,1,0.0,70,0,pathLen
train_0232,C:\Users\tao20\Desktop\Algorithm\AIPlayerDesktop\data\蔡扬的\train\train_0232.json,79,1,True,8,5,8,4, ,2.4881774340355287,0,3.3488372093023266,0.0,1.0,1,0.0,70,12,Iproxy
train_0232,C:\Users\tao20\Desktop\Algorithm\AIPlayerDesktop\data\蔡扬的\train\train_0232.json,79,2,False,6,1,6,0, ,-2.4318225659644708,0,3.3488372093023266,0.0,1.0,7,0.0,70,12,pathLen
train_0232,C:\Users\tao20\Desktop\Algorithm\AIPlayerDesktop\data\蔡扬的\train\train_0232.json,79,3,False,3,13,3,12,T,-46.37182256596447,-30,3.3488372093023266,0.0,1.0,24,0.0,40,12,deltaR
train_0232,C:\Users\tao20\Desktop\Algorithm\AIPlayerDesktop\data\蔡扬的\train\train_0232.json,79,4,False,2,13,2,12, ,-47.19182256596447,-30,3.3488372093023266,0.0,1.0,25,0.0,40,12,deltaR
train_0232,C:\Users\tao20\Desktop\Algorithm\AIPlayerDesktop\data\蔡扬的\train\train_0232.json,79,5,False,6,11,6,10,T,-47.19182256596447,-30,3.3488372093023266,0.0,1.0,25,0.0,40,12,deltaR
train_0232,C:\Users\tao20\Desktop\Algorithm\AIPlayerDesktop\data\蔡扬的\train\train_0232.json,79,6,False,7,7,7,6, ,-1e+18,0,0.0,0.0,1.0,2,0.0,70,0,pathLen
train_0232,C:\Users\tao20\Desktop\Algorithm\AIPlayerDesktop\data\蔡扬的\train\train_0232.json,80,1,True,9,5,9,4,G,57.77037234732256,50,8.727272727272727,0.0,1.0,1,0.0,120,12,deltaR
train_0232,C:\Users\tao20\Desktop\Algorithm\AIPlayerDesktop\data\蔡扬的\train\train_0232.json,80,2,False,9,4,9,3, ,56.950372347322556,50,8.727272727272727,0.0,1.0,2,0.0,120,12,deltaR
train_0232,C:\Users\tao20\Desktop\Algorithm\AIPlayerDesktop\data\蔡扬的\train\train_0232.json,80,3,False,7,7,7,6, ,9.84,0,0.0,10.0,1.0,3,0.0,70,0,tailGain
train_0232,C:\Users\tao20\Desktop\Algorithm\AIPlayerDesktop\data\蔡扬的\train\train_0232.json,80,4,False,6,1,6,0, ,8.180372347322553,0,8.727272727272727,5.0,1.0,8,0.0,70,12,Iproxy
train_0232,C:\Users\tao20\Desktop\Algorithm\AIPlayerDesktop\data\蔡扬的\train\train_0232.json,80,5,False,3,13,3,12,T,-39.63184987489967,-30,8.727272727272727,1.8518518518518519,1.0,25,0.0,40,12,deltaR
train_0232,C:\Users\tao20\Desktop\Algorithm\AIPlayerDesktop\data\蔡扬的\train\train_0232.json,80,6,False,2,13,2,12, ,-40.533199081248874,-30,8.727272727272727,1.7857142857142858,1.0,26,0.0,40,12,deltaR
train_0232,C:\Users\tao20\Desktop\Algorithm\AIPlayerDesktop\data\蔡扬的\train\train_0232.json,80,7,False,6,11,6,10,T,-40.533199081248874,-30,8.727272727272727,1.7857142857142858,1.0,26,0.0,40,12,deltaR
train_0232,C:\Users\tao20\Desktop\Algorithm\AIPlayerDesktop\data\蔡扬的\train\train_0232.json,81,1,True,9,4,9,3, ,7.162037970730931,0,8.533333333333335,0.0,1.4634146162998218,1,0.0,120,12,Iproxy
train_0232,C:\Users\tao20\Desktop\Algorithm\AIPlayerDesktop\data\蔡扬的\train\train_0232.json,81,2,False,6,1,6,0, ,-2.437961912195899,0,8.533333333333335,0.0,1.4634146162998218,9,0.0,120,12,pathLen
train_0232,C:\Users\tao20\Desktop\Algorithm\AIPlayerDesktop\data\蔡扬的\train\train_0232.json,81,3,False,3,13,3,12,T,-52.83796166341541,-30,8.533333333333335,0.0,1.4634146162998218,26,0.0,90,12,pathLen
train_0232,C:\Users\tao20\Desktop\Algorithm\AIPlayerDesktop\data\蔡扬的\train\train_0232.json,81,4,False,2,13,2,12, ,-54.03796164878127,-30,8.533333333333335,0.0,1.4634146162998218,27,0.0,90,12,pathLen
train_0232,C:\Users\tao20\Desktop\Algorithm\AIPlayerDesktop\data\蔡扬的\train\train_0232.json,81,5,False,6,11,6,10,T,-54.03796164878127,-30,8.533333333333335,0.0,1.4634146162998218,27,0.0,90,12,pathLen
train_0232,C:\Users\tao20\Desktop\Algorithm\AIPlayerDesktop\data\蔡扬的\train\train_0232.json,81,6,False,7,7,7,6, ,-1e+18,0,0.0,0.0,1.4634146162998218,4,0.0,120,0,pathLen
train_0232,C:\Users\tao20\Desktop\Algorithm\AIPlayerDesktop\data\蔡扬的\train\train_0232.json,82,1,True,9,3,9,2, ,6.952356758242161,0,8.347826086956522,0.0,1.445783115111047,1,0.0,120,12,Iproxy
train_0232,C:\Users\tao20\Desktop\Algorithm\AIPlayerDesktop\data\蔡扬的\train\train_0232.json,82,2,False,10,3,10,2, ,5.766814603851102,0,8.347826086956522,0.0,1.445783115111047,2,0.0,120,12,Iproxy
train_0232,C:\Users\tao20\Desktop\Algorithm\AIPlayerDesktop\data\蔡扬的\train\train_0232.json,82,3,False,6,1,6,0, ,-3.7175226312773653,0,8.347826086956522,0.0,1.445783115111047,10,0.0,120,12,pathLen
train_0232,C:\Users\tao20\Desktop\Algorithm\AIPlayerDesktop\data\蔡扬的\train\train_0232.json,82,4,False,3,13,3,12,T,-53.87173925592536,-30,8.347826086956522,0.0,1.445783115111047,27,0.0,90,12,pathLen
train_0232,C:\Users\tao20\Desktop\Algorithm\AIPlayerDesktop\data\蔡扬的\train\train_0232.json,82,5,False,2,13,2,12, ,-55.05728141031642,-30,8.347826086956522,0.0,1.445783115111047,28,0.0,90,12,pathLen
train_0232,C:\Users\tao20\Desktop\Algorithm\AIPlayerDesktop\data\蔡扬的\train\train_0232.json,82,6,False,6,11,6,10,T,-55.05728141031642,-30,8.347826086956522,0.0,1.445783115111047,28,0.0,90,12,pathLen
train_0232,C:\Users\tao20\Desktop\Algorithm\AIPlayerDesktop\data\蔡扬的\train\train_0232.json,82,7,False,7,7,7,6, ,-1e+18,0,0.0,0.0,1.445783115111047,5,0.0,120,0,pathLen
train_0232,C:\Users\tao20\Desktop\Algorithm\AIPlayerDesktop\data\蔡扬的\train\train_0232.json,83,1,True,10,3,10,2, ,6.747281383649443,0,8.170212765957446,0.0,1.4285714115646262,1,0.0,120,12,Iproxy
train_0232,C:\Users\tao20\Desktop\Algorithm\AIPlayerDesktop\data\蔡扬的\train\train_0232.json,83,2,False,6,1,6,0, ,-4.967004191180492,0,8.170212765957446,0.0,1.4285714115646262,11,0.0,120,12,pathLen
train_0232,C:\Users\tao20\Desktop\Algorithm\AIPlayerDesktop\data\蔡扬的\train\train_0232.json,83,3,False,3,13,3,12,T,-54.881289668391375,-30,8.170212765957446,0.0,1.4285714115646262,28,0.0,90,12,pathLen
train_0232,C:\Users\tao20\Desktop\Algorithm\AIPlayerDesktop\data\蔡扬的\train\train_0232.json,83,4,False,2,13,2,12, ,-56.05271822587437,-30,8.170212765957446,0.0,1.4285714115646262,29,0.0,90,12,pathLen
train_0232,C:\Users\tao20\Desktop\Algorithm\AIPlayerDesktop\data\蔡扬的\train\train_0232.json,83,5,False,6,11,6,10,T,-56.05271822587437,-30,8.170212765957446,0.0,1.4285714115646262,29,0.0,90,12,pathLen
train_0232,C:\Users\tao20\Desktop\Algorithm\AIPlayerDesktop\data\蔡扬的\train\train_0232.json,83,6,False,7,7,7,6, ,-1e+18,0,0.0,0.0,1.4285714115646262,6,0.0,120,0,pathLen
train_0232,C:\Users\tao20\Desktop\Algorithm\AIPlayerDesktop\data\蔡扬的\train\train_0232.json,84,1,True,11,3,11,2, ,3.6430395452934503,0,4.999999999999999,0.0,1.4117646892733566,1,0.0,120,12,Iproxy
train_0232,C:\Users\tao20\Desktop\Algorithm\AIPlayerDesktop\data\蔡扬的\train\train_0232.json,84,2,False,6,1,6,0, ,-9.091077951952226,0,4.999999999999999,0.0,1.4117646892733566,12,0.0,120,12,pathLen
train_0232,C:\Users\tao20\Desktop\Algorithm\AIPlayerDesktop\data\蔡扬的\train\train_0232.json,84,3,False,11,4,11,3,T,-27.514607499910703,-30,4.999999999999999,0.0,1.4117646892733566,2,0.0,90,12,deltaR
train_0232,C:\Users\tao20\Desktop\Algorithm\AIPlayerDesktop\data\蔡扬的\train\train_0232.json,84,4,False,3,13,3,12,T,-58.77107772042281,-30,4.999999999999999,0.0,1.4117646892733566,29,0.0,90,12,pathLen
train_0232,C:\Users\tao20\Desktop\Algorithm\AIPlayerDesktop\data\蔡扬的\train\train_0232.json,84,5,False,2,13,2,12, ,-59.92872476562697,-30,4.999999999999999,0.0,1.4117646892733566,30,0.0,90,12,pathLen
train_0232,C:\Users\tao20\Desktop\Algorithm\AIPlayerDesktop\data\蔡扬的\train\train_0232.json,84,6,False,6,11,6,10,T,-59.92872476562697,-30,4.999999999999999,0.0,1.4117646892733566,30,0.0,90,12,pathLen
train_0232,C:\Users\tao20\Desktop\Algorithm\AIPlayerDesktop\data\蔡扬的\train\train_0232.json,84,7,False,7,7,7,6, ,-1e+18,0,0.0,0.0,1.4117646892733566,7,0.0,120,0,pathLen
train_0232,C:\Users\tao20\Desktop\Algorithm\AIPlayerDesktop\data\蔡扬的\train\train_0232.json,85,1,True,6,1,6,0, ,-10.214733612143617,0,4.897959183673468,0.0,1.3953488209843161,13,0.0,120,12,pathLen
train_0232,C:\Users\tao20\Desktop\Algorithm\AIPlayerDesktop\data\蔡扬的\train\train_0232.json,85,2,False,11,4,11,3,T,-26.484501213657946,-30,4.897959183673468,0.0,1.3953488209843161,1,0.0,90,12,deltaR
train_0232,C:\Users\tao20\Desktop\Algorithm\AIPlayerDesktop\data\蔡扬的\train\train_0232.json,85,3,False,3,13,3,12,T,-59.66589617666499,-30,4.897959183673468,0.0,1.3953488209843161,30,0.0,90,12,pathLen
train_0232,C:\Users\tao20\Desktop\Algorithm\AIPlayerDesktop\data\蔡扬的\train\train_0232.json,85,4,False,2,13,2,12, ,-60.81008220987212,-30,4.897959183673468,0.0,1.3953488209843161,31,0.0,90,12,pathLen
train_0232,C:\Users\tao20\Desktop\Algorithm\AIPlayerDesktop\data\蔡扬的\train\train_0232.json,85,5,False,6,11,6,10,T,-60.81008220987212,-30,4.897959183673468,0.0,1.3953488209843161,31,0.0,90,12,pathLen
train_0232,C:\Users\tao20\Desktop\Algorithm\AIPlayerDesktop\data\蔡扬的\train\train_0232.json,85,6,False,7,7,7,6, ,-1e+18,0,0.0,0.0,1.3953488209843161,8,0.0,120,0,pathLen
train_0232,C:\Users\tao20\Desktop\Algorithm\AIPlayerDesktop\data\蔡扬的\train\train_0232.json,86,1,True,6,1,6,0, ,-8.947151677728675,0,4.897959183673468,0.0,1.3793103289734445,12,0.0,120,12,pathLen
train_0232,C:\Users\tao20\Desktop\Algorithm\AIPlayerDesktop\data\蔡扬的\train\train_0232.json,86,2,False,11,4,11,3,T,-27.63680698014643,-30,4.897959183673468,0.0,1.3793103289734445,2,0.0,90,12,deltaR
train_0232,C:\Users\tao20\Desktop\Algorithm\AIPlayerDesktop\data\蔡扬的\train\train_0232.json,86,3,False,3,13,3,12,T,-58.17473766361849,-30,4.897959183673468,0.0,1.3793103289734445,29,0.0,90,12,pathLen
train_0232,C:\Users\tao20\Desktop\Algorithm\AIPlayerDesktop\data\蔡扬的\train\train_0232.json,86,4,False,2,13,2,12, ,-59.30577213337672,-30,4.897959183673468,0.0,1.3793103289734445,30,0.0,90,12,pathLen
train_0232,C:\Users\tao20\Desktop\Algorithm\AIPlayerDesktop\data\蔡扬的\train\train_0232.json,86,5,False,6,11,6,10,T,-59.30577213337672,-30,4.897959183673468,0.0,1.3793103289734445,30,0.0,90,12,pathLen
train_0232,C:\Users\tao20\Desktop\Algorithm\AIPlayerDesktop\data\蔡扬的\train\train_0232.json,86,6,False,7,7,7,6, ,-1e+18,0,0.0,0.0,1.3793103289734445,7,0.0,120,0,pathLen
train_0232,C:\Users\tao20\Desktop\Algorithm\AIPlayerDesktop\data\蔡扬的\train\train_0232.json,87,1,True,6,1,6,0, ,-7.702276189000595,0,4.897959183673468,0.0,1.363636348140496,11,0.0,120,12,pathLen
train_0232,C:\Users\tao20\Desktop\Algorithm\AIPlayerDesktop\data\蔡扬的\train\train_0232.json,87,2,False,11,4,11,3,T,-28.75682174519894,-30,4.897959183673468,0.0,1.363636348140496,3,0.0,90,12,deltaR
train_0232,C:\Users\tao20\Desktop\Algorithm\AIPlayerDesktop\data\蔡扬的\train\train_0232.json,87,3,False,3,13,3,12,T,-56.711366882079105,-30,4.897959183673468,0.0,1.363636348140496,28,0.0,90,12,pathLen
train_0232,C:\Users\tao20\Desktop\Algorithm\AIPlayerDesktop\data\蔡扬的\train\train_0232.json,87,4,False,2,13,2,12, ,-57.82954868755431,-30,4.897959183673468,0.0,1.363636348140496,29,0.0,90,12,pathLen
train_0232,C:\Users\tao20\Desktop\Algorithm\AIPlayerDesktop\data\蔡扬的\train\train_0232.json,87,5,False,6,11,6,10,T,-57.82954868755431,-30,4.897959183673468,0.0,1.363636348140496,29,0.0,90,12,pathLen
train_0232,C:\Users\tao20\Desktop\Algorithm\AIPlayerDesktop\data\蔡扬的\train\train_0232.json,87,6,False,7,7,7,6, ,-1e+18,0,0.0,0.0,1.363636348140496,6,0.0,120,0,pathLen
train_0232,C:\Users\tao20\Desktop\Algorithm\AIPlayerDesktop\data\蔡扬的\train\train_0232.json,88,1,True,6,1,6,0, ,-6.480486610342156,0,4.897959183673468,0.0,1.348314591591971,10,0.0,120,12,pathLen
train_0232,C:\Users\tao20\Desktop\Algorithm\AIPlayerDesktop\data\蔡扬的\train\train_0232.json,88,2,False,11,4,11,3,T,-29.846778819709662,-30,4.897959183673468,0.0,1.348314591591971,4,0.0,90,12,deltaR
train_0232,C:\Users\tao20\Desktop\Algorithm\AIPlayerDesktop\data\蔡扬的\train\train_0232.json,88,3,False,3,13,3,12,T,-55.27599201713423,-30,4.897959183673468,0.0,1.348314591591971,27,0.0,90,12,pathLen
train_0232,C:\Users\tao20\Desktop\Algorithm\AIPlayerDesktop\data\蔡扬的\train\train_0232.json,88,4,False,2,13,2,12, ,-56.381609982239645,-30,4.897959183673468,0.0,1.348314591591971,28,0.0,90,12,pathLen
train_0232,C:\Users\tao20\Desktop\Algorithm\AIPlayerDesktop\data\蔡扬的\train\train_0232.json,88,5,False,6,11,6,10,T,-56.381609982239645,-30,4.897959183673468,0.0,1.348314591591971,28,0.0,90,12,pathLen
train_0232,C:\Users\tao20\Desktop\Algorithm\AIPlayerDesktop\data\蔡扬的\train\train_0232.json,88,6,False,7,7,7,6, ,-1e+18,0,0.0,0.0,1.348314591591971,5,0.0,120,0,pathLen
train_0232,C:\Users\tao20\Desktop\Algorithm\AIPlayerDesktop\data\蔡扬的\train\train_0232.json,89,1,True,6,1,6,0, ,-5.281931354366398,0,4.897959183673468,0.0,1.3333333185185188,9,0.0,120,12,pathLen
train_0232,C:\Users\tao20\Desktop\Algorithm\AIPlayerDesktop\data\蔡扬的\train\train_0232.json,89,2,False,11,4,11,3,T,-30.908598069625658,-30,4.897959183673468,0.0,1.3333333185185188,5,0.0,90,12,deltaR
train_0232,C:\Users\tao20\Desktop\Algorithm\AIPlayerDesktop\data\蔡扬的\train\train_0232.json,89,3,False,3,13,3,12,T,-53.868597814514544,-30,4.897959183673468,0.0,1.3333333185185188,26,0.0,90,12,pathLen
train_0232,C:\Users\tao20\Desktop\Algorithm\AIPlayerDesktop\data\蔡扬的\train\train_0232.json,89,4,False,2,13,2,12, ,-54.96193113569973,-30,4.897959183673468,0.0,1.3333333185185188,27,0.0,90,12,pathLen
train_0232,C:\Users\tao20\Desktop\Algorithm\AIPlayerDesktop\data\蔡扬的\train\train_0232.json,89,5,False,6,11,6,10,T,-54.96193113569973,-30,4.897959183673468,0.0,1.3333333185185188,27,0.0,90,12,pathLen
train_0232,C:\Users\tao20\Desktop\Algorithm\AIPlayerDesktop\data\蔡扬的\train\train_0232.json,89,6,False,7,7,7,6, ,-1e+18,0,0.0,0.0,1.3333333185185188,4,0.0,120,0,pathLen
train_0232,C:\Users\tao20\Desktop\Algorithm\AIPlayerDesktop\data\蔡扬的\train\train_0232.json,90,1,True,6,1,6,0, ,-4.10658042271759,0,4.897959183673468,0.0,1.3186813041903154,8,0.0,120,12,pathLen
train_0232,C:\Users\tao20\Desktop\Algorithm\AIPlayerDesktop\data\蔡扬的\train\train_0232.json,90,2,False,11,4,11,3,T,-31.943943083845472,-30,4.897959183673468,0.0,1.3186813041903154,6,0.0,90,12,deltaR
train_0232,C:\Users\tao20\Desktop\Algorithm\AIPlayerDesktop\data\蔡扬的\train\train_0232.json,90,3,False,3,13,3,12,T,-52.48899780313059,-30,4.897959183673468,0.0,1.3186813041903154,25,0.0,90,12,pathLen
train_0232,C:\Users\tao20\Desktop\Algorithm\AIPlayerDesktop\data\蔡扬的\train\train_0232.json,90,4,False,2,13,2,12, ,-53.570316472566645,-30,4.897959183673468,0.0,1.3186813041903154,26,0.0,90,12,pathLen
train_0232,C:\Users\tao20\Desktop\Algorithm\AIPlayerDesktop\data\蔡扬的\train\train_0232.json,90,5,False,6,11,6,10,T,-53.570316472566645,-30,4.897959183673468,0.0,1.3186813041903154,26,0.0,90,12,pathLen
train_0232,C:\Users\tao20\Desktop\Algorithm\AIPlayerDesktop\data\蔡扬的\train\train_0232.json,90,6,False,7,7,7,6, ,-1e+18,0,0.0,0.0,1.3186813041903154,3,0.0,120,0,pathLen
train_0232,C:\Users\tao20\Desktop\Algorithm\AIPlayerDesktop\data\蔡扬的\train\train_0232.json,91,1,True,6,1,6,0, ,-2.9542671904118025,0,4.897959183673468,0.0,1.3043478119092629,7,0.0,120,12,pathLen
train_0232,C:\Users\tao20\Desktop\Algorithm\AIPlayerDesktop\data\蔡扬的\train\train_0232.json,91,2,False,11,4,11,3,T,-32.9542671904118,-30,4.897959183673468,0.0,1.3043478119092629,7,0.0,90,12,deltaR
train_0232,C:\Users\tao20\Desktop\Algorithm\AIPlayerDesktop\data\蔡扬的\train\train_0232.json,91,3,False,3,13,3,12,T,-51.136875688426926,-30,4.897959183673468,0.0,1.3043478119092629,24,0.0,90,12,pathLen
train_0232,C:\Users\tao20\Desktop\Algorithm\AIPlayerDesktop\data\蔡扬的\train\train_0232.json,91,4,False,2,13,2,12, ,-52.206440894192525,-30,4.897959183673468,0.0,1.3043478119092629,25,0.0,90,12,pathLen
train_0232,C:\Users\tao20\Desktop\Algorithm\AIPlayerDesktop\data\蔡扬的\train\train_0232.json,91,5,False,6,11,6,10,T,-52.206440894192525,-30,4.897959183673468,0.0,1.3043478119092629,25,0.0,90,12,pathLen
train_0232,C:\Users\tao20\Desktop\Algorithm\AIPlayerDesktop\data\蔡扬的\train\train_0232.json,91,6,False,7,7,7,6, ,-1e+18,0,0.0,0.0,1.3043478119092629,2,0.0,120,0,pathLen
train_0232,C:\Users\tao20\Desktop\Algorithm\AIPlayerDesktop\data\蔡扬的\train\train_0232.json,92,1,True,6,1,6,0, ,-1.8247215248234099,0,4.897959183673468,0.0,1.2903225667707252,6,0.0,120,12,pathLen
train_0232,C:\Users\tao20\Desktop\Algorithm\AIPlayerDesktop\data\蔡扬的\train\train_0232.json,92,2,False,11,4,11,3,T,-33.9408505343274,-30,4.897959183673468,0.0,1.2903225667707252,8,0.0,90,12,deltaR
train_0232,C:\Users\tao20\Desktop\Algorithm\AIPlayerDesktop\data\蔡扬的\train\train_0232.json,92,3,False,3,13,3,12,T,-49.811818105607315,-30,4.897959183673468,0.0,1.2903225667707252,23,0.0,90,12,deltaR
train_0232,C:\Users\tao20\Desktop\Algorithm\AIPlayerDesktop\data\蔡扬的\train\train_0232.json,92,4,False,2,13,2,12, ,-50.86988261035931,-30,4.897959183673468,0.0,1.2903225667707252,24,0.0,90,12,pathLen
train_0232,C:\Users\tao20\Desktop\Algorithm\AIPlayerDesktop\data\蔡扬的\train\train_0232.json,92,5,False,6,11,6,10,T,-50.86988261035931,-30,4.897959183673468,0.0,1.2903225667707252,24,0.0,90,12,pathLen
train_0232,C:\Users\tao20\Desktop\Algorithm\AIPlayerDesktop\data\蔡扬的\train\train_0232.json,92,6,False,7,7,7,6, ,-1e+18,0,0.0,0.0,1.2903225667707252,3,0.0,120,0,pathLen
train_0232,C:\Users\tao20\Desktop\Algorithm\AIPlayerDesktop\data\蔡扬的\train\train_0232.json,93,1,True,6,1,6,0, ,-0.7175959908286771,0,4.897959183673468,0.0,1.2765957311000455,5,0.0,120,12,pathLen
train_0232,C:\Users\tao20\Desktop\Algorithm\AIPlayerDesktop\data\蔡扬的\train\train_0232.json,93,2,False,11,4,11,3,T,-34.90482998883682,-30,4.897959183673468,0.0,1.2765957311000455,9,0.0,90,12,deltaR
train_0232,C:\Users\tao20\Desktop\Algorithm\AIPlayerDesktop\data\蔡扬的\train\train_0232.json,93,3,False,3,13,3,12,T,-48.513340482363304,-30,4.897959183673468,0.0,1.2765957311000455,22,0.0,90,12,deltaR
train_0232,C:\Users\tao20\Desktop\Algorithm\AIPlayerDesktop\data\蔡扬的\train\train_0232.json,93,4,False,2,13,2,12, ,-49.560148981865346,-30,4.897959183673468,0.0,1.2765957311000455,23,0.0,90,12,deltaR
train_0232,C:\Users\tao20\Desktop\Algorithm\AIPlayerDesktop\data\蔡扬的\train\train_0232.json,93,5,False,6,11,6,10,T,-49.560148981865346,-30,4.897959183673468,0.0,1.2765957311000455,23,0.0,90,12,deltaR
train_0232,C:\Users\tao20\Desktop\Algorithm\AIPlayerDesktop\data\蔡扬的\train\train_0232.json,93,6,False,7,7,7,6, ,-1e+18,0,0.0,0.0,1.2765957311000455,4,0.0,120,0,pathLen
train_0232,C:\Users\tao20\Desktop\Algorithm\AIPlayerDesktop\data\蔡扬的\train\train_0232.json,94,1,True,6,1,6,0, ,0.36751345795121626,0,4.897959183673468,0.0,1.2631578814404434,4,0.0,120,12,pathLen
train_0232,C:\Users\tao20\Desktop\Algorithm\AIPlayerDesktop\data\蔡扬的\train\train_0232.json,94,2,False,11,4,11,3,T,-35.847223318735765,-30,4.897959183673468,0.0,1.2631578814404434,10,0.0,90,12,deltaR
train_0232,C:\Users\tao20\Desktop\Algorithm\AIPlayerDesktop\data\蔡扬的\train\train_0232.json,94,3,False,3,13,3,12,T,-47.24090740932856,-30,4.897959183673468,0.0,1.2631578814404434,21,0.0,90,12,deltaR
train_0232,C:\Users\tao20\Desktop\Algorithm\AIPlayerDesktop\data\蔡扬的\train\train_0232.json,94,4,False,2,13,2,12, ,-48.276696872109724,-30,4.897959183673468,0.0,1.2631578814404434,22,0.0,90,12,deltaR
train_0232,C:\Users\tao20\Desktop\Algorithm\AIPlayerDesktop\data\蔡扬的\train\train_0232.json,94,5,False,6,11,6,10,T,-48.276696872109724,-30,4.897959183673468,0.0,1.2631578814404434,22,0.0,90,12,deltaR
train_0232,C:\Users\tao20\Desktop\Algorithm\AIPlayerDesktop\data\蔡扬的\train\train_0232.json,94,6,False,7,7,7,6, ,-1e+18,0,0.0,0.0,1.2631578814404434,5,0.0,120,0,pathLen
train_0232,C:\Users\tao20\Desktop\Algorithm\AIPlayerDesktop\data\蔡扬的\train\train_0232.json,95,1,True,6,1,6,0, ,1.4310511830226096,0,4.897959183673468,0.0,1.249999986979167,3,0.0,120,12,Iproxy
train_0232,C:\Users\tao20\Desktop\Algorithm\AIPlayerDesktop\data\蔡扬的\train\train_0232.json,95,2,False,11,4,11,3,T,-36.76894873156073,-30,4.897959183673468,0.0,1.249999986979167,11,0.0,90,12,deltaR
train_0232,C:\Users\tao20\Desktop\Algorithm\AIPlayerDesktop\data\蔡扬的\train\train_0232.json,95,3,False,3,13,3,12,T,-45.99394863546698,-30,4.897959183673468,0.0,1.249999986979167,20,0.0,90,12,deltaR
train_0232,C:\Users\tao20\Desktop\Algorithm\AIPlayerDesktop\data\蔡扬的\train\train_0232.json,95,4,False,2,13,2,12, ,-47.01894862478989,-30,4.897959183673468,0.0,1.249999986979167,21,0.0,90,12,deltaR
train_0232,C:\Users\tao20\Desktop\Algorithm\AIPlayerDesktop\data\蔡扬的\train\train_0232.json,95,5,False,6,11,6,10,T,-47.01894862478989,-30,4.897959183673468,0.0,1.249999986979167,21,0.0,90,12,deltaR
train_0232,C:\Users\tao20\Desktop\Algorithm\AIPlayerDesktop\data\蔡扬的\train\train_0232.json,95,6,False,7,7,7,6, ,-1e+18,0,0.0,0.0,1.249999986979167,6,0.0,120,0,pathLen
train_0232,C:\Users\tao20\Desktop\Algorithm\AIPlayerDesktop\data\蔡扬的\train\train_0232.json,96,1,True,6,1,6,0, ,2.4734890660584523,0,4.897959183673468,0.0,1.2371133893081094,2,0.0,120,12,Iproxy
train_0232,C:\Users\tao20\Desktop\Algorithm\AIPlayerDesktop\data\蔡扬的\train\train_0232.json,96,2,False,11,4,11,3,T,-37.67084072626804,-30,4.897959183673468,0.0,1.2371133893081094,12,0.0,90,12,deltaR
train_0232,C:\Users\tao20\Desktop\Algorithm\AIPlayerDesktop\data\蔡扬的\train\train_0232.json,96,3,False,3,13,3,12,T,-44.77187158089659,-30,4.897959183673468,0.0,1.2371133893081094,19,0.0,90,12,deltaR
train_0232,C:\Users\tao20\Desktop\Algorithm\AIPlayerDesktop\data\蔡扬的\train\train_0232.json,96,4,False,2,13,2,12, ,-45.78630456012924,-30,4.897959183673468,0.0,1.2371133893081094,20,0.0,90,12,deltaR
train_0232,C:\Users\tao20\Desktop\Algorithm\AIPlayerDesktop\data\蔡扬的\train\train_0232.json,96,5,False,6,11,6,10,T,-45.78630456012924,-30,4.897959183673468,0.0,1.2371133893081094,20,0.0,90,12,deltaR
train_0232,C:\Users\tao20\Desktop\Algorithm\AIPlayerDesktop\data\蔡扬的\train\train_0232.json,96,6,False,7,7,7,6, ,-1e+18,0,0.0,0.0,1.2371133893081094,7,0.0,120,0,pathLen
train_0232,C:\Users\tao20\Desktop\Algorithm\AIPlayerDesktop\data\蔡扬的\train\train_0232.json,97,1,True,6,1,6,0, ,3.4953165009423346,0,4.897959183673468,0.0,1.2244897834235737,1,0.0,120,12,Iproxy
train_0232,C:\Users\tao20\Desktop\Algorithm\AIPlayerDesktop\data\蔡扬的\train\train_0232.json,97,2,False,11,4,11,3,T,-38.55366296794563,-30,4.897959183673468,0.0,1.2244897834235737,13,0.0,90,12,deltaR
train_0232,C:\Users\tao20\Desktop\Algorithm\AIPlayerDesktop\data\蔡扬的\train\train_0232.json,97,3,False,3,13,3,12,T,-43.57407107998228,-30,4.897959183673468,0.0,1.2244897834235737,18,0.0,90,12,deltaR
train_0232,C:\Users\tao20\Desktop\Algorithm\AIPlayerDesktop\data\蔡扬的\train\train_0232.json,97,4,False,2,13,2,12, ,-44.578152702389616,-30,4.897959183673468,0.0,1.2244897834235737,19,0.0,90,12,deltaR
train_0232,C:\Users\tao20\Desktop\Algorithm\AIPlayerDesktop\data\蔡扬的\train\train_0232.json,97,5,False,6,11,6,10,T,-44.578152702389616,-30,4.897959183673468,0.0,1.2244897834235737,19,0.0,90,12,deltaR
train_0232,C:\Users\tao20\Desktop\Algorithm\AIPlayerDesktop\data\蔡扬的\train\train_0232.json,97,6,False,7,7,7,6, ,-1e+18,0,0.0,0.0,1.2244897834235737,8,0.0,120,0,pathLen
train_0232,C:\Users\tao20\Desktop\Algorithm\AIPlayerDesktop\data\蔡扬的\train\train_0232.json,98,1,True,7,1,7,0,G,57.813916873512674,50,9.6,0.0,1.2121211998775636,1,0.0,170,12,deltaR
train_0232,C:\Users\tao20\Desktop\Algorithm\AIPlayerDesktop\data\蔡扬的\train\train_0232.json,98,2,False,7,2,7,1, ,48.746109253651824,50,0.8,0.0,1.2121211998775636,2,0.0,170,1,deltaR
train_0232,C:\Users\tao20\Desktop\Algorithm\AIPlayerDesktop\data\蔡扬的\train\train_0232.json,98,3,False,7,7,7,6, ,-3.3545453641873273,0,0.0,4.545454545454546,1.2121211998775636,9,0.0,120,0,pathLen
train_0232,C:\Users\tao20\Desktop\Algorithm\AIPlayerDesktop\data\蔡扬的\train\train_0232.json,98,4,False,11,4,11,3,T,-31.263545117182154,-30,9.6,3.125,1.2121211998775636,14,0.0,90,12,deltaR
train_0232,C:\Users\tao20\Desktop\Algorithm\AIPlayerDesktop\data\蔡扬的\train\train_0232.json,98,5,False,3,13,3,12,T,-37.14842060810874,-30,9.6,2.380952380952381,1.2121211998775636,19,0.0,90,12,deltaR
train_0232,C:\Users\tao20\Desktop\Algorithm\AIPlayerDesktop\data\蔡扬的\train\train_0232.json,98,6,False,2,13,2,12, ,-38.27547687512522,-30,9.6,2.272727272727273,1.2121211998775636,20,0.0,90,12,deltaR
train_0232,C:\Users\tao20\Desktop\Algorithm\AIPlayerDesktop\data\蔡扬的\train\train_0232.json,98,7,False,6,11,6,10,T,-38.27547687512522,-30,9.6,2.272727272727273,1.2121211998775636,20,0.0,90,12,deltaR
train_0232,C:\Users\tao20\Desktop\Algorithm\AIPlayerDesktop\data\蔡扬的\train\train_0232.json,99,1,True,8,1,8,0, ,7.279451185321359,0,9.473684210526315,0.0,1.699999983,1,0.0,170,12,Iproxy
train_0232,C:\Users\tao20\Desktop\Algorithm\AIPlayerDesktop\data\蔡扬的\train\train_0232.json,99,2,False,7,2,7,1, ,-0.6712123884448867,0,0.7894736842105263,0.0,1.699999983,1,0.0,170,1,pathLen
train_0232,C:\Users\tao20\Desktop\Algorithm\AIPlayerDesktop\data\蔡扬的\train\train_0232.json,99,3,False,11,4,11,3,T,-42.23654861951864,-30,9.473684210526315,0.0,1.699999983,15,0.0,140,12,deltaR
train_0232,C:\Users\tao20\Desktop\Algorithm\AIPlayerDesktop\data\蔡扬的\train\train_0232.json,99,4,False,3,13,3,12,T,-49.20654854981864,-30,9.473684210526315,0.0,1.699999983,20,0.0,140,12,pathLen
train_0232,C:\Users\tao20\Desktop\Algorithm\AIPlayerDesktop\data\蔡扬的\train\train_0232.json,99,5,False,2,13,2,12, ,-50.600548535878644,-30,9.473684210526315,0.0,1.699999983,21,0.0,140,12,pathLen
train_0232,C:\Users\tao20\Desktop\Algorithm\AIPlayerDesktop\data\蔡扬的\train\train_0232.json,99,6,False,6,11,6,10,T,-50.600548535878644,-30,9.473684210526315,0.0,1.699999983,21,0.0,140,12,pathLen
train_0232,C:\Users\tao20\Desktop\Algorithm\AIPlayerDesktop\data\蔡扬的\train\train_0232.json,99,7,False,7,7,7,6, ,-1e+18,0,0.0,0.0,1.699999983,10,0.0,170,0,pathLen
train_0232,C:\Users\tao20\Desktop\Algorithm\AIPlayerDesktop\data\蔡扬的\train\train_0232.json,100,1,True,9,1,9,0, ,7.1562185538948455,0,9.350649350649348,0.0,1.6831683001666506,1,0.0,170,12,Iproxy
train_0232,C:\Users\tao20\Desktop\Algorithm\AIPlayerDesktop\data\蔡扬的\train\train_0232.json,100,2,False,7,2,7,1, ,-2.049027965604015,0,0.779220779220779,0.0,1.6831683001666506,2,0.0,170,1,pathLen
train_0232,C:\Users\tao20\Desktop\Algorithm\AIPlayerDesktop\data\蔡扬的\train\train_0232.json,100,3,False,11,4,11,3,T,-43.54675153815496,-30,9.350649350649348,0.0,1.6831683001666506,16,0.0,140,12,deltaR
train_0232,C:\Users\tao20\Desktop\Algorithm\AIPlayerDesktop\data\蔡扬的\train\train_0232.json,100,4,False,3,13,3,12,T,-50.447741568838225,-30,9.350649350649348,0.0,1.6831683001666506,21,0.0,140,12,pathLen
train_0232,C:\Users\tao20\Desktop\Algorithm\AIPlayerDesktop\data\蔡扬的\train\train_0232.json,100,5,False,2,13,2,12, ,-51.82793957497488,-30,9.350649350649348,0.0,1.6831683001666506,22,0.0,140,12,pathLen
train_0232,C:\Users\tao20\Desktop\Algorithm\AIPlayerDesktop\data\蔡扬的\train\train_0232.json,100,6,False,6,11,6,10,T,-51.82793957497488,-30,9.350649350649348,0.0,1.6831683001666506,22,0.0,140,12,pathLen
train_0232,C:\Users\tao20\Desktop\Algorithm\AIPlayerDesktop\data\蔡扬的\train\train_0232.json,100,7,False,7,7,7,6, ,-1e+18,0,0.0,0.0,1.6831683001666506,11,0.0,170,0,pathLen
train_0232,C:\Users\tao20\Desktop\Algorithm\AIPlayerDesktop\data\蔡扬的\train\train_0232.json,101,1,True,10,1,10,0, ,7.031351046473926,0,9.230769230769232,0.0,1.6666666503267975,1,0.0,170,12,Iproxy
train_0232,C:\Users\tao20\Desktop\Algorithm\AIPlayerDesktop\data\蔡扬的\train\train_0232.json,101,2,False,7,2,7,1, ,-3.4001651514920974,0,0.7692307692307692,0.0,1.6666666503267975,3,0.0,170,1,pathLen
train_0232,C:\Users\tao20\Desktop\Algorithm\AIPlayerDesktop\data\蔡扬的\train\train_0232.json,101,3,False,11,4,11,3,T,-44.83531540581366,-30,9.230769230769232,0.0,1.6666666503267975,17,0.0,140,12,deltaR
train_0232,C:\Users\tao20\Desktop\Algorithm\AIPlayerDesktop\data\蔡扬的\train\train_0232.json,101,4,False,3,13,3,12,T,-51.66864867215352,-30,9.230769230769232,0.0,1.6666666503267975,22,0.0,140,12,pathLen
train_0232,C:\Users\tao20\Desktop\Algorithm\AIPlayerDesktop\data\蔡扬的\train\train_0232.json,101,5,False,2,13,2,12, ,-53.0353153254215,-30,9.230769230769232,0.0,1.6666666503267975,23,0.0,140,12,pathLen
train_0232,C:\Users\tao20\Desktop\Algorithm\AIPlayerDesktop\data\蔡扬的\train\train_0232.json,101,6,False,6,11,6,10,T,-53.0353153254215,-30,9.230769230769232,0.0,1.6666666503267975,23,0.0,140,12,pathLen
train_0232,C:\Users\tao20\Desktop\Algorithm\AIPlayerDesktop\data\蔡扬的\train\train_0232.json,101,7,False,7,7,7,6, ,-1e+18,0,0.0,0.0,1.6666666503267975,12,0.0,170,0,pathLen
train_0232,C:\Users\tao20\Desktop\Algorithm\AIPlayerDesktop\data\蔡扬的\train\train_0232.json,102,1,True,11,1,11,0, ,6.905829437552691,0,9.11392405063291,0.0,1.6504854208690736,1,0.0,170,12,Iproxy
train_0232,C:\Users\tao20\Desktop\Algorithm\AIPlayerDesktop\data\蔡扬的\train\train_0232.json,102,2,False,7,2,7,1, ,-4.725323223561784,0,0.7594936708860758,0.0,1.6504854208690736,4,0.0,170,1,pathLen
train_0232,C:\Users\tao20\Desktop\Algorithm\AIPlayerDesktop\data\蔡扬的\train\train_0232.json,102,3,False,11,4,11,3,T,-46.101937329362194,-30,9.11392405063291,0.0,1.6504854208690736,18,0.0,140,12,deltaR
train_0232,C:\Users\tao20\Desktop\Algorithm\AIPlayerDesktop\data\蔡扬的\train\train_0232.json,102,4,False,3,13,3,12,T,-52.86892755492539,-30,9.11392405063291,0.0,1.6504854208690736,23,0.0,140,12,pathLen
train_0232,C:\Users\tao20\Desktop\Algorithm\AIPlayerDesktop\data\蔡扬的\train\train_0232.json,102,5,False,2,13,2,12, ,-54.22232560003803,-30,9.11392405063291,0.0,1.6504854208690736,24,0.0,140,12,pathLen
train_0232,C:\Users\tao20\Desktop\Algorithm\AIPlayerDesktop\data\蔡扬的\train\train_0232.json,102,6,False,6,11,6,10,T,-54.22232560003803,-30,9.11392405063291,0.0,1.6504854208690736,24,0.0,140,12,pathLen
train_0232,C:\Users\tao20\Desktop\Algorithm\AIPlayerDesktop\data\蔡扬的\train\train_0232.json,102,7,False,7,7,7,6, ,-1e+18,0,0.0,0.0,1.6504854208690736,13,0.0,170,0,pathLen
train_0232,C:\Users\tao20\Desktop\Algorithm\AIPlayerDesktop\data\蔡扬的\train\train_0232.json,103,1,True,12,1,12,0, ,6.78040510880931,0,9.000000000000002,0.0,1.6346153688979292,1,0.0,170,12,Iproxy
train_0232,C:\Users\tao20\Desktop\Algorithm\AIPlayerDesktop\data\蔡扬的\train\train_0232.json,103,2,False,7,2,7,1, ,-6.025190536539376,0,0.75,0.0,1.6346153688979292,5,0.0,170,1,pathLen
train_0232,C:\Users\tao20\Desktop\Algorithm\AIPlayerDesktop\data\蔡扬的\train\train_0232.json,103,3,False,11,4,11,3,T,-47.34651773612413,-30,9.000000000000002,0.0,1.6346153688979292,19,0.0,140,12,pathLen
train_0232,C:\Users\tao20\Desktop\Algorithm\AIPlayerDesktop\data\蔡扬的\train\train_0232.json,103,4,False,3,13,3,12,T,-54.048440748605636,-30,9.000000000000002,0.0,1.6346153688979292,24,0.0,140,12,pathLen
train_0232,C:\Users\tao20\Desktop\Algorithm\AIPlayerDesktop\data\蔡扬的\train\train_0232.json,103,5,False,2,13,2,12, ,-55.388825351101936,-30,9.000000000000002,0.0,1.6346153688979292,25,0.0,140,12,pathLen
train_0232,C:\Users\tao20\Desktop\Algorithm\AIPlayerDesktop\data\蔡扬的\train\train_0232.json,103,6,False,6,11,6,10,T,-55.388825351101936,-30,9.000000000000002,0.0,1.6346153688979292,25,0.0,140,12,pathLen
train_0232,C:\Users\tao20\Desktop\Algorithm\AIPlayerDesktop\data\蔡扬的\train\train_0232.json,103,7,False,7,7,7,6, ,-1e+18,0,0.0,0.0,1.6346153688979292,14,0.0,170,0,pathLen
train_0232,C:\Users\tao20\Desktop\Algorithm\AIPlayerDesktop\data\蔡扬的\train\train_0232.json,104,1,True,13,1,13,0, ,6.601960856764063,0,8.83435582822086,0.0,1.619047603628118,1,0.0,170,12,Iproxy
train_0232,C:\Users\tao20\Desktop\Algorithm\AIPlayerDesktop\data\蔡扬的\train\train_0232.json,104,2,False,13,2,13,1, ,5.274341821789006,0,8.83435582822086,0.0,1.619047603628118,2,0.0,170,12,Iproxy
train_0232,C:\Users\tao20\Desktop\Algorithm\AIPlayerDesktop\data\蔡扬的\train\train_0232.json,104,3,False,7,2,7,1, ,-7.304915885538747,0,0.7361963190184049,0.0,1.619047603628118,6,0.0,170,1,pathLen
train_0232,C:\Users\tao20\Desktop\Algorithm\AIPlayerDesktop\data\蔡扬的\train\train_0232.json,104,4,False,11,4,11,3,T,-48.62280080776202,-30,8.83435582822086,0.0,1.619047603628118,20,0.0,140,12,pathLen
train_0232,C:\Users\tao20\Desktop\Algorithm\AIPlayerDesktop\data\蔡扬的\train\train_0232.json,104,5,False,3,13,3,12,T,-55.260895982637294,-30,8.83435582822086,0.0,1.619047603628118,25,0.0,140,12,pathLen
train_0232,C:\Users\tao20\Desktop\Algorithm\AIPlayerDesktop\data\蔡扬的\train\train_0232.json,104,6,False,2,13,2,12, ,-56.58851501761235,-30,8.83435582822086,0.0,1.619047603628118,26,0.0,140,12,pathLen
train_0232,C:\Users\tao20\Desktop\Algorithm\AIPlayerDesktop\data\蔡扬的\train\train_0232.json,104,7,False,6,11,6,10,T,-56.58851501761235,-30,8.83435582822086,0.0,1.619047603628118,26,0.0,140,12,pathLen
train_0232,C:\Users\tao20\Desktop\Algorithm\AIPlayerDesktop\data\蔡扬的\train\train_0232.json,104,8,False,7,7,7,6, ,-1e+18,0,0.0,0.0,1.619047603628118,15,0.0,170,0,pathLen
train_0232,C:\Users\tao20\Desktop\Algorithm\AIPlayerDesktop\data\蔡扬的\train\train_0232.json,105,1,True,13,2,13,1, ,6.424452987521365,0,8.674698795180724,0.0,1.6037735697757212,1,0.0,170,12,Iproxy
train_0232,C:\Users\tao20\Desktop\Algorithm\AIPlayerDesktop\data\蔡扬的\train\train_0232.json,105,2,False,7,2,7,1, ,-8.560698014284519,0,0.7228915662650602,0.0,1.6037735697757212,7,0.0,170,1,pathLen
train_0232,C:\Users\tao20\Desktop\Algorithm\AIPlayerDesktop\data\蔡扬的\train\train_0232.json,105,3,False,11,4,11,3,T,-49.87743355680046,-30,8.674698795180724,0.0,1.6037735697757212,21,0.0,140,12,pathLen
train_0232,C:\Users\tao20\Desktop\Algorithm\AIPlayerDesktop\data\蔡扬的\train\train_0232.json,105,4,False,3,13,3,12,T,-56.45290519288092,-30,8.674698795180724,0.0,1.6037735697757212,26,0.0,140,12,pathLen
train_0232,C:\Users\tao20\Desktop\Algorithm\AIPlayerDesktop\data\蔡扬的\train\train_0232.json,105,5,False,2,13,2,12, ,-57.76799952009701,-30,8.674698795180724,0.0,1.6037735697757212,27,0.0,140,12,pathLen
train_0232,C:\Users\tao20\Desktop\Algorithm\AIPlayerDesktop\data\蔡扬的\train\train_0232.json,105,6,False,6,11,6,10,T,-57.76799952009701,-30,8.674698795180724,0.0,1.6037735697757212,27,0.0,140,12,pathLen
train_0232,C:\Users\tao20\Desktop\Algorithm\AIPlayerDesktop\data\蔡扬的\train\train_0232.json,105,7,False,7,7,7,6, ,-1e+18,0,0.0,0.0,1.6037735697757212,16,0.0,170,0,pathLen
train_0232,C:\Users\tao20\Desktop\Algorithm\AIPlayerDesktop\data\蔡扬的\train\train_0232.json,106,1,True,13,3,13,2, ,6.298449993918499,0,8.57142857142857,0.0,1.5887850318805137,1,0.0,170,12,Iproxy
train_0232,C:\Users\tao20\Desktop\Algorithm\AIPlayerDesktop\data\蔡扬的\train\train_0232.json,106,2,False,7,2,7,1, ,-9.788991999131126,0,0.7142857142857142,0.0,1.5887850318805137,8,0.0,170,1,pathLen
train_0232,C:\Users\tao20\Desktop\Algorithm\AIPlayerDesktop\data\蔡扬的\train\train_0232.json,106,3,False,11,4,11,3,T,-51.06042825506395,-30,8.57142857142857,0.0,1.5887850318805137,22,0.0,140,12,pathLen
train_0232,C:\Users\tao20\Desktop\Algorithm\AIPlayerDesktop\data\蔡扬的\train\train_0232.json,106,4,False,3,13,3,12,T,-57.57444688577405,-30,8.57142857142857,0.0,1.5887850318805137,27,0.0,140,12,pathLen
train_0232,C:\Users\tao20\Desktop\Algorithm\AIPlayerDesktop\data\蔡扬的\train\train_0232.json,106,5,False,2,13,2,12, ,-58.877250611916075,-30,8.57142857142857,0.0,1.5887850318805137,28,0.0,140,12,pathLen
train_0232,C:\Users\tao20\Desktop\Algorithm\AIPlayerDesktop\data\蔡扬的\train\train_0232.json,106,6,False,6,11,6,10,T,-58.877250611916075,-30,8.57142857142857,0.0,1.5887850318805137,28,0.0,140,12,pathLen
train_0232,C:\Users\tao20\Desktop\Algorithm\AIPlayerDesktop\data\蔡扬的\train\train_0232.json,106,7,False,7,7,7,6, ,-1e+18,0,0.0,0.0,1.5887850318805137,17,0.0,170,0,pathLen
train_0232,C:\Users\tao20\Desktop\Algorithm\AIPlayerDesktop\data\蔡扬的\train\train_0232.json,107,1,True,7,2,7,1, ,-10.994483743212498,0,0.7058823529411764,0.0,1.5740740594993143,9,0.0,170,1,pathLen
train_0232,C:\Users\tao20\Desktop\Algorithm\AIPlayerDesktop\data\蔡扬的\train\train_0232.json,107,2,False,11,4,11,3,T,-52.22084297144778,-30,8.470588235294116,0.0,1.5740740594993143,23,0.0,140,12,pathLen
train_0232,C:\Users\tao20\Desktop\Algorithm\AIPlayerDesktop\data\蔡扬的\train\train_0232.json,107,3,False,3,13,3,12,T,-58.67454661539497,-30,8.470588235294116,0.0,1.5740740594993143,28,0.0,140,12,pathLen
train_0232,C:\Users\tao20\Desktop\Algorithm\AIPlayerDesktop\data\蔡扬的\train\train_0232.json,107,4,False,2,13,2,12, ,-59.96528734418441,-30,8.470588235294116,0.0,1.5740740594993143,29,0.0,140,12,pathLen
train_0232,C:\Users\tao20\Desktop\Algorithm\AIPlayerDesktop\data\蔡扬的\train\train_0232.json,107,5,False,6,11,6,10,T,-59.96528734418441,-30,8.470588235294116,0.0,1.5740740594993143,29,0.0,140,12,pathLen
train_0232,C:\Users\tao20\Desktop\Algorithm\AIPlayerDesktop\data\蔡扬的\train\train_0232.json,107,6,False,7,7,7,6, ,-1e+18,0,0.0,0.0,1.5740740594993143,18,0.0,170,0,pathLen
train_0232,C:\Users\tao20\Desktop\Algorithm\AIPlayerDesktop\data\蔡扬的\train\train_0232.json,108,1,True,7,2,7,1, ,-9.612051978460372,0,0.7058823529411764,0.0,1.559633013214376,8,0.0,170,1,pathLen
train_0232,C:\Users\tao20\Desktop\Algorithm\AIPlayerDesktop\data\蔡扬的\train\train_0232.json,108,2,False,11,4,11,3,T,-50.70609249967613,-30,8.470588235294116,0.0,1.559633013214376,22,0.0,140,12,pathLen
train_0232,C:\Users\tao20\Desktop\Algorithm\AIPlayerDesktop\data\蔡扬的\train\train_0232.json,108,3,False,3,13,3,12,T,-57.10058785385507,-30,8.470588235294116,0.0,1.559633013214376,27,0.0,140,12,pathLen
train_0232,C:\Users\tao20\Desktop\Algorithm\AIPlayerDesktop\data\蔡扬的\train\train_0232.json,108,4,False,2,13,2,12, ,-58.37948692469086,-30,8.470588235294116,0.0,1.559633013214376,28,0.0,140,12,pathLen
train_0232,C:\Users\tao20\Desktop\Algorithm\AIPlayerDesktop\data\蔡扬的\train\train_0232.json,108,5,False,6,11,6,10,T,-58.37948692469086,-30,8.470588235294116,0.0,1.559633013214376,28,0.0,140,12,pathLen
train_0232,C:\Users\tao20\Desktop\Algorithm\AIPlayerDesktop\data\蔡扬的\train\train_0232.json,108,6,False,7,7,7,6, ,-1e+18,0,0.0,0.0,1.559633013214376,17,0.0,170,0,pathLen
train_0232,C:\Users\tao20\Desktop\Algorithm\AIPlayerDesktop\data\蔡扬的\train\train_0232.json,109,1,True,7,2,7,1, ,-8.254202204171733,0,0.7058823529411764,0.0,1.5454545314049588,7,0.0,170,1,pathLen
train_0232,C:\Users\tao20\Desktop\Algorithm\AIPlayerDesktop\data\蔡扬的\train\train_0232.json,109,2,False,11,4,11,3,T,-49.21224535768063,-30,8.470588235294116,0.0,1.5454545314049588,21,0.0,140,12,pathLen
train_0232,C:\Users\tao20\Desktop\Algorithm\AIPlayerDesktop\data\蔡扬的\train\train_0232.json,109,3,False,3,13,3,12,T,-55.54860893644096,-30,8.470588235294116,0.0,1.5454545314049588,26,0.0,140,12,pathLen
train_0232,C:\Users\tao20\Desktop\Algorithm\AIPlayerDesktop\data\蔡扬的\train\train_0232.json,109,4,False,2,13,2,12, ,-56.81588165219302,-30,8.470588235294116,0.0,1.5454545314049588,27,0.0,140,12,pathLen
train_0232,C:\Users\tao20\Desktop\Algorithm\AIPlayerDesktop\data\蔡扬的\train\train_0232.json,109,5,False,6,11,6,10,T,-56.81588165219302,-30,8.470588235294116,0.0,1.5454545314049588,27,0.0,140,12,pathLen
train_0232,C:\Users\tao20\Desktop\Algorithm\AIPlayerDesktop\data\蔡扬的\train\train_0232.json,109,6,False,7,7,7,6, ,-1e+18,0,0.0,0.0,1.5454545314049588,16,0.0,170,0,pathLen
train_0232,C:\Users\tao20\Desktop\Algorithm\AIPlayerDesktop\data\蔡扬的\train\train_0232.json,110,1,True,7,2,7,1, ,-6.920375286864869,0,0.7058823529411764,0.0,1.5315315177339504,6,0.0,170,1,pathLen
train_0232,C:\Users\tao20\Desktop\Algorithm\AIPlayerDesktop\data\蔡扬的\train\train_0232.json,110,2,False,11,4,11,3,T,-47.73999952620278,-30,8.470588235294116,0.0,1.5315315177339504,20,0.0,140,12,pathLen
train_0232,C:\Users\tao20\Desktop\Algorithm\AIPlayerDesktop\data\蔡扬的\train\train_0232.json,110,3,False,3,13,3,12,T,-54.01927874891198,-30,8.470588235294116,0.0,1.5315315177339504,25,0.0,140,12,pathLen
train_0232,C:\Users\tao20\Desktop\Algorithm\AIPlayerDesktop\data\蔡扬的\train\train_0232.json,110,4,False,2,13,2,12, ,-55.27513459345382,-30,8.470588235294116,0.0,1.5315315177339504,26,0.0,140,12,pathLen
train_0232,C:\Users\tao20\Desktop\Algorithm\AIPlayerDesktop\data\蔡扬的\train\train_0232.json,110,5,False,6,11,6,10,T,-55.27513459345382,-30,8.470588235294116,0.0,1.5315315177339504,26,0.0,140,12,pathLen
train_0232,C:\Users\tao20\Desktop\Algorithm\AIPlayerDesktop\data\蔡扬的\train\train_0232.json,110,6,False,7,7,7,6, ,-1e+18,0,0.0,0.0,1.5315315177339504,15,0.0,170,0,pathLen
train_0232,C:\Users\tao20\Desktop\Algorithm\AIPlayerDesktop\data\蔡扬的\train\train_0232.json,111,1,True,7,2,7,1, ,-5.610012070328957,0,0.7058823529411764,0.0,1.517857129304847,5,0.0,170,1,pathLen
train_0232,C:\Users\tao20\Desktop\Algorithm\AIPlayerDesktop\data\蔡扬的\train\train_0232.json,111,2,False,11,4,11,3,T,-46.28978815671852,-30,8.470588235294116,0.0,1.517857129304847,19,0.0,140,12,deltaR
train_0232,C:\Users\tao20\Desktop\Algorithm\AIPlayerDesktop\data\蔡扬的\train\train_0232.json,111,3,False,3,13,3,12,T,-52.51300238686839,-30,8.470588235294116,0.0,1.517857129304847,24,0.0,140,12,pathLen
train_0232,C:\Users\tao20\Desktop\Algorithm\AIPlayerDesktop\data\蔡扬的\train\train_0232.json,111,4,False,2,13,2,12, ,-53.75764523289837,-30,8.470588235294116,0.0,1.517857129304847,25,0.0,140,12,pathLen
train_0232,C:\Users\tao20\Desktop\Algorithm\AIPlayerDesktop\data\蔡扬的\train\train_0232.json,111,5,False,6,11,6,10,T,-53.75764523289837,-30,8.470588235294116,0.0,1.517857129304847,25,0.0,140,12,pathLen
train_0232,C:\Users\tao20\Desktop\Algorithm\AIPlayerDesktop\data\蔡扬的\train\train_0232.json,111,6,False,7,7,7,6, ,-1e+18,0,0.0,0.0,1.517857129304847,14,0.0,170,0,pathLen
train_0232,C:\Users\tao20\Desktop\Algorithm\AIPlayerDesktop\data\蔡扬的\train\train_0232.json,112,1,True,7,2,7,1, ,-4.322557167299308,0,0.7058823529411764,0.0,1.5044247654475684,4,0.0,170,1,pathLen
train_0232,C:\Users\tao20\Desktop\Algorithm\AIPlayerDesktop\data\蔡扬的\train\train_0232.json,112,2,False,11,4,11,3,T,-44.86183677758153,-30,8.470588235294116,0.0,1.5044247654475684,18,0.0,140,12,deltaR
train_0232,C:\Users\tao20\Desktop\Algorithm\AIPlayerDesktop\data\蔡扬的\train\train_0232.json,112,3,False,3,13,3,12,T,-51.02997831591656,-30,8.470588235294116,0.0,1.5044247654475684,23,0.0,140,12,pathLen
train_0232,C:\Users\tao20\Desktop\Algorithm\AIPlayerDesktop\data\蔡扬的\train\train_0232.json,112,4,False,2,13,2,12, ,-52.26360662358356,-30,8.470588235294116,0.0,1.5044247654475684,24,0.0,140,12,pathLen
train_0232,C:\Users\tao20\Desktop\Algorithm\AIPlayerDesktop\data\蔡扬的\train\train_0232.json,112,5,False,6,11,6,10,T,-52.26360662358356,-30,8.470588235294116,0.0,1.5044247654475684,24,0.0,140,12,pathLen
train_0232,C:\Users\tao20\Desktop\Algorithm\AIPlayerDesktop\data\蔡扬的\train\train_0232.json,112,6,False,7,7,7,6, ,-1e+18,0,0.0,0.0,1.5044247654475684,13,0.0,170,0,pathLen
train_0232,C:\Users\tao20\Desktop\Algorithm\AIPlayerDesktop\data\蔡扬的\train\train_0232.json,113,1,True,7,2,7,1, ,-3.0574618342454922,0,0.7058823529411764,0.0,1.4912280570944907,3,0.0,170,1,pathLen
train_0232,C:\Users\tao20\Desktop\Algorithm\AIPlayerDesktop\data\蔡扬的\train\train_0232.json,113,2,False,11,4,11,3,T,-43.456208881413744,-30,8.470588235294116,0.0,1.4912280570944907,17,0.0,140,12,deltaR
train_0232,C:\Users\tao20\Desktop\Algorithm\AIPlayerDesktop\data\蔡扬的\train\train_0232.json,113,3,False,3,13,3,12,T,-49.57024391550115,-30,8.470588235294116,0.0,1.4912280570944907,22,0.0,140,12,pathLen
train_0232,C:\Users\tao20\Desktop\Algorithm\AIPlayerDesktop\data\蔡扬的\train\train_0232.json,113,4,False,2,13,2,12, ,-50.79305092231864,-30,8.470588235294116,0.0,1.4912280570944907,23,0.0,140,12,pathLen
train_0232,C:\Users\tao20\Desktop\Algorithm\AIPlayerDesktop\data\蔡扬的\train\train_0232.json,113,5,False,6,11,6,10,T,-50.79305092231864,-30,8.470588235294116,0.0,1.4912280570944907,23,0.0,140,12,pathLen
train_0232,C:\Users\tao20\Desktop\Algorithm\AIPlayerDesktop\data\蔡扬的\train\train_0232.json,113,6,False,7,7,7,6, ,-1e+18,0,0.0,0.0,1.4912280570944907,12,0.0,170,0,pathLen
train_0232,C:\Users\tao20\Desktop\Algorithm\AIPlayerDesktop\data\蔡扬的\train\train_0232.json,114,1,True,7,2,7,1, ,-1.8141861205281247,0,0.7058823529411764,0.0,1.4782608567107751,2,0.0,170,1,pathLen
train_0232,C:\Users\tao20\Desktop\Algorithm\AIPlayerDesktop\data\蔡扬的\train\train_0232.json,114,2,False,11,4,11,3,T,-42.07284222631481,-30,8.470588235294116,0.0,1.4782608567107751,16,0.0,140,12,deltaR
train_0232,C:\Users\tao20\Desktop\Algorithm\AIPlayerDesktop\data\蔡扬的\train\train_0232.json,114,3,False,3,13,3,12,T,-48.13371173882899,-30,8.470588235294116,0.0,1.4782608567107751,21,0.0,140,12,pathLen
train_0232,C:\Users\tao20\Desktop\Algorithm\AIPlayerDesktop\data\蔡扬的\train\train_0232.json,114,4,False,2,13,2,12, ,-49.345885641331826,-30,8.470588235294116,0.0,1.4782608567107751,22,0.0,140,12,pathLen
train_0232,C:\Users\tao20\Desktop\Algorithm\AIPlayerDesktop\data\蔡扬的\train\train_0232.json,114,5,False,6,11,6,10,T,-49.345885641331826,-30,8.470588235294116,0.0,1.4782608567107751,22,0.0,140,12,pathLen
train_0232,C:\Users\tao20\Desktop\Algorithm\AIPlayerDesktop\data\蔡扬的\train\train_0232.json,114,6,False,7,7,7,6, ,-1e+18,0,0.0,0.0,1.4782608567107751,11,0.0,170,0,pathLen
train_0232,C:\Users\tao20\Desktop\Algorithm\AIPlayerDesktop\data\蔡扬的\train\train_0232.json,115,1,True,7,2,7,1, ,-0.592200444477324,0,0.7058823529411764,0.0,1.4655172287455411,1,0.0,170,1,pathLen
train_0232,C:\Users\tao20\Desktop\Algorithm\AIPlayerDesktop\data\蔡扬的\train\train_0232.json,115,2,False,11,4,11,3,T,-40.71157771644192,-30,8.470588235294116,0.0,1.4655172287455411,15,0.0,140,12,deltaR
train_0232,C:\Users\tao20\Desktop\Algorithm\AIPlayerDesktop\data\蔡扬的\train\train_0232.json,115,3,False,3,13,3,12,T,-46.72019835429864,-30,8.470588235294116,0.0,1.4655172287455411,20,0.0,140,12,deltaR
train_0232,C:\Users\tao20\Desktop\Algorithm\AIPlayerDesktop\data\蔡扬的\train\train_0232.json,115,4,False,2,13,2,12, ,-47.921922481869984,-30,8.470588235294116,0.0,1.4655172287455411,21,0.0,140,12,pathLen
train_0232,C:\Users\tao20\Desktop\Algorithm\AIPlayerDesktop\data\蔡扬的\train\train_0232.json,115,5,False,6,11,6,10,T,-47.921922481869984,-30,8.470588235294116,0.0,1.4655172287455411,21,0.0,140,12,pathLen
train_0232,C:\Users\tao20\Desktop\Algorithm\AIPlayerDesktop\data\蔡扬的\train\train_0232.json,115,6,False,7,7,7,6, ,-1e+18,0,0.0,0.0,1.4655172287455411,10,0.0,170,0,pathLen
train_0232,C:\Users\tao20\Desktop\Algorithm\AIPlayerDesktop\data\蔡扬的\train\train_0232.json,116,1,True,11,4,11,3,T,-41.80238233904926,-30,8.421052631578945,0.0,1.4529914405727227,16,0.0,140,12,deltaR
train_0232,C:\Users\tao20\Desktop\Algorithm\AIPlayerDesktop\data\蔡扬的\train\train_0232.json,116,2,False,3,13,3,12,T,-47.75964724539743,-30,8.421052631578945,0.0,1.4529914405727227,21,0.0,140,12,pathLen
train_0232,C:\Users\tao20\Desktop\Algorithm\AIPlayerDesktop\data\蔡扬的\train\train_0232.json,116,3,False,2,13,2,12, ,-48.95110022666706,-30,8.421052631578945,0.0,1.4529914405727227,22,0.0,140,12,pathLen
train_0232,C:\Users\tao20\Desktop\Algorithm\AIPlayerDesktop\data\蔡扬的\train\train_0232.json,116,4,False,6,11,6,10,T,-48.95110022666706,-30,8.421052631578945,0.0,1.4529914405727227,22,0.0,140,12,pathLen
train_0232,C:\Users\tao20\Desktop\Algorithm\AIPlayerDesktop\data\蔡扬的\train\train_0232.json,116,5,False,7,3,7,2, ,-1e+18,0,0.0,0.0,1.4529914405727227,1,0.0,170,0,pathLen
train_0232,C:\Users\tao20\Desktop\Algorithm\AIPlayerDesktop\data\蔡扬的\train\train_0232.json,116,6,False,7,7,7,6, ,-1e+18,0,0.0,0.0,1.4529914405727227,11,0.0,170,0,pathLen
train_0232,C:\Users\tao20\Desktop\Algorithm\AIPlayerDesktop\data\蔡扬的\train\train_0232.json,117,1,True,11,4,11,3,T,-40.46798966686747,-30,8.421052631578945,0.0,1.4406779538925598,15,0.0,140,12,deltaR
train_0232,C:\Users\tao20\Desktop\Algorithm\AIPlayerDesktop\data\蔡扬的\train\train_0232.json,117,2,False,3,13,3,12,T,-46.374769277826964,-30,8.421052631578945,0.0,1.4406779538925598,20,0.0,140,12,deltaR
train_0232,C:\Users\tao20\Desktop\Algorithm\AIPlayerDesktop\data\蔡扬的\train\train_0232.json,117,3,False,2,13,2,12, ,-47.55612520001887,-30,8.421052631578945,0.0,1.4406779538925598,21,0.0,140,12,pathLen
train_0232,C:\Users\tao20\Desktop\Algorithm\AIPlayerDesktop\data\蔡扬的\train\train_0232.json,117,4,False,6,11,6,10,T,-47.55612520001887,-30,8.421052631578945,0.0,1.4406779538925598,21,0.0,140,12,pathLen
train_0232,C:\Users\tao20\Desktop\Algorithm\AIPlayerDesktop\data\蔡扬的\train\train_0232.json,117,5,False,7,3,7,2, ,-1e+18,0,0.0,0.0,1.4406779538925598,2,0.0,170,0,pathLen
train_0232,C:\Users\tao20\Desktop\Algorithm\AIPlayerDesktop\data\蔡扬的\train\train_0232.json,117,6,False,7,7,7,6, ,-1e+18,0,0.0,0.0,1.4406779538925598,10,0.0,170,0,pathLen
train_0232,C:\Users\tao20\Desktop\Algorithm\AIPlayerDesktop\data\蔡扬的\train\train_0232.json,118,1,True,11,4,11,3,T,-39.15446365237693,-30,8.421052631578945,0.0,1.4285714165666268,14,0.0,140,12,deltaR
train_0232,C:\Users\tao20\Desktop\Algorithm\AIPlayerDesktop\data\蔡扬的\train\train_0232.json,118,2,False,3,13,3,12,T,-45.0116064603001,-30,8.421052631578945,0.0,1.4285714165666268,19,0.0,140,12,deltaR
train_0232,C:\Users\tao20\Desktop\Algorithm\AIPlayerDesktop\data\蔡扬的\train\train_0232.json,118,3,False,2,13,2,12, ,-46.183035021884734,-30,8.421052631578945,0.0,1.4285714165666268,20,0.0,140,12,deltaR
train_0232,C:\Users\tao20\Desktop\Algorithm\AIPlayerDesktop\data\蔡扬的\train\train_0232.json,118,4,False,6,11,6,10,T,-46.183035021884734,-30,8.421052631578945,0.0,1.4285714165666268,20,0.0,140,12,deltaR
train_0232,C:\Users\tao20\Desktop\Algorithm\AIPlayerDesktop\data\蔡扬的\train\train_0232.json,118,5,False,7,3,7,2, ,-1e+18,0,0.0,0.0,1.4285714165666268,3,0.0,170,0,pathLen
train_0232,C:\Users\tao20\Desktop\Algorithm\AIPlayerDesktop\data\蔡扬的\train\train_0232.json,118,6,False,7,7,7,6, ,-1e+18,0,0.0,0.0,1.4285714165666268,9,0.0,170,0,pathLen
train_0232,C:\Users\tao20\Desktop\Algorithm\AIPlayerDesktop\data\蔡扬的\train\train_0232.json,119,1,True,11,4,11,3,T,-37.86158069597397,-30,8.421052631578945,0.0,1.4166666548611113,13,0.0,140,12,deltaR
train_0232,C:\Users\tao20\Desktop\Algorithm\AIPlayerDesktop\data\蔡扬的\train\train_0232.json,119,2,False,3,13,3,12,T,-43.669913980904525,-30,8.421052631578945,0.0,1.4166666548611113,18,0.0,140,12,deltaR
train_0232,C:\Users\tao20\Desktop\Algorithm\AIPlayerDesktop\data\蔡扬的\train\train_0232.json,119,3,False,2,13,2,12, ,-44.83158063789064,-30,8.421052631578945,0.0,1.4166666548611113,19,0.0,140,12,deltaR
train_0232,C:\Users\tao20\Desktop\Algorithm\AIPlayerDesktop\data\蔡扬的\train\train_0232.json,119,4,False,6,11,6,10,T,-44.83158063789064,-30,8.421052631578945,0.0,1.4166666548611113,19,0.0,140,12,deltaR
train_0232,C:\Users\tao20\Desktop\Algorithm\AIPlayerDesktop\data\蔡扬的\train\train_0232.json,119,5,False,7,3,7,2, ,-1e+18,0,0.0,0.0,1.4166666548611113,4,0.0,170,0,pathLen
train_0232,C:\Users\tao20\Desktop\Algorithm\AIPlayerDesktop\data\蔡扬的\train\train_0232.json,119,6,False,7,7,7,6, ,-1e+18,0,0.0,0.0,1.4166666548611113,8,0.0,170,0,pathLen
train_0232,C:\Users\tao20\Desktop\Algorithm\AIPlayerDesktop\data\蔡扬的\train\train_0232.json,120,1,True,11,4,11,3,T,-36.58906772129975,-30,8.421052631578945,0.0,1.4049586660747218,12,0.0,140,12,deltaR
train_0232,C:\Users\tao20\Desktop\Algorithm\AIPlayerDesktop\data\蔡扬的\train\train_0232.json,120,2,False,3,13,3,12,T,-44.653530464568654,-30,8.421052631578945,0.0,1.4049586660747218,19,0.0,140,12,deltaR
train_0232,C:\Users\tao20\Desktop\Algorithm\AIPlayerDesktop\data\蔡扬的\train\train_0232.json,120,3,False,2,13,2,12, ,-45.80559657074993,-30,8.421052631578945,0.0,1.4049586660747218,20,0.0,140,12,deltaR
train_0232,C:\Users\tao20\Desktop\Algorithm\AIPlayerDesktop\data\蔡扬的\train\train_0232.json,120,4,False,6,11,6,10,T,-45.80559657074993,-30,8.421052631578945,0.0,1.4049586660747218,20,0.0,140,12,deltaR
train_0232,C:\Users\tao20\Desktop\Algorithm\AIPlayerDesktop\data\蔡扬的\train\train_0232.json,120,5,False,7,3,7,2, ,-1e+18,0,0.0,0.0,1.4049586660747218,5,0.0,170,0,pathLen
train_0232,C:\Users\tao20\Desktop\Algorithm\AIPlayerDesktop\data\蔡扬的\train\train_0232.json,120,6,False,7,7,7,6, ,-1e+18,0,0.0,0.0,1.4049586660747218,7,0.0,170,0,pathLen
train_0232,C:\Users\tao20\Desktop\Algorithm\AIPlayerDesktop\data\蔡扬的\train\train_0232.json,121,1,True,11,4,11,3,T,-35.33661503669347,-30,8.421052631578945,0.0,1.393442611529159,11,0.0,140,12,deltaR
train_0232,C:\Users\tao20\Desktop\Algorithm\AIPlayerDesktop\data\蔡扬的\train\train_0232.json,121,2,False,3,13,3,12,T,-45.620221509778666,-30,8.421052631578945,0.0,1.393442611529159,20,0.0,140,12,deltaR
train_0232,C:\Users\tao20\Desktop\Algorithm\AIPlayerDesktop\data\蔡扬的\train\train_0232.json,121,3,False,2,13,2,12, ,-46.76284445123258,-30,8.421052631578945,0.0,1.393442611529159,21,0.0,140,12,deltaR
train_0232,C:\Users\tao20\Desktop\Algorithm\AIPlayerDesktop\data\蔡扬的\train\train_0232.json,121,4,False,6,11,6,10,T,-46.76284445123258,-30,8.421052631578945,0.0,1.393442611529159,21,0.0,140,12,deltaR
train_0232,C:\Users\tao20\Desktop\Algorithm\AIPlayerDesktop\data\蔡扬的\train\train_0232.json,121,5,False,7,3,7,2, ,-1e+18,0,0.0,0.0,1.393442611529159,6,0.0,170,0,pathLen
train_0232,C:\Users\tao20\Desktop\Algorithm\AIPlayerDesktop\data\蔡扬的\train\train_0232.json,121,6,False,7,7,7,6, ,-1e+18,0,0.0,0.0,1.393442611529159,6,0.0,170,0,pathLen
train_0232,C:\Users\tao20\Desktop\Algorithm\AIPlayerDesktop\data\蔡扬的\train\train_0232.json,122,1,True,11,4,11,3,T,-34.103886508753654,-30,8.421052631578945,0.0,1.3821138099015138,10,0.0,140,12,deltaR
train_0232,C:\Users\tao20\Desktop\Algorithm\AIPlayerDesktop\data\蔡扬的\train\train_0232.json,122,2,False,3,13,3,12,T,-46.57055307406531,-30,8.421052631578945,0.0,1.3821138099015138,21,0.0,140,12,deltaR
train_0232,C:\Users\tao20\Desktop\Algorithm\AIPlayerDesktop\data\蔡扬的\train\train_0232.json,122,3,False,2,13,2,12, ,-47.70388639818455,-30,8.421052631578945,0.0,1.3821138099015138,22,0.0,140,12,pathLen
train_0232,C:\Users\tao20\Desktop\Algorithm\AIPlayerDesktop\data\蔡扬的\train\train_0232.json,122,4,False,6,11,6,10,T,-47.70388639818455,-30,8.421052631578945,0.0,1.3821138099015138,22,0.0,140,12,pathLen
train_0232,C:\Users\tao20\Desktop\Algorithm\AIPlayerDesktop\data\蔡扬的\train\train_0232.json,122,5,False,7,3,7,2, ,-1e+18,0,0.0,0.0,1.3821138099015138,7,0.0,170,0,pathLen
train_0232,C:\Users\tao20\Desktop\Algorithm\AIPlayerDesktop\data\蔡扬的\train\train_0232.json,122,6,False,7,7,7,6, ,-1e+18,0,0.0,0.0,1.3821138099015138,5,0.0,170,0,pathLen
train_0232,C:\Users\tao20\Desktop\Algorithm\AIPlayerDesktop\data\蔡扬的\train\train_0232.json,123,1,True,11,4,11,3,T,-32.890527590939044,-30,8.421052631578945,0.0,1.3709677308792925,9,0.0,140,12,deltaR
train_0232,C:\Users\tao20\Desktop\Algorithm\AIPlayerDesktop\data\蔡扬的\train\train_0232.json,123,2,False,3,13,3,12,T,-47.5050436021123,-30,8.421052631578945,0.0,1.3709677308792925,22,0.0,140,12,pathLen
train_0232,C:\Users\tao20\Desktop\Algorithm\AIPlayerDesktop\data\蔡扬的\train\train_0232.json,123,3,False,2,13,2,12, ,-48.62923714143332,-30,8.421052631578945,0.0,1.3709677308792925,23,0.0,140,12,pathLen
train_0232,C:\Users\tao20\Desktop\Algorithm\AIPlayerDesktop\data\蔡扬的\train\train_0232.json,123,4,False,6,11,6,10,T,-48.62923714143332,-30,8.421052631578945,0.0,1.3709677308792925,23,0.0,140,12,pathLen
train_0232,C:\Users\tao20\Desktop\Algorithm\AIPlayerDesktop\data\蔡扬的\train\train_0232.json,123,5,False,7,3,7,2, ,-1e+18,0,0.0,0.0,1.3709677308792925,8,0.0,170,0,pathLen
train_0232,C:\Users\tao20\Desktop\Algorithm\AIPlayerDesktop\data\蔡扬的\train\train_0232.json,123,6,False,7,7,7,6, ,-1e+18,0,0.0,0.0,1.3709677308792925,4,0.0,170,0,pathLen
train_0232,C:\Users\tao20\Desktop\Algorithm\AIPlayerDesktop\data\蔡扬的\train\train_0232.json,124,1,True,11,4,11,3,T,-31.696171641267966,-30,8.421052631578945,0.0,1.35999998912,8,0.0,140,12,deltaR
train_0232,C:\Users\tao20\Desktop\Algorithm\AIPlayerDesktop\data\蔡扬的\train\train_0232.json,124,2,False,3,13,3,12,T,-48.42417150744397,-30,8.421052631578945,0.0,1.35999998912,23,0.0,140,12,pathLen
train_0232,C:\Users\tao20\Desktop\Algorithm\AIPlayerDesktop\data\蔡扬的\train\train_0232.json,124,3,False,2,13,2,12, ,-49.53937149852237,-30,8.421052631578945,0.0,1.35999998912,24,0.0,140,12,pathLen
train_0232,C:\Users\tao20\Desktop\Algorithm\AIPlayerDesktop\data\蔡扬的\train\train_0232.json,124,4,False,6,11,6,10,T,-49.53937149852237,-30,8.421052631578945,0.0,1.35999998912,24,0.0,140,12,pathLen
train_0232,C:\Users\tao20\Desktop\Algorithm\AIPlayerDesktop\data\蔡扬的\train\train_0232.json,124,5,False,7,3,7,2, ,-1e+18,0,0.0,0.0,1.35999998912,9,0.0,170,0,pathLen
train_0232,C:\Users\tao20\Desktop\Algorithm\AIPlayerDesktop\data\蔡扬的\train\train_0232.json,124,6,False,7,7,7,6, ,-1e+18,0,0.0,0.0,1.35999998912,3,0.0,170,0,pathLen
train_0232,C:\Users\tao20\Desktop\Algorithm\AIPlayerDesktop\data\蔡扬的\train\train_0232.json,125,1,True,11,4,11,3,T,-30.520444876094086,-30,8.421052631578945,0.0,1.3492063384983624,7,0.0,140,12,deltaR
train_0232,C:\Users\tao20\Desktop\Algorithm\AIPlayerDesktop\data\蔡扬的\train\train_0232.json,125,2,False,3,13,3,12,T,-49.32838123476125,-30,8.421052631578945,0.0,1.3492063384983624,24,0.0,140,12,pathLen
train_0232,C:\Users\tao20\Desktop\Algorithm\AIPlayerDesktop\data\蔡扬的\train\train_0232.json,125,3,False,2,13,2,12, ,-50.434730432329914,-30,8.421052631578945,0.0,1.3492063384983624,25,0.0,140,12,pathLen
train_0232,C:\Users\tao20\Desktop\Algorithm\AIPlayerDesktop\data\蔡扬的\train\train_0232.json,125,4,False,6,11,6,10,T,-50.434730432329914,-30,8.421052631578945,0.0,1.3492063384983624,25,0.0,140,12,pathLen
train_0232,C:\Users\tao20\Desktop\Algorithm\AIPlayerDesktop\data\蔡扬的\train\train_0232.json,125,5,False,7,3,7,2, ,-1e+18,0,0.0,0.0,1.3492063384983624,10,0.0,170,0,pathLen
train_0232,C:\Users\tao20\Desktop\Algorithm\AIPlayerDesktop\data\蔡扬的\train\train_0232.json,125,6,False,7,7,7,6, ,-1e+18,0,0.0,0.0,1.3492063384983624,2,0.0,170,0,pathLen
train_0232,C:\Users\tao20\Desktop\Algorithm\AIPlayerDesktop\data\蔡扬的\train\train_0232.json,126,1,True,11,4,11,3,T,-29.3629702372883,-30,8.421052631578945,0.0,1.3385826666253333,6,0.0,140,12,deltaR
train_0232,C:\Users\tao20\Desktop\Algorithm\AIPlayerDesktop\data\蔡扬的\train\train_0232.json,126,2,False,3,13,3,12,T,-50.218088183310996,-30,8.421052631578945,0.0,1.3385826666253333,25,0.0,140,12,pathLen
train_0232,C:\Users\tao20\Desktop\Algorithm\AIPlayerDesktop\data\蔡扬的\train\train_0232.json,126,3,False,2,13,2,12, ,-51.31572596994377,-30,8.421052631578945,0.0,1.3385826666253333,26,0.0,140,12,pathLen
train_0232,C:\Users\tao20\Desktop\Algorithm\AIPlayerDesktop\data\蔡扬的\train\train_0232.json,126,4,False,6,11,6,10,T,-51.31572596994377,-30,8.421052631578945,0.0,1.3385826666253333,26,0.0,140,12,pathLen
train_0232,C:\Users\tao20\Desktop\Algorithm\AIPlayerDesktop\data\蔡扬的\train\train_0232.json,126,5,False,7,3,7,2, ,-1e+18,0,0.0,0.0,1.3385826666253333,11,0.0,170,0,pathLen
train_0232,C:\Users\tao20\Desktop\Algorithm\AIPlayerDesktop\data\蔡扬的\train\train_0232.json,126,6,False,7,7,7,6, ,-1e+18,0,0.0,0.0,1.3385826666253333,3,0.0,170,0,pathLen
train_0232,C:\Users\tao20\Desktop\Algorithm\AIPlayerDesktop\data\蔡扬的\train\train_0232.json,127,1,True,11,4,11,3,T,-28.223370394452697,-30,8.421052631578945,0.0,1.3281249896240235,5,0.0,140,12,deltaR
train_0232,C:\Users\tao20\Desktop\Algorithm\AIPlayerDesktop\data\蔡扬的\train\train_0232.json,127,2,False,3,13,3,12,T,-51.09368271577838,-30,8.421052631578945,0.0,1.3281249896240235,26,0.0,140,12,pathLen
train_0232,C:\Users\tao20\Desktop\Algorithm\AIPlayerDesktop\data\蔡扬的\train\train_0232.json,127,3,False,2,13,2,12, ,-52.182745207270074,-30,8.421052631578945,0.0,1.3281249896240235,27,0.0,140,12,pathLen
train_0232,C:\Users\tao20\Desktop\Algorithm\AIPlayerDesktop\data\蔡扬的\train\train_0232.json,127,4,False,6,11,6,10,T,-52.182745207270074,-30,8.421052631578945,0.0,1.3281249896240235,27,0.0,140,12,pathLen
train_0232,C:\Users\tao20\Desktop\Algorithm\AIPlayerDesktop\data\蔡扬的\train\train_0232.json,127,5,False,7,3,7,2, ,-1e+18,0,0.0,0.0,1.3281249896240235,12,0.0,170,0,pathLen
train_0232,C:\Users\tao20\Desktop\Algorithm\AIPlayerDesktop\data\蔡扬的\train\train_0232.json,127,6,False,7,7,7,6, ,-1e+18,0,0.0,0.0,1.3281249896240235,4,0.0,170,0,pathLen
train_0232,C:\Users\tao20\Desktop\Algorithm\AIPlayerDesktop\data\蔡扬的\train\train_0232.json,128,1,True,11,4,11,3,T,-27.10127005924367,-30,8.421052631578945,0.0,1.317829447148609,4,0.0,140,12,deltaR
train_0232,C:\Users\tao20\Desktop\Algorithm\AIPlayerDesktop\data\蔡扬的\train\train_0232.json,128,2,False,3,13,3,12,T,-51.95553343246644,-30,8.421052631578945,0.0,1.317829447148609,27,0.0,140,12,pathLen
train_0232,C:\Users\tao20\Desktop\Algorithm\AIPlayerDesktop\data\蔡扬的\train\train_0232.json,128,3,False,2,13,2,12, ,-53.036153579128296,-30,8.421052631578945,0.0,1.317829447148609,28,0.0,140,12,pathLen
train_0232,C:\Users\tao20\Desktop\Algorithm\AIPlayerDesktop\data\蔡扬的\train\train_0232.json,128,4,False,6,11,6,10,T,-53.036153579128296,-30,8.421052631578945,0.0,1.317829447148609,28,0.0,140,12,pathLen
train_0232,C:\Users\tao20\Desktop\Algorithm\AIPlayerDesktop\data\蔡扬的\train\train_0232.json,128,5,False,7,3,7,2, ,-1e+18,0,0.0,0.0,1.317829447148609,13,0.0,170,0,pathLen
train_0232,C:\Users\tao20\Desktop\Algorithm\AIPlayerDesktop\data\蔡扬的\train\train_0232.json,128,6,False,7,7,7,6, ,-1e+18,0,0.0,0.0,1.317829447148609,5,0.0,170,0,pathLen
train_0232,C:\Users\tao20\Desktop\Algorithm\AIPlayerDesktop\data\蔡扬的\train\train_0232.json,129,1,True,11,4,11,3,T,-25.996297753255377,-30,8.421052631578945,0.0,1.3076922976331362,3,0.0,140,12,deltaR
train_0232,C:\Users\tao20\Desktop\Algorithm\AIPlayerDesktop\data\蔡扬的\train\train_0232.json,129,2,False,3,13,3,12,T,-52.80398985473467,-30,8.421052631578945,0.0,1.3076922976331362,28,0.0,140,12,pathLen
train_0232,C:\Users\tao20\Desktop\Algorithm\AIPlayerDesktop\data\蔡扬的\train\train_0232.json,129,3,False,2,13,2,12, ,-53.876297538793835,-30,8.421052631578945,0.0,1.3076922976331362,29,0.0,140,12,pathLen
train_0232,C:\Users\tao20\Desktop\Algorithm\AIPlayerDesktop\data\蔡扬的\train\train_0232.json,129,4,False,6,11,6,10,T,-53.876297538793835,-30,8.421052631578945,0.0,1.3076922976331362,29,0.0,140,12,pathLen
train_0232,C:\Users\tao20\Desktop\Algorithm\AIPlayerDesktop\data\蔡扬的\train\train_0232.json,129,5,False,7,3,7,2, ,-1e+18,0,0.0,0.0,1.3076922976331362,14,0.0,170,0,pathLen
train_0232,C:\Users\tao20\Desktop\Algorithm\AIPlayerDesktop\data\蔡扬的\train\train_0232.json,129,6,False,7,7,7,6, ,-1e+18,0,0.0,0.0,1.3076922976331362,6,0.0,170,0,pathLen
train_0232,C:\Users\tao20\Desktop\Algorithm\AIPlayerDesktop\data\蔡扬的\train\train_0232.json,130,1,True,11,4,11,3,T,-24.908087142426183,-30,8.421052631578945,0.0,1.2977099137579395,2,0.0,140,12,deltaR
train_0232,C:\Users\tao20\Desktop\Algorithm\AIPlayerDesktop\data\蔡扬的\train\train_0232.json,130,2,False,3,13,3,12,T,-53.639384633026964,-30,8.421052631578945,0.0,1.2977099137579395,29,0.0,140,12,pathLen
train_0232,C:\Users\tao20\Desktop\Algorithm\AIPlayerDesktop\data\蔡扬的\train\train_0232.json,130,3,False,2,13,2,12, ,-54.70350676230847,-30,8.421052631578945,0.0,1.2977099137579395,30,0.0,140,12,pathLen
train_0232,C:\Users\tao20\Desktop\Algorithm\AIPlayerDesktop\data\蔡扬的\train\train_0232.json,130,4,False,6,11,6,10,T,-54.70350676230847,-30,8.421052631578945,0.0,1.2977099137579395,30,0.0,140,12,pathLen
train_0232,C:\Users\tao20\Desktop\Algorithm\AIPlayerDesktop\data\蔡扬的\train\train_0232.json,130,5,False,7,3,7,2, ,-1e+18,0,0.0,0.0,1.2977099137579395,15,0.0,170,0,pathLen
train_0232,C:\Users\tao20\Desktop\Algorithm\AIPlayerDesktop\data\蔡扬的\train\train_0232.json,130,6,False,7,7,7,6, ,-1e+18,0,0.0,0.0,1.2977099137579395,7,0.0,170,0,pathLen
train_0232,C:\Users\tao20\Desktop\Algorithm\AIPlayerDesktop\data\蔡扬的\train\train_0232.json,131,1,True,11,4,11,3,T,-23.836278028151543,-30,8.421052631578945,0.0,1.2878787781221306,1,0.0,140,12,deltaR
train_0232,C:\Users\tao20\Desktop\Algorithm\AIPlayerDesktop\data\蔡扬的\train\train_0232.json,131,2,False,3,13,3,12,T,-54.46203537189581,-30,8.421052631578945,0.0,1.2878787781221306,30,0.0,140,12,pathLen
train_0232,C:\Users\tao20\Desktop\Algorithm\AIPlayerDesktop\data\蔡扬的\train\train_0232.json,131,3,False,2,13,2,12, ,-55.51809596995595,-30,8.421052631578945,0.0,1.2878787781221306,31,0.0,140,12,pathLen
train_0232,C:\Users\tao20\Desktop\Algorithm\AIPlayerDesktop\data\蔡扬的\train\train_0232.json,131,4,False,6,11,6,10,T,-55.51809596995595,-30,8.421052631578945,0.0,1.2878787781221306,31,0.0,140,12,pathLen
train_0232,C:\Users\tao20\Desktop\Algorithm\AIPlayerDesktop\data\蔡扬的\train\train_0232.json,131,5,False,7,3,7,2, ,-1e+18,0,0.0,0.0,1.2878787781221306,16,0.0,170,0,pathLen
train_0232,C:\Users\tao20\Desktop\Algorithm\AIPlayerDesktop\data\蔡扬的\train\train_0232.json,131,6,False,7,7,7,6, ,-1e+18,0,0.0,0.0,1.2878787781221306,8,0.0,170,0,pathLen
train_0232,C:\Users\tao20\Desktop\Algorithm\AIPlayerDesktop\data\蔡扬的\train\train_0232.json,132,1,True,11,5,11,4, ,6.26383351287502,0,8.323699421965319,0.0,1.0526315710328453,1,0.0,140,12,Iproxy
train_0232,C:\Users\tao20\Desktop\Algorithm\AIPlayerDesktop\data\蔡扬的\train\train_0232.json,132,2,False,12,5,12,4, ,5.400675624628087,0,8.323699421965319,0.0,1.0526315710328453,2,0.0,140,12,Iproxy
train_0232,C:\Users\tao20\Desktop\Algorithm\AIPlayerDesktop\data\蔡扬的\train\train_0232.json,132,3,False,3,13,3,12,T,-49.63090313453297,-30,8.323699421965319,0.0,1.0526315710328453,31,0.0,110,12,pathLen
train_0232,C:\Users\tao20\Desktop\Algorithm\AIPlayerDesktop\data\蔡扬的\train\train_0232.json,132,4,False,2,13,2,12, ,-50.4940610227799,-30,8.323699421965319,0.0,1.0526315710328453,32,0.0,110,12,pathLen
train_0232,C:\Users\tao20\Desktop\Algorithm\AIPlayerDesktop\data\蔡扬的\train\train_0232.json,132,5,False,6,11,6,10,T,-50.4940610227799,-30,8.323699421965319,0.0,1.0526315710328453,32,0.0,110,12,pathLen
train_0232,C:\Users\tao20\Desktop\Algorithm\AIPlayerDesktop\data\蔡扬的\train\train_0232.json,132,6,False,7,3,7,2, ,-1e+18,0,0.0,0.0,1.0526315710328453,17,0.0,140,0,pathLen
train_0232,C:\Users\tao20\Desktop\Algorithm\AIPlayerDesktop\data\蔡扬的\train\train_0232.json,132,7,False,7,7,7,6, ,-1e+18,0,0.0,0.0,1.0526315710328453,9,0.0,140,0,pathLen
train_0232,C:\Users\tao20\Desktop\Algorithm\AIPlayerDesktop\data\蔡扬的\train\train_0232.json,133,1,True,11,6,11,5, ,6.172494023520072,0,8.228571428571431,0.0,1.0447761116061485,1,0.0,140,12,Iproxy
train_0232,C:\Users\tao20\Desktop\Algorithm\AIPlayerDesktop\data\蔡扬的\train\train_0232.json,133,2,False,12,5,12,4, ,6.172494023520072,0,8.228571428571431,0.0,1.0447761116061485,1,0.0,140,12,Iproxy
train_0232,C:\Users\tao20\Desktop\Algorithm\AIPlayerDesktop\data\蔡扬的\train\train_0232.json,133,3,False,3,13,3,12,T,-50.38571473350822,-30,8.228571428571431,0.0,1.0447761116061485,32,0.0,110,12,pathLen
train_0232,C:\Users\tao20\Desktop\Algorithm\AIPlayerDesktop\data\蔡扬的\train\train_0232.json,133,4,False,2,13,2,12, ,-51.242431145025265,-30,8.228571428571431,0.0,1.0447761116061485,33,0.0,110,12,pathLen
train_0232,C:\Users\tao20\Desktop\Algorithm\AIPlayerDesktop\data\蔡扬的\train\train_0232.json,133,5,False,6,11,6,10,T,-51.242431145025265,-30,8.228571428571431,0.0,1.0447761116061485,33,0.0,110,12,pathLen
train_0232,C:\Users\tao20\Desktop\Algorithm\AIPlayerDesktop\data\蔡扬的\train\train_0232.json,133,6,False,7,3,7,2, ,-1e+18,0,0.0,0.0,1.0447761116061485,18,0.0,140,0,pathLen
train_0232,C:\Users\tao20\Desktop\Algorithm\AIPlayerDesktop\data\蔡扬的\train\train_0232.json,133,7,False,7,7,7,6, ,-1e+18,0,0.0,0.0,1.0447761116061485,10,0.0,140,0,pathLen
train_0232,C:\Users\tao20\Desktop\Algorithm\AIPlayerDesktop\data\蔡扬的\train\train_0232.json,134,1,True,11,7,11,6, ,6.034270881750349,0,8.089887640449437,0.0,1.0370370293552813,1,0.0,140,12,Iproxy
train_0232,C:\Users\tao20\Desktop\Algorithm\AIPlayerDesktop\data\蔡扬的\train\train_0232.json,134,2,False,12,5,12,4, ,5.183900517679018,0,8.089887640449437,0.0,1.0370370293552813,2,0.0,140,12,Iproxy
train_0232,C:\Users\tao20\Desktop\Algorithm\AIPlayerDesktop\data\蔡扬的\train\train_0232.json,134,3,False,12,7,12,6, ,5.183900517679018,0,8.089887640449437,0.0,1.0370370293552813,2,0.0,140,12,Iproxy
train_0232,C:\Users\tao20\Desktop\Algorithm\AIPlayerDesktop\data\蔡扬的\train\train_0232.json,134,4,False,10,7,10,6, ,-1.1270206243241878,0,0.6741573033707864,0.0,1.0370370293552813,2,0.0,140,1,pathLen
train_0232,C:\Users\tao20\Desktop\Algorithm\AIPlayerDesktop\data\蔡扬的\train\train_0232.json,134,5,False,3,13,3,12,T,-51.17758076853223,-30,8.089887640449437,0.0,1.0370370293552813,33,0.0,110,12,pathLen
train_0232,C:\Users\tao20\Desktop\Algorithm\AIPlayerDesktop\data\蔡扬的\train\train_0232.json,134,6,False,2,13,2,12, ,-52.02795113260356,-30,8.089887640449437,0.0,1.0370370293552813,34,0.0,110,12,pathLen
train_0232,C:\Users\tao20\Desktop\Algorithm\AIPlayerDesktop\data\蔡扬的\train\train_0232.json,134,7,False,6,11,6,10,T,-52.02795113260356,-30,8.089887640449437,0.0,1.0370370293552813,34,0.0,110,12,pathLen
train_0232,C:\Users\tao20\Desktop\Algorithm\AIPlayerDesktop\data\蔡扬的\train\train_0232.json,134,8,False,7,3,7,2, ,-1e+18,0,0.0,0.0,1.0370370293552813,19,0.0,140,0,pathLen
train_0232,C:\Users\tao20\Desktop\Algorithm\AIPlayerDesktop\data\蔡扬的\train\train_0232.json,134,9,False,7,7,7,6, ,-1e+18,0,0.0,0.0,1.0370370293552813,11,0.0,140,0,pathLen
train_0232,C:\Users\tao20\Desktop\Algorithm\AIPlayerDesktop\data\蔡扬的\train\train_0232.json,135,1,True,11,8,11,7, ,5.934609071047087,0,8.0,0.0,1.0294117571366783,1,0.0,140,12,Iproxy
train_0232,C:\Users\tao20\Desktop\Algorithm\AIPlayerDesktop\data\蔡扬的\train\train_0232.json,135,2,False,12,7,12,6, ,5.934609071047087,0,8.0,0.0,1.0294117571366783,1,0.0,140,12,Iproxy
train_0232,C:\Users\tao20\Desktop\Algorithm\AIPlayerDesktop\data\蔡扬的\train\train_0232.json,135,3,False,12,5,12,4, ,4.246373789342934,0,8.0,0.0,1.0294117571366783,3,0.0,140,12,Iproxy
train_0232,C:\Users\tao20\Desktop\Algorithm\AIPlayerDesktop\data\蔡扬的\train\train_0232.json,135,4,False,10,7,10,6, ,-0.27922374819381246,0,0.6666666666666667,0.0,1.0294117571366783,1,0.0,140,1,pathLen
train_0232,C:\Users\tao20\Desktop\Algorithm\AIPlayerDesktop\data\蔡扬的\train\train_0232.json,135,5,False,3,13,3,12,T,-51.921273077071426,-30,8.0,0.0,1.0294117571366783,34,0.0,110,12,pathLen
train_0232,C:\Users\tao20\Desktop\Algorithm\AIPlayerDesktop\data\蔡扬的\train\train_0232.json,135,6,False,2,13,2,12, ,-52.7653907179235,-30,8.0,0.0,1.0294117571366783,35,0.0,110,12,pathLen
train_0232,C:\Users\tao20\Desktop\Algorithm\AIPlayerDesktop\data\蔡扬的\train\train_0232.json,135,7,False,6,11,6,10,T,-52.7653907179235,-30,8.0,0.0,1.0294117571366783,35,0.0,110,12,pathLen
train_0232,C:\Users\tao20\Desktop\Algorithm\AIPlayerDesktop\data\蔡扬的\train\train_0232.json,135,8,False,7,3,7,2, ,-1e+18,0,0.0,0.0,1.0294117571366783,20,0.0,140,0,pathLen
train_0232,C:\Users\tao20\Desktop\Algorithm\AIPlayerDesktop\data\蔡扬的\train\train_0232.json,135,9,False,7,7,7,6, ,-1e+18,0,0.0,0.0,1.0294117571366783,12,0.0,140,0,pathLen
train_0232,C:\Users\tao20\Desktop\Algorithm\AIPlayerDesktop\data\蔡扬的\train\train_0232.json,136,1,True,11,9,11,8, ,5.834303764265183,0,7.912087912087912,0.0,1.02189780275987,1,0.0,140,12,Iproxy
train_0232,C:\Users\tao20\Desktop\Algorithm\AIPlayerDesktop\data\蔡扬的\train\train_0232.json,136,2,False,12,7,12,6, ,4.99634756600209,0,7.912087912087912,0.0,1.02189780275987,2,0.0,140,12,Iproxy
train_0232,C:\Users\tao20\Desktop\Algorithm\AIPlayerDesktop\data\蔡扬的\train\train_0232.json,136,3,False,12,9,12,8, ,4.99634756600209,0,7.912087912087912,0.0,1.02189780275987,2,0.0,140,12,Iproxy
train_0232,C:\Users\tao20\Desktop\Algorithm\AIPlayerDesktop\data\蔡扬的\train\train_0232.json,136,4,False,12,5,12,4, ,3.320435169475903,0,7.912087912087912,0.0,1.02189780275987,4,0.0,140,12,Iproxy
train_0232,C:\Users\tao20\Desktop\Algorithm\AIPlayerDesktop\data\蔡扬的\train\train_0232.json,136,5,False,10,7,10,6, ,-1.1198907329821635,0,0.6593406593406594,0.0,1.02189780275987,2,0.0,140,1,pathLen
train_0232,C:\Users\tao20\Desktop\Algorithm\AIPlayerDesktop\data\蔡扬的\train\train_0232.json,136,6,False,3,13,3,12,T,-52.65620697667999,-30,7.912087912087912,0.0,1.02189780275987,35,0.0,110,12,pathLen
train_0232,C:\Users\tao20\Desktop\Algorithm\AIPlayerDesktop\data\蔡扬的\train\train_0232.json,136,7,False,2,13,2,12, ,-53.49416317494308,-30,7.912087912087912,0.0,1.02189780275987,36,0.0,110,12,pathLen
train_0232,C:\Users\tao20\Desktop\Algorithm\AIPlayerDesktop\data\蔡扬的\train\train_0232.json,136,8,False,6,11,6,10,T,-53.49416317494308,-30,7.912087912087912,0.0,1.02189780275987,36,0.0,110,12,pathLen
train_0232,C:\Users\tao20\Desktop\Algorithm\AIPlayerDesktop\data\蔡扬的\train\train_0232.json,136,9,False,7,3,7,2, ,-1e+18,0,0.0,0.0,1.02189780275987,21,0.0,140,0,pathLen
train_0232,C:\Users\tao20\Desktop\Algorithm\AIPlayerDesktop\data\蔡扬的\train\train_0232.json,136,10,False,7,7,7,6, ,-1e+18,0,0.0,0.0,1.02189780275987,13,0.0,140,0,pathLen
train_0232,C:\Users\tao20\Desktop\Algorithm\AIPlayerDesktop\data\蔡扬的\train\train_0232.json,137,1,True,12,9,12,8, ,5.733921298952433,0,7.82608695652174,0.0,1.0144927462717916,1,0.0,140,12,Iproxy
train_0232,C:\Users\tao20\Desktop\Algorithm\AIPlayerDesktop\data\蔡扬的\train\train_0232.json,137,2,False,12,7,12,6, ,4.070153195066695,0,7.82608695652174,0.0,1.0144927462717916,3,0.0,140,12,Iproxy
train_0232,C:\Users\tao20\Desktop\Algorithm\AIPlayerDesktop\data\蔡扬的\train\train_0232.json,137,3,False,12,5,12,4, ,2.4063850911809572,0,7.82608695652174,0.0,1.0144927462717916,5,0.0,140,12,Iproxy
train_0232,C:\Users\tao20\Desktop\Algorithm\AIPlayerDesktop\data\蔡扬的\train\train_0232.json,137,4,False,10,7,10,6, ,-1.9485017099206652,0,0.6521739130434784,0.0,1.0144927462717916,3,0.0,140,1,pathLen
train_0232,C:\Users\tao20\Desktop\Algorithm\AIPlayerDesktop\data\蔡扬的\train\train_0232.json,137,5,False,3,13,3,12,T,-53.382020519047984,-30,7.82608695652174,0.0,1.0144927462717916,36,0.0,110,12,pathLen
train_0232,C:\Users\tao20\Desktop\Algorithm\AIPlayerDesktop\data\蔡扬的\train\train_0232.json,137,6,False,2,13,2,12, ,-54.21390457099085,-30,7.82608695652174,0.0,1.0144927462717916,37,0.0,110,12,pathLen
train_0232,C:\Users\tao20\Desktop\Algorithm\AIPlayerDesktop\data\蔡扬的\train\train_0232.json,137,7,False,6,11,6,10,T,-54.21390457099085,-30,7.82608695652174,0.0,1.0144927462717916,37,0.0,110,12,pathLen
train_0232,C:\Users\tao20\Desktop\Algorithm\AIPlayerDesktop\data\蔡扬的\train\train_0232.json,137,8,False,7,3,7,2, ,-1e+18,0,0.0,0.0,1.0144927462717916,22,0.0,140,0,pathLen
train_0232,C:\Users\tao20\Desktop\Algorithm\AIPlayerDesktop\data\蔡扬的\train\train_0232.json,137,9,False,7,7,7,6, ,-1e+18,0,0.0,0.0,1.0144927462717916,14,0.0,140,0,pathLen
train_0232,C:\Users\tao20\Desktop\Algorithm\AIPlayerDesktop\data\蔡扬的\train\train_0232.json,138,1,True,13,9,13,8, ,5.595087882656074,0,7.700534759358289,0.0,1.007194237358315,1,0.0,140,12,Iproxy
train_0232,C:\Users\tao20\Desktop\Algorithm\AIPlayerDesktop\data\蔡扬的\train\train_0232.json,138,2,False,12,7,12,6, ,3.1173900587546197,0,7.700534759358289,0.0,1.007194237358315,4,0.0,140,12,Iproxy
train_0232,C:\Users\tao20\Desktop\Algorithm\AIPlayerDesktop\data\蔡扬的\train\train_0232.json,138,3,False,12,5,12,4, ,1.4655915094869831,0,7.700534759358289,0.0,1.007194237358315,6,0.0,140,12,Iproxy
train_0232,C:\Users\tao20\Desktop\Algorithm\AIPlayerDesktop\data\蔡扬的\train\train_0232.json,138,4,False,10,7,10,6, ,-2.7685148354277818,0,0.6417112299465242,0.0,1.007194237358315,4,0.0,140,1,pathLen
train_0232,C:\Users\tao20\Desktop\Algorithm\AIPlayerDesktop\data\蔡扬的\train\train_0232.json,138,5,False,3,13,3,12,T,-54.13728600416138,-30,7.700534759358289,0.0,1.007194237358315,37,0.0,110,12,pathLen
train_0232,C:\Users\tao20\Desktop\Algorithm\AIPlayerDesktop\data\蔡扬的\train\train_0232.json,138,6,False,2,13,2,12, ,-54.963185278795194,-30,7.700534759358289,0.0,1.007194237358315,38,0.0,110,12,pathLen
train_0232,C:\Users\tao20\Desktop\Algorithm\AIPlayerDesktop\data\蔡扬的\train\train_0232.json,138,7,False,6,11,6,10,T,-54.963185278795194,-30,7.700534759358289,0.0,1.007194237358315,38,0.0,110,12,pathLen
train_0232,C:\Users\tao20\Desktop\Algorithm\AIPlayerDesktop\data\蔡扬的\train\train_0232.json,138,8,False,7,3,7,2, ,-1e+18,0,0.0,0.0,1.007194237358315,23,0.0,140,0,pathLen
train_0232,C:\Users\tao20\Desktop\Algorithm\AIPlayerDesktop\data\蔡扬的\train\train_0232.json,138,9,False,7,7,7,6, ,-1e+18,0,0.0,0.0,1.007194237358315,15,0.0,140,0,pathLen
train_0232,C:\Users\tao20\Desktop\Algorithm\AIPlayerDesktop\data\蔡扬的\train\train_0232.json,139,1,True,12,7,12,6, ,2.175893045950356,0,7.578947368421051,0.0,1.0,5,0.0,140,12,Iproxy
train_0232,C:\Users\tao20\Desktop\Algorithm\AIPlayerDesktop\data\蔡扬的\train\train_0232.json,139,2,False,12,5,12,4, ,0.5358930459503561,0,7.578947368421051,0.0,1.0,7,0.0,140,12,Iproxy
train_0232,C:\Users\tao20\Desktop\Algorithm\AIPlayerDesktop\data\蔡扬的\train\train_0232.json,139,3,False,10,7,10,6, ,-3.57700891283747,0,0.6315789473684209,0.0,1.0,5,0.0,140,1,pathLen
train_0232,C:\Users\tao20\Desktop\Algorithm\AIPlayerDesktop\data\蔡扬的\train\train_0232.json,139,4,False,3,13,3,12,T,-54.88410695404964,-30,7.578947368421051,0.0,1.0,38,0.0,110,12,pathLen
train_0232,C:\Users\tao20\Desktop\Algorithm\AIPlayerDesktop\data\蔡扬的\train\train_0232.json,139,5,False,2,13,2,12, ,-55.70410695404964,-30,7.578947368421051,0.0,1.0,39,0.0,110,12,pathLen
train_0232,C:\Users\tao20\Desktop\Algorithm\AIPlayerDesktop\data\蔡扬的\train\train_0232.json,139,6,False,6,11,6,10,T,-55.70410695404964,-30,7.578947368421051,0.0,1.0,39,0.0,110,12,pathLen
train_0232,C:\Users\tao20\Desktop\Algorithm\AIPlayerDesktop\data\蔡扬的\train\train_0232.json,139,7,False,7,3,7,2, ,-1e+18,0,0.0,0.0,1.0,24,0.0,140,0,pathLen
train_0232,C:\Users\tao20\Desktop\Algorithm\AIPlayerDesktop\data\蔡扬的\train\train_0232.json,139,8,False,7,7,7,6, ,-1e+18,0,0.0,0.0,1.0,16,0.0,140,0,pathLen
train_0232,C:\Users\tao20\Desktop\Algorithm\AIPlayerDesktop\data\蔡扬的\train\train_0232.json,140,1,True,12,7,12,6, ,2.960924963076073,0,7.578947368421051,0.0,1.0,4,0.0,140,12,Iproxy
train_0232,C:\Users\tao20\Desktop\Algorithm\AIPlayerDesktop\data\蔡扬的\train\train_0232.json,140,2,False,12,5,12,4, ,1.3209249630760729,0,7.578947368421051,0.0,1.0,6,0.0,140,12,Iproxy
train_0232,C:\Users\tao20\Desktop\Algorithm\AIPlayerDesktop\data\蔡扬的\train\train_0232.json,140,3,False,10,7,10,6, ,-2.7599229197436603,0,0.6315789473684209,0.0,1.0,4,0.0,140,1,pathLen
train_0232,C:\Users\tao20\Desktop\Algorithm\AIPlayerDesktop\data\蔡扬的\train\train_0232.json,140,4,False,3,13,3,12,T,-54.09907503692393,-30,7.578947368421051,0.0,1.0,37,0.0,110,12,pathLen
train_0232,C:\Users\tao20\Desktop\Algorithm\AIPlayerDesktop\data\蔡扬的\train\train_0232.json,140,5,False,2,13,2,12, ,-54.91907503692393,-30,7.578947368421051,0.0,1.0,38,0.0,110,12,pathLen
train_0232,C:\Users\tao20\Desktop\Algorithm\AIPlayerDesktop\data\蔡扬的\train\train_0232.json,140,6,False,6,11,6,10,T,-54.91907503692393,-30,7.578947368421051,0.0,1.0,38,0.0,110,12,pathLen
train_0232,C:\Users\tao20\Desktop\Algorithm\AIPlayerDesktop\data\蔡扬的\train\train_0232.json,140,7,False,7,3,7,2, ,-1e+18,0,0.0,0.0,1.0,23,0.0,140,0,pathLen
train_0232,C:\Users\tao20\Desktop\Algorithm\AIPlayerDesktop\data\蔡扬的\train\train_0232.json,140,8,False,7,7,7,6, ,-1e+18,0,0.0,0.0,1.0,15,0.0,140,0,pathLen
train_0232,C:\Users\tao20\Desktop\Algorithm\AIPlayerDesktop\data\蔡扬的\train\train_0232.json,141,1,True,12,7,12,6, ,3.7529504967766467,0,7.578947368421051,0.0,1.0,3,0.0,140,12,Iproxy
train_0232,C:\Users\tao20\Desktop\Algorithm\AIPlayerDesktop\data\蔡扬的\train\train_0232.json,141,2,False,12,5,12,4, ,2.112950496776647,0,7.578947368421051,0.0,1.0,5,0.0,140,12,Iproxy
train_0232,C:\Users\tao20\Desktop\Algorithm\AIPlayerDesktop\data\蔡扬的\train\train_0232.json,141,3,False,10,7,10,6, ,-1.9422541252686127,0,0.6315789473684209,0.0,1.0,3,0.0,140,1,pathLen
train_0232,C:\Users\tao20\Desktop\Algorithm\AIPlayerDesktop\data\蔡扬的\train\train_0232.json,141,4,False,3,13,3,12,T,-53.307049503223354,-30,7.578947368421051,0.0,1.0,36,0.0,110,12,pathLen
train_0232,C:\Users\tao20\Desktop\Algorithm\AIPlayerDesktop\data\蔡扬的\train\train_0232.json,141,5,False,2,13,2,12, ,-54.127049503223354,-30,7.578947368421051,0.0,1.0,37,0.0,110,12,pathLen
train_0232,C:\Users\tao20\Desktop\Algorithm\AIPlayerDesktop\data\蔡扬的\train\train_0232.json,141,6,False,6,11,6,10,T,-54.127049503223354,-30,7.578947368421051,0.0,1.0,37,0.0,110,12,pathLen
train_0232,C:\Users\tao20\Desktop\Algorithm\AIPlayerDesktop\data\蔡扬的\train\train_0232.json,141,7,False,7,3,7,2, ,-1e+18,0,0.0,0.0,1.0,22,0.0,140,0,pathLen
train_0232,C:\Users\tao20\Desktop\Algorithm\AIPlayerDesktop\data\蔡扬的\train\train_0232.json,141,8,False,7,7,7,6, ,-1e+18,0,0.0,0.0,1.0,14,0.0,140,0,pathLen
train_0232,C:\Users\tao20\Desktop\Algorithm\AIPlayerDesktop\data\蔡扬的\train\train_0232.json,142,1,True,12,7,12,6, ,4.550570923737108,0,7.578947368421051,0.0,1.0,2,0.0,140,12,Iproxy
train_0232,C:\Users\tao20\Desktop\Algorithm\AIPlayerDesktop\data\蔡扬的\train\train_0232.json,142,2,False,12,5,12,4, ,2.9105709237371076,0,7.578947368421051,0.0,1.0,4,0.0,140,12,Iproxy
train_0232,C:\Users\tao20\Desktop\Algorithm\AIPlayerDesktop\data\蔡扬的\train\train_0232.json,142,3,False,10,7,10,6, ,-1.1241190896885742,0,0.6315789473684209,0.0,1.0,2,0.0,140,1,pathLen
train_0232,C:\Users\tao20\Desktop\Algorithm\AIPlayerDesktop\data\蔡扬的\train\train_0232.json,142,4,False,3,13,3,12,T,-52.50942907626289,-30,7.578947368421051,0.0,1.0,35,0.0,110,12,pathLen
train_0232,C:\Users\tao20\Desktop\Algorithm\AIPlayerDesktop\data\蔡扬的\train\train_0232.json,142,5,False,2,13,2,12, ,-53.3294290762629,-30,7.578947368421051,0.0,1.0,36,0.0,110,12,pathLen
train_0232,C:\Users\tao20\Desktop\Algorithm\AIPlayerDesktop\data\蔡扬的\train\train_0232.json,142,6,False,6,11,6,10,T,-53.3294290762629,-30,7.578947368421051,0.0,1.0,36,0.0,110,12,pathLen
train_0232,C:\Users\tao20\Desktop\Algorithm\AIPlayerDesktop\data\蔡扬的\train\train_0232.json,142,7,False,7,3,7,2, ,-1e+18,0,0.0,0.0,1.0,21,0.0,140,0,pathLen
train_0232,C:\Users\tao20\Desktop\Algorithm\AIPlayerDesktop\data\蔡扬的\train\train_0232.json,142,8,False,7,7,7,6, ,-1e+18,0,0.0,0.0,1.0,13,0.0,140,0,pathLen
train_0232,C:\Users\tao20\Desktop\Algorithm\AIPlayerDesktop\data\蔡扬的\train\train_0232.json,143,1,True,12,7,12,6, ,5.352667265305476,0,7.578947368421051,0.0,1.0,1,0.0,140,12,Iproxy
train_0232,C:\Users\tao20\Desktop\Algorithm\AIPlayerDesktop\data\蔡扬的\train\train_0232.json,143,2,False,12,5,12,4, ,3.712667265305476,0,7.578947368421051,0.0,1.0,3,0.0,140,12,Iproxy
train_0232,C:\Users\tao20\Desktop\Algorithm\AIPlayerDesktop\data\蔡扬的\train\train_0232.json,143,3,False,10,7,10,6, ,-0.3056110612245436,0,0.6315789473684209,0.0,1.0,1,0.0,140,1,pathLen
train_0232,C:\Users\tao20\Desktop\Algorithm\AIPlayerDesktop\data\蔡扬的\train\train_0232.json,143,4,False,3,13,3,12,T,-51.70733273469452,-30,7.578947368421051,0.0,1.0,34,0.0,110,12,pathLen
train_0232,C:\Users\tao20\Desktop\Algorithm\AIPlayerDesktop\data\蔡扬的\train\train_0232.json,143,5,False,2,13,2,12, ,-52.527332734694525,-30,7.578947368421051,0.0,1.0,35,0.0,110,12,pathLen
train_0232,C:\Users\tao20\Desktop\Algorithm\AIPlayerDesktop\data\蔡扬的\train\train_0232.json,143,6,False,6,11,6,10,T,-52.527332734694525,-30,7.578947368421051,0.0,1.0,35,0.0,110,12,pathLen
train_0232,C:\Users\tao20\Desktop\Algorithm\AIPlayerDesktop\data\蔡扬的\train\train_0232.json,143,7,False,7,3,7,2, ,-1e+18,0,0.0,0.0,1.0,20,0.0,140,0,pathLen
train_0232,C:\Users\tao20\Desktop\Algorithm\AIPlayerDesktop\data\蔡扬的\train\train_0232.json,143,8,False,7,7,7,6, ,-1e+18,0,0.0,0.0,1.0,12,0.0,140,0,pathLen
train_0232,C:\Users\tao20\Desktop\Algorithm\AIPlayerDesktop\data\蔡扬的\train\train_0232.json,144,1,True,13,7,13,6, ,5.265843433218322,0,7.500000000000002,0.0,1.0,1,0.0,140,12,Iproxy
train_0232,C:\Users\tao20\Desktop\Algorithm\AIPlayerDesktop\data\蔡扬的\train\train_0232.json,144,2,False,12,5,12,4, ,2.8058434332183224,0,7.500000000000002,0.0,1.0,4,0.0,140,12,Iproxy
train_0232,C:\Users\tao20\Desktop\Algorithm\AIPlayerDesktop\data\蔡扬的\train\train_0232.json,144,3,False,10,7,10,6, ,-1.1328463805651396,0,0.6250000000000002,0.0,1.0,2,0.0,140,1,pathLen
train_0232,C:\Users\tao20\Desktop\Algorithm\AIPlayerDesktop\data\蔡扬的\train\train_0232.json,144,4,False,3,13,3,12,T,-52.61415656678167,-30,7.500000000000002,0.0,1.0,35,0.0,110,12,pathLen
train_0232,C:\Users\tao20\Desktop\Algorithm\AIPlayerDesktop\data\蔡扬的\train\train_0232.json,144,5,False,2,13,2,12, ,-53.43415656678168,-30,7.500000000000002,0.0,1.0,36,0.0,110,12,pathLen
train_0232,C:\Users\tao20\Desktop\Algorithm\AIPlayerDesktop\data\蔡扬的\train\train_0232.json,144,6,False,6,11,6,10,T,-53.43415656678168,-30,7.500000000000002,0.0,1.0,36,0.0,110,12,pathLen
train_0232,C:\Users\tao20\Desktop\Algorithm\AIPlayerDesktop\data\蔡扬的\train\train_0232.json,144,7,False,7,3,7,2, ,-1e+18,0,0.0,0.0,1.0,21,0.0,140,0,pathLen
train_0232,C:\Users\tao20\Desktop\Algorithm\AIPlayerDesktop\data\蔡扬的\train\train_0232.json,144,8,False,7,7,7,6, ,-1e+18,0,0.0,0.0,1.0,13,0.0,140,0,pathLen
train_0232,C:\Users\tao20\Desktop\Algorithm\AIPlayerDesktop\data\蔡扬的\train\train_0232.json,145,1,True,12,5,12,4, ,1.896983941627151,0,7.4226804123711325,0.0,1.0,5,0.0,140,12,Iproxy
train_0232,C:\Users\tao20\Desktop\Algorithm\AIPlayerDesktop\data\蔡扬的\train\train_0232.json,145,2,False,10,7,10,6, ,-1.9602513381977373,0,0.6185567010309277,0.0,1.0,3,0.0,140,1,pathLen
train_0232,C:\Users\tao20\Desktop\Algorithm\AIPlayerDesktop\data\蔡扬的\train\train_0232.json,145,3,False,3,13,3,12,T,-53.523016058372846,-30,7.4226804123711325,0.0,1.0,36,0.0,110,12,pathLen
train_0232,C:\Users\tao20\Desktop\Algorithm\AIPlayerDesktop\data\蔡扬的\train\train_0232.json,145,4,False,2,13,2,12, ,-54.343016058372854,-30,7.4226804123711325,0.0,1.0,37,0.0,110,12,pathLen
train_0232,C:\Users\tao20\Desktop\Algorithm\AIPlayerDesktop\data\蔡扬的\train\train_0232.json,145,5,False,6,11,6,10,T,-54.343016058372854,-30,7.4226804123711325,0.0,1.0,37,0.0,110,12,pathLen
train_0232,C:\Users\tao20\Desktop\Algorithm\AIPlayerDesktop\data\蔡扬的\train\train_0232.json,145,6,False,7,3,7,2, ,-1e+18,0,0.0,0.0,1.0,22,0.0,140,0,pathLen
train_0232,C:\Users\tao20\Desktop\Algorithm\AIPlayerDesktop\data\蔡扬的\train\train_0232.json,145,7,False,7,7,7,6, ,-1e+18,0,0.0,0.0,1.0,14,0.0,140,0,pathLen
train_0232,C:\Users\tao20\Desktop\Algorithm\AIPlayerDesktop\data\蔡扬的\train\train_0232.json,146,1,True,12,5,12,4, ,2.6960888715147786,0,7.4226804123711325,0.0,1.0,4,0.0,140,12,Iproxy
train_0232,C:\Users\tao20\Desktop\Algorithm\AIPlayerDesktop\data\蔡扬的\train\train_0232.json,146,2,False,10,7,10,6, ,-1.141992594040435,0,0.6185567010309277,0.0,1.0,2,0.0,140,1,pathLen
train_0232,C:\Users\tao20\Desktop\Algorithm\AIPlayerDesktop\data\蔡扬的\train\train_0232.json,146,3,False,3,13,3,12,T,-52.72391112848522,-30,7.4226804123711325,0.0,1.0,35,0.0,110,12,pathLen
train_0232,C:\Users\tao20\Desktop\Algorithm\AIPlayerDesktop\data\蔡扬的\train\train_0232.json,146,4,False,2,13,2,12, ,-53.54391112848522,-30,7.4226804123711325,0.0,1.0,36,0.0,110,12,pathLen
train_0232,C:\Users\tao20\Desktop\Algorithm\AIPlayerDesktop\data\蔡扬的\train\train_0232.json,146,5,False,6,11,6,10,T,-53.54391112848522,-30,7.4226804123711325,0.0,1.0,36,0.0,110,12,pathLen
train_0232,C:\Users\tao20\Desktop\Algorithm\AIPlayerDesktop\data\蔡扬的\train\train_0232.json,146,6,False,7,3,7,2, ,-1e+18,0,0.0,0.0,1.0,21,0.0,140,0,pathLen
train_0232,C:\Users\tao20\Desktop\Algorithm\AIPlayerDesktop\data\蔡扬的\train\train_0232.json,146,7,False,7,7,7,6, ,-1e+18,0,0.0,0.0,1.0,13,0.0,140,0,pathLen
train_0232,C:\Users\tao20\Desktop\Algorithm\AIPlayerDesktop\data\蔡扬的\train\train_0232.json,147,1,True,12,5,12,4, ,3.4993728154248807,0,7.4226804123711325,0.0,1.0,3,0.0,140,12,Iproxy
train_0232,C:\Users\tao20\Desktop\Algorithm\AIPlayerDesktop\data\蔡扬的\train\train_0232.json,147,2,False,10,7,10,6, ,-0.3233855987145932,0,0.6185567010309277,0.0,1.0,1,0.0,140,1,pathLen
train_0232,C:\Users\tao20\Desktop\Algorithm\AIPlayerDesktop\data\蔡扬的\train\train_0232.json,147,3,False,3,13,3,12,T,-51.92062718457512,-30,7.4226804123711325,0.0,1.0,34,0.0,110,12,pathLen
train_0232,C:\Users\tao20\Desktop\Algorithm\AIPlayerDesktop\data\蔡扬的\train\train_0232.json,147,4,False,2,13,2,12, ,-52.74062718457512,-30,7.4226804123711325,0.0,1.0,35,0.0,110,12,pathLen
train_0232,C:\Users\tao20\Desktop\Algorithm\AIPlayerDesktop\data\蔡扬的\train\train_0232.json,147,5,False,6,11,6,10,T,-52.74062718457512,-30,7.4226804123711325,0.0,1.0,35,0.0,110,12,pathLen
train_0232,C:\Users\tao20\Desktop\Algorithm\AIPlayerDesktop\data\蔡扬的\train\train_0232.json,147,6,False,7,3,7,2, ,-1e+18,0,0.0,0.0,1.0,20,0.0,140,0,pathLen
train_0232,C:\Users\tao20\Desktop\Algorithm\AIPlayerDesktop\data\蔡扬的\train\train_0232.json,147,7,False,7,7,7,6, ,-1e+18,0,0.0,0.0,1.0,12,0.0,140,0,pathLen
train_0232,C:\Users\tao20\Desktop\Algorithm\AIPlayerDesktop\data\蔡扬的\train\train_0232.json,148,1,True,12,5,12,4, ,4.305999970552963,0,7.4226804123711325,0.0,1.0,2,0.0,140,12,Iproxy
train_0232,C:\Users\tao20\Desktop\Algorithm\AIPlayerDesktop\data\蔡扬的\train\train_0232.json,148,2,False,10,7,10,6, ,-1.1445000024539196,0,0.6185567010309277,0.0,1.0,2,0.0,140,1,pathLen
train_0232,C:\Users\tao20\Desktop\Algorithm\AIPlayerDesktop\data\蔡扬的\train\train_0232.json,148,3,False,3,13,3,12,T,-51.11400002944704,-30,7.4226804123711325,0.0,1.0,33,0.0,110,12,pathLen
train_0232,C:\Users\tao20\Desktop\Algorithm\AIPlayerDesktop\data\蔡扬的\train\train_0232.json,148,4,False,2,13,2,12, ,-51.934000029447034,-30,7.4226804123711325,0.0,1.0,34,0.0,110,12,pathLen
train_0232,C:\Users\tao20\Desktop\Algorithm\AIPlayerDesktop\data\蔡扬的\train\train_0232.json,148,5,False,6,11,6,10,T,-51.934000029447034,-30,7.4226804123711325,0.0,1.0,34,0.0,110,12,pathLen
train_0232,C:\Users\tao20\Desktop\Algorithm\AIPlayerDesktop\data\蔡扬的\train\train_0232.json,148,6,False,7,3,7,2, ,-1e+18,0,0.0,0.0,1.0,19,0.0,140,0,pathLen
train_0232,C:\Users\tao20\Desktop\Algorithm\AIPlayerDesktop\data\蔡扬的\train\train_0232.json,148,7,False,7,7,7,6, ,-1e+18,0,0.0,0.0,1.0,11,0.0,140,0,pathLen
train_0232,C:\Users\tao20\Desktop\Algorithm\AIPlayerDesktop\data\蔡扬的\train\train_0232.json,149,1,True,12,5,12,4, ,5.115301694655428,0,7.4226804123711325,0.0,1.0,1,0.0,140,12,Iproxy
train_0232,C:\Users\tao20\Desktop\Algorithm\AIPlayerDesktop\data\蔡扬的\train\train_0232.json,149,2,False,10,7,10,6, ,-1.9653915254453809,0,0.6185567010309277,0.0,1.0,3,0.0,140,1,pathLen
train_0232,C:\Users\tao20\Desktop\Algorithm\AIPlayerDesktop\data\蔡扬的\train\train_0232.json,149,3,False,3,13,3,12,T,-50.30469830534457,-30,7.4226804123711325,0.0,1.0,32,0.0,110,12,pathLen
train_0232,C:\Users\tao20\Desktop\Algorithm\AIPlayerDesktop\data\蔡扬的\train\train_0232.json,149,4,False,2,13,2,12, ,-51.124698305344566,-30,7.4226804123711325,0.0,1.0,33,0.0,110,12,pathLen
train_0232,C:\Users\tao20\Desktop\Algorithm\AIPlayerDesktop\data\蔡扬的\train\train_0232.json,149,5,False,6,11,6,10,T,-51.124698305344566,-30,7.4226804123711325,0.0,1.0,33,0.0,110,12,pathLen
train_0232,C:\Users\tao20\Desktop\Algorithm\AIPlayerDesktop\data\蔡扬的\train\train_0232.json,149,6,False,7,3,7,2, ,-1e+18,0,0.0,0.0,1.0,18,0.0,140,0,pathLen
train_0232,C:\Users\tao20\Desktop\Algorithm\AIPlayerDesktop\data\蔡扬的\train\train_0232.json,149,7,False,7,7,7,6, ,-1e+18,0,0.0,0.0,1.0,10,0.0,140,0,pathLen
train_0232,C:\Users\tao20\Desktop\Algorithm\AIPlayerDesktop\data\蔡扬的\train\train_0232.json,150,1,True,13,5,13,4,G,58.025897137604396,50,11.076923076923078,0.0,1.0,1,0.0,190,12,deltaR
train_0232,C:\Users\tao20\Desktop\Algorithm\AIPlayerDesktop\data\蔡扬的\train\train_0232.json,150,2,False,10,7,10,6, ,7.707158094800366,0,0.9230769230769232,8.333333333333334,1.0,4,0.0,140,1,tailGain
train_0232,C:\Users\tao20\Desktop\Algorithm\AIPlayerDesktop\data\蔡扬的\train\train_0232.json,150,3,False,7,7,7,6, ,-4.289230769230769,0,0.0,3.8461538461538463,1.0,11,0.0,140,0,pathLen
train_0232,C:\Users\tao20\Desktop\Algorithm\AIPlayerDesktop\data\蔡扬的\train\train_0232.json,150,4,False,7,3,7,2, ,-12.65142857142857,0,0.0,2.380952380952381,1.0,19,0.0,140,0,pathLen
train_0232,C:\Users\tao20\Desktop\Algorithm\AIPlayerDesktop\data\蔡扬的\train\train_0232.json,150,5,False,3,13,3,12,T,-46.456960005252746,-30,11.076923076923078,1.4285714285714286,1.0,33,0.0,110,12,pathLen
train_0232,C:\Users\tao20\Desktop\Algorithm\AIPlayerDesktop\data\蔡扬的\train\train_0232.json,150,6,False,2,13,2,12, ,-47.32576952906227,-30,11.076923076923078,1.3888888888888888,1.0,34,0.0,110,12,pathLen
train_0232,C:\Users\tao20\Desktop\Algorithm\AIPlayerDesktop\data\蔡扬的\train\train_0232.json,150,7,False,6,11,6,10,T,-47.32576952906227,-30,11.076923076923078,1.3888888888888888,1.0,34,0.0,110,12,pathLen
train_0232,C:\Users\tao20\Desktop\Algorithm\AIPlayerDesktop\data\蔡扬的\train\train_0232.json,151,1,True,10,7,10,6, ,-4.392875918965068,0,0.9183673469387753,0.0,1.2499999917763158,5,0.0,190,1,pathLen
train_0232,C:\Users\tao20\Desktop\Algorithm\AIPlayerDesktop\data\蔡扬的\train\train_0232.json,151,2,False,3,13,3,12,T,-56.06451120290976,-30,11.020408163265303,0.0,1.2499999917763158,34,0.0,160,12,pathLen
train_0232,C:\Users\tao20\Desktop\Algorithm\AIPlayerDesktop\data\蔡扬的\train\train_0232.json,151,3,False,2,13,2,12, ,-57.08951119616634,-30,11.020408163265303,0.0,1.2499999917763158,35,0.0,160,12,pathLen
train_0232,C:\Users\tao20\Desktop\Algorithm\AIPlayerDesktop\data\蔡扬的\train\train_0232.json,151,4,False,6,11,6,10,T,-57.08951119616634,-30,11.020408163265303,0.0,1.2499999917763158,35,0.0,160,12,pathLen
train_0232,C:\Users\tao20\Desktop\Algorithm\AIPlayerDesktop\data\蔡扬的\train\train_0232.json,151,5,False,7,3,7,2, ,-1e+18,0,0.0,0.0,1.2499999917763158,20,0.0,190,0,pathLen
train_0232,C:\Users\tao20\Desktop\Algorithm\AIPlayerDesktop\data\蔡扬的\train\train_0232.json,151,6,False,7,7,7,6, ,-1e+18,0,0.0,0.0,1.2499999917763158,12,0.0,190,0,pathLen
train_0232,C:\Users\tao20\Desktop\Algorithm\AIPlayerDesktop\data\蔡扬的\train\train_0232.json,152,1,True,10,7,10,6, ,-3.3420969698748455,0,0.9183673469387753,0.0,1.2418300572429408,4,0.0,190,1,pathLen
train_0232,C:\Users\tao20\Desktop\Algorithm\AIPlayerDesktop\data\蔡扬的\train\train_0232.json,152,2,False,3,13,3,12,T,-54.83065393440997,-30,11.020408163265303,0.0,1.2418300572429408,33,0.0,160,12,pathLen
train_0232,C:\Users\tao20\Desktop\Algorithm\AIPlayerDesktop\data\蔡扬的\train\train_0232.json,152,3,False,2,13,2,12, ,-55.84895458134918,-30,11.020408163265303,0.0,1.2418300572429408,34,0.0,160,12,pathLen
train_0232,C:\Users\tao20\Desktop\Algorithm\AIPlayerDesktop\data\蔡扬的\train\train_0232.json,152,4,False,6,11,6,10,T,-55.84895458134918,-30,11.020408163265303,0.0,1.2418300572429408,34,0.0,160,12,pathLen
train_0232,C:\Users\tao20\Desktop\Algorithm\AIPlayerDesktop\data\蔡扬的\train\train_0232.json,152,5,False,7,3,7,2, ,-1e+18,0,0.0,0.0,1.2418300572429408,19,0.0,190,0,pathLen
train_0232,C:\Users\tao20\Desktop\Algorithm\AIPlayerDesktop\data\蔡扬的\train\train_0232.json,152,6,False,7,7,7,6, ,-1e+18,0,0.0,0.0,1.2418300572429408,11,0.0,190,0,pathLen
train_0232,C:\Users\tao20\Desktop\Algorithm\AIPlayerDesktop\data\蔡扬的\train\train_0232.json,153,1,True,10,7,10,6, ,-2.3047740410233817,0,0.9183673469387753,0.0,1.2337662257547648,3,0.0,190,1,pathLen
train_0232,C:\Users\tao20\Desktop\Algorithm\AIPlayerDesktop\data\蔡扬的\train\train_0232.json,153,2,False,3,13,3,12,T,-53.610535271804956,-30,11.020408163265303,0.0,1.2337662257547648,32,0.0,160,12,pathLen
train_0232,C:\Users\tao20\Desktop\Algorithm\AIPlayerDesktop\data\蔡扬的\train\train_0232.json,153,3,False,2,13,2,12, ,-54.622223576923865,-30,11.020408163265303,0.0,1.2337662257547648,33,0.0,160,12,pathLen
train_0232,C:\Users\tao20\Desktop\Algorithm\AIPlayerDesktop\data\蔡扬的\train\train_0232.json,153,4,False,6,11,6,10,T,-54.622223576923865,-30,11.020408163265303,0.0,1.2337662257547648,33,0.0,160,12,pathLen
train_0232,C:\Users\tao20\Desktop\Algorithm\AIPlayerDesktop\data\蔡扬的\train\train_0232.json,153,5,False,7,3,7,2, ,-1e+18,0,0.0,0.0,1.2337662257547648,18,0.0,190,0,pathLen
train_0232,C:\Users\tao20\Desktop\Algorithm\AIPlayerDesktop\data\蔡扬的\train\train_0232.json,153,6,False,7,7,7,6, ,-1e+18,0,0.0,0.0,1.2337662257547648,10,0.0,190,0,pathLen
train_0232,C:\Users\tao20\Desktop\Algorithm\AIPlayerDesktop\data\蔡扬的\train\train_0232.json,154,1,True,10,7,10,6, ,-1.2806834881809275,0,0.9183673469387753,0.0,1.2258064437044747,2,0.0,190,1,pathLen
train_0232,C:\Users\tao20\Desktop\Algorithm\AIPlayerDesktop\data\蔡扬的\train\train_0232.json,154,2,False,3,13,3,12,T,-54.414653412710145,-30,11.020408163265303,0.0,1.2258064437044747,33,0.0,160,12,pathLen
train_0232,C:\Users\tao20\Desktop\Algorithm\AIPlayerDesktop\data\蔡扬的\train\train_0232.json,154,3,False,2,13,2,12, ,-55.41981469654782,-30,11.020408163265303,0.0,1.2258064437044747,34,0.0,160,12,pathLen
train_0232,C:\Users\tao20\Desktop\Algorithm\AIPlayerDesktop\data\蔡扬的\train\train_0232.json,154,4,False,6,11,6,10,T,-55.41981469654782,-30,11.020408163265303,0.0,1.2258064437044747,34,0.0,160,12,pathLen
train_0232,C:\Users\tao20\Desktop\Algorithm\AIPlayerDesktop\data\蔡扬的\train\train_0232.json,154,5,False,7,3,7,2, ,-1e+18,0,0.0,0.0,1.2258064437044747,19,0.0,190,0,pathLen
train_0232,C:\Users\tao20\Desktop\Algorithm\AIPlayerDesktop\data\蔡扬的\train\train_0232.json,154,6,False,7,7,7,6, ,-1e+18,0,0.0,0.0,1.2258064437044747,11,0.0,190,0,pathLen
train_0232,C:\Users\tao20\Desktop\Algorithm\AIPlayerDesktop\data\蔡扬的\train\train_0232.json,155,1,True,10,7,10,6, ,-0.2696002986926427,0,0.9183673469387753,0.0,1.2179487101413544,1,0.0,190,1,pathLen
train_0232,C:\Users\tao20\Desktop\Algorithm\AIPlayerDesktop\data\蔡扬的\train\train_0232.json,155,2,False,3,13,3,12,T,-55.20699831526175,-30,11.020408163265303,0.0,1.2179487101413544,34,0.0,160,12,pathLen
train_0232,C:\Users\tao20\Desktop\Algorithm\AIPlayerDesktop\data\蔡扬的\train\train_0232.json,155,3,False,2,13,2,12, ,-56.205716257577656,-30,11.020408163265303,0.0,1.2179487101413544,35,0.0,160,12,pathLen
train_0232,C:\Users\tao20\Desktop\Algorithm\AIPlayerDesktop\data\蔡扬的\train\train_0232.json,155,4,False,6,11,6,10,T,-56.205716257577656,-30,11.020408163265303,0.0,1.2179487101413544,35,0.0,160,12,pathLen
train_0232,C:\Users\tao20\Desktop\Algorithm\AIPlayerDesktop\data\蔡扬的\train\train_0232.json,155,5,False,7,3,7,2, ,-1e+18,0,0.0,0.0,1.2179487101413544,20,0.0,190,0,pathLen
train_0232,C:\Users\tao20\Desktop\Algorithm\AIPlayerDesktop\data\蔡扬的\train\train_0232.json,155,6,False,7,7,7,6, ,-1e+18,0,0.0,0.0,1.2179487101413544,12,0.0,190,0,pathLen
train_0232,C:\Users\tao20\Desktop\Algorithm\AIPlayerDesktop\data\蔡扬的\train\train_0232.json,156,1,True,3,13,3,12,T,-56.038644134860874,-30,10.964467005076145,0.0,1.2101910750943243,35,0.0,160,12,pathLen
train_0232,C:\Users\tao20\Desktop\Algorithm\AIPlayerDesktop\data\蔡扬的\train\train_0232.json,156,2,False,2,13,2,12, ,-57.03100081643822,-30,10.964467005076145,0.0,1.2101910750943243,36,0.0,160,12,pathLen
train_0232,C:\Users\tao20\Desktop\Algorithm\AIPlayerDesktop\data\蔡扬的\train\train_0232.json,156,3,False,6,11,6,10,T,-57.03100081643822,-30,10.964467005076145,0.0,1.2101910750943243,36,0.0,160,12,pathLen
train_0232,C:\Users\tao20\Desktop\Algorithm\AIPlayerDesktop\data\蔡扬的\train\train_0232.json,156,4,False,7,3,7,2, ,-1e+18,0,0.0,0.0,1.2101910750943243,21,0.0,190,0,pathLen
train_0232,C:\Users\tao20\Desktop\Algorithm\AIPlayerDesktop\data\蔡扬的\train\train_0232.json,156,5,False,7,7,7,6, ,-1e+18,0,0.0,0.0,1.2101910750943243,13,0.0,190,0,pathLen
train_0232,C:\Users\tao20\Desktop\Algorithm\AIPlayerDesktop\data\蔡扬的\train\train_0232.json,156,6,False,9,7,9,6, ,-1e+18,0,0.0,0.0,1.2101910750943243,1,0.0,190,0,pathLen
train_0232,C:\Users\tao20\Desktop\Algorithm\AIPlayerDesktop\data\蔡扬的\train\train_0232.json,157,1,True,3,13,3,12,T,-54.84166934246393,-30,10.964467005076145,0.0,1.2025316379586606,34,0.0,160,12,pathLen
train_0232,C:\Users\tao20\Desktop\Algorithm\AIPlayerDesktop\data\蔡扬的\train\train_0232.json,157,2,False,2,13,2,12, ,-55.82774528559004,-30,10.964467005076145,0.0,1.2025316379586606,35,0.0,160,12,pathLen
train_0232,C:\Users\tao20\Desktop\Algorithm\AIPlayerDesktop\data\蔡扬的\train\train_0232.json,157,3,False,6,11,6,10,T,-55.82774528559004,-30,10.964467005076145,0.0,1.2025316379586606,35,0.0,160,12,pathLen
train_0232,C:\Users\tao20\Desktop\Algorithm\AIPlayerDesktop\data\蔡扬的\train\train_0232.json,157,4,False,7,3,7,2, ,-1e+18,0,0.0,0.0,1.2025316379586606,20,0.0,190,0,pathLen
train_0232,C:\Users\tao20\Desktop\Algorithm\AIPlayerDesktop\data\蔡扬的\train\train_0232.json,157,5,False,7,7,7,6, ,-1e+18,0,0.0,0.0,1.2025316379586606,12,0.0,190,0,pathLen
train_0232,C:\Users\tao20\Desktop\Algorithm\AIPlayerDesktop\data\蔡扬的\train\train_0232.json,157,6,False,9,7,9,6, ,-1e+18,0,0.0,0.0,1.2025316379586606,2,0.0,190,0,pathLen
train_0232,C:\Users\tao20\Desktop\Algorithm\AIPlayerDesktop\data\蔡扬的\train\train_0232.json,158,1,True,3,13,3,12,T,-53.658077726628306,-30,10.964467005076145,0.0,1.1949685459435941,33,0.0,160,12,pathLen
train_0232,C:\Users\tao20\Desktop\Algorithm\AIPlayerDesktop\data\蔡扬的\train\train_0232.json,158,2,False,2,13,2,12, ,-54.63795193430205,-30,10.964467005076145,0.0,1.1949685459435941,34,0.0,160,12,pathLen
train_0232,C:\Users\tao20\Desktop\Algorithm\AIPlayerDesktop\data\蔡扬的\train\train_0232.json,158,3,False,6,11,6,10,T,-54.63795193430205,-30,10.964467005076145,0.0,1.1949685459435941,34,0.0,160,12,pathLen
train_0232,C:\Users\tao20\Desktop\Algorithm\AIPlayerDesktop\data\蔡扬的\train\train_0232.json,158,4,False,7,3,7,2, ,-1e+18,0,0.0,0.0,1.1949685459435941,19,0.0,190,0,pathLen
train_0232,C:\Users\tao20\Desktop\Algorithm\AIPlayerDesktop\data\蔡扬的\train\train_0232.json,158,5,False,7,7,7,6, ,-1e+18,0,0.0,0.0,1.1949685459435941,11,0.0,190,0,pathLen
train_0232,C:\Users\tao20\Desktop\Algorithm\AIPlayerDesktop\data\蔡扬的\train\train_0232.json,158,6,False,9,7,9,6, ,-1e+18,0,0.0,0.0,1.1949685459435941,3,0.0,190,0,pathLen
train_0232,C:\Users\tao20\Desktop\Algorithm\AIPlayerDesktop\data\蔡扬的\train\train_0232.json,159,1,True,3,13,3,12,T,-52.48794195641919,-30,10.964467005076145,0.0,1.187499992578125,32,0.0,160,12,pathLen
train_0232,C:\Users\tao20\Desktop\Algorithm\AIPlayerDesktop\data\蔡扬的\train\train_0232.json,159,2,False,2,13,2,12, ,-53.461691950333254,-30,10.964467005076145,0.0,1.187499992578125,33,0.0,160,12,pathLen
train_0232,C:\Users\tao20\Desktop\Algorithm\AIPlayerDesktop\data\蔡扬的\train\train_0232.json,159,3,False,6,11,6,10,T,-53.461691950333254,-30,10.964467005076145,0.0,1.187499992578125,33,0.0,160,12,pathLen
train_0232,C:\Users\tao20\Desktop\Algorithm\AIPlayerDesktop\data\蔡扬的\train\train_0232.json,159,4,False,7,3,7,2, ,-1e+18,0,0.0,0.0,1.187499992578125,18,0.0,190,0,pathLen
train_0232,C:\Users\tao20\Desktop\Algorithm\AIPlayerDesktop\data\蔡扬的\train\train_0232.json,159,5,False,7,7,7,6, ,-1e+18,0,0.0,0.0,1.187499992578125,10,0.0,190,0,pathLen
train_0232,C:\Users\tao20\Desktop\Algorithm\AIPlayerDesktop\data\蔡扬的\train\train_0232.json,159,6,False,9,7,9,6, ,-1e+18,0,0.0,0.0,1.187499992578125,4,0.0,190,0,pathLen
train_0232,C:\Users\tao20\Desktop\Algorithm\AIPlayerDesktop\data\蔡扬的\train\train_0232.json,160,1,True,3,13,3,12,T,-51.331270351036295,-30,10.964467005076145,0.0,1.1801242162725205,31,0.0,160,12,pathLen
train_0232,C:\Users\tao20\Desktop\Algorithm\AIPlayerDesktop\data\蔡扬的\train\train_0232.json,160,2,False,2,13,2,12, ,-52.29897220837976,-30,10.964467005076145,0.0,1.1801242162725205,32,0.0,160,12,pathLen
train_0232,C:\Users\tao20\Desktop\Algorithm\AIPlayerDesktop\data\蔡扬的\train\train_0232.json,160,3,False,6,11,6,10,T,-52.29897220837976,-30,10.964467005076145,0.0,1.1801242162725205,32,0.0,160,12,pathLen
train_0232,C:\Users\tao20\Desktop\Algorithm\AIPlayerDesktop\data\蔡扬的\train\train_0232.json,160,4,False,7,3,7,2, ,-1e+18,0,0.0,0.0,1.1801242162725205,17,0.0,190,0,pathLen
train_0232,C:\Users\tao20\Desktop\Algorithm\AIPlayerDesktop\data\蔡扬的\train\train_0232.json,160,5,False,7,7,7,6, ,-1e+18,0,0.0,0.0,1.1801242162725205,9,0.0,190,0,pathLen
train_0232,C:\Users\tao20\Desktop\Algorithm\AIPlayerDesktop\data\蔡扬的\train\train_0232.json,160,6,False,9,7,9,6, ,-1e+18,0,0.0,0.0,1.1801242162725205,5,0.0,190,0,pathLen
train_0232,C:\Users\tao20\Desktop\Algorithm\AIPlayerDesktop\data\蔡扬的\train\train_0232.json,161,1,True,3,13,3,12,T,-50.18802094491852,-30,10.964467005076145,0.0,1.1728394989330895,30,0.0,160,12,pathLen
train_0232,C:\Users\tao20\Desktop\Algorithm\AIPlayerDesktop\data\蔡扬的\train\train_0232.json,161,2,False,2,13,2,12, ,-51.149749334043655,-30,10.964467005076145,0.0,1.1728394989330895,31,0.0,160,12,pathLen
train_0232,C:\Users\tao20\Desktop\Algorithm\AIPlayerDesktop\data\蔡扬的\train\train_0232.json,161,3,False,6,11,6,10,T,-51.149749334043655,-30,10.964467005076145,0.0,1.1728394989330895,31,0.0,160,12,pathLen
train_0232,C:\Users\tao20\Desktop\Algorithm\AIPlayerDesktop\data\蔡扬的\train\train_0232.json,161,4,False,7,3,7,2, ,-1e+18,0,0.0,0.0,1.1728394989330895,16,0.0,190,0,pathLen
train_0232,C:\Users\tao20\Desktop\Algorithm\AIPlayerDesktop\data\蔡扬的\train\train_0232.json,161,5,False,7,7,7,6, ,-1e+18,0,0.0,0.0,1.1728394989330895,8,0.0,190,0,pathLen
train_0232,C:\Users\tao20\Desktop\Algorithm\AIPlayerDesktop\data\蔡扬的\train\train_0232.json,161,6,False,9,7,9,6, ,-1e+18,0,0.0,0.0,1.1728394989330895,6,0.0,190,0,pathLen
train_0232,C:\Users\tao20\Desktop\Algorithm\AIPlayerDesktop\data\蔡扬的\train\train_0232.json,162,1,True,3,13,3,12,T,-49.05811270423773,-30,10.964467005076145,0.0,1.1656441646279498,29,0.0,160,12,pathLen
train_0232,C:\Users\tao20\Desktop\Algorithm\AIPlayerDesktop\data\蔡扬的\train\train_0232.json,162,2,False,2,13,2,12, ,-50.01394091923265,-30,10.964467005076145,0.0,1.1656441646279498,30,0.0,160,12,pathLen
train_0232,C:\Users\tao20\Desktop\Algorithm\AIPlayerDesktop\data\蔡扬的\train\train_0232.json,162,3,False,6,11,6,10,T,-50.01394091923265,-30,10.964467005076145,0.0,1.1656441646279498,30,0.0,160,12,pathLen
train_0232,C:\Users\tao20\Desktop\Algorithm\AIPlayerDesktop\data\蔡扬的\train\train_0232.json,162,4,False,7,3,7,2, ,-1e+18,0,0.0,0.0,1.1656441646279498,15,0.0,190,0,pathLen
train_0232,C:\Users\tao20\Desktop\Algorithm\AIPlayerDesktop\data\蔡扬的\train\train_0232.json,162,5,False,7,7,7,6, ,-1e+18,0,0.0,0.0,1.1656441646279498,7,0.0,190,0,pathLen
train_0232,C:\Users\tao20\Desktop\Algorithm\AIPlayerDesktop\data\蔡扬的\train\train_0232.json,162,6,False,9,7,9,6, ,-1e+18,0,0.0,0.0,1.1656441646279498,7,0.0,190,0,pathLen
train_0232,C:\Users\tao20\Desktop\Algorithm\AIPlayerDesktop\data\蔡扬的\train\train_0232.json,163,1,True,3,13,3,12,T,-47.94143446576641,-30,10.964467005076145,0.0,1.1585365783016062,28,0.0,160,12,pathLen
train_0232,C:\Users\tao20\Desktop\Algorithm\AIPlayerDesktop\data\蔡扬的\train\train_0232.json,163,2,False,2,13,2,12, ,-48.89143445997373,-30,10.964467005076145,0.0,1.1585365783016062,29,0.0,160,12,pathLen
train_0232,C:\Users\tao20\Desktop\Algorithm\AIPlayerDesktop\data\蔡扬的\train\train_0232.json,163,3,False,6,11,6,10,T,-48.89143445997373,-30,10.964467005076145,0.0,1.1585365783016062,29,0.0,160,12,pathLen
train_0232,C:\Users\tao20\Desktop\Algorithm\AIPlayerDesktop\data\蔡扬的\train\train_0232.json,163,4,False,7,3,7,2, ,-1e+18,0,0.0,0.0,1.1585365783016062,14,0.0,190,0,pathLen
train_0232,C:\Users\tao20\Desktop\Algorithm\AIPlayerDesktop\data\蔡扬的\train\train_0232.json,163,5,False,7,7,7,6, ,-1e+18,0,0.0,0.0,1.1585365783016062,6,0.0,190,0,pathLen
train_0232,C:\Users\tao20\Desktop\Algorithm\AIPlayerDesktop\data\蔡扬的\train\train_0232.json,163,6,False,9,7,9,6, ,-1e+18,0,0.0,0.0,1.1585365783016062,8,0.0,190,0,pathLen
train_0232,C:\Users\tao20\Desktop\Algorithm\AIPlayerDesktop\data\蔡扬的\train\train_0232.json,164,1,True,3,13,3,12,T,-46.83785205485576,-30,10.964467005076145,0.0,1.151515144536272,27,0.0,160,12,pathLen
train_0232,C:\Users\tao20\Desktop\Algorithm\AIPlayerDesktop\data\蔡扬的\train\train_0232.json,164,2,False,2,13,2,12, ,-47.7820944733755,-30,10.964467005076145,0.0,1.151515144536272,28,0.0,160,12,pathLen
train_0232,C:\Users\tao20\Desktop\Algorithm\AIPlayerDesktop\data\蔡扬的\train\train_0232.json,164,3,False,6,11,6,10,T,-47.7820944733755,-30,10.964467005076145,0.0,1.151515144536272,28,0.0,160,12,pathLen
train_0232,C:\Users\tao20\Desktop\Algorithm\AIPlayerDesktop\data\蔡扬的\train\train_0232.json,164,4,False,7,3,7,2, ,-1e+18,0,0.0,0.0,1.151515144536272,13,0.0,190,0,pathLen
train_0232,C:\Users\tao20\Desktop\Algorithm\AIPlayerDesktop\data\蔡扬的\train\train_0232.json,164,5,False,7,7,7,6, ,-1e+18,0,0.0,0.0,1.151515144536272,5,0.0,190,0,pathLen
train_0232,C:\Users\tao20\Desktop\Algorithm\AIPlayerDesktop\data\蔡扬的\train\train_0232.json,164,6,False,9,7,9,6, ,-1e+18,0,0.0,0.0,1.151515144536272,9,0.0,190,0,pathLen
train_0232,C:\Users\tao20\Desktop\Algorithm\AIPlayerDesktop\data\蔡扬的\train\train_0232.json,165,1,True,3,13,3,12,T,-45.74721394786337,-30,10.964467005076145,0.0,1.144578306357962,26,0.0,160,12,deltaR
train_0232,C:\Users\tao20\Desktop\Algorithm\AIPlayerDesktop\data\蔡扬的\train\train_0232.json,165,2,False,2,13,2,12, ,-46.6857681590769,-30,10.964467005076145,0.0,1.144578306357962,27,0.0,160,12,pathLen
train_0232,C:\Users\tao20\Desktop\Algorithm\AIPlayerDesktop\data\蔡扬的\train\train_0232.json,165,3,False,6,11,6,10,T,-46.6857681590769,-30,10.964467005076145,0.0,1.144578306357962,27,0.0,160,12,pathLen
train_0232,C:\Users\tao20\Desktop\Algorithm\AIPlayerDesktop\data\蔡扬的\train\train_0232.json,165,4,False,7,3,7,2, ,-1e+18,0,0.0,0.0,1.144578306357962,12,0.0,190,0,pathLen
train_0232,C:\Users\tao20\Desktop\Algorithm\AIPlayerDesktop\data\蔡扬的\train\train_0232.json,165,5,False,7,7,7,6, ,-1e+18,0,0.0,0.0,1.144578306357962,4,0.0,190,0,pathLen
train_0232,C:\Users\tao20\Desktop\Algorithm\AIPlayerDesktop\data\蔡扬的\train\train_0232.json,165,6,False,9,7,9,6, ,-1e+18,0,0.0,0.0,1.144578306357962,10,0.0,190,0,pathLen
train_0232,C:\Users\tao20\Desktop\Algorithm\AIPlayerDesktop\data\蔡扬的\train\train_0232.json,166,1,True,3,13,3,12,T,-44.66935577125514,-30,10.964467005076145,0.0,1.1377245440854817,25,0.0,160,12,deltaR
train_0232,C:\Users\tao20\Desktop\Algorithm\AIPlayerDesktop\data\蔡扬的\train\train_0232.json,166,2,False,2,13,2,12, ,-45.60228989740524,-30,10.964467005076145,0.0,1.1377245440854817,26,0.0,160,12,deltaR
train_0232,C:\Users\tao20\Desktop\Algorithm\AIPlayerDesktop\data\蔡扬的\train\train_0232.json,166,3,False,6,11,6,10,T,-45.60228989740524,-30,10.964467005076145,0.0,1.1377245440854817,26,0.0,160,12,deltaR
train_0232,C:\Users\tao20\Desktop\Algorithm\AIPlayerDesktop\data\蔡扬的\train\train_0232.json,166,4,False,7,3,7,2, ,-1e+18,0,0.0,0.0,1.1377245440854817,11,0.0,190,0,pathLen
train_0232,C:\Users\tao20\Desktop\Algorithm\AIPlayerDesktop\data\蔡扬的\train\train_0232.json,166,5,False,7,7,7,6, ,-1e+18,0,0.0,0.0,1.1377245440854817,3,0.0,190,0,pathLen
train_0232,C:\Users\tao20\Desktop\Algorithm\AIPlayerDesktop\data\蔡扬的\train\train_0232.json,166,6,False,9,7,9,6, ,-1e+18,0,0.0,0.0,1.1377245440854817,11,0.0,190,0,pathLen
train_0232,C:\Users\tao20\Desktop\Algorithm\AIPlayerDesktop\data\蔡扬的\train\train_0232.json,167,1,True,3,13,3,12,T,-43.60410387111555,-30,10.964467005076145,0.0,1.1309523742205216,24,0.0,160,12,deltaR
train_0232,C:\Users\tao20\Desktop\Algorithm\AIPlayerDesktop\data\蔡扬的\train\train_0232.json,167,2,False,2,13,2,12, ,-44.53148481797638,-30,10.964467005076145,0.0,1.1309523742205216,25,0.0,160,12,deltaR
train_0232,C:\Users\tao20\Desktop\Algorithm\AIPlayerDesktop\data\蔡扬的\train\train_0232.json,167,3,False,6,11,6,10,T,-44.53148481797638,-30,10.964467005076145,0.0,1.1309523742205216,25,0.0,160,12,deltaR
train_0232,C:\Users\tao20\Desktop\Algorithm\AIPlayerDesktop\data\蔡扬的\train\train_0232.json,167,4,False,7,3,7,2, ,-1e+18,0,0.0,0.0,1.1309523742205216,10,0.0,190,0,pathLen
train_0232,C:\Users\tao20\Desktop\Algorithm\AIPlayerDesktop\data\蔡扬的\train\train_0232.json,167,5,False,7,7,7,6, ,-1e+18,0,0.0,0.0,1.1309523742205216,2,0.0,190,0,pathLen
train_0232,C:\Users\tao20\Desktop\Algorithm\AIPlayerDesktop\data\蔡扬的\train\train_0232.json,167,6,False,9,7,9,6, ,-1e+18,0,0.0,0.0,1.1309523742205216,12,0.0,190,0,pathLen
train_0232,C:\Users\tao20\Desktop\Algorithm\AIPlayerDesktop\data\蔡扬的\train\train_0232.json,168,1,True,3,13,3,12,T,-42.551278140011206,-30,10.964467005076145,0.0,1.1242603483771578,23,0.0,160,12,deltaR
train_0232,C:\Users\tao20\Desktop\Algorithm\AIPlayerDesktop\data\蔡扬的\train\train_0232.json,168,2,False,2,13,2,12, ,-43.47317162568048,-30,10.964467005076145,0.0,1.1242603483771578,24,0.0,160,12,deltaR
train_0232,C:\Users\tao20\Desktop\Algorithm\AIPlayerDesktop\data\蔡扬的\train\train_0232.json,168,3,False,6,11,6,10,T,-43.47317162568048,-30,10.964467005076145,0.0,1.1242603483771578,24,0.0,160,12,deltaR
train_0232,C:\Users\tao20\Desktop\Algorithm\AIPlayerDesktop\data\蔡扬的\train\train_0232.json,168,4,False,7,3,7,2, ,-1e+18,0,0.0,0.0,1.1242603483771578,9,0.0,190,0,pathLen
train_0232,C:\Users\tao20\Desktop\Algorithm\AIPlayerDesktop\data\蔡扬的\train\train_0232.json,168,5,False,7,7,7,6, ,-1e+18,0,0.0,0.0,1.1242603483771578,3,0.0,190,0,pathLen
train_0232,C:\Users\tao20\Desktop\Algorithm\AIPlayerDesktop\data\蔡扬的\train\train_0232.json,168,6,False,9,7,9,6, ,-1e+18,0,0.0,0.0,1.1242603483771578,13,0.0,190,0,pathLen
train_0232,C:\Users\tao20\Desktop\Algorithm\AIPlayerDesktop\data\蔡扬的\train\train_0232.json,169,1,True,3,13,3,12,T,-41.51069425072228,-30,10.964467005076145,0.0,1.117647052249135,22,0.0,160,12,deltaR
train_0232,C:\Users\tao20\Desktop\Algorithm\AIPlayerDesktop\data\蔡扬的\train\train_0232.json,169,2,False,2,13,2,12, ,-42.427164833566565,-30,10.964467005076145,0.0,1.117647052249135,23,0.0,160,12,deltaR
train_0232,C:\Users\tao20\Desktop\Algorithm\AIPlayerDesktop\data\蔡扬的\train\train_0232.json,169,3,False,6,11,6,10,T,-42.427164833566565,-30,10.964467005076145,0.0,1.117647052249135,23,0.0,160,12,deltaR
train_0232,C:\Users\tao20\Desktop\Algorithm\AIPlayerDesktop\data\蔡扬的\train\train_0232.json,169,4,False,7,3,7,2, ,-1e+18,0,0.0,0.0,1.117647052249135,8,0.0,190,0,pathLen
train_0232,C:\Users\tao20\Desktop\Algorithm\AIPlayerDesktop\data\蔡扬的\train\train_0232.json,169,5,False,7,7,7,6, ,-1e+18,0,0.0,0.0,1.117647052249135,4,0.0,190,0,pathLen
train_0232,C:\Users\tao20\Desktop\Algorithm\AIPlayerDesktop\data\蔡扬的\train\train_0232.json,169,6,False,9,7,9,6, ,-1e+18,0,0.0,0.0,1.117647052249135,14,0.0,190,0,pathLen
train_0232,C:\Users\tao20\Desktop\Algorithm\AIPlayerDesktop\data\蔡扬的\train\train_0232.json,170,1,True,3,13,3,12,T,-40.482165416414276,-30,10.964467005076145,0.0,1.1111111046133855,21,0.0,160,12,deltaR
train_0232,C:\Users\tao20\Desktop\Algorithm\AIPlayerDesktop\data\蔡扬的\train\train_0232.json,170,2,False,2,13,2,12, ,-41.39327652219725,-30,10.964467005076145,0.0,1.1111111046133855,22,0.0,160,12,deltaR
train_0232,C:\Users\tao20\Desktop\Algorithm\AIPlayerDesktop\data\蔡扬的\train\train_0232.json,170,3,False,6,11,6,10,T,-41.39327652219725,-30,10.964467005076145,0.0,1.1111111046133855,22,0.0,160,12,deltaR
train_0232,C:\Users\tao20\Desktop\Algorithm\AIPlayerDesktop\data\蔡扬的\train\train_0232.json,170,4,False,7,3,7,2, ,-1e+18,0,0.0,0.0,1.1111111046133855,7,0.0,190,0,pathLen
train_0232,C:\Users\tao20\Desktop\Algorithm\AIPlayerDesktop\data\蔡扬的\train\train_0232.json,170,5,False,7,7,7,6, ,-1e+18,0,0.0,0.0,1.1111111046133855,5,0.0,190,0,pathLen
train_0232,C:\Users\tao20\Desktop\Algorithm\AIPlayerDesktop\data\蔡扬的\train\train_0232.json,170,6,False,9,7,9,6, ,-1e+18,0,0.0,0.0,1.1111111046133855,15,0.0,190,0,pathLen
train_0232,C:\Users\tao20\Desktop\Algorithm\AIPlayerDesktop\data\蔡扬的\train\train_0232.json,171,1,True,3,13,3,12,T,-39.46550377287112,-30,10.964467005076145,0.0,1.1046511563683072,20,0.0,160,12,deltaR
train_0232,C:\Users\tao20\Desktop\Algorithm\AIPlayerDesktop\data\蔡扬的\train\train_0232.json,171,2,False,2,13,2,12, ,-40.371317721093135,-30,10.964467005076145,0.0,1.1046511563683072,21,0.0,160,12,deltaR
train_0232,C:\Users\tao20\Desktop\Algorithm\AIPlayerDesktop\data\蔡扬的\train\train_0232.json,171,3,False,6,11,6,10,T,-40.371317721093135,-30,10.964467005076145,0.0,1.1046511563683072,21,0.0,160,12,deltaR
train_0232,C:\Users\tao20\Desktop\Algorithm\AIPlayerDesktop\data\蔡扬的\train\train_0232.json,171,4,False,7,3,7,2, ,-1e+18,0,0.0,0.0,1.1046511563683072,6,0.0,190,0,pathLen
train_0232,C:\Users\tao20\Desktop\Algorithm\AIPlayerDesktop\data\蔡扬的\train\train_0232.json,171,5,False,7,7,7,6, ,-1e+18,0,0.0,0.0,1.1046511563683072,6,0.0,190,0,pathLen
train_0232,C:\Users\tao20\Desktop\Algorithm\AIPlayerDesktop\data\蔡扬的\train\train_0232.json,171,6,False,9,7,9,6, ,-1e+18,0,0.0,0.0,1.1046511563683072,16,0.0,190,0,pathLen
train_0232,C:\Users\tao20\Desktop\Algorithm\AIPlayerDesktop\data\蔡扬的\train\train_0232.json,172,1,True,3,13,3,12,T,-38.4605214592503,-30,10.964467005076145,0.0,1.0982658896053994,19,0.0,160,12,deltaR
train_0232,C:\Users\tao20\Desktop\Algorithm\AIPlayerDesktop\data\蔡扬的\train\train_0232.json,172,2,False,2,13,2,12, ,-39.36109948872673,-30,10.964467005076145,0.0,1.0982658896053994,20,0.0,160,12,deltaR
train_0232,C:\Users\tao20\Desktop\Algorithm\AIPlayerDesktop\data\蔡扬的\train\train_0232.json,172,3,False,6,11,6,10,T,-39.36109948872673,-30,10.964467005076145,0.0,1.0982658896053994,20,0.0,160,12,deltaR
train_0232,C:\Users\tao20\Desktop\Algorithm\AIPlayerDesktop\data\蔡扬的\train\train_0232.json,172,4,False,7,3,7,2, ,-1e+18,0,0.0,0.0,1.0982658896053994,5,0.0,190,0,pathLen
train_0232,C:\Users\tao20\Desktop\Algorithm\AIPlayerDesktop\data\蔡扬的\train\train_0232.json,172,5,False,7,7,7,6, ,-1e+18,0,0.0,0.0,1.0982658896053994,7,0.0,190,0,pathLen
train_0232,C:\Users\tao20\Desktop\Algorithm\AIPlayerDesktop\data\蔡扬的\train\train_0232.json,172,6,False,9,7,9,6, ,-1e+18,0,0.0,0.0,1.0982658896053994,17,0.0,190,0,pathLen
train_0232,C:\Users\tao20\Desktop\Algorithm\AIPlayerDesktop\data\蔡扬的\train\train_0232.json,173,1,True,3,13,3,12,T,-37.46703145849453,-30,10.964467005076145,0.0,1.091954016712908,18,0.0,160,12,deltaR
train_0232,C:\Users\tao20\Desktop\Algorithm\AIPlayerDesktop\data\蔡扬的\train\train_0232.json,173,2,False,2,13,2,12, ,-38.36243375219912,-30,10.964467005076145,0.0,1.091954016712908,19,0.0,160,12,deltaR
train_0232,C:\Users\tao20\Desktop\Algorithm\AIPlayerDesktop\data\蔡扬的\train\train_0232.json,173,3,False,6,11,6,10,T,-38.36243375219912,-30,10.964467005076145,0.0,1.091954016712908,19,0.0,160,12,deltaR
train_0232,C:\Users\tao20\Desktop\Algorithm\AIPlayerDesktop\data\蔡扬的\train\train_0232.json,173,4,False,7,3,7,2, ,-1e+18,0,0.0,0.0,1.091954016712908,4,0.0,190,0,pathLen
train_0232,C:\Users\tao20\Desktop\Algorithm\AIPlayerDesktop\data\蔡扬的\train\train_0232.json,173,5,False,7,7,7,6, ,-1e+18,0,0.0,0.0,1.091954016712908,8,0.0,190,0,pathLen
train_0232,C:\Users\tao20\Desktop\Algorithm\AIPlayerDesktop\data\蔡扬的\train\train_0232.json,173,6,False,9,7,9,6, ,-1e+18,0,0.0,0.0,1.091954016712908,18,0.0,190,0,pathLen
train_0232,C:\Users\tao20\Desktop\Algorithm\AIPlayerDesktop\data\蔡扬的\train\train_0232.json,174,1,True,3,13,3,12,T,-36.48484824627533,-30,10.964467005076145,0.0,1.0857142795102042,17,0.0,160,12,deltaR
train_0232,C:\Users\tao20\Desktop\Algorithm\AIPlayerDesktop\data\蔡扬的\train\train_0232.json,174,2,False,2,13,2,12, ,-37.37513395547369,-30,10.964467005076145,0.0,1.0857142795102042,18,0.0,160,12,deltaR
train_0232,C:\Users\tao20\Desktop\Algorithm\AIPlayerDesktop\data\蔡扬的\train\train_0232.json,174,3,False,6,11,6,10,T,-37.37513395547369,-30,10.964467005076145,0.0,1.0857142795102042,18,0.0,160,12,deltaR
train_0232,C:\Users\tao20\Desktop\Algorithm\AIPlayerDesktop\data\蔡扬的\train\train_0232.json,174,4,False,7,3,7,2, ,-1e+18,0,0.0,0.0,1.0857142795102042,5,0.0,190,0,pathLen
train_0232,C:\Users\tao20\Desktop\Algorithm\AIPlayerDesktop\data\蔡扬的\train\train_0232.json,174,5,False,7,7,7,6, ,-1e+18,0,0.0,0.0,1.0857142795102042,9,0.0,190,0,pathLen
train_0232,C:\Users\tao20\Desktop\Algorithm\AIPlayerDesktop\data\蔡扬的\train\train_0232.json,174,6,False,9,7,9,6, ,-1e+18,0,0.0,0.0,1.0857142795102042,19,0.0,190,0,pathLen
train_0232,C:\Users\tao20\Desktop\Algorithm\AIPlayerDesktop\data\蔡扬的\train\train_0232.json,175,1,True,3,13,3,12,T,-35.51378828753708,-30,10.964467005076145,0.0,1.0795454484116735,16,0.0,160,12,deltaR
train_0232,C:\Users\tao20\Desktop\Algorithm\AIPlayerDesktop\data\蔡扬的\train\train_0232.json,175,2,False,2,13,2,12, ,-36.399015555234655,-30,10.964467005076145,0.0,1.0795454484116735,17,0.0,160,12,deltaR
train_0232,C:\Users\tao20\Desktop\Algorithm\AIPlayerDesktop\data\蔡扬的\train\train_0232.json,175,3,False,6,11,6,10,T,-36.399015555234655,-30,10.964467005076145,0.0,1.0795454484116735,17,0.0,160,12,deltaR
train_0232,C:\Users\tao20\Desktop\Algorithm\AIPlayerDesktop\data\蔡扬的\train\train_0232.json,175,4,False,7,3,7,2, ,-1e+18,0,0.0,0.0,1.0795454484116735,6,0.0,190,0,pathLen
train_0232,C:\Users\tao20\Desktop\Algorithm\AIPlayerDesktop\data\蔡扬的\train\train_0232.json,175,5,False,7,7,7,6, ,-1e+18,0,0.0,0.0,1.0795454484116735,10,0.0,190,0,pathLen
train_0232,C:\Users\tao20\Desktop\Algorithm\AIPlayerDesktop\data\蔡扬的\train\train_0232.json,175,6,False,9,7,9,6, ,-1e+18,0,0.0,0.0,1.0795454484116735,20,0.0,190,0,pathLen
train_0232,C:\Users\tao20\Desktop\Algorithm\AIPlayerDesktop\data\蔡扬的\train\train_0232.json,176,1,True,3,13,3,12,T,-34.553670411867266,-30,10.964467005076145,0.0,1.0734463216189474,15,0.0,160,12,deltaR
train_0232,C:\Users\tao20\Desktop\Algorithm\AIPlayerDesktop\data\蔡扬的\train\train_0232.json,176,2,False,2,13,2,12, ,-35.4338963955948,-30,10.964467005076145,0.0,1.0734463216189474,16,0.0,160,12,deltaR
train_0232,C:\Users\tao20\Desktop\Algorithm\AIPlayerDesktop\data\蔡扬的\train\train_0232.json,176,3,False,6,11,6,10,T,-35.4338963955948,-30,10.964467005076145,0.0,1.0734463216189474,16,0.0,160,12,deltaR
train_0232,C:\Users\tao20\Desktop\Algorithm\AIPlayerDesktop\data\蔡扬的\train\train_0232.json,176,4,False,7,3,7,2, ,-1e+18,0,0.0,0.0,1.0734463216189474,7,0.0,190,0,pathLen
train_0232,C:\Users\tao20\Desktop\Algorithm\AIPlayerDesktop\data\蔡扬的\train\train_0232.json,176,5,False,7,7,7,6, ,-1e+18,0,0.0,0.0,1.0734463216189474,11,0.0,190,0,pathLen
train_0232,C:\Users\tao20\Desktop\Algorithm\AIPlayerDesktop\data\蔡扬的\train\train_0232.json,176,6,False,9,7,9,6, ,-1e+18,0,0.0,0.0,1.0734463216189474,21,0.0,190,0,pathLen
train_0232,C:\Users\tao20\Desktop\Algorithm\AIPlayerDesktop\data\蔡扬的\train\train_0232.json,177,1,True,3,13,3,12,T,-33.60431609264418,-30,10.964467005076145,0.0,1.067415724340361,14,0.0,160,12,deltaR
train_0232,C:\Users\tao20\Desktop\Algorithm\AIPlayerDesktop\data\蔡扬的\train\train_0232.json,177,2,False,2,13,2,12, ,-34.47959698660328,-30,10.964467005076145,0.0,1.067415724340361,15,0.0,160,12,deltaR
train_0232,C:\Users\tao20\Desktop\Algorithm\AIPlayerDesktop\data\蔡扬的\train\train_0232.json,177,3,False,6,11,6,10,T,-34.47959698660328,-30,10.964467005076145,0.0,1.067415724340361,15,0.0,160,12,deltaR
train_0232,C:\Users\tao20\Desktop\Algorithm\AIPlayerDesktop\data\蔡扬的\train\train_0232.json,177,4,False,7,3,7,2, ,-1e+18,0,0.0,0.0,1.067415724340361,8,0.0,190,0,pathLen
train_0232,C:\Users\tao20\Desktop\Algorithm\AIPlayerDesktop\data\蔡扬的\train\train_0232.json,177,5,False,7,7,7,6, ,-1e+18,0,0.0,0.0,1.067415724340361,12,0.0,190,0,pathLen
train_0232,C:\Users\tao20\Desktop\Algorithm\AIPlayerDesktop\data\蔡扬的\train\train_0232.json,177,6,False,9,7,9,6, ,-1e+18,0,0.0,0.0,1.067415724340361,22,0.0,190,0,pathLen
train_0232,C:\Users\tao20\Desktop\Algorithm\AIPlayerDesktop\data\蔡扬的\train\train_0232.json,178,1,True,3,13,3,12,T,-32.66554964989686,-30,10.964467005076145,0.0,1.0614525080365782,13,0.0,160,12,deltaR
train_0232,C:\Users\tao20\Desktop\Algorithm\AIPlayerDesktop\data\蔡扬的\train\train_0232.json,178,2,False,2,13,2,12, ,-33.535940706486855,-30,10.964467005076145,0.0,1.0614525080365782,14,0.0,160,12,deltaR
train_0232,C:\Users\tao20\Desktop\Algorithm\AIPlayerDesktop\data\蔡扬的\train\train_0232.json,178,3,False,6,11,6,10,T,-33.535940706486855,-30,10.964467005076145,0.0,1.0614525080365782,14,0.0,160,12,deltaR
train_0232,C:\Users\tao20\Desktop\Algorithm\AIPlayerDesktop\data\蔡扬的\train\train_0232.json,178,4,False,7,3,7,2, ,-1e+18,0,0.0,0.0,1.0614525080365782,9,0.0,190,0,pathLen
train_0232,C:\Users\tao20\Desktop\Algorithm\AIPlayerDesktop\data\蔡扬的\train\train_0232.json,178,5,False,7,7,7,6, ,-1e+18,0,0.0,0.0,1.0614525080365782,13,0.0,190,0,pathLen
train_0232,C:\Users\tao20\Desktop\Algorithm\AIPlayerDesktop\data\蔡扬的\train\train_0232.json,178,6,False,9,7,9,6, ,-1e+18,0,0.0,0.0,1.0614525080365782,23,0.0,190,0,pathLen
train_0232,C:\Users\tao20\Desktop\Algorithm\AIPlayerDesktop\data\蔡扬的\train\train_0232.json,179,1,True,3,13,3,12,T,-31.73719839279798,-30,10.964467005076145,0.0,1.055555549691358,12,0.0,160,12,deltaR
train_0232,C:\Users\tao20\Desktop\Algorithm\AIPlayerDesktop\data\蔡扬的\train\train_0232.json,179,2,False,2,13,2,12, ,-32.60275394354489,-30,10.964467005076145,0.0,1.055555549691358,13,0.0,160,12,deltaR
train_0232,C:\Users\tao20\Desktop\Algorithm\AIPlayerDesktop\data\蔡扬的\train\train_0232.json,179,3,False,6,11,6,10,T,-32.60275394354489,-30,10.964467005076145,0.0,1.055555549691358,13,0.0,160,12,deltaR
train_0232,C:\Users\tao20\Desktop\Algorithm\AIPlayerDesktop\data\蔡扬的\train\train_0232.json,179,4,False,7,3,7,2, ,-1e+18,0,0.0,0.0,1.055555549691358,10,0.0,190,0,pathLen
train_0232,C:\Users\tao20\Desktop\Algorithm\AIPlayerDesktop\data\蔡扬的\train\train_0232.json,179,5,False,7,7,7,6, ,-1e+18,0,0.0,0.0,1.055555549691358,14,0.0,190,0,pathLen
train_0232,C:\Users\tao20\Desktop\Algorithm\AIPlayerDesktop\data\蔡扬的\train\train_0232.json,179,6,False,9,7,9,6, ,-1e+18,0,0.0,0.0,1.055555549691358,24,0.0,190,0,pathLen
train_0232,C:\Users\tao20\Desktop\Algorithm\AIPlayerDesktop\data\蔡扬的\train\train_0232.json,180,1,True,3,13,3,12,T,-30.819092714502098,-30,10.964467005076145,0.0,1.0497237511064987,11,0.0,160,12,deltaR
train_0232,C:\Users\tao20\Desktop\Algorithm\AIPlayerDesktop\data\蔡扬的\train\train_0232.json,180,2,False,2,13,2,12, ,-31.679866190409427,-30,10.964467005076145,0.0,1.0497237511064987,12,0.0,160,12,deltaR
train_0232,C:\Users\tao20\Desktop\Algorithm\AIPlayerDesktop\data\蔡扬的\train\train_0232.json,180,3,False,6,11,6,10,T,-31.679866190409427,-30,10.964467005076145,0.0,1.0497237511064987,12,0.0,160,12,deltaR
train_0232,C:\Users\tao20\Desktop\Algorithm\AIPlayerDesktop\data\蔡扬的\train\train_0232.json,180,4,False,7,3,7,2, ,-1e+18,0,0.0,0.0,1.0497237511064987,11,0.0,190,0,pathLen
train_0232,C:\Users\tao20\Desktop\Algorithm\AIPlayerDesktop\data\蔡扬的\train\train_0232.json,180,5,False,7,7,7,6, ,-1e+18,0,0.0,0.0,1.0497237511064987,15,0.0,190,0,pathLen
train_0232,C:\Users\tao20\Desktop\Algorithm\AIPlayerDesktop\data\蔡扬的\train\train_0232.json,180,6,False,9,7,9,6, ,-1e+18,0,0.0,0.0,1.0497237511064987,25,0.0,190,0,pathLen
train_0232,C:\Users\tao20\Desktop\Algorithm\AIPlayerDesktop\data\蔡扬的\train\train_0232.json,181,1,True,3,13,3,12,T,-29.911066149474834,-30,10.964467005076145,0.0,1.0439560382200217,10,0.0,160,12,deltaR
train_0232,C:\Users\tao20\Desktop\Algorithm\AIPlayerDesktop\data\蔡扬的\train\train_0232.json,181,2,False,2,13,2,12, ,-30.767110100815252,-30,10.964467005076145,0.0,1.0439560382200217,11,0.0,160,12,deltaR
train_0232,C:\Users\tao20\Desktop\Algorithm\AIPlayerDesktop\data\蔡扬的\train\train_0232.json,181,3,False,6,11,6,10,T,-30.767110100815252,-30,10.964467005076145,0.0,1.0439560382200217,11,0.0,160,12,deltaR
train_0232,C:\Users\tao20\Desktop\Algorithm\AIPlayerDesktop\data\蔡扬的\train\train_0232.json,181,4,False,7,3,7,2, ,-1e+18,0,0.0,0.0,1.0439560382200217,12,0.0,190,0,pathLen
train_0232,C:\Users\tao20\Desktop\Algorithm\AIPlayerDesktop\data\蔡扬的\train\train_0232.json,181,5,False,7,7,7,6, ,-1e+18,0,0.0,0.0,1.0439560382200217,16,0.0,190,0,pathLen
train_0232,C:\Users\tao20\Desktop\Algorithm\AIPlayerDesktop\data\蔡扬的\train\train_0232.json,181,6,False,9,7,9,6, ,-1e+18,0,0.0,0.0,1.0439560382200217,26,0.0,190,0,pathLen
train_0232,C:\Users\tao20\Desktop\Algorithm\AIPlayerDesktop\data\蔡扬的\train\train_0232.json,182,1,True,3,13,3,12,T,-29.01295540140674,-30,10.964467005076145,0.0,1.0382513604467138,9,0.0,160,12,deltaR
train_0232,C:\Users\tao20\Desktop\Algorithm\AIPlayerDesktop\data\蔡扬的\train\train_0232.json,182,2,False,2,13,2,12, ,-29.864321516973042,-30,10.964467005076145,0.0,1.0382513604467138,10,0.0,160,12,deltaR
train_0232,C:\Users\tao20\Desktop\Algorithm\AIPlayerDesktop\data\蔡扬的\train\train_0232.json,182,3,False,6,11,6,10,T,-29.864321516973042,-30,10.964467005076145,0.0,1.0382513604467138,10,0.0,160,12,deltaR
train_0232,C:\Users\tao20\Desktop\Algorithm\AIPlayerDesktop\data\蔡扬的\train\train_0232.json,182,4,False,7,3,7,2, ,-1e+18,0,0.0,0.0,1.0382513604467138,13,0.0,190,0,pathLen
train_0232,C:\Users\tao20\Desktop\Algorithm\AIPlayerDesktop\data\蔡扬的\train\train_0232.json,182,5,False,7,7,7,6, ,-1e+18,0,0.0,0.0,1.0382513604467138,17,0.0,190,0,pathLen
train_0232,C:\Users\tao20\Desktop\Algorithm\AIPlayerDesktop\data\蔡扬的\train\train_0232.json,182,6,False,9,7,9,6, ,-1e+18,0,0.0,0.0,1.0382513604467138,27,0.0,190,0,pathLen
train_0232,C:\Users\tao20\Desktop\Algorithm\AIPlayerDesktop\data\蔡扬的\train\train_0232.json,183,1,True,3,13,3,12,T,-28.12460034816498,-30,10.964467005076145,0.0,1.03260869004017,8,0.0,160,12,deltaR
train_0232,C:\Users\tao20\Desktop\Algorithm\AIPlayerDesktop\data\蔡扬的\train\train_0232.json,183,2,False,2,13,2,12, ,-28.971339473997915,-30,10.964467005076145,0.0,1.03260869004017,9,0.0,160,12,deltaR
train_0232,C:\Users\tao20\Desktop\Algorithm\AIPlayerDesktop\data\蔡扬的\train\train_0232.json,183,3,False,6,11,6,10,T,-28.971339473997915,-30,10.964467005076145,0.0,1.03260869004017,9,0.0,160,12,deltaR
train_0232,C:\Users\tao20\Desktop\Algorithm\AIPlayerDesktop\data\蔡扬的\train\train_0232.json,183,4,False,7,3,7,2, ,-1e+18,0,0.0,0.0,1.03260869004017,14,0.0,190,0,pathLen
train_0232,C:\Users\tao20\Desktop\Algorithm\AIPlayerDesktop\data\蔡扬的\train\train_0232.json,183,5,False,7,7,7,6, ,-1e+18,0,0.0,0.0,1.03260869004017,18,0.0,190,0,pathLen
train_0232,C:\Users\tao20\Desktop\Algorithm\AIPlayerDesktop\data\蔡扬的\train\train_0232.json,183,6,False,9,7,9,6, ,-1e+18,0,0.0,0.0,1.03260869004017,28,0.0,190,0,pathLen
train_0232,C:\Users\tao20\Desktop\Algorithm\AIPlayerDesktop\data\蔡扬的\train\train_0232.json,184,1,True,3,13,3,12,T,-27.245844028924175,-30,10.964467005076145,0.0,1.0270270214755297,7,0.0,160,12,deltaR
train_0232,C:\Users\tao20\Desktop\Algorithm\AIPlayerDesktop\data\蔡扬的\train\train_0232.json,184,2,False,2,13,2,12, ,-28.08800618653411,-30,10.964467005076145,0.0,1.0270270214755297,8,0.0,160,12,deltaR
train_0232,C:\Users\tao20\Desktop\Algorithm\AIPlayerDesktop\data\蔡扬的\train\train_0232.json,184,3,False,6,11,6,10,T,-28.08800618653411,-30,10.964467005076145,0.0,1.0270270214755297,8,0.0,160,12,deltaR
train_0232,C:\Users\tao20\Desktop\Algorithm\AIPlayerDesktop\data\蔡扬的\train\train_0232.json,184,4,False,7,3,7,2, ,-1e+18,0,0.0,0.0,1.0270270214755297,15,0.0,190,0,pathLen
train_0232,C:\Users\tao20\Desktop\Algorithm\AIPlayerDesktop\data\蔡扬的\train\train_0232.json,184,5,False,7,7,7,6, ,-1e+18,0,0.0,0.0,1.0270270214755297,19,0.0,190,0,pathLen
train_0232,C:\Users\tao20\Desktop\Algorithm\AIPlayerDesktop\data\蔡扬的\train\train_0232.json,184,6,False,9,7,9,6, ,-1e+18,0,0.0,0.0,1.0270270214755297,29,0.0,190,0,pathLen
train_0232,C:\Users\tao20\Desktop\Algorithm\AIPlayerDesktop\data\蔡扬的\train\train_0232.json,185,1,True,3,13,3,12,T,-26.376532617569616,-30,10.964467005076145,0.0,1.0215053708521218,6,0.0,160,12,deltaR
train_0232,C:\Users\tao20\Desktop\Algorithm\AIPlayerDesktop\data\蔡扬的\train\train_0232.json,185,2,False,2,13,2,12, ,-27.214167021668356,-30,10.964467005076145,0.0,1.0215053708521218,7,0.0,160,12,deltaR
train_0232,C:\Users\tao20\Desktop\Algorithm\AIPlayerDesktop\data\蔡扬的\train\train_0232.json,185,3,False,6,11,6,10,T,-27.214167021668356,-30,10.964467005076145,0.0,1.0215053708521218,7,0.0,160,12,deltaR
train_0232,C:\Users\tao20\Desktop\Algorithm\AIPlayerDesktop\data\蔡扬的\train\train_0232.json,185,4,False,7,3,7,2, ,-1e+18,0,0.0,0.0,1.0215053708521218,16,0.0,190,0,pathLen
train_0232,C:\Users\tao20\Desktop\Algorithm\AIPlayerDesktop\data\蔡扬的\train\train_0232.json,185,5,False,7,7,7,6, ,-1e+18,0,0.0,0.0,1.0215053708521218,20,0.0,190,0,pathLen
train_0232,C:\Users\tao20\Desktop\Algorithm\AIPlayerDesktop\data\蔡扬的\train\train_0232.json,185,6,False,9,7,9,6, ,-1e+18,0,0.0,0.0,1.0215053708521218,30,0.0,190,0,pathLen
train_0232,C:\Users\tao20\Desktop\Algorithm\AIPlayerDesktop\data\蔡扬的\train\train_0232.json,186,1,True,3,13,3,12,T,-25.516515385627855,-30,10.964467005076145,0.0,1.0160427753152792,5,0.0,160,12,deltaR
train_0232,C:\Users\tao20\Desktop\Algorithm\AIPlayerDesktop\data\蔡扬的\train\train_0232.json,186,2,False,2,13,2,12, ,-26.34967046138638,-30,10.964467005076145,0.0,1.0160427753152792,6,0.0,160,12,deltaR
train_0232,C:\Users\tao20\Desktop\Algorithm\AIPlayerDesktop\data\蔡扬的\train\train_0232.json,186,3,False,6,11,6,10,T,-26.34967046138638,-30,10.964467005076145,0.0,1.0160427753152792,6,0.0,160,12,deltaR
train_0232,C:\Users\tao20\Desktop\Algorithm\AIPlayerDesktop\data\蔡扬的\train\train_0232.json,186,4,False,7,3,7,2, ,-1e+18,0,0.0,0.0,1.0160427753152792,17,0.0,190,0,pathLen
train_0232,C:\Users\tao20\Desktop\Algorithm\AIPlayerDesktop\data\蔡扬的\train\train_0232.json,186,5,False,7,7,7,6, ,-1e+18,0,0.0,0.0,1.0160427753152792,21,0.0,190,0,pathLen
train_0232,C:\Users\tao20\Desktop\Algorithm\AIPlayerDesktop\data\蔡扬的\train\train_0232.json,186,6,False,9,7,9,6, ,-1e+18,0,0.0,0.0,1.0160427753152792,31,0.0,190,0,pathLen
train_0232,C:\Users\tao20\Desktop\Algorithm\AIPlayerDesktop\data\蔡扬的\train\train_0232.json,187,1,True,3,13,3,12,T,-24.6656446573105,-30,10.964467005076145,0.0,1.0106382924966049,4,0.0,160,12,deltaR
train_0232,C:\Users\tao20\Desktop\Algorithm\AIPlayerDesktop\data\蔡扬的\train\train_0232.json,187,2,False,2,13,2,12, ,-25.49436805715772,-30,10.964467005076145,0.0,1.0106382924966049,5,0.0,160,12,deltaR
train_0232,C:\Users\tao20\Desktop\Algorithm\AIPlayerDesktop\data\蔡扬的\train\train_0232.json,187,3,False,6,11,6,10,T,-25.49436805715772,-30,10.964467005076145,0.0,1.0106382924966049,5,0.0,160,12,deltaR
train_0232,C:\Users\tao20\Desktop\Algorithm\AIPlayerDesktop\data\蔡扬的\train\train_0232.json,187,4,False,7,3,7,2, ,-1e+18,0,0.0,0.0,1.0106382924966049,18,0.0,190,0,pathLen
train_0232,C:\Users\tao20\Desktop\Algorithm\AIPlayerDesktop\data\蔡扬的\train\train_0232.json,187,5,False,7,7,7,6, ,-1e+18,0,0.0,0.0,1.0106382924966049,22,0.0,190,0,pathLen
train_0232,C:\Users\tao20\Desktop\Algorithm\AIPlayerDesktop\data\蔡扬的\train\train_0232.json,187,6,False,9,7,9,6, ,-1e+18,0,0.0,0.0,1.0106382924966049,32,0.0,190,0,pathLen
train_0232,C:\Users\tao20\Desktop\Algorithm\AIPlayerDesktop\data\蔡扬的\train\train_0232.json,188,1,True,3,13,3,12,T,-23.823775758721908,-30,10.964467005076145,0.0,1.0052909999720052,3,0.0,160,12,deltaR
train_0232,C:\Users\tao20\Desktop\Algorithm\AIPlayerDesktop\data\蔡扬的\train\train_0232.json,188,2,False,2,13,2,12, ,-24.648114378698953,-30,10.964467005076145,0.0,1.0052909999720052,4,0.0,160,12,deltaR
train_0232,C:\Users\tao20\Desktop\Algorithm\AIPlayerDesktop\data\蔡扬的\train\train_0232.json,188,3,False,6,11,6,10,T,-24.648114378698953,-30,10.964467005076145,0.0,1.0052909999720052,4,0.0,160,12,deltaR
train_0232,C:\Users\tao20\Desktop\Algorithm\AIPlayerDesktop\data\蔡扬的\train\train_0232.json,188,4,False,7,3,7,2, ,-1e+18,0,0.0,0.0,1.0052909999720052,19,0.0,190,0,pathLen
train_0232,C:\Users\tao20\Desktop\Algorithm\AIPlayerDesktop\data\蔡扬的\train\train_0232.json,188,5,False,7,7,7,6, ,-1e+18,0,0.0,0.0,1.0052909999720052,23,0.0,190,0,pathLen
train_0232,C:\Users\tao20\Desktop\Algorithm\AIPlayerDesktop\data\蔡扬的\train\train_0232.json,188,6,False,9,7,9,6, ,-1e+18,0,0.0,0.0,1.0052909999720052,33,0.0,190,0,pathLen
train_0232,C:\Users\tao20\Desktop\Algorithm\AIPlayerDesktop\data\蔡扬的\train\train_0232.json,189,1,True,3,13,3,12,T,-22.99076697148609,-30,10.964467005076145,0.0,1.0,2,0.0,160,12,deltaR
train_0232,C:\Users\tao20\Desktop\Algorithm\AIPlayerDesktop\data\蔡扬的\train\train_0232.json,189,2,False,2,13,2,12, ,-23.81076697148609,-30,10.964467005076145,0.0,1.0,3,0.0,160,12,deltaR
train_0232,C:\Users\tao20\Desktop\Algorithm\AIPlayerDesktop\data\蔡扬的\train\train_0232.json,189,3,False,6,11,6,10,T,-23.81076697148609,-30,10.964467005076145,0.0,1.0,3,0.0,160,12,deltaR
train_0232,C:\Users\tao20\Desktop\Algorithm\AIPlayerDesktop\data\蔡扬的\train\train_0232.json,189,4,False,7,3,7,2, ,-1e+18,0,0.0,0.0,1.0,20,0.0,190,0,pathLen
train_0232,C:\Users\tao20\Desktop\Algorithm\AIPlayerDesktop\data\蔡扬的\train\train_0232.json,189,5,False,7,7,7,6, ,-1e+18,0,0.0,0.0,1.0,24,0.0,190,0,pathLen
train_0232,C:\Users\tao20\Desktop\Algorithm\AIPlayerDesktop\data\蔡扬的\train\train_0232.json,189,6,False,9,7,9,6, ,-1e+18,0,0.0,0.0,1.0,34,0.0,190,0,pathLen
train_0232,C:\Users\tao20\Desktop\Algorithm\AIPlayerDesktop\data\蔡扬的\train\train_0232.json,190,1,True,3,13,3,12,T,-22.170772629642343,-30,10.964467005076145,0.0,1.0,1,0.0,160,12,deltaR
train_0232,C:\Users\tao20\Desktop\Algorithm\AIPlayerDesktop\data\蔡扬的\train\train_0232.json,190,2,False,2,13,2,12, ,-22.990772629642343,-30,10.964467005076145,0.0,1.0,2,0.0,160,12,deltaR
train_0232,C:\Users\tao20\Desktop\Algorithm\AIPlayerDesktop\data\蔡扬的\train\train_0232.json,190,3,False,6,11,6,10,T,-24.630772629642344,-30,10.964467005076145,0.0,1.0,4,0.0,160,12,deltaR
train_0232,C:\Users\tao20\Desktop\Algorithm\AIPlayerDesktop\data\蔡扬的\train\train_0232.json,190,4,False,7,3,7,2, ,-1e+18,0,0.0,0.0,1.0,21,0.0,190,0,pathLen
train_0232,C:\Users\tao20\Desktop\Algorithm\AIPlayerDesktop\data\蔡扬的\train\train_0232.json,190,5,False,7,7,7,6, ,-1e+18,0,0.0,0.0,1.0,25,0.0,190,0,pathLen
train_0232,C:\Users\tao20\Desktop\Algorithm\AIPlayerDesktop\data\蔡扬的\train\train_0232.json,190,6,False,9,7,9,6, ,-1e+18,0,0.0,0.0,1.0,35,0.0,190,0,pathLen
train_0232,C:\Users\tao20\Desktop\Algorithm\AIPlayerDesktop\data\蔡扬的\train\train_0232.json,191,1,True,2,13,2,12, ,7.730045125526884,0,10.854271356783917,0.0,1.0,1,0.0,160,12,Iproxy
train_0232,C:\Users\tao20\Desktop\Algorithm\AIPlayerDesktop\data\蔡扬的\train\train_0232.json,191,2,False,6,11,6,10,T,-25.549954874473116,-30,10.854271356783917,0.0,1.0,5,0.0,130,12,deltaR
train_0232,C:\Users\tao20\Desktop\Algorithm\AIPlayerDesktop\data\蔡扬的\train\train_0232.json,191,3,False,7,3,7,2, ,-1e+18,0,0.0,0.0,1.0,22,0.0,160,0,pathLen
train_0232,C:\Users\tao20\Desktop\Algorithm\AIPlayerDesktop\data\蔡扬的\train\train_0232.json,191,4,False,7,7,7,6, ,-1e+18,0,0.0,0.0,1.0,26,0.0,160,0,pathLen
train_0232,C:\Users\tao20\Desktop\Algorithm\AIPlayerDesktop\data\蔡扬的\train\train_0232.json,191,5,False,9,7,9,6, ,-1e+18,0,0.0,0.0,1.0,36,0.0,160,0,pathLen
train_0232,C:\Users\tao20\Desktop\Algorithm\AIPlayerDesktop\data\蔡扬的\train\train_0232.json,192,1,True,1,13,1,12,G,60.446988024194944,50,14.328358208955224,0.0,1.0,1,0.0,210,12,deltaR
train_0232,C:\Users\tao20\Desktop\Algorithm\AIPlayerDesktop\data\蔡扬的\train\train_0232.json,192,2,False,6,11,6,10,T,-15.965511975805056,-30,14.328358208955224,6.25,1.0,6,0.0,130,12,deltaR
train_0232,C:\Users\tao20\Desktop\Algorithm\AIPlayerDesktop\data\蔡扬的\train\train_0232.json,192,3,False,7,3,7,2, ,-16.4,0,0.0,2.0,1.0,23,0.0,160,0,pathLen
train_0232,C:\Users\tao20\Desktop\Algorithm\AIPlayerDesktop\data\蔡扬的\train\train_0232.json,192,4,False,7,7,7,6, ,-20.019310344827584,0,0.0,1.7241379310344827,1.0,27,0.0,160,0,pathLen
train_0232,C:\Users\tao20\Desktop\Algorithm\AIPlayerDesktop\data\蔡扬的\train\train_0232.json,192,5,False,9,7,9,6, ,-28.763076923076923,0,0.0,1.2820512820512822,1.0,37,0.0,160,0,pathLen
train_0232,C:\Users\tao20\Desktop\Algorithm\AIPlayerDesktop\data\蔡扬的\train\train_0232.json,193,1,True,6,11,6,10,T,-25.08913739318298,-30,14.187192118226598,0.0,1.0824742212243597,7,0.0,180,12,deltaR
train_0232,C:\Users\tao20\Desktop\Algorithm\AIPlayerDesktop\data\蔡扬的\train\train_0232.json,193,2,False,7,3,7,2, ,-1e+18,0,0.0,0.0,1.0824742212243597,24,0.0,210,0,pathLen
train_0232,C:\Users\tao20\Desktop\Algorithm\AIPlayerDesktop\data\蔡扬的\train\train_0232.json,193,3,False,7,7,7,6, ,-1e+18,0,0.0,0.0,1.0824742212243597,28,0.0,210,0,pathLen
train_0232,C:\Users\tao20\Desktop\Algorithm\AIPlayerDesktop\data\蔡扬的\train\train_0232.json,193,4,False,9,7,9,6, ,-1e+18,0,0.0,0.0,1.0824742212243597,38,0.0,210,0,pathLen
train_0232,C:\Users\tao20\Desktop\Algorithm\AIPlayerDesktop\data\蔡扬的\train\train_0232.json,194,1,True,6,11,6,10,T,-24.19957173818906,-30,14.187192118226598,0.0,1.0769230714003946,6,0.0,180,12,deltaR
train_0232,C:\Users\tao20\Desktop\Algorithm\AIPlayerDesktop\data\蔡扬的\train\train_0232.json,194,2,False,7,3,7,2, ,-1e+18,0,0.0,0.0,1.0769230714003946,23,0.0,210,0,pathLen
train_0232,C:\Users\tao20\Desktop\Algorithm\AIPlayerDesktop\data\蔡扬的\train\train_0232.json,194,3,False,7,7,7,6, ,-1e+18,0,0.0,0.0,1.0769230714003946,27,0.0,210,0,pathLen
train_0232,C:\Users\tao20\Desktop\Algorithm\AIPlayerDesktop\data\蔡扬的\train\train_0232.json,194,4,False,9,7,9,6, ,-1e+18,0,0.0,0.0,1.0769230714003946,37,0.0,210,0,pathLen
train_0232,C:\Users\tao20\Desktop\Algorithm\AIPlayerDesktop\data\蔡扬的\train\train_0232.json,195,1,True,6,11,6,10,T,-23.314267238178896,-30,14.187192118226598,0.0,1.0714285659620992,5,0.0,180,12,deltaR
train_0232,C:\Users\tao20\Desktop\Algorithm\AIPlayerDesktop\data\蔡扬的\train\train_0232.json,195,2,False,7,3,7,2, ,-1e+18,0,0.0,0.0,1.0714285659620992,22,0.0,210,0,pathLen
train_0232,C:\Users\tao20\Desktop\Algorithm\AIPlayerDesktop\data\蔡扬的\train\train_0232.json,195,3,False,7,7,7,6, ,-1e+18,0,0.0,0.0,1.0714285659620992,26,0.0,210,0,pathLen
train_0232,C:\Users\tao20\Desktop\Algorithm\AIPlayerDesktop\data\蔡扬的\train\train_0232.json,195,4,False,9,7,9,6, ,-1e+18,0,0.0,0.0,1.0714285659620992,36,0.0,210,0,pathLen
train_0232,C:\Users\tao20\Desktop\Algorithm\AIPlayerDesktop\data\蔡扬的\train\train_0232.json,196,1,True,6,11,6,10,T,-22.434096713161576,-30,14.187192118226598,0.0,1.0659898423046201,4,0.0,180,12,deltaR
train_0232,C:\Users\tao20\Desktop\Algorithm\AIPlayerDesktop\data\蔡扬的\train\train_0232.json,196,2,False,7,3,7,2, ,-1e+18,0,0.0,0.0,1.0659898423046201,21,0.0,210,0,pathLen
train_0232,C:\Users\tao20\Desktop\Algorithm\AIPlayerDesktop\data\蔡扬的\train\train_0232.json,196,3,False,7,7,7,6, ,-1e+18,0,0.0,0.0,1.0659898423046201,25,0.0,210,0,pathLen
train_0232,C:\Users\tao20\Desktop\Algorithm\AIPlayerDesktop\data\蔡扬的\train\train_0232.json,196,4,False,9,7,9,6, ,-1e+18,0,0.0,0.0,1.0659898423046201,35,0.0,210,0,pathLen
train_0232,C:\Users\tao20\Desktop\Algorithm\AIPlayerDesktop\data\蔡扬的\train\train_0232.json,197,1,True,6,11,6,10,T,-21.559732856450612,-30,14.187192118226598,0.0,1.0606060552494643,3,0.0,180,12,deltaR
train_0232,C:\Users\tao20\Desktop\Algorithm\AIPlayerDesktop\data\蔡扬的\train\train_0232.json,197,2,False,7,3,7,2, ,-1e+18,0,0.0,0.0,1.0606060552494643,20,0.0,210,0,pathLen
train_0232,C:\Users\tao20\Desktop\Algorithm\AIPlayerDesktop\data\蔡扬的\train\train_0232.json,197,3,False,7,7,7,6, ,-1e+18,0,0.0,0.0,1.0606060552494643,24,0.0,210,0,pathLen
train_0232,C:\Users\tao20\Desktop\Algorithm\AIPlayerDesktop\data\蔡扬的\train\train_0232.json,197,4,False,9,7,9,6, ,-1e+18,0,0.0,0.0,1.0606060552494643,34,0.0,210,0,pathLen
train_0232,C:\Users\tao20\Desktop\Algorithm\AIPlayerDesktop\data\蔡扬的\train\train_0232.json,198,1,True,6,11,6,10,T,-20.691688762279444,-30,14.187192118226598,0.0,1.0552763766066513,2,0.0,180,12,deltaR
train_0232,C:\Users\tao20\Desktop\Algorithm\AIPlayerDesktop\data\蔡扬的\train\train_0232.json,198,2,False,7,3,7,2, ,-1e+18,0,0.0,0.0,1.0552763766066513,21,0.0,210,0,pathLen
train_0232,C:\Users\tao20\Desktop\Algorithm\AIPlayerDesktop\data\蔡扬的\train\train_0232.json,198,3,False,7,7,7,6, ,-1e+18,0,0.0,0.0,1.0552763766066513,25,0.0,210,0,pathLen
train_0232,C:\Users\tao20\Desktop\Algorithm\AIPlayerDesktop\data\蔡扬的\train\train_0232.json,198,4,False,9,7,9,6, ,-1e+18,0,0.0,0.0,1.0552763766066513,35,0.0,210,0,pathLen
train_0232,C:\Users\tao20\Desktop\Algorithm\AIPlayerDesktop\data\蔡扬的\train\train_0232.json,199,1,True,6,11,6,10,T,-19.83035033562562,-30,14.187192118226598,0.0,1.04999999475,1,0.0,180,12,deltaR
train_0232,C:\Users\tao20\Desktop\Algorithm\AIPlayerDesktop\data\蔡扬的\train\train_0232.json,199,2,False,7,3,7,2, ,-1e+18,0,0.0,0.0,1.04999999475,22,0.0,210,0,pathLen
train_0232,C:\Users\tao20\Desktop\Algorithm\AIPlayerDesktop\data\蔡扬的\train\train_0232.json,199,3,False,7,7,7,6, ,-1e+18,0,0.0,0.0,1.04999999475,26,0.0,210,0,pathLen
train_0232,C:\Users\tao20\Desktop\Algorithm\AIPlayerDesktop\data\蔡扬的\train\train_0232.json,199,4,False,9,7,9,6, ,-1e+18,0,0.0,0.0,1.04999999475,36,0.0,210,0,pathLen
train_0232,C:\Users\tao20\Desktop\Algorithm\AIPlayerDesktop\data\蔡扬的\train\train_0232.json,200,1,True,7,11,7,10,G,62.816953021298424,50,17.5609756097561,0.0,1.0,1,0.0,230,12,deltaR
train_0232,C:\Users\tao20\Desktop\Algorithm\AIPlayerDesktop\data\蔡扬的\train\train_0232.json,200,2,False,7,12,7,11, ,61.996953021298424,50,17.5609756097561,0.0,1.0,2,0.0,230,12,deltaR
train_0232,C:\Users\tao20\Desktop\Algorithm\AIPlayerDesktop\data\蔡扬的\train\train_0232.json,200,3,False,7,3,7,2, ,-16.4,0,0.0,2.0,1.0,23,0.0,180,0,pathLen
train_0232,C:\Users\tao20\Desktop\Algorithm\AIPlayerDesktop\data\蔡扬的\train\train_0232.json,200,4,False,7,7,7,6, ,-20.019310344827584,0,0.0,1.7241379310344827,1.0,27,0.0,180,0,pathLen
train_0232,C:\Users\tao20\Desktop\Algorithm\AIPlayerDesktop\data\蔡扬的\train\train_0232.json,200,5,False,9,7,9,6, ,-28.763076923076923,0,0.0,1.2820512820512822,1.0,37,0.0,180,0,pathLen
train_0232,C:\Users\tao20\Desktop\Algorithm\AIPlayerDesktop\data\蔡扬的\train\train_0232.json,201,1,True,7,12,7,11, ,12.538206540152562,0,17.391304347826086,0.0,1.1386138557494363,1,0.0,230,12,Iproxy
train_0232,C:\Users\tao20\Desktop\Algorithm\AIPlayerDesktop\data\蔡扬的\train\train_0232.json,201,2,False,8,11,8,10, ,12.538206540152562,0,17.391304347826086,0.0,1.1386138557494363,1,0.0,230,12,Iproxy
train_0232,C:\Users\tao20\Desktop\Algorithm\AIPlayerDesktop\data\蔡扬的\train\train_0232.json,201,3,False,7,3,7,2, ,-1e+18,0,0.0,0.0,1.1386138557494363,24,0.0,230,0,pathLen
train_0232,C:\Users\tao20\Desktop\Algorithm\AIPlayerDesktop\data\蔡扬的\train\train_0232.json,201,4,False,7,7,7,6, ,-1e+18,0,0.0,0.0,1.1386138557494363,28,0.0,230,0,pathLen
train_0232,C:\Users\tao20\Desktop\Algorithm\AIPlayerDesktop\data\蔡扬的\train\train_0232.json,201,5,False,9,7,9,6, ,-1e+18,0,0.0,0.0,1.1386138557494363,38,0.0,230,0,pathLen
train_0232,C:\Users\tao20\Desktop\Algorithm\AIPlayerDesktop\data\蔡扬的\train\train_0232.json,202,1,True,7,13,7,12, ,12.367660585758856,0,17.22488038277512,0.0,1.1330049205270694,1,0.0,230,12,Iproxy
train_0232,C:\Users\tao20\Desktop\Algorithm\AIPlayerDesktop\data\蔡扬的\train\train_0232.json,202,2,False,8,11,8,10, ,11.438596550926658,0,17.22488038277512,0.0,1.1330049205270694,2,0.0,230,12,Iproxy
train_0232,C:\Users\tao20\Desktop\Algorithm\AIPlayerDesktop\data\蔡扬的\train\train_0232.json,202,3,False,7,3,7,2, ,-1e+18,0,0.0,0.0,1.1330049205270694,25,0.0,230,0,pathLen
train_0232,C:\Users\tao20\Desktop\Algorithm\AIPlayerDesktop\data\蔡扬的\train\train_0232.json,202,4,False,7,7,7,6, ,-1e+18,0,0.0,0.0,1.1330049205270694,29,0.0,230,0,pathLen
train_0232,C:\Users\tao20\Desktop\Algorithm\AIPlayerDesktop\data\蔡扬的\train\train_0232.json,202,5,False,9,7,9,6, ,-1e+18,0,0.0,0.0,1.1330049205270694,39,0.0,230,0,pathLen
train_0232,C:\Users\tao20\Desktop\Algorithm\AIPlayerDesktop\data\蔡扬的\train\train_0232.json,203,1,True,8,11,8,10, ,10.340864262708646,0,17.061611374407587,0.0,1.1274509748654364,3,0.0,230,12,Iproxy
train_0232,C:\Users\tao20\Desktop\Algorithm\AIPlayerDesktop\data\蔡扬的\train\train_0232.json,203,2,False,7,3,7,2, ,-1e+18,0,0.0,0.0,1.1274509748654364,26,0.0,230,0,pathLen
train_0232,C:\Users\tao20\Desktop\Algorithm\AIPlayerDesktop\data\蔡扬的\train\train_0232.json,203,3,False,7,7,7,6, ,-1e+18,0,0.0,0.0,1.1274509748654364,30,0.0,230,0,pathLen
train_0232,C:\Users\tao20\Desktop\Algorithm\AIPlayerDesktop\data\蔡扬的\train\train_0232.json,203,4,False,9,7,9,6, ,-1e+18,0,0.0,0.0,1.1274509748654364,40,0.0,230,0,pathLen
train_0232,C:\Users\tao20\Desktop\Algorithm\AIPlayerDesktop\data\蔡扬的\train\train_0232.json,204,1,True,8,11,8,10, ,11.22935714565094,0,17.061611374407587,0.0,1.1219512140392625,2,0.0,230,12,Iproxy
train_0232,C:\Users\tao20\Desktop\Algorithm\AIPlayerDesktop\data\蔡扬的\train\train_0232.json,204,2,False,7,3,7,2, ,-1e+18,0,0.0,0.0,1.1219512140392625,25,0.0,230,0,pathLen
train_0232,C:\Users\tao20\Desktop\Algorithm\AIPlayerDesktop\data\蔡扬的\train\train_0232.json,204,3,False,7,7,7,6, ,-1e+18,0,0.0,0.0,1.1219512140392625,29,0.0,230,0,pathLen
train_0232,C:\Users\tao20\Desktop\Algorithm\AIPlayerDesktop\data\蔡扬的\train\train_0232.json,204,4,False,9,7,9,6, ,-1e+18,0,0.0,0.0,1.1219512140392625,39,0.0,230,0,pathLen
train_0232,C:\Users\tao20\Desktop\Algorithm\AIPlayerDesktop\data\蔡扬的\train\train_0232.json,205,1,True,8,11,8,10, ,12.117793941175316,0,17.061611374407587,0.0,1.1165048489490057,1,0.0,230,12,Iproxy
train_0232,C:\Users\tao20\Desktop\Algorithm\AIPlayerDesktop\data\蔡扬的\train\train_0232.json,205,2,False,7,3,7,2, ,-1e+18,0,0.0,0.0,1.1165048489490057,24,0.0,230,0,pathLen
train_0232,C:\Users\tao20\Desktop\Algorithm\AIPlayerDesktop\data\蔡扬的\train\train_0232.json,205,3,False,7,7,7,6, ,-1e+18,0,0.0,0.0,1.1165048489490057,28,0.0,230,0,pathLen
train_0232,C:\Users\tao20\Desktop\Algorithm\AIPlayerDesktop\data\蔡扬的\train\train_0232.json,205,4,False,9,7,9,6, ,-1e+18,0,0.0,0.0,1.1165048489490057,38,0.0,230,0,pathLen
train_0232,C:\Users\tao20\Desktop\Algorithm\AIPlayerDesktop\data\蔡扬的\train\train_0232.json,206,1,True,9,11,9,10, ,11.951778276112803,0,16.901408450704228,0.0,1.1111111057434246,1,0.0,230,12,Iproxy
train_0232,C:\Users\tao20\Desktop\Algorithm\AIPlayerDesktop\data\蔡扬的\train\train_0232.json,206,2,False,9,12,9,11, ,11.040667169403195,0,16.901408450704228,0.0,1.1111111057434246,2,0.0,230,12,Iproxy
train_0232,C:\Users\tao20\Desktop\Algorithm\AIPlayerDesktop\data\蔡扬的\train\train_0232.json,206,3,False,7,3,7,2, ,-1e+18,0,0.0,0.0,1.1111111057434246,25,0.0,230,0,pathLen
train_0232,C:\Users\tao20\Desktop\Algorithm\AIPlayerDesktop\data\蔡扬的\train\train_0232.json,206,4,False,7,7,7,6, ,-1e+18,0,0.0,0.0,1.1111111057434246,29,0.0,230,0,pathLen
train_0232,C:\Users\tao20\Desktop\Algorithm\AIPlayerDesktop\data\蔡扬的\train\train_0232.json,206,5,False,9,7,9,6, ,-1e+18,0,0.0,0.0,1.1111111057434246,39,0.0,230,0,pathLen
train_0232,C:\Users\tao20\Desktop\Algorithm\AIPlayerDesktop\data\蔡扬的\train\train_0232.json,207,1,True,9,12,9,11, ,11.779061047788174,0,16.744186046511626,0.0,1.1057692254530327,1,0.0,230,12,Iproxy
train_0232,C:\Users\tao20\Desktop\Algorithm\AIPlayerDesktop\data\蔡扬的\train\train_0232.json,207,2,False,10,11,10,10, ,11.779061047788174,0,16.744186046511626,0.0,1.1057692254530327,1,0.0,230,12,Iproxy
train_0232,C:\Users\tao20\Desktop\Algorithm\AIPlayerDesktop\data\蔡扬的\train\train_0232.json,207,3,False,7,3,7,2, ,-1e+18,0,0.0,0.0,1.1057692254530327,26,0.0,230,0,pathLen
train_0232,C:\Users\tao20\Desktop\Algorithm\AIPlayerDesktop\data\蔡扬的\train\train_0232.json,207,4,False,7,7,7,6, ,-1e+18,0,0.0,0.0,1.1057692254530327,30,0.0,230,0,pathLen
train_0232,C:\Users\tao20\Desktop\Algorithm\AIPlayerDesktop\data\蔡扬的\train\train_0232.json,207,5,False,9,7,9,6, ,-1e+18,0,0.0,0.0,1.1057692254530327,40,0.0,230,0,pathLen
train_0232,C:\Users\tao20\Desktop\Algorithm\AIPlayerDesktop\data\蔡扬的\train\train_0232.json,208,1,True,9,13,9,12, ,11.601748944326118,0,16.589861751152075,0.0,1.1004784636340743,1,0.0,230,12,Iproxy
train_0232,C:\Users\tao20\Desktop\Algorithm\AIPlayerDesktop\data\蔡扬的\train\train_0232.json,208,2,False,10,11,10,10, ,10.699356604146177,0,16.589861751152075,0.0,1.1004784636340743,2,0.0,230,12,Iproxy
train_0232,C:\Users\tao20\Desktop\Algorithm\AIPlayerDesktop\data\蔡扬的\train\train_0232.json,208,3,False,10,13,10,12, ,10.699356604146177,0,16.589861751152075,0.0,1.1004784636340743,2,0.0,230,12,Iproxy
train_0232,C:\Users\tao20\Desktop\Algorithm\AIPlayerDesktop\data\蔡扬的\train\train_0232.json,208,4,False,7,3,7,2, ,-1e+18,0,0.0,0.0,1.1004784636340743,27,0.0,230,0,pathLen
train_0232,C:\Users\tao20\Desktop\Algorithm\AIPlayerDesktop\data\蔡扬的\train\train_0232.json,208,5,False,7,7,7,6, ,-1e+18,0,0.0,0.0,1.1004784636340743,31,0.0,230,0,pathLen
train_0232,C:\Users\tao20\Desktop\Algorithm\AIPlayerDesktop\data\蔡扬的\train\train_0232.json,208,6,False,9,7,9,6, ,-1e+18,0,0.0,0.0,1.1004784636340743,41,0.0,230,0,pathLen
train_0232,C:\Users\tao20\Desktop\Algorithm\AIPlayerDesktop\data\蔡扬的\train\train_0232.json,209,1,True,10,13,10,12, ,11.421491499861041,0,16.438356164383556,0.0,1.0952380900226757,1,0.0,230,12,Iproxy
train_0232,C:\Users\tao20\Desktop\Algorithm\AIPlayerDesktop\data\蔡扬的\train\train_0232.json,209,2,False,10,11,10,10, ,9.625301032223852,0,16.438356164383556,0.0,1.0952380900226757,3,0.0,230,12,Iproxy
train_0232,C:\Users\tao20\Desktop\Algorithm\AIPlayerDesktop\data\蔡扬的\train\train_0232.json,209,3,False,7,3,7,2, ,-1e+18,0,0.0,0.0,1.0952380900226757,28,0.0,230,0,pathLen
train_0232,C:\Users\tao20\Desktop\Algorithm\AIPlayerDesktop\data\蔡扬的\train\train_0232.json,209,4,False,7,7,7,6, ,-1e+18,0,0.0,0.0,1.0952380900226757,32,0.0,230,0,pathLen
train_0232,C:\Users\tao20\Desktop\Algorithm\AIPlayerDesktop\data\蔡扬的\train\train_0232.json,209,5,False,9,7,9,6, ,-1e+18,0,0.0,0.0,1.0952380900226757,42,0.0,230,0,pathLen
train_0232,C:\Users\tao20\Desktop\Algorithm\AIPlayerDesktop\data\蔡扬的\train\train_0232.json,210,1,True,11,13,11,12,G,63.60111664521462,50,19.459459459459463,0.0,1.0900473881988275,1,0.0,280,12,deltaR
train_0232,C:\Users\tao20\Desktop\Algorithm\AIPlayerDesktop\data\蔡扬的\train\train_0232.json,210,2,False,10,11,10,10, ,21.1696000702455,0,19.459459459459463,8.333333333333334,1.0900473881988275,4,0.0,230,12,Iproxy
train_0232,C:\Users\tao20\Desktop\Algorithm\AIPlayerDesktop\data\蔡扬的\train\train_0232.json,210,3,False,7,3,7,2, ,-23.93745592362618,0,0.0,1.6129032258064515,1.0900473881988275,29,0.0,230,0,pathLen
train_0232,C:\Users\tao20\Desktop\Algorithm\AIPlayerDesktop\data\蔡扬的\train\train_0232.json,210,4,False,7,7,7,6, ,-27.739539467517417,0,0.0,1.4285714285714286,1.0900473881988275,33,0.0,230,0,pathLen
train_0232,C:\Users\tao20\Desktop\Algorithm\AIPlayerDesktop\data\蔡扬的\train\train_0232.json,210,5,False,9,7,9,6, ,-37.06840424122399,0,0.0,1.1111111111111112,1.0900473881988275,43,0.0,230,0,pathLen
train_0232,C:\Users\tao20\Desktop\Algorithm\AIPlayerDesktop\data\蔡扬的\train\train_0232.json,211,1,True,10,11,10,10, ,8.782887017280014,0,19.199999999999996,0.0,1.320754710751157,5,0.0,280,12,Iproxy
train_0232,C:\Users\tao20\Desktop\Algorithm\AIPlayerDesktop\data\蔡扬的\train\train_0232.json,211,2,False,7,3,7,2, ,-1e+18,0,0.0,0.0,1.320754710751157,30,0.0,280,0,pathLen
train_0232,C:\Users\tao20\Desktop\Algorithm\AIPlayerDesktop\data\蔡扬的\train\train_0232.json,211,3,False,7,7,7,6, ,-1e+18,0,0.0,0.0,1.320754710751157,34,0.0,280,0,pathLen
train_0232,C:\Users\tao20\Desktop\Algorithm\AIPlayerDesktop\data\蔡扬的\train\train_0232.json,211,4,False,9,7,9,6, ,-1e+18,0,0.0,0.0,1.320754710751157,44,0.0,280,0,pathLen
train_0232,C:\Users\tao20\Desktop\Algorithm\AIPlayerDesktop\data\蔡扬的\train\train_0232.json,212,1,True,10,11,10,10, ,9.803277783362866,0,19.199999999999996,0.0,1.3145539844387137,4,0.0,280,12,Iproxy
train_0232,C:\Users\tao20\Desktop\Algorithm\AIPlayerDesktop\data\蔡扬的\train\train_0232.json,212,2,False,7,3,7,2, ,-1e+18,0,0.0,0.0,1.3145539844387137,29,0.0,280,0,pathLen
train_0232,C:\Users\tao20\Desktop\Algorithm\AIPlayerDesktop\data\蔡扬的\train\train_0232.json,212,3,False,7,7,7,6, ,-1e+18,0,0.0,0.0,1.3145539844387137,33,0.0,280,0,pathLen
train_0232,C:\Users\tao20\Desktop\Algorithm\AIPlayerDesktop\data\蔡扬的\train\train_0232.json,212,4,False,9,7,9,6, ,-1e+18,0,0.0,0.0,1.3145539844387137,43,0.0,280,0,pathLen
train_0232,C:\Users\tao20\Desktop\Algorithm\AIPlayerDesktop\data\蔡扬的\train\train_0232.json,213,1,True,10,11,10,10, ,10.829950095347087,0,19.199999999999996,0.0,1.3084112088392,3,0.0,280,12,Iproxy
train_0232,C:\Users\tao20\Desktop\Algorithm\AIPlayerDesktop\data\蔡扬的\train\train_0232.json,213,2,False,7,3,7,2, ,-1e+18,0,0.0,0.0,1.3084112088392,28,0.0,280,0,pathLen
train_0232,C:\Users\tao20\Desktop\Algorithm\AIPlayerDesktop\data\蔡扬的\train\train_0232.json,213,3,False,7,7,7,6, ,-1e+18,0,0.0,0.0,1.3084112088392,32,0.0,280,0,pathLen
train_0232,C:\Users\tao20\Desktop\Algorithm\AIPlayerDesktop\data\蔡扬的\train\train_0232.json,213,4,False,9,7,9,6, ,-1e+18,0,0.0,0.0,1.3084112088392,42,0.0,280,0,pathLen
train_0232,C:\Users\tao20\Desktop\Algorithm\AIPlayerDesktop\data\蔡扬的\train\train_0232.json,214,1,True,10,11,10,10, ,11.859729178952906,0,19.199999999999996,0.0,1.3023255753380205,2,0.0,280,12,Iproxy
train_0232,C:\Users\tao20\Desktop\Algorithm\AIPlayerDesktop\data\蔡扬的\train\train_0232.json,214,2,False,7,3,7,2, ,-1e+18,0,0.0,0.0,1.3023255753380205,27,0.0,280,0,pathLen
train_0232,C:\Users\tao20\Desktop\Algorithm\AIPlayerDesktop\data\蔡扬的\train\train_0232.json,214,3,False,7,7,7,6, ,-1e+18,0,0.0,0.0,1.3023255753380205,31,0.0,280,0,pathLen
train_0232,C:\Users\tao20\Desktop\Algorithm\AIPlayerDesktop\data\蔡扬的\train\train_0232.json,214,4,False,9,7,9,6, ,-1e+18,0,0.0,0.0,1.3023255753380205,41,0.0,280,0,pathLen
train_0232,C:\Users\tao20\Desktop\Algorithm\AIPlayerDesktop\data\蔡扬的\train\train_0232.json,215,1,True,10,11,10,10, ,12.890101327198009,0,19.199999999999996,0.0,1.2962962902949247,1,0.0,280,12,Iproxy
train_0232,C:\Users\tao20\Desktop\Algorithm\AIPlayerDesktop\data\蔡扬的\train\train_0232.json,215,2,False,7,3,7,2, ,-1e+18,0,0.0,0.0,1.2962962902949247,26,0.0,280,0,pathLen
train_0232,C:\Users\tao20\Desktop\Algorithm\AIPlayerDesktop\data\蔡扬的\train\train_0232.json,215,3,False,7,7,7,6, ,-1e+18,0,0.0,0.0,1.2962962902949247,30,0.0,280,0,pathLen
train_0232,C:\Users\tao20\Desktop\Algorithm\AIPlayerDesktop\data\蔡扬的\train\train_0232.json,215,4,False,9,7,9,6, ,-1e+18,0,0.0,0.0,1.2962962902949247,40,0.0,280,0,pathLen
train_0232,C:\Users\tao20\Desktop\Algorithm\AIPlayerDesktop\data\蔡扬的\train\train_0232.json,216,1,True,11,11,11,10, ,12.788252476091014,0,19.11504424778761,0.0,1.2903225746989744,1,0.0,280,12,Iproxy
train_0232,C:\Users\tao20\Desktop\Algorithm\AIPlayerDesktop\data\蔡扬的\train\train_0232.json,216,2,False,7,3,7,2, ,-1e+18,0,0.0,0.0,1.2903225746989744,27,0.0,280,0,pathLen
train_0232,C:\Users\tao20\Desktop\Algorithm\AIPlayerDesktop\data\蔡扬的\train\train_0232.json,216,3,False,7,7,7,6, ,-1e+18,0,0.0,0.0,1.2903225746989744,31,0.0,280,0,pathLen
train_0232,C:\Users\tao20\Desktop\Algorithm\AIPlayerDesktop\data\蔡扬的\train\train_0232.json,216,4,False,9,7,9,6, ,-1e+18,0,0.0,0.0,1.2903225746989744,41,0.0,280,0,pathLen
train_0232,C:\Users\tao20\Desktop\Algorithm\AIPlayerDesktop\data\蔡扬的\train\train_0232.json,217,1,True,12,11,12,10, ,12.685128971881452,0,19.03083700440529,0.0,1.2844036638330107,1,0.0,280,12,Iproxy
train_0232,C:\Users\tao20\Desktop\Algorithm\AIPlayerDesktop\data\蔡扬的\train\train_0232.json,217,2,False,7,3,7,2, ,-1e+18,0,0.0,0.0,1.2844036638330107,28,0.0,280,0,pathLen
train_0232,C:\Users\tao20\Desktop\Algorithm\AIPlayerDesktop\data\蔡扬的\train\train_0232.json,217,3,False,7,7,7,6, ,-1e+18,0,0.0,0.0,1.2844036638330107,32,0.0,280,0,pathLen
train_0232,C:\Users\tao20\Desktop\Algorithm\AIPlayerDesktop\data\蔡扬的\train\train_0232.json,217,4,False,9,7,9,6, ,-1e+18,0,0.0,0.0,1.2844036638330107,42,0.0,280,0,pathLen
train_0232,C:\Users\tao20\Desktop\Algorithm\AIPlayerDesktop\data\蔡扬的\train\train_0232.json,218,1,True,13,11,13,10, ,12.510609323432785,0,18.8646288209607,0.0,1.2785388069473114,1,0.0,280,12,Iproxy
train_0232,C:\Users\tao20\Desktop\Algorithm\AIPlayerDesktop\data\蔡扬的\train\train_0232.json,218,2,False,13,12,13,11, ,11.46220750173599,0,18.8646288209607,0.0,1.2785388069473114,2,0.0,280,12,Iproxy
train_0232,C:\Users\tao20\Desktop\Algorithm\AIPlayerDesktop\data\蔡扬的\train\train_0232.json,218,3,False,7,3,7,2, ,-1e+18,0,0.0,0.0,1.2785388069473114,29,0.0,280,0,pathLen
train_0232,C:\Users\tao20\Desktop\Algorithm\AIPlayerDesktop\data\蔡扬的\train\train_0232.json,218,4,False,7,7,7,6, ,-1e+18,0,0.0,0.0,1.2785388069473114,33,0.0,280,0,pathLen
train_0232,C:\Users\tao20\Desktop\Algorithm\AIPlayerDesktop\data\蔡扬的\train\train_0232.json,218,5,False,9,7,9,6, ,-1e+18,0,0.0,0.0,1.2785388069473114,43,0.0,280,0,pathLen
train_0232,C:\Users\tao20\Desktop\Algorithm\AIPlayerDesktop\data\蔡扬的\train\train_0232.json,219,1,True,13,12,13,11, ,12.328997954679048,0,18.7012987012987,0.0,1.2727272669421488,1,0.0,280,12,Iproxy
train_0232,C:\Users\tao20\Desktop\Algorithm\AIPlayerDesktop\data\蔡扬的\train\train_0232.json,219,2,False,7,3,7,2, ,-1e+18,0,0.0,0.0,1.2727272669421488,30,0.0,280,0,pathLen
train_0232,C:\Users\tao20\Desktop\Algorithm\AIPlayerDesktop\data\蔡扬的\train\train_0232.json,219,3,False,7,7,7,6, ,-1e+18,0,0.0,0.0,1.2727272669421488,34,0.0,280,0,pathLen
train_0232,C:\Users\tao20\Desktop\Algorithm\AIPlayerDesktop\data\蔡扬的\train\train_0232.json,219,4,False,9,7,9,6, ,-1e+18,0,0.0,0.0,1.2727272669421488,44,0.0,280,0,pathLen
train_0232,C:\Users\tao20\Desktop\Algorithm\AIPlayerDesktop\data\蔡扬的\train\train_0232.json,220,1,True,13,13,13,12, ,12.142468084953268,0,18.540772532188846,0.0,1.266968320058967,1,0.0,280,12,Iproxy
train_0232,C:\Users\tao20\Desktop\Algorithm\AIPlayerDesktop\data\蔡扬的\train\train_0232.json,220,2,False,7,3,7,2, ,-1e+18,0,0.0,0.0,1.266968320058967,31,0.0,280,0,pathLen
train_0232,C:\Users\tao20\Desktop\Algorithm\AIPlayerDesktop\data\蔡扬的\train\train_0232.json,220,3,False,7,7,7,6, ,-1e+18,0,0.0,0.0,1.266968320058967,35,0.0,280,0,pathLen
train_0232,C:\Users\tao20\Desktop\Algorithm\AIPlayerDesktop\data\蔡扬的\train\train_0232.json,220,4,False,9,7,9,6, ,-1e+18,0,0.0,0.0,1.266968320058967,45,0.0,280,0,pathLen
train_0232,C:\Users\tao20\Desktop\Algorithm\AIPlayerDesktop\data\蔡扬的\train\train_0232.json,221,1,False,7,3,7,2, ,-1e+18,0,0.0,0.0,1.255605375535402,32,0.0,280,0,pathLen
train_0232,C:\Users\tao20\Desktop\Algorithm\AIPlayerDesktop\data\蔡扬的\train\train_0232.json,221,2,False,7,7,7,6, ,-1e+18,0,0.0,0.0,1.255605375535402,36,0.0,280,0,pathLen
train_0232,C:\Users\tao20\Desktop\Algorithm\AIPlayerDesktop\data\蔡扬的\train\train_0232.json,221,3,False,9,7,9,6, ,-1e+18,0,0.0,0.0,1.255605375535402,46,0.0,280,0,pathLen
