case_id,maze_file,step,rank,selected,real_r,real_c,local_r,local_c,tile,score,deltaR,Iproxy,tailGain,qEff,pathLen,margin,projectedR,unknownCompSum,dominant_term
train_0037,C:\Users\tao20\Desktop\Algorithm\AIPlayerDesktop\data\蔡扬的\train\train_0037.json,0,1,True,1,1,1,0, ,5.736266666666669,0,18.000000000000004,0.0,1.0,1,8.0,0,12,Iproxy
train_0037,C:\Users\tao20\Desktop\Algorithm\AIPlayerDesktop\data\蔡扬的\train\train_0037.json,1,1,True,2,1,2,0,G,97.16850245614035,50,53.05263157894736,0.0,1.0,1,0.0,50,12,Iproxy
train_0037,C:\Users\tao20\Desktop\Algorithm\AIPlayerDesktop\data\蔡扬的\train\train_0037.json,2,1,True,3,1,3,0, ,31.30961231312979,0,45.81818181818182,0.0,16.666661111112962,1,0.0,50,12,Iproxy
train_0037,C:\Users\tao20\Desktop\Algorithm\AIPlayerDesktop\data\蔡扬的\train\train_0037.json,3,1,True,4,1,4,0,G,112.21276727716601,50,69.12,0.0,12.49999687500078,1,0.0,100,12,Iproxy
train_0037,C:\Users\tao20\Desktop\Algorithm\AIPlayerDesktop\data\蔡扬的\train\train_0037.json,4,1,True,5,1,5,0, ,51.53320093333265,0,61.71428571428571,0.0,19.9999960000008,1,0.0,100,12,Iproxy
train_0037,C:\Users\tao20\Desktop\Algorithm\AIPlayerDesktop\data\蔡扬的\train\train_0037.json,4,2,False,5,2,5,1, ,35.133204213332,0,61.71428571428571,0.0,19.9999960000008,2,0.0,100,12,Iproxy
train_0037,C:\Users\tao20\Desktop\Algorithm\AIPlayerDesktop\data\蔡扬的\train\train_0037.json,5,1,True,5,2,5,1, ,49.96570365152519,0,55.74193548387097,0.0,16.666663888889353,1,0.0,100,12,Iproxy
train_0037,C:\Users\tao20\Desktop\Algorithm\AIPlayerDesktop\data\蔡扬的\train\train_0037.json,5,2,False,6,1,6,0, ,49.96570365152519,0,55.74193548387097,0.0,16.666663888889353,1,0.0,100,12,Iproxy
train_0037,C:\Users\tao20\Desktop\Algorithm\AIPlayerDesktop\data\蔡扬的\train\train_0037.json,6,1,True,5,3,5,2, ,47.89746676513281,0,50.82352941176471,0.0,14.285712244898251,1,0.0,100,12,Iproxy
train_0037,C:\Users\tao20\Desktop\Algorithm\AIPlayerDesktop\data\蔡扬的\train\train_0037.json,6,2,False,6,1,6,0, ,36.18318272431625,0,50.82352941176471,0.0,14.285712244898251,2,0.0,100,12,Iproxy
train_0037,C:\Users\tao20\Desktop\Algorithm\AIPlayerDesktop\data\蔡扬的\train\train_0037.json,7,1,True,5,4,5,3, ,45.63684012736981,0,46.70270270270271,0.0,12.499998437500196,1,0.0,100,12,Iproxy
train_0037,C:\Users\tao20\Desktop\Algorithm\AIPlayerDesktop\data\蔡扬的\train\train_0037.json,7,2,False,6,1,6,0, ,25.136842689869486,0,46.70270270270271,0.0,12.499998437500196,3,0.0,100,12,Iproxy
train_0037,C:\Users\tao20\Desktop\Algorithm\AIPlayerDesktop\data\蔡扬的\train\train_0037.json,8,1,True,5,5,5,4, ,43.34275064736322,0,43.199999999999996,0.0,11.111109876543347,1,0.0,100,12,Iproxy
train_0037,C:\Users\tao20\Desktop\Algorithm\AIPlayerDesktop\data\蔡扬的\train\train_0037.json,8,2,False,4,5,4,4, ,34.231640548597674,0,43.199999999999996,0.0,11.111109876543347,2,0.0,100,12,Iproxy
train_0037,C:\Users\tao20\Desktop\Algorithm\AIPlayerDesktop\data\蔡扬的\train\train_0037.json,8,3,False,6,5,6,4, ,34.231640548597674,0,43.199999999999996,0.0,11.111109876543347,2,0.0,100,12,Iproxy
train_0037,C:\Users\tao20\Desktop\Algorithm\AIPlayerDesktop\data\蔡扬的\train\train_0037.json,8,4,False,6,1,6,0, ,16.009420351066588,0,43.199999999999996,0.0,11.111109876543347,4,0.0,100,12,pathLen
train_0037,C:\Users\tao20\Desktop\Algorithm\AIPlayerDesktop\data\蔡扬的\train\train_0037.json,9,1,True,4,5,4,4, ,41.09900788688645,0,40.18604651162791,0.0,9.9999990000001,1,0.0,100,12,Iproxy
train_0037,C:\Users\tao20\Desktop\Algorithm\AIPlayerDesktop\data\蔡扬的\train\train_0037.json,9,2,False,6,5,6,4, ,41.09900788688645,0,40.18604651162791,0.0,9.9999990000001,1,0.0,100,12,Iproxy
train_0037,C:\Users\tao20\Desktop\Algorithm\AIPlayerDesktop\data\蔡扬的\train\train_0037.json,9,3,False,6,1,6,0, ,8.299011166886118,0,40.18604651162791,0.0,9.9999990000001,5,0.0,100,12,pathLen
train_0037,C:\Users\tao20\Desktop\Algorithm\AIPlayerDesktop\data\蔡扬的\train\train_0037.json,10,1,True,3,5,3,4, ,38.949095290551234,0,37.56521739130435,0.0,9.090908264462886,1,0.0,100,12,Iproxy
train_0037,C:\Users\tao20\Desktop\Algorithm\AIPlayerDesktop\data\蔡扬的\train\train_0037.json,10,2,False,3,4,3,3, ,31.494550513691664,0,37.56521739130435,0.0,9.090908264462886,2,0.0,100,12,Iproxy
train_0037,C:\Users\tao20\Desktop\Algorithm\AIPlayerDesktop\data\蔡扬的\train\train_0037.json,10,3,False,6,5,6,4, ,31.494550513691664,0,37.56521739130435,0.0,9.090908264462886,2,0.0,100,12,Iproxy
train_0037,C:\Users\tao20\Desktop\Algorithm\AIPlayerDesktop\data\蔡扬的\train\train_0037.json,10,4,False,6,1,6,0, ,1.676371406253402,0,37.56521739130435,0.0,9.090908264462886,6,0.0,100,12,pathLen
train_0037,C:\Users\tao20\Desktop\Algorithm\AIPlayerDesktop\data\蔡扬的\train\train_0037.json,11,1,True,2,5,2,4, ,36.91393113307649,0,35.26530612244898,0.0,8.333332638888947,1,0.0,100,12,Iproxy
train_0037,C:\Users\tao20\Desktop\Algorithm\AIPlayerDesktop\data\蔡扬的\train\train_0037.json,11,2,False,3,4,3,3, ,36.91393113307649,0,35.26530612244898,0.0,8.333332638888947,1,0.0,100,12,Iproxy
train_0037,C:\Users\tao20\Desktop\Algorithm\AIPlayerDesktop\data\蔡扬的\train\train_0037.json,11,3,False,6,5,6,4, ,23.24726560529861,0,35.26530612244898,0.0,8.333332638888947,3,0.0,100,12,Iproxy
train_0037,C:\Users\tao20\Desktop\Algorithm\AIPlayerDesktop\data\蔡扬的\train\train_0037.json,11,4,False,6,1,6,0, ,-4.086065450257138,0,35.26530612244898,0.0,8.333332638888947,7,0.0,100,12,pathLen
train_0037,C:\Users\tao20\Desktop\Algorithm\AIPlayerDesktop\data\蔡扬的\train\train_0037.json,12,1,True,1,5,1,4, ,35.0015173716374,0,33.230769230769226,0.0,7.692307100591762,1,0.0,100,12,Iproxy
train_0037,C:\Users\tao20\Desktop\Algorithm\AIPlayerDesktop\data\蔡扬的\train\train_0037.json,12,2,False,1,4,1,3, ,28.693825549152155,0,33.230769230769226,0.0,7.692307100591762,2,0.0,100,12,Iproxy
train_0037,C:\Users\tao20\Desktop\Algorithm\AIPlayerDesktop\data\蔡扬的\train\train_0037.json,12,3,False,3,4,3,3, ,28.693825549152155,0,33.230769230769226,0.0,7.692307100591762,2,0.0,100,12,Iproxy
train_0037,C:\Users\tao20\Desktop\Algorithm\AIPlayerDesktop\data\蔡扬的\train\train_0037.json,12,4,False,6,5,6,4, ,16.078441904181666,0,33.230769230769226,0.0,7.692307100591762,4,0.0,100,12,Iproxy
train_0037,C:\Users\tao20\Desktop\Algorithm\AIPlayerDesktop\data\蔡扬的\train\train_0037.json,12,5,False,6,1,6,0, ,-9.152325385759312,0,33.230769230769226,0.0,7.692307100591762,8,0.0,100,12,pathLen
train_0037,C:\Users\tao20\Desktop\Algorithm\AIPlayerDesktop\data\蔡扬的\train\train_0037.json,13,1,True,1,4,1,3, ,33.21242210384124,0,31.418181818181814,0.0,7.142856632653098,1,0.0,100,12,Iproxy
train_0037,C:\Users\tao20\Desktop\Algorithm\AIPlayerDesktop\data\蔡扬的\train\train_0037.json,13,2,False,3,4,3,3, ,21.49813722629016,0,31.418181818181814,0.0,7.142856632653098,3,0.0,100,12,Iproxy
train_0037,C:\Users\tao20\Desktop\Algorithm\AIPlayerDesktop\data\蔡扬的\train\train_0037.json,13,3,False,6,5,6,4, ,9.783852348739082,0,31.418181818181814,0.0,7.142856632653098,5,0.0,100,12,pathLen
train_0037,C:\Users\tao20\Desktop\Algorithm\AIPlayerDesktop\data\蔡扬的\train\train_0037.json,13,4,False,6,1,6,0, ,-13.644717406363078,0,31.418181818181814,0.0,7.142856632653098,9,0.0,100,12,pathLen
train_0037,C:\Users\tao20\Desktop\Algorithm\AIPlayerDesktop\data\蔡扬的\train\train_0037.json,14,1,True,6,5,6,4, ,4.209663563824087,0,29.79310344827586,0.0,6.666666222222252,6,0.0,100,12,pathLen
train_0037,C:\Users\tao20\Desktop\Algorithm\AIPlayerDesktop\data\蔡扬的\train\train_0037.json,14,2,False,6,1,6,0, ,-17.657001645064902,0,29.79310344827586,0.0,6.666666222222252,10,0.0,100,12,pathLen
train_0037,C:\Users\tao20\Desktop\Algorithm\AIPlayerDesktop\data\蔡扬的\train\train_0037.json,14,3,False,3,4,3,3, ,-18.78252676079252,0,2.4827586206896552,0.0,6.666666222222252,4,0.0,100,1,pathLen
train_0037,C:\Users\tao20\Desktop\Algorithm\AIPlayerDesktop\data\蔡扬的\train\train_0037.json,14,4,False,1,3,1,2, ,-1e+18,0,0.0,0.0,6.666666222222252,1,0.0,100,0,pathLen
train_0037,C:\Users\tao20\Desktop\Algorithm\AIPlayerDesktop\data\蔡扬的\train\train_0037.json,15,1,True,6,5,6,4, ,11.353412082598794,0,29.79310344827586,0.0,6.249999609375024,5,0.0,100,12,pathLen
train_0037,C:\Users\tao20\Desktop\Algorithm\AIPlayerDesktop\data\蔡扬的\train\train_0037.json,15,2,False,6,1,6,0, ,-9.146586636151284,0,29.79310344827586,0.0,6.249999609375024,9,0.0,100,12,pathLen
train_0037,C:\Users\tao20\Desktop\Algorithm\AIPlayerDesktop\data\蔡扬的\train\train_0037.json,15,3,False,3,4,3,3, ,-12.293464832309525,0,2.4827586206896552,0.0,6.249999609375024,3,0.0,100,1,pathLen
train_0037,C:\Users\tao20\Desktop\Algorithm\AIPlayerDesktop\data\蔡扬的\train\train_0037.json,15,4,False,1,3,1,2, ,-1e+18,0,0.0,0.0,6.249999609375024,2,0.0,100,0,pathLen
train_0037,C:\Users\tao20\Desktop\Algorithm\AIPlayerDesktop\data\蔡扬的\train\train_0037.json,16,1,True,6,5,6,4, ,17.659293252028668,0,29.79310344827586,0.0,5.882352595155729,4,0.0,100,12,Iproxy
train_0037,C:\Users\tao20\Desktop\Algorithm\AIPlayerDesktop\data\蔡扬的\train\train_0037.json,16,2,False,6,1,6,0, ,-1.634823260082122,0,29.79310344827586,0.0,5.882352595155729,8,0.0,100,12,pathLen
train_0037,C:\Users\tao20\Desktop\Algorithm\AIPlayerDesktop\data\蔡扬的\train\train_0037.json,16,3,False,3,4,3,3, ,-6.567607442377106,0,2.4827586206896552,0.0,5.882352595155729,2,0.0,100,1,pathLen
train_0037,C:\Users\tao20\Desktop\Algorithm\AIPlayerDesktop\data\蔡扬的\train\train_0037.json,16,4,False,1,3,1,2, ,-1e+18,0,0.0,0.0,5.882352595155729,3,0.0,100,0,pathLen
train_0037,C:\Users\tao20\Desktop\Algorithm\AIPlayerDesktop\data\蔡扬的\train\train_0037.json,17,1,True,6,5,6,4, ,23.266743283214453,0,29.79310344827586,0.0,5.555555246913597,3,0.0,100,12,Iproxy
train_0037,C:\Users\tao20\Desktop\Algorithm\AIPlayerDesktop\data\蔡扬的\train\train_0037.json,17,2,False,6,1,6,0, ,5.0445220733378555,0,29.79310344827586,0.0,5.555555246913597,7,0.0,100,12,pathLen
train_0037,C:\Users\tao20\Desktop\Algorithm\AIPlayerDesktop\data\蔡扬的\train\train_0037.json,17,3,False,3,4,3,3, ,-1.477771203250657,0,2.4827586206896552,0.0,5.555555246913597,1,0.0,100,1,pathLen
train_0037,C:\Users\tao20\Desktop\Algorithm\AIPlayerDesktop\data\蔡扬的\train\train_0037.json,17,4,False,1,3,1,2, ,-1e+18,0,0.0,0.0,5.555555246913597,4,0.0,100,0,pathLen
train_0037,C:\Users\tao20\Desktop\Algorithm\AIPlayerDesktop\data\蔡扬的\train\train_0037.json,18,1,True,6,5,6,4, ,28.285830238733052,0,29.79310344827586,0.0,5.263157617728546,2,0.0,100,12,Iproxy
train_0037,C:\Users\tao20\Desktop\Algorithm\AIPlayerDesktop\data\蔡扬的\train\train_0037.json,18,2,False,6,1,6,0, ,11.02267325258342,0,29.79310344827586,0.0,5.263157617728546,6,0.0,100,12,pathLen
train_0037,C:\Users\tao20\Desktop\Algorithm\AIPlayerDesktop\data\蔡扬的\train\train_0037.json,18,3,False,3,4,3,3, ,-5.55512776542416,0,2.4827586206896552,0.0,5.263157617728546,2,0.0,100,1,pathLen
train_0037,C:\Users\tao20\Desktop\Algorithm\AIPlayerDesktop\data\蔡扬的\train\train_0037.json,18,4,False,1,3,1,2, ,-1e+18,0,0.0,0.0,5.263157617728546,5,0.0,100,0,pathLen
train_0037,C:\Users\tao20\Desktop\Algorithm\AIPlayerDesktop\data\蔡扬的\train\train_0037.json,19,1,True,6,5,6,4, ,32.80460856975663,0,29.79310344827586,0.0,4.999999750000012,1,0.0,100,12,Iproxy
train_0037,C:\Users\tao20\Desktop\Algorithm\AIPlayerDesktop\data\蔡扬的\train\train_0037.json,19,2,False,6,1,6,0, ,16.404609389756594,0,29.79310344827586,0.0,4.999999750000012,5,0.0,100,12,Iproxy
train_0037,C:\Users\tao20\Desktop\Algorithm\AIPlayerDesktop\data\蔡扬的\train\train_0037.json,19,3,False,3,4,3,3, ,-9.22461535460364,0,2.4827586206896552,0.0,4.999999750000012,3,0.0,100,1,pathLen
train_0037,C:\Users\tao20\Desktop\Algorithm\AIPlayerDesktop\data\蔡扬的\train\train_0037.json,19,4,False,1,3,1,2, ,-1e+18,0,0.0,0.0,4.999999750000012,6,0.0,100,0,pathLen
train_0037,C:\Users\tao20\Desktop\Algorithm\AIPlayerDesktop\data\蔡扬的\train\train_0037.json,20,1,True,7,4,7,3,G,91.90886765268617,50,40.131147540983605,0.0,4.761904535147403,2,0.0,150,12,deltaR
train_0037,C:\Users\tao20\Desktop\Algorithm\AIPlayerDesktop\data\蔡扬的\train\train_0037.json,20,2,False,7,5,7,4, ,76.56362937150705,0,40.131147540983605,25.0,4.761904535147403,1,0.0,100,12,Iproxy
train_0037,C:\Users\tao20\Desktop\Algorithm\AIPlayerDesktop\data\蔡扬的\train\train_0037.json,20,3,False,7,6,7,5, ,62.40886765268617,0,40.131147540983605,16.666666666666668,4.761904535147403,2,0.0,100,12,Iproxy
train_0037,C:\Users\tao20\Desktop\Algorithm\AIPlayerDesktop\data\蔡扬的\train\train_0037.json,20,4,False,6,1,6,0, ,33.123154110736024,0,40.131147540983605,5.555555555555555,4.761904535147403,6,0.0,100,12,Iproxy
train_0037,C:\Users\tao20\Desktop\Algorithm\AIPlayerDesktop\data\蔡扬的\train\train_0037.json,20,5,False,3,4,3,3, ,-2.690133332041869,0,3.3442622950819674,7.142857142857143,4.761904535147403,4,0.0,100,1,pathLen
train_0037,C:\Users\tao20\Desktop\Algorithm\AIPlayerDesktop\data\蔡扬的\train\train_0037.json,20,6,False,1,3,1,2, ,-21.18333203174609,0,0.0,5.0,4.761904535147403,7,0.0,100,0,pathLen
train_0037,C:\Users\tao20\Desktop\Algorithm\AIPlayerDesktop\data\蔡扬的\train\train_0037.json,21,1,True,7,4,7,3,G,93.59806428488741,50,38.25,0.0,4.545454338842984,1,0.0,150,12,deltaR
train_0037,C:\Users\tao20\Desktop\Algorithm\AIPlayerDesktop\data\蔡扬的\train\train_0037.json,21,2,False,7,6,7,5, ,64.09806428488741,0,38.25,16.666666666666668,4.545454338842984,1,0.0,100,12,Iproxy
train_0037,C:\Users\tao20\Desktop\Algorithm\AIPlayerDesktop\data\蔡扬的\train\train_0037.json,21,3,False,6,1,6,0, ,28.06776227111328,0,38.25,5.555555555555555,4.545454338842984,7,0.0,100,12,Iproxy
train_0037,C:\Users\tao20\Desktop\Algorithm\AIPlayerDesktop\data\蔡扬的\train\train_0037.json,21,4,False,3,4,3,3, ,-5.906870433313722,0,3.1875,7.142857142857143,4.545454338842984,5,0.0,100,1,pathLen
train_0037,C:\Users\tao20\Desktop\Algorithm\AIPlayerDesktop\data\蔡扬的\train\train_0037.json,21,5,False,1,3,1,2, ,-23.66818046280997,0,0.0,5.0,4.545454338842984,8,0.0,100,0,pathLen
train_0037,C:\Users\tao20\Desktop\Algorithm\AIPlayerDesktop\data\蔡扬的\train\train_0037.json,22,1,True,7,3,7,2, ,40.45039909022765,0,37.09090909090909,0.0,6.521738846880919,1,0.0,150,12,Iproxy
train_0037,C:\Users\tao20\Desktop\Algorithm\AIPlayerDesktop\data\蔡扬的\train\train_0037.json,22,2,False,7,6,7,5, ,35.1025732357853,0,37.09090909090909,0.0,6.521738846880919,2,0.0,150,12,Iproxy
train_0037,C:\Users\tao20\Desktop\Algorithm\AIPlayerDesktop\data\蔡扬的\train\train_0037.json,22,3,False,6,1,6,0, ,3.015618109131175,0,37.09090909090909,0.0,6.521738846880919,8,0.0,150,12,pathLen
train_0037,C:\Users\tao20\Desktop\Algorithm\AIPlayerDesktop\data\蔡扬的\train\train_0037.json,22,4,False,3,4,3,3, ,-28.27043638126495,0,3.090909090909091,0.0,6.521738846880919,6,0.0,150,1,pathLen
train_0037,C:\Users\tao20\Desktop\Algorithm\AIPlayerDesktop\data\蔡扬的\train\train_0037.json,22,5,False,1,3,1,2, ,-1e+18,0,0.0,0.0,6.521738846880919,9,0.0,150,0,pathLen
train_0037,C:\Users\tao20\Desktop\Algorithm\AIPlayerDesktop\data\蔡扬的\train\train_0037.json,23,1,True,7,6,7,5, ,28.960695303545215,0,36.00000000000001,0.0,6.249999739583344,3,0.0,150,12,Iproxy
train_0037,C:\Users\tao20\Desktop\Algorithm\AIPlayerDesktop\data\蔡扬的\train\train_0037.json,23,2,False,6,1,6,0, ,-1.7893034152048344,0,36.00000000000001,0.0,6.249999739583344,9,0.0,150,12,pathLen
train_0037,C:\Users\tao20\Desktop\Algorithm\AIPlayerDesktop\data\蔡扬的\train\train_0037.json,23,3,False,3,4,3,3, ,-32.18035728329838,0,3.0,0.0,6.249999739583344,7,0.0,150,1,pathLen
train_0037,C:\Users\tao20\Desktop\Algorithm\AIPlayerDesktop\data\蔡扬的\train\train_0037.json,23,4,False,1,3,1,2, ,-1e+18,0,0.0,0.0,6.249999739583344,10,0.0,150,0,pathLen
train_0037,C:\Users\tao20\Desktop\Algorithm\AIPlayerDesktop\data\蔡扬的\train\train_0037.json,24,1,True,7,6,7,5, ,34.40327612393619,0,36.00000000000001,0.0,5.9999997600000095,2,0.0,150,12,Iproxy
train_0037,C:\Users\tao20\Desktop\Algorithm\AIPlayerDesktop\data\蔡扬的\train\train_0037.json,24,2,False,6,1,6,0, ,4.88327730473614,0,36.00000000000001,0.0,5.9999997600000095,8,0.0,150,12,pathLen
train_0037,C:\Users\tao20\Desktop\Algorithm\AIPlayerDesktop\data\蔡扬的\train\train_0037.json,24,3,False,3,4,3,3, ,-25.833059175005364,0,3.0,0.0,5.9999997600000095,6,0.0,150,1,pathLen
train_0037,C:\Users\tao20\Desktop\Algorithm\AIPlayerDesktop\data\蔡扬的\train\train_0037.json,24,4,False,1,3,1,2, ,-1e+18,0,0.0,0.0,5.9999997600000095,9,0.0,150,0,pathLen
train_0037,C:\Users\tao20\Desktop\Algorithm\AIPlayerDesktop\data\蔡扬的\train\train_0037.json,25,1,True,7,6,7,5, ,39.43857153545239,0,36.00000000000001,0.0,5.769230547337286,1,0.0,150,12,Iproxy
train_0037,C:\Users\tao20\Desktop\Algorithm\AIPlayerDesktop\data\蔡扬的\train\train_0037.json,25,2,False,6,1,6,0, ,11.053957242552947,0,36.00000000000001,0.0,5.769230547337286,7,0.0,150,12,pathLen
train_0037,C:\Users\tao20\Desktop\Algorithm\AIPlayerDesktop\data\蔡扬的\train\train_0037.json,25,3,False,3,4,3,3, ,-19.97306686206046,0,3.0,0.0,5.769230547337286,5,0.0,150,1,pathLen
train_0037,C:\Users\tao20\Desktop\Algorithm\AIPlayerDesktop\data\蔡扬的\train\train_0037.json,25,4,False,1,3,1,2, ,-1e+18,0,0.0,0.0,5.769230547337286,8,0.0,150,0,pathLen
train_0037,C:\Users\tao20\Desktop\Algorithm\AIPlayerDesktop\data\蔡扬的\train\train_0037.json,26,1,True,7,7,7,6, ,37.628468176404084,0,34.47887323943662,0.0,5.555555349794246,1,0.0,150,12,Iproxy
train_0037,C:\Users\tao20\Desktop\Algorithm\AIPlayerDesktop\data\蔡扬的\train\train_0037.json,26,2,False,6,1,6,0, ,5.73958046858511,0,34.47887323943662,0.0,5.555555349794246,8,0.0,150,12,pathLen
train_0037,C:\Users\tao20\Desktop\Algorithm\AIPlayerDesktop\data\蔡扬的\train\train_0037.json,26,3,False,3,4,3,3, ,-23.81799702405141,0,2.8732394366197185,0.0,5.555555349794246,6,0.0,150,1,pathLen
train_0037,C:\Users\tao20\Desktop\Algorithm\AIPlayerDesktop\data\蔡扬的\train\train_0037.json,26,4,False,1,3,1,2, ,-1e+18,0,0.0,0.0,5.555555349794246,9,0.0,150,0,pathLen
train_0037,C:\Users\tao20\Desktop\Algorithm\AIPlayerDesktop\data\蔡扬的\train\train_0037.json,27,1,True,7,8,7,7, ,35.929676036394476,0,33.08108108108108,0.0,5.357142665816333,1,0.0,150,12,Iproxy
train_0037,C:\Users\tao20\Desktop\Algorithm\AIPlayerDesktop\data\蔡扬的\train\train_0037.json,27,2,False,6,1,6,0, ,0.7868201486393289,0,33.08108108108108,0.0,5.357142665816333,9,0.0,150,12,pathLen
train_0037,C:\Users\tao20\Desktop\Algorithm\AIPlayerDesktop\data\蔡扬的\train\train_0037.json,27,3,False,3,4,3,3, ,-27.38978781658876,0,2.756756756756757,0.0,5.357142665816333,7,0.0,150,1,pathLen
train_0037,C:\Users\tao20\Desktop\Algorithm\AIPlayerDesktop\data\蔡扬的\train\train_0037.json,27,4,False,1,3,1,2, ,-1e+18,0,0.0,0.0,5.357142665816333,10,0.0,150,0,pathLen
train_0037,C:\Users\tao20\Desktop\Algorithm\AIPlayerDesktop\data\蔡扬的\train\train_0037.json,28,1,True,7,9,7,8, ,34.3360269906016,0,31.79220779220779,0.0,5.172413614744358,1,0.0,150,12,Iproxy
train_0037,C:\Users\tao20\Desktop\Algorithm\AIPlayerDesktop\data\蔡扬的\train\train_0037.json,28,2,False,6,9,6,8, ,30.09464782651123,0,31.79220779220779,0.0,5.172413614744358,2,0.0,150,12,Iproxy
train_0037,C:\Users\tao20\Desktop\Algorithm\AIPlayerDesktop\data\蔡扬的\train\train_0037.json,28,3,False,6,1,6,0, ,-3.8363854862117606,0,31.79220779220779,0.0,5.172413614744358,10,0.0,150,12,pathLen
train_0037,C:\Users\tao20\Desktop\Algorithm\AIPlayerDesktop\data\蔡扬的\train\train_0037.json,28,4,False,3,4,3,3, ,-30.716249466498656,0,2.6493506493506493,0.0,5.172413614744358,8,0.0,150,1,pathLen
train_0037,C:\Users\tao20\Desktop\Algorithm\AIPlayerDesktop\data\蔡扬的\train\train_0037.json,28,5,False,1,3,1,2, ,-1e+18,0,0.0,0.0,5.172413614744358,11,0.0,150,0,pathLen
train_0037,C:\Users\tao20\Desktop\Algorithm\AIPlayerDesktop\data\蔡扬的\train\train_0037.json,29,1,True,6,9,6,8, ,32.84096385138925,0,30.6,0.0,4.999999833333339,1,0.0,150,12,Iproxy
train_0037,C:\Users\tao20\Desktop\Algorithm\AIPlayerDesktop\data\蔡扬的\train\train_0037.json,29,2,False,7,10,7,9, ,32.84096385138925,0,30.6,0.0,4.999999833333339,1,0.0,150,12,Iproxy
train_0037,C:\Users\tao20\Desktop\Algorithm\AIPlayerDesktop\data\蔡扬的\train\train_0037.json,29,3,False,6,1,6,0, ,-8.15903478194413,0,30.6,0.0,4.999999833333339,11,0.0,150,12,pathLen
train_0037,C:\Users\tao20\Desktop\Algorithm\AIPlayerDesktop\data\蔡扬的\train\train_0037.json,29,4,False,3,4,3,3, ,-33.82158512710649,0,2.5500000000000003,0.0,4.999999833333339,9,0.0,150,1,pathLen
train_0037,C:\Users\tao20\Desktop\Algorithm\AIPlayerDesktop\data\蔡扬的\train\train_0037.json,29,5,False,1,3,1,2, ,-1e+18,0,0.0,0.0,4.999999833333339,12,0.0,150,0,pathLen
train_0037,C:\Users\tao20\Desktop\Algorithm\AIPlayerDesktop\data\蔡扬的\train\train_0037.json,30,1,True,5,9,5,8, ,31.437862984583038,0,29.49397590361446,0.0,4.838709521331951,1,0.0,150,12,Iproxy
train_0037,C:\Users\tao20\Desktop\Algorithm\AIPlayerDesktop\data\蔡扬的\train\train_0037.json,30,2,False,5,8,5,7, ,27.47012117709084,0,29.49397590361446,0.0,4.838709521331951,2,0.0,150,12,Iproxy
train_0037,C:\Users\tao20\Desktop\Algorithm\AIPlayerDesktop\data\蔡扬的\train\train_0037.json,30,3,False,7,10,7,9, ,27.47012117709084,0,29.49397590361446,0.0,4.838709521331951,2,0.0,150,12,Iproxy
train_0037,C:\Users\tao20\Desktop\Algorithm\AIPlayerDesktop\data\蔡扬的\train\train_0037.json,30,4,False,6,1,6,0, ,-12.207296897831156,0,29.49397590361446,0.0,4.838709521331951,12,0.0,150,12,pathLen
train_0037,C:\Users\tao20\Desktop\Algorithm\AIPlayerDesktop\data\蔡扬的\train\train_0037.json,30,5,False,3,4,3,3, ,-36.72695100891573,0,2.4578313253012047,0.0,4.838709521331951,10,0.0,150,1,pathLen
train_0037,C:\Users\tao20\Desktop\Algorithm\AIPlayerDesktop\data\蔡扬的\train\train_0037.json,30,6,False,1,3,1,2, ,-1e+18,0,0.0,0.0,4.838709521331951,13,0.0,150,0,pathLen
train_0037,C:\Users\tao20\Desktop\Algorithm\AIPlayerDesktop\data\蔡扬的\train\train_0037.json,31,1,True,5,8,5,7, ,30.120240965922434,0,28.465116279069772,0.0,4.68749985351563,1,0.0,150,12,Iproxy
train_0037,C:\Users\tao20\Desktop\Algorithm\AIPlayerDesktop\data\蔡扬的\train\train_0037.json,31,2,False,7,10,7,9, ,22.4327412061568,0,28.465116279069772,0.0,4.68749985351563,3,0.0,150,12,Iproxy
train_0037,C:\Users\tao20\Desktop\Algorithm\AIPlayerDesktop\data\蔡扬的\train\train_0037.json,31,3,False,6,1,6,0, ,-16.00475759267136,0,28.465116279069772,0.0,4.68749985351563,13,0.0,150,12,pathLen
train_0037,C:\Users\tao20\Desktop\Algorithm\AIPlayerDesktop\data\蔡扬的\train\train_0037.json,31,4,False,3,4,3,3, ,-39.45091610822721,0,2.372093023255814,0.0,4.68749985351563,11,0.0,150,1,pathLen
train_0037,C:\Users\tao20\Desktop\Algorithm\AIPlayerDesktop\data\蔡扬的\train\train_0037.json,31,5,False,1,3,1,2, ,-1e+18,0,0.0,0.0,4.68749985351563,14,0.0,150,0,pathLen
train_0037,C:\Users\tao20\Desktop\Algorithm\AIPlayerDesktop\data\蔡扬的\train\train_0037.json,32,1,True,5,7,5,6,G,46.272727385674926,50,0.0,0.0,4.545454407713503,1,0.0,200,0,deltaR
train_0037,C:\Users\tao20\Desktop\Algorithm\AIPlayerDesktop\data\蔡扬的\train\train_0037.json,32,2,False,7,10,7,9, ,38.09850341806345,0,36.00000000000001,8.333333333333334,4.545454407713503,4,0.0,150,12,Iproxy
train_0037,C:\Users\tao20\Desktop\Algorithm\AIPlayerDesktop\data\蔡扬的\train\train_0037.json,32,3,False,6,1,6,0, ,-5.5804727251872706,0,36.00000000000001,3.125,4.545454407713503,14,0.0,150,12,pathLen
train_0037,C:\Users\tao20\Desktop\Algorithm\AIPlayerDesktop\data\蔡扬的\train\train_0037.json,32,4,False,3,4,3,3, ,-36.77128140609675,0,3.0,3.5714285714285716,4.545454407713503,12,0.0,150,1,pathLen
train_0037,C:\Users\tao20\Desktop\Algorithm\AIPlayerDesktop\data\蔡扬的\train\train_0037.json,32,5,False,1,3,1,2, ,-52.291442156052554,0,0.0,2.9411764705882355,4.545454407713503,15,0.0,150,0,pathLen
train_0037,C:\Users\tao20\Desktop\Algorithm\AIPlayerDesktop\data\蔡扬的\train\train_0037.json,33,1,True,7,10,7,9, ,18.482455417476675,0,36.00000000000001,0.0,5.882352768166095,5,0.0,200,12,Iproxy
train_0037,C:\Users\tao20\Desktop\Algorithm\AIPlayerDesktop\data\蔡扬的\train\train_0037.json,33,2,False,6,1,6,0, ,-29.7528372814853,0,36.00000000000001,0.0,5.882352768166095,15,0.0,200,12,pathLen
train_0037,C:\Users\tao20\Desktop\Algorithm\AIPlayerDesktop\data\蔡扬的\train\train_0037.json,33,3,False,3,4,3,3, ,-59.15587202807076,0,3.0,0.0,5.882352768166095,13,0.0,200,1,pathLen
train_0037,C:\Users\tao20\Desktop\Algorithm\AIPlayerDesktop\data\蔡扬的\train\train_0037.json,33,4,False,1,3,1,2, ,-1e+18,0,0.0,0.0,5.882352768166095,16,0.0,200,0,pathLen
train_0037,C:\Users\tao20\Desktop\Algorithm\AIPlayerDesktop\data\蔡扬的\train\train_0037.json,34,1,True,7,10,7,9, ,23.731251472885848,0,36.00000000000001,0.0,5.714285551020414,4,0.0,200,12,Iproxy
train_0037,C:\Users\tao20\Desktop\Algorithm\AIPlayerDesktop\data\蔡扬的\train\train_0037.json,34,2,False,6,1,6,0, ,-23.125890045481533,0,36.00000000000001,0.0,5.714285551020414,14,0.0,200,12,pathLen
train_0037,C:\Users\tao20\Desktop\Algorithm\AIPlayerDesktop\data\蔡扬的\train\train_0037.json,34,3,False,3,4,3,3, ,-52.6890608153548,0,3.0,0.0,5.714285551020414,12,0.0,200,1,pathLen
train_0037,C:\Users\tao20\Desktop\Algorithm\AIPlayerDesktop\data\蔡扬的\train\train_0037.json,34,4,False,1,3,1,2, ,-1e+18,0,0.0,0.0,5.714285551020414,15,0.0,200,0,pathLen
train_0037,C:\Users\tao20\Desktop\Algorithm\AIPlayerDesktop\data\蔡扬的\train\train_0037.json,35,1,True,7,10,7,9, ,28.70664684381586,0,36.00000000000001,0.0,5.555555401234573,3,0.0,200,12,Iproxy
train_0037,C:\Users\tao20\Desktop\Algorithm\AIPlayerDesktop\data\蔡扬的\train\train_0037.json,35,2,False,6,1,6,0, ,-16.848907446307635,0,36.00000000000001,0.0,5.555555401234573,13,0.0,200,12,pathLen
train_0037,C:\Users\tao20\Desktop\Algorithm\AIPlayerDesktop\data\蔡扬的\train\train_0037.json,35,3,False,3,4,3,3, ,-46.580000291564765,0,3.0,0.0,5.555555401234573,11,0.0,200,1,pathLen
train_0037,C:\Users\tao20\Desktop\Algorithm\AIPlayerDesktop\data\蔡扬的\train\train_0037.json,35,4,False,1,3,1,2, ,-1e+18,0,0.0,0.0,5.555555401234573,14,0.0,200,0,pathLen
train_0037,C:\Users\tao20\Desktop\Algorithm\AIPlayerDesktop\data\蔡扬的\train\train_0037.json,36,1,True,7,10,7,9, ,33.42781254607506,0,36.00000000000001,0.0,5.405405259313372,2,0.0,200,12,Iproxy
train_0037,C:\Users\tao20\Desktop\Algorithm\AIPlayerDesktop\data\蔡扬的\train\train_0037.json,36,2,False,6,1,6,0, ,-10.896510580294581,0,36.00000000000001,0.0,5.405405259313372,12,0.0,200,12,pathLen
train_0037,C:\Users\tao20\Desktop\Algorithm\AIPlayerDesktop\data\蔡扬的\train\train_0037.json,36,3,False,3,4,3,3, ,-40.79993336209057,0,3.0,0.0,5.405405259313372,10,0.0,200,1,pathLen
train_0037,C:\Users\tao20\Desktop\Algorithm\AIPlayerDesktop\data\蔡扬的\train\train_0037.json,36,4,False,1,3,1,2, ,-1e+18,0,0.0,0.0,5.405405259313372,13,0.0,200,0,pathLen
train_0037,C:\Users\tao20\Desktop\Algorithm\AIPlayerDesktop\data\蔡扬的\train\train_0037.json,37,1,True,7,10,7,9, ,37.912379043635056,0,36.00000000000001,0.0,5.263157756232691,1,0.0,200,12,Iproxy
train_0037,C:\Users\tao20\Desktop\Algorithm\AIPlayerDesktop\data\蔡扬的\train\train_0037.json,37,2,False,6,1,6,0, ,-5.245514557473008,0,36.00000000000001,0.0,5.263157756232691,11,0.0,200,12,pathLen
train_0037,C:\Users\tao20\Desktop\Algorithm\AIPlayerDesktop\data\蔡扬的\train\train_0037.json,37,3,False,3,4,3,3, ,-35.32309020735177,0,3.0,0.0,5.263157756232691,9,0.0,200,1,pathLen
train_0037,C:\Users\tao20\Desktop\Algorithm\AIPlayerDesktop\data\蔡扬的\train\train_0037.json,37,4,False,1,3,1,2, ,-1e+18,0,0.0,0.0,5.263157756232691,12,0.0,200,0,pathLen
train_0037,C:\Users\tao20\Desktop\Algorithm\AIPlayerDesktop\data\蔡扬的\train\train_0037.json,38,1,True,7,11,7,10, ,36.51550016371472,0,34.81318681318681,0.0,5.128204996712693,1,0.0,200,12,Iproxy
train_0037,C:\Users\tao20\Desktop\Algorithm\AIPlayerDesktop\data\蔡扬的\train\train_0037.json,38,2,False,6,11,6,10, ,32.31037206641031,0,34.81318681318681,0.0,5.128204996712693,2,0.0,200,12,Iproxy
train_0037,C:\Users\tao20\Desktop\Algorithm\AIPlayerDesktop\data\蔡扬的\train\train_0037.json,38,3,False,8,11,8,10, ,32.31037206641031,0,34.81318681318681,0.0,5.128204996712693,2,0.0,200,12,Iproxy
train_0037,C:\Users\tao20\Desktop\Algorithm\AIPlayerDesktop\data\蔡扬的\train\train_0037.json,38,4,False,6,1,6,0, ,-9.74090890663377,0,34.81318681318681,0.0,5.128204996712693,12,0.0,200,12,pathLen
train_0037,C:\Users\tao20\Desktop\Algorithm\AIPlayerDesktop\data\蔡扬的\train\train_0037.json,38,5,False,3,4,3,3, ,-38.65789528462582,0,2.9010989010989006,0.0,5.128204996712693,10,0.0,200,1,pathLen
train_0037,C:\Users\tao20\Desktop\Algorithm\AIPlayerDesktop\data\蔡扬的\train\train_0037.json,38,6,False,1,3,1,2, ,-1e+18,0,0.0,0.0,5.128204996712693,13,0.0,200,0,pathLen
train_0037,C:\Users\tao20\Desktop\Algorithm\AIPlayerDesktop\data\蔡扬的\train\train_0037.json,39,1,True,6,11,6,10, ,35.16828241528927,0,33.702127659574465,0.0,4.999999875000004,1,0.0,200,12,Iproxy
train_0037,C:\Users\tao20\Desktop\Algorithm\AIPlayerDesktop\data\蔡扬的\train\train_0037.json,39,2,False,7,12,7,11, ,35.16828241528927,0,33.702127659574465,0.0,4.999999875000004,1,0.0,200,12,Iproxy
train_0037,C:\Users\tao20\Desktop\Algorithm\AIPlayerDesktop\data\蔡扬的\train\train_0037.json,39,3,False,8,11,8,10, ,35.16828241528927,0,33.702127659574465,0.0,4.999999875000004,1,0.0,200,12,Iproxy
train_0037,C:\Users\tao20\Desktop\Algorithm\AIPlayerDesktop\data\蔡扬的\train\train_0037.json,39,4,False,6,1,6,0, ,-14.03171635471076,0,33.702127659574465,0.0,4.999999875000004,13,0.0,200,12,pathLen
train_0037,C:\Users\tao20\Desktop\Algorithm\AIPlayerDesktop\data\蔡扬的\train\train_0037.json,39,5,False,3,4,3,3, ,-41.82764201310093,0,2.8085106382978724,0.0,4.999999875000004,11,0.0,200,1,pathLen
train_0037,C:\Users\tao20\Desktop\Algorithm\AIPlayerDesktop\data\蔡扬的\train\train_0037.json,39,6,False,1,3,1,2, ,-1e+18,0,0.0,0.0,4.999999875000004,14,0.0,200,0,pathLen
train_0037,C:\Users\tao20\Desktop\Algorithm\AIPlayerDesktop\data\蔡扬的\train\train_0037.json,40,1,True,5,11,5,10, ,34.28918314734115,0,33.0,0.0,4.878048661511008,1,0.0,200,12,Iproxy
train_0037,C:\Users\tao20\Desktop\Algorithm\AIPlayerDesktop\data\蔡扬的\train\train_0037.json,40,2,False,7,12,7,11, ,30.289183244902127,0,33.0,0.0,4.878048661511008,2,0.0,200,12,Iproxy
train_0037,C:\Users\tao20\Desktop\Algorithm\AIPlayerDesktop\data\蔡扬的\train\train_0037.json,40,3,False,8,11,8,10, ,30.289183244902127,0,33.0,0.0,4.878048661511008,2,0.0,200,12,Iproxy
train_0037,C:\Users\tao20\Desktop\Algorithm\AIPlayerDesktop\data\蔡扬的\train\train_0037.json,40,4,False,6,1,6,0, ,-17.710815584366195,0,33.0,0.0,4.878048661511008,14,0.0,200,12,pathLen
train_0037,C:\Users\tao20\Desktop\Algorithm\AIPlayerDesktop\data\蔡扬的\train\train_0037.json,40,5,False,3,4,3,3, ,-44.809233575119976,0,2.75,0.0,4.878048661511008,12,0.0,200,1,pathLen
train_0037,C:\Users\tao20\Desktop\Algorithm\AIPlayerDesktop\data\蔡扬的\train\train_0037.json,40,6,False,1,3,1,2, ,-1e+18,0,0.0,0.0,4.878048661511008,15,0.0,200,0,pathLen
train_0037,C:\Users\tao20\Desktop\Algorithm\AIPlayerDesktop\data\蔡扬的\train\train_0037.json,41,1,True,4,11,4,10, ,33.4363305374241,0,32.3265306122449,0.0,4.76190464852608,1,0.0,200,12,Iproxy
train_0037,C:\Users\tao20\Desktop\Algorithm\AIPlayerDesktop\data\蔡扬的\train\train_0037.json,41,2,False,7,12,7,11, ,25.626806913841328,0,32.3265306122449,0.0,4.76190464852608,3,0.0,200,12,Iproxy
train_0037,C:\Users\tao20\Desktop\Algorithm\AIPlayerDesktop\data\蔡扬的\train\train_0037.json,41,3,False,8,11,8,10, ,25.626806913841328,0,32.3265306122449,0.0,4.76190464852608,3,0.0,200,12,Iproxy
train_0037,C:\Users\tao20\Desktop\Algorithm\AIPlayerDesktop\data\蔡扬的\train\train_0037.json,41,4,False,6,1,6,0, ,-21.230334827655298,0,32.3265306122449,0.0,4.76190464852608,15,0.0,200,12,pathLen
train_0037,C:\Users\tao20\Desktop\Algorithm\AIPlayerDesktop\data\蔡扬的\train\train_0037.json,41,5,False,3,4,3,3, ,-47.65014585752006,0,2.693877551020408,0.0,4.76190464852608,13,0.0,200,1,pathLen
train_0037,C:\Users\tao20\Desktop\Algorithm\AIPlayerDesktop\data\蔡扬的\train\train_0037.json,41,6,False,1,3,1,2, ,-1e+18,0,0.0,0.0,4.76190464852608,16,0.0,200,0,pathLen
train_0037,C:\Users\tao20\Desktop\Algorithm\AIPlayerDesktop\data\蔡扬的\train\train_0037.json,42,1,True,3,11,3,10, ,32.22968956277617,0,31.366336633663366,0.0,4.6511626825311,1,0.0,200,12,Iproxy
train_0037,C:\Users\tao20\Desktop\Algorithm\AIPlayerDesktop\data\蔡扬的\train\train_0037.json,42,2,False,7,12,7,11, ,20.78782936374967,0,31.366336633663366,0.0,4.6511626825311,4,0.0,200,12,Iproxy
train_0037,C:\Users\tao20\Desktop\Algorithm\AIPlayerDesktop\data\蔡扬的\train\train_0037.json,42,3,False,8,11,8,10, ,20.78782936374967,0,31.366336633663366,0.0,4.6511626825311,4,0.0,200,12,Iproxy
train_0037,C:\Users\tao20\Desktop\Algorithm\AIPlayerDesktop\data\蔡扬的\train\train_0037.json,42,4,False,6,1,6,0, ,-24.979611432356357,0,31.366336633663366,0.0,4.6511626825311,16,0.0,200,12,pathLen
train_0037,C:\Users\tao20\Desktop\Algorithm\AIPlayerDesktop\data\蔡扬的\train\train_0037.json,42,5,False,3,4,3,3, ,-50.39171068191939,0,2.613861386138614,0.0,4.6511626825311,14,0.0,200,1,pathLen
train_0037,C:\Users\tao20\Desktop\Algorithm\AIPlayerDesktop\data\蔡扬的\train\train_0037.json,42,6,False,1,3,1,2, ,-1e+18,0,0.0,0.0,4.6511626825311,17,0.0,200,0,pathLen
train_0037,C:\Users\tao20\Desktop\Algorithm\AIPlayerDesktop\data\蔡扬的\train\train_0037.json,43,1,True,2,11,2,10, ,31.073143725798523,0,30.461538461538467,0.0,4.545454442148763,1,0.0,200,12,Iproxy
train_0037,C:\Users\tao20\Desktop\Algorithm\AIPlayerDesktop\data\蔡扬的\train\train_0037.json,43,2,False,7,12,7,11, ,16.16405315555058,0,30.461538461538467,0.0,4.545454442148763,5,0.0,200,12,Iproxy
train_0037,C:\Users\tao20\Desktop\Algorithm\AIPlayerDesktop\data\蔡扬的\train\train_0037.json,43,3,False,8,11,8,10, ,16.16405315555058,0,30.461538461538467,0.0,4.545454442148763,5,0.0,200,12,Iproxy
train_0037,C:\Users\tao20\Desktop\Algorithm\AIPlayerDesktop\data\蔡扬的\train\train_0037.json,43,4,False,6,1,6,0, ,-28.563218555193245,0,30.461538461538467,0.0,4.545454442148763,17,0.0,200,12,pathLen
train_0037,C:\Users\tao20\Desktop\Algorithm\AIPlayerDesktop\data\蔡扬的\train\train_0037.json,43,5,False,3,4,3,3, ,-53.00905494106641,0,2.538461538461539,0.0,4.545454442148763,15,0.0,200,1,pathLen
train_0037,C:\Users\tao20\Desktop\Algorithm\AIPlayerDesktop\data\蔡扬的\train\train_0037.json,43,6,False,1,3,1,2, ,-1e+18,0,0.0,0.0,4.545454442148763,18,0.0,200,0,pathLen
train_0037,C:\Users\tao20\Desktop\Algorithm\AIPlayerDesktop\data\蔡扬的\train\train_0037.json,44,1,True,1,11,1,10, ,29.966436127102057,0,29.607476635514026,0.0,4.444444345679015,1,0.0,200,12,Iproxy
train_0037,C:\Users\tao20\Desktop\Algorithm\AIPlayerDesktop\data\蔡扬的\train\train_0037.json,44,2,False,1,10,1,9, ,26.321991763645265,0,29.607476635514026,0.0,4.444444345679015,2,0.0,200,12,Iproxy
train_0037,C:\Users\tao20\Desktop\Algorithm\AIPlayerDesktop\data\蔡扬的\train\train_0037.json,44,3,False,7,12,7,11, ,11.744214309818094,0,29.607476635514026,0.0,4.444444345679015,6,0.0,200,12,Iproxy
train_0037,C:\Users\tao20\Desktop\Algorithm\AIPlayerDesktop\data\蔡扬的\train\train_0037.json,44,4,False,8,11,8,10, ,11.744214309818094,0,29.607476635514026,0.0,4.444444345679015,6,0.0,200,12,Iproxy
train_0037,C:\Users\tao20\Desktop\Algorithm\AIPlayerDesktop\data\蔡扬的\train\train_0037.json,44,5,False,6,1,6,0, ,-31.989118051663418,0,29.607476635514026,0.0,4.444444345679015,18,0.0,200,12,pathLen
train_0037,C:\Users\tao20\Desktop\Algorithm\AIPlayerDesktop\data\蔡扬的\train\train_0037.json,44,6,False,3,4,3,3, ,-55.51020310776211,0,2.4672897196261685,0.0,4.444444345679015,16,0.0,200,1,pathLen
train_0037,C:\Users\tao20\Desktop\Algorithm\AIPlayerDesktop\data\蔡扬的\train\train_0037.json,44,7,False,1,3,1,2, ,-1e+18,0,0.0,0.0,4.444444345679015,19,0.0,200,0,pathLen
train_0037,C:\Users\tao20\Desktop\Algorithm\AIPlayerDesktop\data\蔡扬的\train\train_0037.json,45,1,True,1,10,1,9, ,28.90855877703526,0,28.799999999999997,0.0,4.347825992438565,1,0.0,200,12,Iproxy
train_0037,C:\Users\tao20\Desktop\Algorithm\AIPlayerDesktop\data\蔡扬的\train\train_0037.json,45,2,False,7,12,7,11, ,7.517254894237517,0,28.799999999999997,0.0,4.347825992438565,7,0.0,200,12,pathLen
train_0037,C:\Users\tao20\Desktop\Algorithm\AIPlayerDesktop\data\蔡扬的\train\train_0037.json,45,3,False,8,11,8,10, ,7.517254894237517,0,28.799999999999997,0.0,4.347825992438565,7,0.0,200,12,pathLen
train_0037,C:\Users\tao20\Desktop\Algorithm\AIPlayerDesktop\data\蔡扬的\train\train_0037.json,45,4,False,6,1,6,0, ,-35.265352871357955,0,28.799999999999997,0.0,4.347825992438565,19,0.0,200,12,pathLen
train_0037,C:\Users\tao20\Desktop\Algorithm\AIPlayerDesktop\data\蔡扬的\train\train_0037.json,45,5,False,3,4,3,3, ,-57.90254632702402,0,2.4,0.0,4.347825992438565,17,0.0,200,1,pathLen
train_0037,C:\Users\tao20\Desktop\Algorithm\AIPlayerDesktop\data\蔡扬的\train\train_0037.json,45,6,False,1,3,1,2, ,-1e+18,0,0.0,0.0,4.347825992438565,20,0.0,200,0,pathLen
train_0037,C:\Users\tao20\Desktop\Algorithm\AIPlayerDesktop\data\蔡扬的\train\train_0037.json,46,1,True,1,9,1,8, ,27.89800468525367,0,28.035398230088497,0.0,4.255319058397467,1,0.0,200,12,Iproxy
train_0037,C:\Users\tao20\Desktop\Algorithm\AIPlayerDesktop\data\蔡扬的\train\train_0037.json,46,2,False,2,9,2,8, ,24.408643057367748,0,28.035398230088497,0.0,4.255319058397467,2,0.0,200,12,Iproxy
train_0037,C:\Users\tao20\Desktop\Algorithm\AIPlayerDesktop\data\蔡扬的\train\train_0037.json,46,3,False,7,12,7,11, ,3.4724732900522106,0,28.035398230088497,0.0,4.255319058397467,8,0.0,200,12,pathLen
train_0037,C:\Users\tao20\Desktop\Algorithm\AIPlayerDesktop\data\蔡扬的\train\train_0037.json,46,4,False,8,11,8,10, ,3.4724732900522106,0,28.035398230088497,0.0,4.255319058397467,8,0.0,200,12,pathLen
train_0037,C:\Users\tao20\Desktop\Algorithm\AIPlayerDesktop\data\蔡扬的\train\train_0037.json,46,5,False,6,1,6,0, ,-38.39986624457886,0,28.035398230088497,0.0,4.255319058397467,20,0.0,200,12,pathLen
train_0037,C:\Users\tao20\Desktop\Algorithm\AIPlayerDesktop\data\蔡扬的\train\train_0037.json,46,6,False,3,4,3,3, ,-60.192895442518314,0,2.336283185840708,0.0,4.255319058397467,18,0.0,200,1,pathLen
train_0037,C:\Users\tao20\Desktop\Algorithm\AIPlayerDesktop\data\蔡扬的\train\train_0037.json,46,7,False,1,3,1,2, ,-1e+18,0,0.0,0.0,4.255319058397467,21,0.0,200,0,pathLen
train_0037,C:\Users\tao20\Desktop\Algorithm\AIPlayerDesktop\data\蔡扬的\train\train_0037.json,47,1,True,1,8,1,7, ,26.93295107952285,0,27.31034482758621,0.0,4.166666579861113,1,0.0,200,12,Iproxy
train_0037,C:\Users\tao20\Desktop\Algorithm\AIPlayerDesktop\data\蔡扬的\train\train_0037.json,47,2,False,2,9,2,8, ,26.93295107952285,0,27.31034482758621,0.0,4.166666579861113,1,0.0,200,12,Iproxy
train_0037,C:\Users\tao20\Desktop\Algorithm\AIPlayerDesktop\data\蔡扬的\train\train_0037.json,47,3,False,7,12,7,11, ,-0.4003816843660495,0,27.31034482758621,0.0,4.166666579861113,9,0.0,200,12,pathLen
train_0037,C:\Users\tao20\Desktop\Algorithm\AIPlayerDesktop\data\蔡扬的\train\train_0037.json,47,4,False,8,11,8,10, ,-0.4003816843660495,0,27.31034482758621,0.0,4.166666579861113,9,0.0,200,12,pathLen
train_0037,C:\Users\tao20\Desktop\Algorithm\AIPlayerDesktop\data\蔡扬的\train\train_0037.json,47,5,False,6,1,6,0, ,-41.4003808301994,0,27.31034482758621,0.0,4.166666579861113,21,0.0,200,12,pathLen
train_0037,C:\Users\tao20\Desktop\Algorithm\AIPlayerDesktop\data\蔡扬的\train\train_0037.json,47,6,False,3,4,3,3, ,-62.387530507985396,0,2.275862068965518,0.0,4.166666579861113,19,0.0,200,1,pathLen
train_0037,C:\Users\tao20\Desktop\Algorithm\AIPlayerDesktop\data\蔡扬的\train\train_0037.json,47,7,False,1,3,1,2, ,-1e+18,0,0.0,0.0,4.166666579861113,22,0.0,200,0,pathLen
train_0037,C:\Users\tao20\Desktop\Algorithm\AIPlayerDesktop\data\蔡扬的\train\train_0037.json,48,1,True,2,7,2,6, ,0.6457051911373002,0,6.655462184873949,0.0,4.081632569762601,2,0.0,200,3,pathLen
train_0037,C:\Users\tao20\Desktop\Algorithm\AIPlayerDesktop\data\蔡扬的\train\train_0037.json,48,2,False,2,9,2,8, ,0.6457051911373002,0,6.655462184873949,0.0,4.081632569762601,2,0.0,200,3,pathLen
train_0037,C:\Users\tao20\Desktop\Algorithm\AIPlayerDesktop\data\蔡扬的\train\train_0037.json,48,3,False,7,12,7,11, ,-4.111056649861464,0,26.621848739495796,0.0,4.081632569762601,10,0.0,200,12,pathLen
train_0037,C:\Users\tao20\Desktop\Algorithm\AIPlayerDesktop\data\蔡扬的\train\train_0037.json,48,4,False,8,11,8,10, ,-4.111056649861464,0,26.621848739495796,0.0,4.081632569762601,10,0.0,200,12,pathLen
train_0037,C:\Users\tao20\Desktop\Algorithm\AIPlayerDesktop\data\蔡扬的\train\train_0037.json,48,5,False,6,1,6,0, ,-44.274321136325455,0,26.621848739495796,0.0,4.081632569762601,22,0.0,200,12,pathLen
train_0037,C:\Users\tao20\Desktop\Algorithm\AIPlayerDesktop\data\蔡扬的\train\train_0037.json,48,6,False,3,4,3,3, ,-64.49224660892399,0,2.2184873949579833,0.0,4.081632569762601,20,0.0,200,1,pathLen
train_0037,C:\Users\tao20\Desktop\Algorithm\AIPlayerDesktop\data\蔡扬的\train\train_0037.json,48,7,False,1,3,1,2, ,-1e+18,0,0.0,0.0,4.081632569762601,23,0.0,200,0,pathLen
train_0037,C:\Users\tao20\Desktop\Algorithm\AIPlayerDesktop\data\蔡扬的\train\train_0037.json,48,8,False,1,7,1,6, ,-1e+18,0,0.0,0.0,4.081632569762601,1,0.0,200,0,pathLen
train_0037,C:\Users\tao20\Desktop\Algorithm\AIPlayerDesktop\data\蔡扬的\train\train_0037.json,49,1,True,2,7,2,6, ,4.014348502979546,0,6.655462184873949,0.0,3.999999920000002,1,0.0,200,3,Iproxy
train_0037,C:\Users\tao20\Desktop\Algorithm\AIPlayerDesktop\data\蔡扬的\train\train_0037.json,49,2,False,2,9,2,8, ,-2.545651365820457,0,6.655462184873949,0.0,3.999999920000002,3,0.0,200,3,pathLen
train_0037,C:\Users\tao20\Desktop\Algorithm\AIPlayerDesktop\data\蔡扬的\train\train_0037.json,49,3,False,7,12,7,11, ,-6.902605528881825,0,26.621848739495796,0.0,3.999999920000002,11,0.0,200,12,pathLen
train_0037,C:\Users\tao20\Desktop\Algorithm\AIPlayerDesktop\data\蔡扬的\train\train_0037.json,49,4,False,8,11,8,10, ,-6.902605528881825,0,26.621848739495796,0.0,3.999999920000002,11,0.0,200,12,pathLen
train_0037,C:\Users\tao20\Desktop\Algorithm\AIPlayerDesktop\data\蔡扬的\train\train_0037.json,49,5,False,6,1,6,0, ,-46.26260474168184,0,26.621848739495796,0.0,3.999999920000002,23,0.0,200,12,pathLen
train_0037,C:\Users\tao20\Desktop\Algorithm\AIPlayerDesktop\data\蔡扬的\train\train_0037.json,49,6,False,3,4,3,3, ,-66.44854914327352,0,2.2184873949579833,0.0,3.999999920000002,21,0.0,200,1,pathLen
train_0037,C:\Users\tao20\Desktop\Algorithm\AIPlayerDesktop\data\蔡扬的\train\train_0037.json,49,7,False,1,3,1,2, ,-1e+18,0,0.0,0.0,3.999999920000002,24,0.0,200,0,pathLen
train_0037,C:\Users\tao20\Desktop\Algorithm\AIPlayerDesktop\data\蔡扬的\train\train_0037.json,50,1,True,7,12,7,11, ,-10.06819485130955,0,26.181818181818183,0.0,3.9215685505574798,12,0.0,200,12,pathLen
train_0037,C:\Users\tao20\Desktop\Algorithm\AIPlayerDesktop\data\蔡扬的\train\train_0037.json,50,2,False,8,11,8,10, ,-10.06819485130955,0,26.181818181818183,0.0,3.9215685505574798,12,0.0,200,12,pathLen
train_0037,C:\Users\tao20\Desktop\Algorithm\AIPlayerDesktop\data\蔡扬的\train\train_0037.json,50,3,False,2,9,2,8, ,-10.486074871980529,0,2.181818181818182,0.0,3.9215685505574798,4,0.0,200,1,pathLen
train_0037,C:\Users\tao20\Desktop\Algorithm\AIPlayerDesktop\data\蔡扬的\train\train_0037.json,50,4,False,6,1,6,0, ,-48.656429388795154,0,26.181818181818183,0.0,3.9215685505574798,24,0.0,200,12,pathLen
train_0037,C:\Users\tao20\Desktop\Algorithm\AIPlayerDesktop\data\蔡扬的\train\train_0037.json,50,5,False,3,4,3,3, ,-68.36842667820892,0,2.181818181818182,0.0,3.9215685505574798,22,0.0,200,1,pathLen
train_0037,C:\Users\tao20\Desktop\Algorithm\AIPlayerDesktop\data\蔡扬的\train\train_0037.json,50,6,False,1,3,1,2, ,-1e+18,0,0.0,0.0,3.9215685505574798,25,0.0,200,0,pathLen
train_0037,C:\Users\tao20\Desktop\Algorithm\AIPlayerDesktop\data\蔡扬的\train\train_0037.json,50,7,False,3,7,3,6, ,-1e+18,0,0.0,0.0,3.9215685505574798,1,0.0,200,0,pathLen
train_0037,C:\Users\tao20\Desktop\Algorithm\AIPlayerDesktop\data\蔡扬的\train\train_0037.json,51,1,True,7,12,7,11, ,-6.31233381279246,0,26.181818181818183,0.0,3.846153772189351,11,0.0,200,12,pathLen
train_0037,C:\Users\tao20\Desktop\Algorithm\AIPlayerDesktop\data\蔡扬的\train\train_0037.json,51,2,False,8,11,8,10, ,-6.31233381279246,0,26.181818181818183,0.0,3.846153772189351,11,0.0,200,12,pathLen
train_0037,C:\Users\tao20\Desktop\Algorithm\AIPlayerDesktop\data\蔡扬的\train\train_0037.json,51,3,False,2,9,2,8, ,-7.096540511889511,0,2.181818181818182,0.0,3.846153772189351,3,0.0,200,1,pathLen
train_0037,C:\Users\tao20\Desktop\Algorithm\AIPlayerDesktop\data\蔡扬的\train\train_0037.json,51,4,False,6,1,6,0, ,-44.15848693113566,0,26.181818181818183,0.0,3.846153772189351,23,0.0,200,12,pathLen
train_0037,C:\Users\tao20\Desktop\Algorithm\AIPlayerDesktop\data\蔡扬的\train\train_0037.json,51,5,False,3,4,3,3, ,-63.86577018940434,0,2.181818181818182,0.0,3.846153772189351,21,0.0,200,1,pathLen
train_0037,C:\Users\tao20\Desktop\Algorithm\AIPlayerDesktop\data\蔡扬的\train\train_0037.json,51,6,False,1,3,1,2, ,-1e+18,0,0.0,0.0,3.846153772189351,24,0.0,200,0,pathLen
train_0037,C:\Users\tao20\Desktop\Algorithm\AIPlayerDesktop\data\蔡扬的\train\train_0037.json,51,7,False,3,7,3,6, ,-1e+18,0,0.0,0.0,3.846153772189351,2,0.0,200,0,pathLen
train_0037,C:\Users\tao20\Desktop\Algorithm\AIPlayerDesktop\data\蔡扬的\train\train_0037.json,52,1,True,7,12,7,11, ,-2.675475609278422,0,26.181818181818183,0.0,3.7735848344606637,10,0.0,200,12,pathLen
train_0037,C:\Users\tao20\Desktop\Algorithm\AIPlayerDesktop\data\蔡扬的\train\train_0037.json,52,2,False,8,11,8,10, ,-2.675475609278422,0,26.181818181818183,0.0,3.7735848344606637,10,0.0,200,12,pathLen
train_0037,C:\Users\tao20\Desktop\Algorithm\AIPlayerDesktop\data\蔡扬的\train\train_0037.json,52,3,False,2,9,2,8, ,-3.8330191257405697,0,2.181818181818182,0.0,3.7735848344606637,2,0.0,200,1,pathLen
train_0037,C:\Users\tao20\Desktop\Algorithm\AIPlayerDesktop\data\蔡扬的\train\train_0037.json,52,4,False,6,1,6,0, ,-39.80755038037135,0,26.181818181818183,0.0,3.7735848344606637,22,0.0,200,12,pathLen
train_0037,C:\Users\tao20\Desktop\Algorithm\AIPlayerDesktop\data\蔡扬的\train\train_0037.json,52,5,False,3,4,3,3, ,-59.53113128237997,0,2.181818181818182,0.0,3.7735848344606637,20,0.0,200,1,pathLen
train_0037,C:\Users\tao20\Desktop\Algorithm\AIPlayerDesktop\data\蔡扬的\train\train_0037.json,52,6,False,1,3,1,2, ,-1e+18,0,0.0,0.0,3.7735848344606637,23,0.0,200,0,pathLen
train_0037,C:\Users\tao20\Desktop\Algorithm\AIPlayerDesktop\data\蔡扬的\train\train_0037.json,52,7,False,3,7,3,6, ,-1e+18,0,0.0,0.0,3.7735848344606637,3,0.0,200,0,pathLen
train_0037,C:\Users\tao20\Desktop\Algorithm\AIPlayerDesktop\data\蔡扬的\train\train_0037.json,53,1,True,7,12,7,11, ,0.8449446628933508,0,26.181818181818183,0.0,3.7037036351165997,9,0.0,200,12,pathLen
train_0037,C:\Users\tao20\Desktop\Algorithm\AIPlayerDesktop\data\蔡扬的\train\train_0037.json,53,2,False,8,11,8,10, ,0.8449446628933508,0,26.181818181818183,0.0,3.7037036351165997,9,0.0,200,12,pathLen
train_0037,C:\Users\tao20\Desktop\Algorithm\AIPlayerDesktop\data\蔡扬的\train\train_0037.json,53,3,False,2,9,2,8, ,-0.6888471899577899,0,2.181818181818182,0.0,3.7037036351165997,1,0.0,200,1,pathLen
train_0037,C:\Users\tao20\Desktop\Algorithm\AIPlayerDesktop\data\蔡扬的\train\train_0037.json,53,4,False,6,1,6,0, ,-35.59949910665398,0,26.181818181818183,0.0,3.7037036351165997,21,0.0,200,12,pathLen
train_0037,C:\Users\tao20\Desktop\Algorithm\AIPlayerDesktop\data\蔡扬的\train\train_0037.json,53,5,False,3,4,3,3, ,-55.3555128442788,0,2.181818181818182,0.0,3.7037036351165997,19,0.0,200,1,pathLen
train_0037,C:\Users\tao20\Desktop\Algorithm\AIPlayerDesktop\data\蔡扬的\train\train_0037.json,53,6,False,1,3,1,2, ,-1e+18,0,0.0,0.0,3.7037036351165997,22,0.0,200,0,pathLen
train_0037,C:\Users\tao20\Desktop\Algorithm\AIPlayerDesktop\data\蔡扬的\train\train_0037.json,53,7,False,3,7,3,6, ,-1e+18,0,0.0,0.0,3.7037036351165997,4,0.0,200,0,pathLen
train_0037,C:\Users\tao20\Desktop\Algorithm\AIPlayerDesktop\data\蔡扬的\train\train_0037.json,54,1,True,7,12,7,11, ,4.2520184346312675,0,26.181818181818183,0.0,3.6363635702479353,8,0.0,200,12,pathLen
train_0037,C:\Users\tao20\Desktop\Algorithm\AIPlayerDesktop\data\蔡扬的\train\train_0037.json,54,2,False,8,11,8,10, ,4.2520184346312675,0,26.181818181818183,0.0,3.6363635702479353,8,0.0,200,12,pathLen
train_0037,C:\Users\tao20\Desktop\Algorithm\AIPlayerDesktop\data\蔡扬的\train\train_0037.json,54,3,False,2,9,2,8, ,-3.6214226339184696,0,2.181818181818182,0.0,3.6363635702479353,2,0.0,200,1,pathLen
train_0037,C:\Users\tao20\Desktop\Algorithm\AIPlayerDesktop\data\蔡扬的\train\train_0037.json,54,4,False,6,1,6,0, ,-31.52979909660841,0,26.181818181818183,0.0,3.6363635702479353,20,0.0,200,12,pathLen
train_0037,C:\Users\tao20\Desktop\Algorithm\AIPlayerDesktop\data\蔡扬的\train\train_0037.json,54,5,False,3,4,3,3, ,-51.33051267557138,0,2.181818181818182,0.0,3.6363635702479353,18,0.0,200,1,pathLen
train_0037,C:\Users\tao20\Desktop\Algorithm\AIPlayerDesktop\data\蔡扬的\train\train_0037.json,54,6,False,1,3,1,2, ,-1e+18,0,0.0,0.0,3.6363635702479353,21,0.0,200,0,pathLen
train_0037,C:\Users\tao20\Desktop\Algorithm\AIPlayerDesktop\data\蔡扬的\train\train_0037.json,54,7,False,3,7,3,6, ,-1e+18,0,0.0,0.0,3.6363635702479353,5,0.0,200,0,pathLen
train_0037,C:\Users\tao20\Desktop\Algorithm\AIPlayerDesktop\data\蔡扬的\train\train_0037.json,55,1,True,7,12,7,11, ,7.549192593852229,0,26.181818181818183,0.0,3.5714285076530627,7,0.0,200,12,Iproxy
train_0037,C:\Users\tao20\Desktop\Algorithm\AIPlayerDesktop\data\蔡扬的\train\train_0037.json,55,2,False,8,11,8,10, ,7.549192593852229,0,26.181818181818183,0.0,3.5714285076530627,7,0.0,200,12,Iproxy
train_0037,C:\Users\tao20\Desktop\Algorithm\AIPlayerDesktop\data\蔡扬的\train\train_0037.json,55,3,False,2,9,2,8, ,-6.448281443178133,0,2.181818181818182,0.0,3.5714285076530627,3,0.0,200,1,pathLen
train_0037,C:\Users\tao20\Desktop\Algorithm\AIPlayerDesktop\data\蔡扬的\train\train_0037.json,55,4,False,6,1,6,0, ,-27.593663921453906,0,26.181818181818183,0.0,3.5714285076530627,19,0.0,200,12,pathLen
train_0037,C:\Users\tao20\Desktop\Algorithm\AIPlayerDesktop\data\蔡扬的\train\train_0037.json,55,5,False,3,4,3,3, ,-47.448280711035295,0,2.181818181818182,0.0,3.5714285076530627,17,0.0,200,1,pathLen
train_0037,C:\Users\tao20\Desktop\Algorithm\AIPlayerDesktop\data\蔡扬的\train\train_0037.json,55,6,False,1,3,1,2, ,-1e+18,0,0.0,0.0,3.5714285076530627,20,0.0,200,0,pathLen
train_0037,C:\Users\tao20\Desktop\Algorithm\AIPlayerDesktop\data\蔡扬的\train\train_0037.json,55,7,False,3,7,3,6, ,-1e+18,0,0.0,0.0,3.5714285076530627,6,0.0,200,0,pathLen
train_0037,C:\Users\tao20\Desktop\Algorithm\AIPlayerDesktop\data\蔡扬的\train\train_0037.json,56,1,True,7,12,7,11, ,10.740137653764855,0,26.181818181818183,0.0,3.5087718682671603,6,0.0,200,12,Iproxy
train_0037,C:\Users\tao20\Desktop\Algorithm\AIPlayerDesktop\data\蔡扬的\train\train_0037.json,56,2,False,8,11,8,10, ,10.740137653764855,0,26.181818181818183,0.0,3.5087718682671603,6,0.0,200,12,Iproxy
train_0037,C:\Users\tao20\Desktop\Algorithm\AIPlayerDesktop\data\蔡扬的\train\train_0037.json,56,3,False,2,9,2,8, ,-9.175163790779678,0,2.181818181818182,0.0,3.5087718682671603,4,0.0,200,1,pathLen
train_0037,C:\Users\tao20\Desktop\Algorithm\AIPlayerDesktop\data\蔡扬的\train\train_0037.json,56,4,False,6,1,6,0, ,-23.786177529984,0,26.181818181818183,0.0,3.5087718682671603,18,0.0,200,12,pathLen
train_0037,C:\Users\tao20\Desktop\Algorithm\AIPlayerDesktop\data\蔡扬的\train\train_0037.json,56,5,False,3,4,3,3, ,-43.701478974528534,0,2.181818181818182,0.0,3.5087718682671603,16,0.0,200,1,pathLen
train_0037,C:\Users\tao20\Desktop\Algorithm\AIPlayerDesktop\data\蔡扬的\train\train_0037.json,56,6,False,1,3,1,2, ,-1e+18,0,0.0,0.0,3.5087718682671603,19,0.0,200,0,pathLen
train_0037,C:\Users\tao20\Desktop\Algorithm\AIPlayerDesktop\data\蔡扬的\train\train_0037.json,56,7,False,3,7,3,6, ,-1e+18,0,0.0,0.0,3.5087718682671603,7,0.0,200,0,pathLen
train_0037,C:\Users\tao20\Desktop\Algorithm\AIPlayerDesktop\data\蔡扬的\train\train_0037.json,57,1,True,7,12,7,11, ,13.82864686920073,0,26.181818181818183,0.0,3.448275802615935,5,0.0,200,12,Iproxy
train_0037,C:\Users\tao20\Desktop\Algorithm\AIPlayerDesktop\data\蔡扬的\train\train_0037.json,57,2,False,8,11,8,10, ,13.82864686920073,0,26.181818181818183,0.0,3.448275802615935,5,0.0,200,12,Iproxy
train_0037,C:\Users\tao20\Desktop\Algorithm\AIPlayerDesktop\data\蔡扬的\train\train_0037.json,57,3,False,2,9,2,8, ,-11.80738265239816,0,2.181818181818182,0.0,3.448275802615935,5,0.0,200,1,pathLen
train_0037,C:\Users\tao20\Desktop\Algorithm\AIPlayerDesktop\data\蔡扬的\train\train_0037.json,57,4,False,6,1,6,0, ,-20.10238702854007,0,26.181818181818183,0.0,3.448275802615935,17,0.0,200,12,pathLen
train_0037,C:\Users\tao20\Desktop\Algorithm\AIPlayerDesktop\data\蔡扬的\train\train_0037.json,57,5,False,3,4,3,3, ,-40.08324423384882,0,2.181818181818182,0.0,3.448275802615935,15,0.0,200,1,pathLen
train_0037,C:\Users\tao20\Desktop\Algorithm\AIPlayerDesktop\data\蔡扬的\train\train_0037.json,57,6,False,1,3,1,2, ,-1e+18,0,0.0,0.0,3.448275802615935,18,0.0,200,0,pathLen
train_0037,C:\Users\tao20\Desktop\Algorithm\AIPlayerDesktop\data\蔡扬的\train\train_0037.json,57,7,False,3,7,3,6, ,-1e+18,0,0.0,0.0,3.448275802615935,8,0.0,200,0,pathLen
train_0037,C:\Users\tao20\Desktop\Algorithm\AIPlayerDesktop\data\蔡扬的\train\train_0037.json,58,1,True,7,12,7,11, ,16.818559712010465,0,26.181818181818183,0.0,3.389830451019823,4,0.0,200,12,Iproxy
train_0037,C:\Users\tao20\Desktop\Algorithm\AIPlayerDesktop\data\蔡扬的\train\train_0037.json,58,2,False,8,11,8,10, ,16.818559712010465,0,26.181818181818183,0.0,3.389830451019823,4,0.0,200,12,Iproxy
train_0037,C:\Users\tao20\Desktop\Algorithm\AIPlayerDesktop\data\蔡扬的\train\train_0037.json,58,3,False,2,9,2,8, ,-14.349865519737905,0,2.181818181818182,0.0,3.389830451019823,6,0.0,200,1,pathLen
train_0037,C:\Users\tao20\Desktop\Algorithm\AIPlayerDesktop\data\蔡扬的\train\train_0037.json,58,4,False,6,1,6,0, ,-16.53737192602459,0,26.181818181818183,0.0,3.389830451019823,16,0.0,200,12,pathLen
train_0037,C:\Users\tao20\Desktop\Algorithm\AIPlayerDesktop\data\蔡扬的\train\train_0037.json,58,5,False,3,4,3,3, ,-36.58715327842794,0,2.181818181818182,0.0,3.389830451019823,14,0.0,200,1,pathLen
train_0037,C:\Users\tao20\Desktop\Algorithm\AIPlayerDesktop\data\蔡扬的\train\train_0037.json,58,6,False,1,3,1,2, ,-1e+18,0,0.0,0.0,3.389830451019823,17,0.0,200,0,pathLen
train_0037,C:\Users\tao20\Desktop\Algorithm\AIPlayerDesktop\data\蔡扬的\train\train_0037.json,58,7,False,3,7,3,6, ,-1e+18,0,0.0,0.0,3.389830451019823,9,0.0,200,0,pathLen
train_0037,C:\Users\tao20\Desktop\Algorithm\AIPlayerDesktop\data\蔡扬的\train\train_0037.json,59,1,True,7,12,7,11, ,19.713704473165684,0,26.181818181818183,0.0,3.3333332777777787,3,0.0,200,12,Iproxy
train_0037,C:\Users\tao20\Desktop\Algorithm\AIPlayerDesktop\data\蔡扬的\train\train_0037.json,59,2,False,8,11,8,10, ,19.713704473165684,0,26.181818181818183,0.0,3.3333332777777787,3,0.0,200,12,Iproxy
train_0037,C:\Users\tao20\Desktop\Algorithm\AIPlayerDesktop\data\蔡扬的\train\train_0037.json,59,3,False,6,1,6,0, ,-13.086294980167654,0,26.181818181818183,0.0,3.3333332777777787,15,0.0,200,12,pathLen
train_0037,C:\Users\tao20\Desktop\Algorithm\AIPlayerDesktop\data\蔡扬的\train\train_0037.json,59,4,False,2,9,2,8, ,-16.807190986402865,0,2.181818181818182,0.0,3.3333332777777787,7,0.0,200,1,pathLen
train_0037,C:\Users\tao20\Desktop\Algorithm\AIPlayerDesktop\data\蔡扬的\train\train_0037.json,59,5,False,3,4,3,3, ,-33.20719071306954,0,2.181818181818182,0.0,3.3333332777777787,13,0.0,200,1,pathLen
train_0037,C:\Users\tao20\Desktop\Algorithm\AIPlayerDesktop\data\蔡扬的\train\train_0037.json,59,6,False,1,3,1,2, ,-1e+18,0,0.0,0.0,3.3333332777777787,16,0.0,200,0,pathLen
train_0037,C:\Users\tao20\Desktop\Algorithm\AIPlayerDesktop\data\蔡扬的\train\train_0037.json,59,7,False,3,7,3,6, ,-1e+18,0,0.0,0.0,3.3333332777777787,10,0.0,200,0,pathLen
train_0037,C:\Users\tao20\Desktop\Algorithm\AIPlayerDesktop\data\蔡扬的\train\train_0037.json,60,1,True,7,12,7,11, ,22.517855840434333,0,26.181818181818183,0.0,3.2786884708411725,2,0.0,200,12,Iproxy
train_0037,C:\Users\tao20\Desktop\Algorithm\AIPlayerDesktop\data\蔡扬的\train\train_0037.json,60,2,False,8,11,8,10, ,22.517855840434333,0,26.181818181818183,0.0,3.2786884708411725,2,0.0,200,12,Iproxy
train_0037,C:\Users\tao20\Desktop\Algorithm\AIPlayerDesktop\data\蔡扬的\train\train_0037.json,60,3,False,6,1,6,0, ,-9.744438712642804,0,26.181818181818183,0.0,3.2786884708411725,14,0.0,200,12,pathLen
train_0037,C:\Users\tao20\Desktop\Algorithm\AIPlayerDesktop\data\蔡扬的\train\train_0037.json,60,4,False,2,9,2,8, ,-19.183620957666935,0,2.181818181818182,0.0,3.2786884708411725,8,0.0,200,1,pathLen
train_0037,C:\Users\tao20\Desktop\Algorithm\AIPlayerDesktop\data\蔡扬的\train\train_0037.json,60,5,False,3,4,3,3, ,-29.93771914202598,0,2.181818181818182,0.0,3.2786884708411725,12,0.0,200,1,pathLen
train_0037,C:\Users\tao20\Desktop\Algorithm\AIPlayerDesktop\data\蔡扬的\train\train_0037.json,60,6,False,1,3,1,2, ,-1e+18,0,0.0,0.0,3.2786884708411725,15,0.0,200,0,pathLen
train_0037,C:\Users\tao20\Desktop\Algorithm\AIPlayerDesktop\data\蔡扬的\train\train_0037.json,60,7,False,3,7,3,6, ,-1e+18,0,0.0,0.0,3.2786884708411725,11,0.0,200,0,pathLen
train_0037,C:\Users\tao20\Desktop\Algorithm\AIPlayerDesktop\data\蔡扬的\train\train_0037.json,61,1,True,7,12,7,11, ,25.234704161847024,0,26.181818181818183,0.0,3.225806399583768,1,0.0,200,12,Iproxy
train_0037,C:\Users\tao20\Desktop\Algorithm\AIPlayerDesktop\data\蔡扬的\train\train_0037.json,61,2,False,8,11,8,10, ,25.234704161847024,0,26.181818181818183,0.0,3.225806399583768,1,0.0,200,12,Iproxy
train_0037,C:\Users\tao20\Desktop\Algorithm\AIPlayerDesktop\data\蔡扬的\train\train_0037.json,61,3,False,6,1,6,0, ,-6.507230810057251,0,26.181818181818183,0.0,3.225806399583768,13,0.0,200,12,pathLen
train_0037,C:\Users\tao20\Desktop\Algorithm\AIPlayerDesktop\data\蔡扬的\train\train_0037.json,61,4,False,2,9,2,8, ,-21.483129111469395,0,2.181818181818182,0.0,3.225806399583768,9,0.0,200,1,pathLen
train_0037,C:\Users\tao20\Desktop\Algorithm\AIPlayerDesktop\data\蔡扬的\train\train_0037.json,61,5,False,3,4,3,3, ,-26.773451606786775,0,2.181818181818182,0.0,3.225806399583768,11,0.0,200,1,pathLen
train_0037,C:\Users\tao20\Desktop\Algorithm\AIPlayerDesktop\data\蔡扬的\train\train_0037.json,61,6,False,1,3,1,2, ,-1e+18,0,0.0,0.0,3.225806399583768,14,0.0,200,0,pathLen
train_0037,C:\Users\tao20\Desktop\Algorithm\AIPlayerDesktop\data\蔡扬的\train\train_0037.json,61,7,False,3,7,3,6, ,-1e+18,0,0.0,0.0,3.225806399583768,12,0.0,200,0,pathLen
train_0037,C:\Users\tao20\Desktop\Algorithm\AIPlayerDesktop\data\蔡扬的\train\train_0037.json,62,1,True,7,13,7,12, ,24.542544026641487,0,25.548387096774192,0.0,3.174603124212649,1,0.0,200,12,Iproxy
train_0037,C:\Users\tao20\Desktop\Algorithm\AIPlayerDesktop\data\蔡扬的\train\train_0037.json,62,2,False,6,13,6,12, ,21.939369464787113,0,25.548387096774192,0.0,3.174603124212649,2,0.0,200,12,Iproxy
train_0037,C:\Users\tao20\Desktop\Algorithm\AIPlayerDesktop\data\蔡扬的\train\train_0037.json,62,3,False,8,11,8,10, ,21.939369464787113,0,25.548387096774192,0.0,3.174603124212649,2,0.0,200,12,Iproxy
train_0037,C:\Users\tao20\Desktop\Algorithm\AIPlayerDesktop\data\蔡扬的\train\train_0037.json,62,4,False,6,1,6,0, ,-9.298725277465348,0,25.548387096774192,0.0,3.174603124212649,14,0.0,200,12,pathLen
train_0037,C:\Users\tao20\Desktop\Algorithm\AIPlayerDesktop\data\蔡扬的\train\train_0037.json,62,5,False,2,9,2,8, ,-23.769602402835734,0,2.129032258064516,0.0,3.174603124212649,10,0.0,200,1,pathLen
train_0037,C:\Users\tao20\Desktop\Algorithm\AIPlayerDesktop\data\蔡扬的\train\train_0037.json,62,6,False,3,4,3,3, ,-28.975951526544478,0,2.129032258064516,0.0,3.174603124212649,12,0.0,200,1,pathLen
train_0037,C:\Users\tao20\Desktop\Algorithm\AIPlayerDesktop\data\蔡扬的\train\train_0037.json,62,7,False,1,3,1,2, ,-1e+18,0,0.0,0.0,3.174603124212649,15,0.0,200,0,pathLen
train_0037,C:\Users\tao20\Desktop\Algorithm\AIPlayerDesktop\data\蔡扬的\train\train_0037.json,62,8,False,3,7,3,6, ,-1e+18,0,0.0,0.0,3.174603124212649,13,0.0,200,0,pathLen
train_0037,C:\Users\tao20\Desktop\Algorithm\AIPlayerDesktop\data\蔡扬的\train\train_0037.json,63,1,True,6,13,6,12, ,23.848648110188837,0,24.944881889763778,0.0,3.124999951171876,1,0.0,200,12,Iproxy
train_0037,C:\Users\tao20\Desktop\Algorithm\AIPlayerDesktop\data\蔡扬的\train\train_0037.json,63,2,False,8,11,8,10, ,18.72364819026696,0,24.944881889763778,0.0,3.124999951171876,3,0.0,200,12,Iproxy
train_0037,C:\Users\tao20\Desktop\Algorithm\AIPlayerDesktop\data\蔡扬的\train\train_0037.json,63,3,False,6,1,6,0, ,-12.026351329264298,0,24.944881889763778,0.0,3.124999951171876,15,0.0,200,12,pathLen
train_0037,C:\Users\tao20\Desktop\Algorithm\AIPlayerDesktop\data\蔡扬的\train\train_0037.json,63,4,False,2,9,2,8, ,-25.986570553724505,0,2.078740157480315,0.0,3.124999951171876,11,0.0,200,1,pathLen
train_0037,C:\Users\tao20\Desktop\Algorithm\AIPlayerDesktop\data\蔡扬的\train\train_0037.json,63,5,False,3,4,3,3, ,-31.11157047364638,0,2.078740157480315,0.0,3.124999951171876,13,0.0,200,1,pathLen
train_0037,C:\Users\tao20\Desktop\Algorithm\AIPlayerDesktop\data\蔡扬的\train\train_0037.json,63,6,False,1,3,1,2, ,-1e+18,0,0.0,0.0,3.124999951171876,16,0.0,200,0,pathLen
train_0037,C:\Users\tao20\Desktop\Algorithm\AIPlayerDesktop\data\蔡扬的\train\train_0037.json,63,7,False,3,7,3,6, ,-1e+18,0,0.0,0.0,3.124999951171876,14,0.0,200,0,pathLen
train_0037,C:\Users\tao20\Desktop\Algorithm\AIPlayerDesktop\data\蔡扬的\train\train_0037.json,64,1,True,5,13,5,12, ,23.374406585439946,0,24.558139534883722,0.0,3.0769230295858,1,0.0,200,12,Iproxy
train_0037,C:\Users\tao20\Desktop\Algorithm\AIPlayerDesktop\data\蔡扬的\train\train_0037.json,64,2,False,8,11,8,10, ,15.805175932658878,0,24.558139534883722,0.0,3.0769230295858,4,0.0,200,12,Iproxy
train_0037,C:\Users\tao20\Desktop\Algorithm\AIPlayerDesktop\data\蔡扬的\train\train_0037.json,64,3,False,6,1,6,0, ,-14.47174667846539,0,24.558139534883722,0.0,3.0769230295858,16,0.0,200,12,pathLen
train_0037,C:\Users\tao20\Desktop\Algorithm\AIPlayerDesktop\data\蔡扬的\train\train_0037.json,64,4,False,2,9,2,8, ,-28.118798988649246,0,2.046511627906977,0.0,3.0769230295858,12,0.0,200,1,pathLen
train_0037,C:\Users\tao20\Desktop\Algorithm\AIPlayerDesktop\data\蔡扬的\train\train_0037.json,64,5,False,3,4,3,3, ,-33.16495275716996,0,2.046511627906977,0.0,3.0769230295858,14,0.0,200,1,pathLen
train_0037,C:\Users\tao20\Desktop\Algorithm\AIPlayerDesktop\data\蔡扬的\train\train_0037.json,64,6,False,1,3,1,2, ,-1e+18,0,0.0,0.0,3.0769230295858,17,0.0,200,0,pathLen
train_0037,C:\Users\tao20\Desktop\Algorithm\AIPlayerDesktop\data\蔡扬的\train\train_0037.json,64,7,False,3,7,3,6, ,-1e+18,0,0.0,0.0,3.0769230295858,15,0.0,200,0,pathLen
train_0037,C:\Users\tao20\Desktop\Algorithm\AIPlayerDesktop\data\蔡扬的\train\train_0037.json,65,1,True,4,13,4,12, ,22.904965931020246,0,24.18320610687023,0.0,3.030302984389349,1,0.0,200,12,Iproxy
train_0037,C:\Users\tao20\Desktop\Algorithm\AIPlayerDesktop\data\蔡扬的\train\train_0037.json,65,2,False,8,11,8,10, ,12.965572142223182,0,24.18320610687023,0.0,3.030302984389349,5,0.0,200,12,Iproxy
train_0037,C:\Users\tao20\Desktop\Algorithm\AIPlayerDesktop\data\蔡扬的\train\train_0037.json,65,3,False,6,1,6,0, ,-16.852609224168013,0,24.18320610687023,0.0,3.030302984389349,17,0.0,200,12,pathLen
train_0037,C:\Users\tao20\Desktop\Algorithm\AIPlayerDesktop\data\蔡扬的\train\train_0037.json,65,4,False,2,9,2,8, ,-30.18721194873883,0,2.0152671755725193,0.0,3.030302984389349,13,0.0,200,1,pathLen
train_0037,C:\Users\tao20\Desktop\Algorithm\AIPlayerDesktop\data\蔡扬的\train\train_0037.json,65,5,False,3,4,3,3, ,-35.15690884313736,0,2.0152671755725193,0.0,3.030302984389349,15,0.0,200,1,pathLen
train_0037,C:\Users\tao20\Desktop\Algorithm\AIPlayerDesktop\data\蔡扬的\train\train_0037.json,65,6,False,1,3,1,2, ,-1e+18,0,0.0,0.0,3.030302984389349,18,0.0,200,0,pathLen
train_0037,C:\Users\tao20\Desktop\Algorithm\AIPlayerDesktop\data\蔡扬的\train\train_0037.json,65,7,False,3,7,3,6, ,-1e+18,0,0.0,0.0,3.030302984389349,16,0.0,200,0,pathLen
train_0037,C:\Users\tao20\Desktop\Algorithm\AIPlayerDesktop\data\蔡扬的\train\train_0037.json,66,1,True,8,11,8,10, ,6.734972258584129,0,20.571428571428573,0.0,2.9850745823123197,6,0.0,200,12,Iproxy
train_0037,C:\Users\tao20\Desktop\Algorithm\AIPlayerDesktop\data\蔡扬的\train\train_0037.json,66,2,False,3,13,3,12,T,-11.02622195393536,-30,20.571428571428573,0.0,2.9850745823123197,1,0.0,170,12,deltaR
train_0037,C:\Users\tao20\Desktop\Algorithm\AIPlayerDesktop\data\蔡扬的\train\train_0037.json,66,3,False,6,1,6,0, ,-22.638161631369094,0,20.571428571428573,0.0,2.9850745823123197,18,0.0,200,12,pathLen
train_0037,C:\Users\tao20\Desktop\Algorithm\AIPlayerDesktop\data\蔡扬的\train\train_0037.json,66,4,False,2,9,2,8, ,-32.483527937982025,0,1.7142857142857142,0.0,2.9850745823123197,14,0.0,200,1,pathLen
train_0037,C:\Users\tao20\Desktop\Algorithm\AIPlayerDesktop\data\蔡扬的\train\train_0037.json,66,5,False,3,4,3,3, ,-37.37905025297423,0,1.7142857142857142,0.0,2.9850745823123197,16,0.0,200,1,pathLen
train_0037,C:\Users\tao20\Desktop\Algorithm\AIPlayerDesktop\data\蔡扬的\train\train_0037.json,66,6,False,1,3,1,2, ,-1e+18,0,0.0,0.0,2.9850745823123197,19,0.0,200,0,pathLen
train_0037,C:\Users\tao20\Desktop\Algorithm\AIPlayerDesktop\data\蔡扬的\train\train_0037.json,66,7,False,3,7,3,6, ,-1e+18,0,0.0,0.0,2.9850745823123197,17,0.0,200,0,pathLen
train_0037,C:\Users\tao20\Desktop\Algorithm\AIPlayerDesktop\data\蔡扬的\train\train_0037.json,67,1,True,8,11,8,10, ,9.221683923181223,0,20.571428571428573,0.0,2.9411764273356407,5,0.0,200,12,Iproxy
train_0037,C:\Users\tao20\Desktop\Algorithm\AIPlayerDesktop\data\蔡扬的\train\train_0037.json,67,2,False,3,13,3,12,T,-13.543022065573101,-30,20.571428571428573,0.0,2.9411764273356407,2,0.0,170,12,deltaR
train_0037,C:\Users\tao20\Desktop\Algorithm\AIPlayerDesktop\data\蔡扬的\train\train_0037.json,67,3,False,6,1,6,0, ,-19.71949212180148,0,20.571428571428573,0.0,2.9411764273356407,17,0.0,200,12,pathLen
train_0037,C:\Users\tao20\Desktop\Algorithm\AIPlayerDesktop\data\蔡扬的\train\train_0037.json,67,4,False,2,9,2,8, ,-29.57956510912648,0,1.7142857142857142,0.0,2.9411764273356407,13,0.0,200,1,pathLen
train_0037,C:\Users\tao20\Desktop\Algorithm\AIPlayerDesktop\data\蔡扬的\train\train_0037.json,67,5,False,3,4,3,3, ,-34.40309444995694,0,1.7142857142857142,0.0,2.9411764273356407,15,0.0,200,1,pathLen
train_0037,C:\Users\tao20\Desktop\Algorithm\AIPlayerDesktop\data\蔡扬的\train\train_0037.json,67,6,False,1,3,1,2, ,-1e+18,0,0.0,0.0,2.9411764273356407,18,0.0,200,0,pathLen
train_0037,C:\Users\tao20\Desktop\Algorithm\AIPlayerDesktop\data\蔡扬的\train\train_0037.json,67,7,False,3,7,3,6, ,-1e+18,0,0.0,0.0,2.9411764273356407,16,0.0,200,0,pathLen
train_0037,C:\Users\tao20\Desktop\Algorithm\AIPlayerDesktop\data\蔡扬的\train\train_0037.json,68,1,True,8,11,8,10, ,11.660435493589222,0,20.571428571428573,0.0,2.8985506826297005,4,0.0,200,12,Iproxy
train_0037,C:\Users\tao20\Desktop\Algorithm\AIPlayerDesktop\data\蔡扬的\train\train_0037.json,68,2,False,3,13,3,12,T,-15.962752946654422,-30,20.571428571428573,0.0,2.8985506826297005,3,0.0,170,12,deltaR
train_0037,C:\Users\tao20\Desktop\Algorithm\AIPlayerDesktop\data\蔡扬的\train\train_0037.json,68,3,False,6,1,6,0, ,-16.861303223487027,0,20.571428571428573,0.0,2.8985506826297005,16,0.0,200,12,pathLen
train_0037,C:\Users\tao20\Desktop\Algorithm\AIPlayerDesktop\data\蔡扬的\train\train_0037.json,68,4,False,2,9,2,8, ,-26.757765239358363,0,1.7142857142857142,0.0,2.8985506826297005,12,0.0,200,1,pathLen
train_0037,C:\Users\tao20\Desktop\Algorithm\AIPlayerDesktop\data\蔡扬的\train\train_0037.json,68,5,False,3,4,3,3, ,-31.51138835887107,0,1.7142857142857142,0.0,2.8985506826297005,14,0.0,200,1,pathLen
train_0037,C:\Users\tao20\Desktop\Algorithm\AIPlayerDesktop\data\蔡扬的\train\train_0037.json,68,6,False,1,3,1,2, ,-1e+18,0,0.0,0.0,2.8985506826297005,17,0.0,200,0,pathLen
train_0037,C:\Users\tao20\Desktop\Algorithm\AIPlayerDesktop\data\蔡扬的\train\train_0037.json,68,7,False,3,7,3,6, ,-1e+18,0,0.0,0.0,2.8985506826297005,15,0.0,200,0,pathLen
train_0037,C:\Users\tao20\Desktop\Algorithm\AIPlayerDesktop\data\蔡扬的\train\train_0037.json,69,1,True,8,11,8,10, ,14.048849970337201,0,20.571428571428573,0.0,2.8571428163265313,3,0.0,200,12,Iproxy
train_0037,C:\Users\tao20\Desktop\Algorithm\AIPlayerDesktop\data\蔡扬的\train\train_0037.json,69,2,False,6,1,6,0, ,-14.065435342315865,0,20.571428571428573,0.0,2.8571428163265313,15,0.0,200,12,pathLen
train_0037,C:\Users\tao20\Desktop\Algorithm\AIPlayerDesktop\data\蔡扬的\train\train_0037.json,69,3,False,3,13,3,12,T,-18.294007139050557,-30,20.571428571428573,0.0,2.8571428163265313,4,0.0,170,12,deltaR
train_0037,C:\Users\tao20\Desktop\Algorithm\AIPlayerDesktop\data\蔡扬的\train\train_0037.json,69,4,False,2,9,2,8, ,-24.014976428390273,0,1.7142857142857142,0.0,2.8571428163265313,11,0.0,200,1,pathLen
train_0037,C:\Users\tao20\Desktop\Algorithm\AIPlayerDesktop\data\蔡扬的\train\train_0037.json,69,5,False,3,4,3,3, ,-28.700690647165786,0,1.7142857142857142,0.0,2.8571428163265313,13,0.0,200,1,pathLen
train_0037,C:\Users\tao20\Desktop\Algorithm\AIPlayerDesktop\data\蔡扬的\train\train_0037.json,69,6,False,1,3,1,2, ,-1e+18,0,0.0,0.0,2.8571428163265313,16,0.0,200,0,pathLen
train_0037,C:\Users\tao20\Desktop\Algorithm\AIPlayerDesktop\data\蔡扬的\train\train_0037.json,69,7,False,3,7,3,6, ,-1e+18,0,0.0,0.0,2.8571428163265313,14,0.0,200,0,pathLen
train_0037,C:\Users\tao20\Desktop\Algorithm\AIPlayerDesktop\data\蔡扬的\train\train_0037.json,70,1,True,8,11,8,10, ,16.385494706416434,0,20.571428571428573,0.0,2.8169013687760374,2,0.0,200,12,Iproxy
train_0037,C:\Users\tao20\Desktop\Algorithm\AIPlayerDesktop\data\蔡扬的\train\train_0037.json,70,2,False,6,1,6,0, ,-11.332814762339776,0,20.571428571428573,0.0,2.8169013687760374,14,0.0,200,12,pathLen
train_0037,C:\Users\tao20\Desktop\Algorithm\AIPlayerDesktop\data\蔡扬的\train\train_0037.json,70,3,False,3,13,3,12,T,-20.544082660772617,-30,20.571428571428573,0.0,2.8169013687760374,5,0.0,170,12,deltaR
train_0037,C:\Users\tao20\Desktop\Algorithm\AIPlayerDesktop\data\蔡扬的\train\train_0037.json,70,4,False,2,9,2,8, ,-21.348156811362745,0,1.7142857142857142,0.0,2.8169013687760374,10,0.0,200,1,pathLen
train_0037,C:\Users\tao20\Desktop\Algorithm\AIPlayerDesktop\data\蔡扬的\train\train_0037.json,70,5,False,3,4,3,3, ,-25.96787505615545,0,1.7142857142857142,0.0,2.8169013687760374,12,0.0,200,1,pathLen
train_0037,C:\Users\tao20\Desktop\Algorithm\AIPlayerDesktop\data\蔡扬的\train\train_0037.json,70,6,False,1,3,1,2, ,-1e+18,0,0.0,0.0,2.8169013687760374,15,0.0,200,0,pathLen
train_0037,C:\Users\tao20\Desktop\Algorithm\AIPlayerDesktop\data\蔡扬的\train\train_0037.json,70,7,False,3,7,3,6, ,-1e+18,0,0.0,0.0,2.8169013687760374,13,0.0,200,0,pathLen
train_0037,C:\Users\tao20\Desktop\Algorithm\AIPlayerDesktop\data\蔡扬的\train\train_0037.json,71,1,True,8,11,8,10, ,18.669668527234094,0,20.571428571428573,0.0,2.7777777391975316,1,0.0,200,12,Iproxy
train_0037,C:\Users\tao20\Desktop\Algorithm\AIPlayerDesktop\data\蔡扬的\train\train_0037.json,71,2,False,6,1,6,0, ,-8.663664426469616,0,20.571428571428573,0.0,2.7777777391975316,13,0.0,200,12,pathLen
train_0037,C:\Users\tao20\Desktop\Algorithm\AIPlayerDesktop\data\蔡扬的\train\train_0037.json,71,3,False,2,9,2,8, ,-18.75437919249644,0,1.7142857142857142,0.0,2.7777777391975316,9,0.0,200,1,pathLen
train_0037,C:\Users\tao20\Desktop\Algorithm\AIPlayerDesktop\data\蔡扬的\train\train_0037.json,71,4,False,3,13,3,12,T,-22.719220203475786,-30,20.571428571428573,0.0,2.7777777391975316,6,0.0,170,12,deltaR
train_0037,C:\Users\tao20\Desktop\Algorithm\AIPlayerDesktop\data\蔡扬的\train\train_0037.json,71,5,False,3,4,3,3, ,-23.30993468478039,0,1.7142857142857142,0.0,2.7777777391975316,11,0.0,200,1,pathLen
train_0037,C:\Users\tao20\Desktop\Algorithm\AIPlayerDesktop\data\蔡扬的\train\train_0037.json,71,6,False,1,3,1,2, ,-1e+18,0,0.0,0.0,2.7777777391975316,14,0.0,200,0,pathLen
train_0037,C:\Users\tao20\Desktop\Algorithm\AIPlayerDesktop\data\蔡扬的\train\train_0037.json,71,7,False,3,7,3,6, ,-1e+18,0,0.0,0.0,2.7777777391975316,12,0.0,200,0,pathLen
train_0037,C:\Users\tao20\Desktop\Algorithm\AIPlayerDesktop\data\蔡扬的\train\train_0037.json,72,1,True,9,12,9,11,G,71.30647157619015,50,25.411764705882355,0.0,2.739725989866767,2,0.0,250,12,deltaR
train_0037,C:\Users\tao20\Desktop\Algorithm\AIPlayerDesktop\data\蔡扬的\train\train_0037.json,72,2,False,9,11,9,10, ,54.303046887880896,0,25.411764705882355,25.0,2.739725989866767,1,0.0,200,12,Iproxy
train_0037,C:\Users\tao20\Desktop\Algorithm\AIPlayerDesktop\data\蔡扬的\train\train_0037.json,72,3,False,9,10,9,9, ,41.80647157619015,0,25.411764705882355,16.666666666666668,2.739725989866767,2,0.0,200,12,Iproxy
train_0037,C:\Users\tao20\Desktop\Algorithm\AIPlayerDesktop\data\蔡扬的\train\train_0037.json,72,4,False,6,1,6,0, ,-2.034785105275315,0,25.411764705882355,2.9411764705882355,2.739725989866767,14,0.0,200,12,pathLen
train_0037,C:\Users\tao20\Desktop\Algorithm\AIPlayerDesktop\data\蔡扬的\train\train_0037.json,72,5,False,3,13,3,12,T,-13.776404982263601,-30,25.411764705882355,5.0,2.739725989866767,7,0.0,170,12,deltaR
train_0037,C:\Users\tao20\Desktop\Algorithm\AIPlayerDesktop\data\蔡扬的\train\train_0037.json,72,6,False,2,9,2,8, ,-15.585015369507285,0,2.11764705882353,3.8461538461538463,2.739725989866767,10,0.0,200,1,pathLen
train_0037,C:\Users\tao20\Desktop\Algorithm\AIPlayerDesktop\data\蔡扬的\train\train_0037.json,72,7,False,3,4,3,3, ,-20.708935223658013,0,2.11764705882353,3.3333333333333335,2.739725989866767,12,0.0,200,1,pathLen
train_0037,C:\Users\tao20\Desktop\Algorithm\AIPlayerDesktop\data\蔡扬的\train\train_0037.json,72,8,False,3,7,3,6, ,-25.361729051979733,0,0.0,3.125,2.739725989866767,13,0.0,200,0,pathLen
train_0037,C:\Users\tao20\Desktop\Algorithm\AIPlayerDesktop\data\蔡扬的\train\train_0037.json,72,9,False,1,3,1,2, ,-30.281963008694564,0,0.0,2.7777777777777777,2.739725989866767,15,0.0,200,0,pathLen
train_0037,C:\Users\tao20\Desktop\Algorithm\AIPlayerDesktop\data\蔡扬的\train\train_0037.json,73,1,True,9,12,9,11,G,72.92198231601245,50,24.863309352517984,0.0,2.702702666179694,1,0.0,250,12,deltaR
train_0037,C:\Users\tao20\Desktop\Algorithm\AIPlayerDesktop\data\蔡扬的\train\train_0037.json,73,2,False,9,10,9,9, ,43.421982316012446,0,24.863309352517984,16.666666666666668,2.702702666179694,1,0.0,200,12,Iproxy
train_0037,C:\Users\tao20\Desktop\Algorithm\AIPlayerDesktop\data\蔡扬的\train\train_0037.json,73,3,False,6,1,6,0, ,-4.487397232906918,0,24.863309352517984,2.9411764705882355,2.702702666179694,15,0.0,200,12,pathLen
train_0037,C:\Users\tao20\Desktop\Algorithm\AIPlayerDesktop\data\蔡扬的\train\train_0037.json,73,4,False,3,13,3,12,T,-16.441530987859004,-30,24.863309352517984,5.0,2.702702666179694,8,0.0,170,12,deltaR
train_0037,C:\Users\tao20\Desktop\Algorithm\AIPlayerDesktop\data\蔡扬的\train\train_0037.json,73,5,False,2,9,2,8, ,-17.552758942981626,0,2.0719424460431655,3.8461538461538463,2.702702666179694,11,0.0,200,1,pathLen
train_0037,C:\Users\tao20\Desktop\Algorithm\AIPlayerDesktop\data\蔡扬的\train\train_0037.json,73,6,False,3,4,3,3, ,-22.61596054628555,0,2.0719424460431655,3.3333333333333335,2.702702666179694,13,0.0,200,1,pathLen
train_0037,C:\Users\tao20\Desktop\Algorithm\AIPlayerDesktop\data\蔡扬的\train\train_0037.json,73,7,False,3,7,3,6, ,-27.183276607742883,0,0.0,3.125,2.702702666179694,14,0.0,200,0,pathLen
train_0037,C:\Users\tao20\Desktop\Algorithm\AIPlayerDesktop\data\蔡扬的\train\train_0037.json,73,8,False,1,3,1,2, ,-32.04279231361092,0,0.0,2.7777777777777777,2.702702666179694,16,0.0,200,0,pathLen
train_0037,C:\Users\tao20\Desktop\Algorithm\AIPlayerDesktop\data\蔡扬的\train\train_0037.json,74,1,True,9,13,9,12, ,21.936443482311866,0,24.510638297872344,0.0,3.33333328888889,1,0.0,250,12,Iproxy
train_0037,C:\Users\tao20\Desktop\Algorithm\AIPlayerDesktop\data\蔡扬的\train\train_0037.json,74,2,False,9,10,9,9, ,19.20311018542298,0,24.510638297872344,0.0,3.33333328888889,2,0.0,250,12,Iproxy
train_0037,C:\Users\tao20\Desktop\Algorithm\AIPlayerDesktop\data\蔡扬的\train\train_0037.json,74,3,False,10,13,10,12, ,19.20311018542298,0,24.510638297872344,0.0,3.33333328888889,2,0.0,250,12,Iproxy
train_0037,C:\Users\tao20\Desktop\Algorithm\AIPlayerDesktop\data\蔡扬的\train\train_0037.json,74,4,False,6,1,6,0, ,-19.063555971021476,0,24.510638297872344,0.0,3.33333328888889,16,0.0,250,12,pathLen
train_0037,C:\Users\tao20\Desktop\Algorithm\AIPlayerDesktop\data\蔡扬的\train\train_0037.json,74,5,False,3,13,3,12,T,-29.93022289279925,-30,24.510638297872344,0.0,3.33333328888889,9,0.0,220,12,deltaR
train_0037,C:\Users\tao20\Desktop\Algorithm\AIPlayerDesktop\data\蔡扬的\train\train_0037.json,74,6,False,2,9,2,8, ,-30.744184831066608,0,2.0425531914893615,0.0,3.33333328888889,12,0.0,250,1,pathLen
train_0037,C:\Users\tao20\Desktop\Algorithm\AIPlayerDesktop\data\蔡扬的\train\train_0037.json,74,7,False,3,4,3,3, ,-36.210851424844385,0,2.0425531914893615,0.0,3.33333328888889,14,0.0,250,1,pathLen
train_0037,C:\Users\tao20\Desktop\Algorithm\AIPlayerDesktop\data\蔡扬的\train\train_0037.json,74,8,False,1,3,1,2, ,-1e+18,0,0.0,0.0,3.33333328888889,17,0.0,250,0,pathLen
train_0037,C:\Users\tao20\Desktop\Algorithm\AIPlayerDesktop\data\蔡扬的\train\train_0037.json,74,9,False,3,7,3,6, ,-1e+18,0,0.0,0.0,3.33333328888889,15,0.0,250,0,pathLen
train_0037,C:\Users\tao20\Desktop\Algorithm\AIPlayerDesktop\data\蔡扬的\train\train_0037.json,75,1,True,10,13,10,12, ,21.510166224685722,0,24.167832167832167,0.0,3.2894736409279783,1,0.0,250,12,Iproxy
train_0037,C:\Users\tao20\Desktop\Algorithm\AIPlayerDesktop\data\蔡扬的\train\train_0037.json,75,2,False,9,10,9,9, ,16.115429453563838,0,24.167832167832167,0.0,3.2894736409279783,3,0.0,250,12,Iproxy
train_0037,C:\Users\tao20\Desktop\Algorithm\AIPlayerDesktop\data\蔡扬的\train\train_0037.json,75,3,False,6,1,6,0, ,-21.647727944289354,0,24.167832167832167,0.0,3.2894736409279783,17,0.0,250,12,pathLen
train_0037,C:\Users\tao20\Desktop\Algorithm\AIPlayerDesktop\data\蔡扬的\train\train_0037.json,75,4,False,3,13,3,12,T,-32.766149245362755,-30,24.167832167832167,0.0,3.2894736409279783,10,0.0,220,12,pathLen
train_0037,C:\Users\tao20\Desktop\Algorithm\AIPlayerDesktop\data\蔡扬的\train\train_0037.json,75,5,False,2,9,2,8, ,-33.04849446143836,0,2.013986013986014,0.0,3.2894736409279783,13,0.0,250,1,pathLen
train_0037,C:\Users\tao20\Desktop\Algorithm\AIPlayerDesktop\data\蔡扬的\train\train_0037.json,75,6,False,3,4,3,3, ,-38.443231232560244,0,2.013986013986014,0.0,3.2894736409279783,15,0.0,250,1,pathLen
train_0037,C:\Users\tao20\Desktop\Algorithm\AIPlayerDesktop\data\蔡扬的\train\train_0037.json,75,7,False,1,3,1,2, ,-1e+18,0,0.0,0.0,3.2894736409279783,18,0.0,250,0,pathLen
train_0037,C:\Users\tao20\Desktop\Algorithm\AIPlayerDesktop\data\蔡扬的\train\train_0037.json,75,8,False,3,7,3,6, ,-1e+18,0,0.0,0.0,3.2894736409279783,16,0.0,250,0,pathLen
train_0037,C:\Users\tao20\Desktop\Algorithm\AIPlayerDesktop\data\蔡扬的\train\train_0037.json,76,1,True,11,13,11,12, ,20.913309107938275,0,23.671232876712324,0.0,3.2467532045876206,1,0.0,250,12,Iproxy
train_0037,C:\Users\tao20\Desktop\Algorithm\AIPlayerDesktop\data\蔡扬的\train\train_0037.json,76,2,False,9,10,9,9, ,12.92629622465273,0,23.671232876712324,0.0,3.2467532045876206,4,0.0,250,12,Iproxy
train_0037,C:\Users\tao20\Desktop\Algorithm\AIPlayerDesktop\data\蔡扬的\train\train_0037.json,76,3,False,6,1,6,0, ,-24.346430564013154,0,23.671232876712324,0.0,3.2467532045876206,18,0.0,250,12,pathLen
train_0037,C:\Users\tao20\Desktop\Algorithm\AIPlayerDesktop\data\蔡扬的\train\train_0037.json,76,4,False,2,9,2,8, ,-35.30808956069087,0,1.9726027397260273,0.0,3.2467532045876206,14,0.0,250,1,pathLen
train_0037,C:\Users\tao20\Desktop\Algorithm\AIPlayerDesktop\data\蔡扬的\train\train_0037.json,76,5,False,3,13,3,12,T,-35.71006716968021,-30,23.671232876712324,0.0,3.2467532045876206,11,0.0,220,12,pathLen
train_0037,C:\Users\tao20\Desktop\Algorithm\AIPlayerDesktop\data\蔡扬的\train\train_0037.json,76,6,False,3,4,3,3, ,-40.63276481621457,0,1.9726027397260273,0.0,3.2467532045876206,16,0.0,250,1,pathLen
train_0037,C:\Users\tao20\Desktop\Algorithm\AIPlayerDesktop\data\蔡扬的\train\train_0037.json,76,7,False,1,3,1,2, ,-1e+18,0,0.0,0.0,3.2467532045876206,19,0.0,250,0,pathLen
train_0037,C:\Users\tao20\Desktop\Algorithm\AIPlayerDesktop\data\蔡扬的\train\train_0037.json,76,8,False,3,7,3,6, ,-1e+18,0,0.0,0.0,3.2467532045876206,17,0.0,250,0,pathLen
train_0037,C:\Users\tao20\Desktop\Algorithm\AIPlayerDesktop\data\蔡扬的\train\train_0037.json,77,1,True,12,13,12,12, ,20.325519300175756,0,23.194630872483216,0.0,3.2051281640368185,1,0.0,250,12,Iproxy
train_0037,C:\Users\tao20\Desktop\Algorithm\AIPlayerDesktop\data\蔡扬的\train\train_0037.json,77,2,False,9,10,9,9, ,9.81269892213499,0,23.194630872483216,0.0,3.2051281640368185,5,0.0,250,12,Iproxy
train_0037,C:\Users\tao20\Desktop\Algorithm\AIPlayerDesktop\data\蔡扬的\train\train_0037.json,77,3,False,6,1,6,0, ,-26.982172401007684,0,23.194630872483216,0.0,3.2051281640368185,19,0.0,250,12,pathLen
train_0037,C:\Users\tao20\Desktop\Algorithm\AIPlayerDesktop\data\蔡扬的\train\train_0037.json,77,4,False,2,9,2,8, ,-37.510266051429035,0,1.9328859060402683,0.0,3.2051281640368185,15,0.0,250,1,pathLen
train_0037,C:\Users\tao20\Desktop\Algorithm\AIPlayerDesktop\data\蔡扬的\train\train_0037.json,77,5,False,3,13,3,12,T,-38.58473673943635,-30,23.194630872483216,0.0,3.2051281640368185,12,0.0,220,12,pathLen
train_0037,C:\Users\tao20\Desktop\Algorithm\AIPlayerDesktop\data\蔡扬的\train\train_0037.json,77,6,False,3,4,3,3, ,-42.76667624044942,0,1.9328859060402683,0.0,3.2051281640368185,17,0.0,250,1,pathLen
train_0037,C:\Users\tao20\Desktop\Algorithm\AIPlayerDesktop\data\蔡扬的\train\train_0037.json,77,7,False,1,3,1,2, ,-1e+18,0,0.0,0.0,3.2051281640368185,20,0.0,250,0,pathLen
train_0037,C:\Users\tao20\Desktop\Algorithm\AIPlayerDesktop\data\蔡扬的\train\train_0037.json,77,8,False,3,7,3,6, ,-1e+18,0,0.0,0.0,3.2051281640368185,18,0.0,250,0,pathLen
train_0037,C:\Users\tao20\Desktop\Algorithm\AIPlayerDesktop\data\蔡扬的\train\train_0037.json,78,1,True,13,13,13,12, ,19.74922047075038,0,22.736842105263158,0.0,3.164556921967634,1,0.0,250,12,Iproxy
train_0037,C:\Users\tao20\Desktop\Algorithm\AIPlayerDesktop\data\蔡扬的\train\train_0037.json,78,2,False,9,10,9,9, ,6.774537090683083,0,22.736842105263158,0.0,3.164556921967634,6,0.0,250,12,Iproxy
train_0037,C:\Users\tao20\Desktop\Algorithm\AIPlayerDesktop\data\蔡扬的\train\train_0037.json,78,3,False,6,1,6,0, ,-29.55457637350535,0,22.736842105263158,0.0,3.164556921967634,20,0.0,250,12,pathLen
train_0037,C:\Users\tao20\Desktop\Algorithm\AIPlayerDesktop\data\蔡扬的\train\train_0037.json,78,4,False,2,9,2,8, ,-39.6569737206517,0,1.8947368421052633,0.0,3.164556921967634,16,0.0,250,1,pathLen
train_0037,C:\Users\tao20\Desktop\Algorithm\AIPlayerDesktop\data\蔡扬的\train\train_0037.json,78,5,False,3,13,3,12,T,-41.390019641411136,-30,22.736842105263158,0.0,3.164556921967634,13,0.0,220,12,pathLen
train_0037,C:\Users\tao20\Desktop\Algorithm\AIPlayerDesktop\data\蔡扬的\train\train_0037.json,78,6,False,3,4,3,3, ,-44.84684707267862,0,1.8947368421052633,0.0,3.164556921967634,18,0.0,250,1,pathLen
train_0037,C:\Users\tao20\Desktop\Algorithm\AIPlayerDesktop\data\蔡扬的\train\train_0037.json,78,7,False,1,3,1,2, ,-1e+18,0,0.0,0.0,3.164556921967634,21,0.0,250,0,pathLen
train_0037,C:\Users\tao20\Desktop\Algorithm\AIPlayerDesktop\data\蔡扬的\train\train_0037.json,78,8,False,3,7,3,6, ,-1e+18,0,0.0,0.0,3.164556921967634,19,0.0,250,0,pathLen
train_0037,C:\Users\tao20\Desktop\Algorithm\AIPlayerDesktop\data\蔡扬的\train\train_0037.json,79,1,True,9,10,9,9, ,3.811068450568545,0,22.296774193548387,0.0,3.1249999609375005,7,0.0,250,12,Iproxy
train_0037,C:\Users\tao20\Desktop\Algorithm\AIPlayerDesktop\data\蔡扬的\train\train_0037.json,79,2,False,6,1,6,0, ,-32.06393110099396,0,22.296774193548387,0.0,3.1249999609375005,21,0.0,250,12,pathLen
train_0037,C:\Users\tao20\Desktop\Algorithm\AIPlayerDesktop\data\蔡扬的\train\train_0037.json,79,3,False,2,9,2,8, ,-41.750118769939604,0,1.8580645161290323,0.0,3.1249999609375005,17,0.0,250,1,pathLen
train_0037,C:\Users\tao20\Desktop\Algorithm\AIPlayerDesktop\data\蔡扬的\train\train_0037.json,79,4,False,3,13,3,12,T,-44.12643132521271,-30,22.296774193548387,0.0,3.1249999609375005,14,0.0,220,12,pathLen
train_0037,C:\Users\tao20\Desktop\Algorithm\AIPlayerDesktop\data\蔡扬的\train\train_0037.json,79,5,False,3,4,3,3, ,-46.87511870587711,0,1.8580645161290323,0.0,3.1249999609375005,19,0.0,250,1,pathLen
train_0037,C:\Users\tao20\Desktop\Algorithm\AIPlayerDesktop\data\蔡扬的\train\train_0037.json,79,6,False,1,3,1,2, ,-1e+18,0,0.0,0.0,3.1249999609375005,22,0.0,250,0,pathLen
train_0037,C:\Users\tao20\Desktop\Algorithm\AIPlayerDesktop\data\蔡扬的\train\train_0037.json,79,7,False,3,7,3,6, ,-1e+18,0,0.0,0.0,3.1249999609375005,20,0.0,250,0,pathLen
train_0037,C:\Users\tao20\Desktop\Algorithm\AIPlayerDesktop\data\蔡扬的\train\train_0037.json,80,1,True,9,10,9,9, ,6.432886138448238,0,22.296774193548387,0.0,3.0864197149824726,6,0.0,250,12,Iproxy
train_0037,C:\Users\tao20\Desktop\Algorithm\AIPlayerDesktop\data\蔡扬的\train\train_0037.json,80,2,False,6,1,6,0, ,-28.999212189550548,0,22.296774193548387,0.0,3.0864197149824726,20,0.0,250,12,pathLen
train_0037,C:\Users\tao20\Desktop\Algorithm\AIPlayerDesktop\data\蔡扬的\train\train_0037.json,80,3,False,2,9,2,8, ,-38.69232073255654,0,1.8580645161290323,0.0,3.0864197149824726,16,0.0,250,1,pathLen
train_0037,C:\Users\tao20\Desktop\Algorithm\AIPlayerDesktop\data\蔡扬的\train\train_0037.json,80,4,False,3,13,3,12,T,-41.283163025551154,-30,22.296774193548387,0.0,3.0864197149824726,13,0.0,220,12,pathLen
train_0037,C:\Users\tao20\Desktop\Algorithm\AIPlayerDesktop\data\蔡扬的\train\train_0037.json,80,5,False,3,4,3,3, ,-43.754049065127795,0,1.8580645161290323,0.0,3.0864197149824726,18,0.0,250,1,pathLen
train_0037,C:\Users\tao20\Desktop\Algorithm\AIPlayerDesktop\data\蔡扬的\train\train_0037.json,80,6,False,1,3,1,2, ,-1e+18,0,0.0,0.0,3.0864197149824726,21,0.0,250,0,pathLen
train_0037,C:\Users\tao20\Desktop\Algorithm\AIPlayerDesktop\data\蔡扬的\train\train_0037.json,80,7,False,3,7,3,6, ,-1e+18,0,0.0,0.0,3.0864197149824726,19,0.0,250,0,pathLen
train_0037,C:\Users\tao20\Desktop\Algorithm\AIPlayerDesktop\data\蔡扬的\train\train_0037.json,81,1,True,9,10,9,9, ,9.01367361645079,0,22.296774193548387,0.0,3.0487804506246285,5,0.0,250,12,Iproxy
train_0037,C:\Users\tao20\Desktop\Algorithm\AIPlayerDesktop\data\蔡扬的\train\train_0037.json,81,2,False,6,1,6,0, ,-25.986325956719945,0,22.296774193548387,0.0,3.0487804506246285,19,0.0,250,12,pathLen
train_0037,C:\Users\tao20\Desktop\Algorithm\AIPlayerDesktop\data\蔡扬的\train\train_0037.json,81,3,False,2,9,2,8, ,-35.707193420681946,0,1.8580645161290323,0.0,3.0487804506246285,15,0.0,250,1,pathLen
train_0037,C:\Users\tao20\Desktop\Algorithm\AIPlayerDesktop\data\蔡扬的\train\train_0037.json,81,4,False,3,13,3,12,T,-38.486326170134575,-30,22.296774193548387,0.0,3.0487804506246285,12,0.0,220,12,pathLen
train_0037,C:\Users\tao20\Desktop\Algorithm\AIPlayerDesktop\data\蔡扬的\train\train_0037.json,81,5,False,3,4,3,3, ,-40.70719335970634,0,1.8580645161290323,0.0,3.0487804506246285,17,0.0,250,1,pathLen
train_0037,C:\Users\tao20\Desktop\Algorithm\AIPlayerDesktop\data\蔡扬的\train\train_0037.json,81,6,False,1,3,1,2, ,-1e+18,0,0.0,0.0,3.0487804506246285,20,0.0,250,0,pathLen
train_0037,C:\Users\tao20\Desktop\Algorithm\AIPlayerDesktop\data\蔡扬的\train\train_0037.json,81,7,False,3,7,3,6, ,-1e+18,0,0.0,0.0,3.0487804506246285,18,0.0,250,0,pathLen
train_0037,C:\Users\tao20\Desktop\Algorithm\AIPlayerDesktop\data\蔡扬的\train\train_0037.json,82,1,True,9,10,9,9, ,11.55063737303276,0,22.296774193548387,0.0,3.0120481564813475,4,0.0,250,12,Iproxy
train_0037,C:\Users\tao20\Desktop\Algorithm\AIPlayerDesktop\data\蔡扬的\train\train_0037.json,82,2,False,6,1,6,0, ,-23.027675463373104,0,22.296774193548387,0.0,3.0120481564813475,18,0.0,250,12,pathLen
train_0037,C:\Users\tao20\Desktop\Algorithm\AIPlayerDesktop\data\蔡扬的\train\train_0037.json,82,3,False,2,9,2,8, ,-32.79246655921491,0,1.8580645161290323,0.0,3.0120481564813475,14,0.0,250,1,pathLen
train_0037,C:\Users\tao20\Desktop\Algorithm\AIPlayerDesktop\data\蔡扬的\train\train_0037.json,82,4,False,3,13,3,12,T,-35.73851904517018,-30,22.296774193548387,0.0,3.0120481564813475,11,0.0,220,12,pathLen
train_0037,C:\Users\tao20\Desktop\Algorithm\AIPlayerDesktop\data\蔡扬的\train\train_0037.json,82,5,False,3,4,3,3, ,-37.732225535844314,0,1.8580645161290323,0.0,3.0120481564813475,16,0.0,250,1,pathLen
train_0037,C:\Users\tao20\Desktop\Algorithm\AIPlayerDesktop\data\蔡扬的\train\train_0037.json,82,6,False,1,3,1,2, ,-1e+18,0,0.0,0.0,3.0120481564813475,19,0.0,250,0,pathLen
train_0037,C:\Users\tao20\Desktop\Algorithm\AIPlayerDesktop\data\蔡扬的\train\train_0037.json,82,7,False,3,7,3,6, ,-1e+18,0,0.0,0.0,3.0120481564813475,17,0.0,250,0,pathLen
train_0037,C:\Users\tao20\Desktop\Algorithm\AIPlayerDesktop\data\蔡扬的\train\train_0037.json,83,1,True,9,10,9,9, ,14.04191233184672,0,22.296774193548387,0.0,2.9761904407596376,3,0.0,250,12,Iproxy
train_0037,C:\Users\tao20\Desktop\Algorithm\AIPlayerDesktop\data\蔡扬的\train\train_0037.json,83,2,False,6,1,6,0, ,-20.12475392807391,0,22.296774193548387,0.0,2.9761904407596376,17,0.0,250,12,pathLen
train_0037,C:\Users\tao20\Desktop\Algorithm\AIPlayerDesktop\data\蔡扬的\train\train_0037.json,83,3,False,2,9,2,8, ,-29.94591169715478,0,1.8580645161290323,0.0,2.9761904407596376,13,0.0,250,1,pathLen
train_0037,C:\Users\tao20\Desktop\Algorithm\AIPlayerDesktop\data\蔡扬的\train\train_0037.json,83,4,False,3,13,3,12,T,-33.04142079811359,-30,22.296774193548387,0.0,2.9761904407596376,10,0.0,220,12,deltaR
train_0037,C:\Users\tao20\Desktop\Algorithm\AIPlayerDesktop\data\蔡扬的\train\train_0037.json,83,5,False,3,4,3,3, ,-34.826864020000585,0,1.8580645161290323,0.0,2.9761904407596376,15,0.0,250,1,pathLen
train_0037,C:\Users\tao20\Desktop\Algorithm\AIPlayerDesktop\data\蔡扬的\train\train_0037.json,83,6,False,1,3,1,2, ,-1e+18,0,0.0,0.0,2.9761904407596376,18,0.0,250,0,pathLen
train_0037,C:\Users\tao20\Desktop\Algorithm\AIPlayerDesktop\data\蔡扬的\train\train_0037.json,83,7,False,3,7,3,6, ,-1e+18,0,0.0,0.0,2.9761904407596376,16,0.0,250,0,pathLen
train_0037,C:\Users\tao20\Desktop\Algorithm\AIPlayerDesktop\data\蔡扬的\train\train_0037.json,84,1,True,9,10,9,9, ,16.4863598529572,0,22.296774193548387,0.0,2.9411764359861596,2,0.0,250,12,Iproxy
train_0037,C:\Users\tao20\Desktop\Algorithm\AIPlayerDesktop\data\蔡扬的\train\train_0037.json,84,2,False,6,1,6,0, ,-17.27834563216391,0,22.296774193548387,0.0,2.9411764359861596,16,0.0,250,12,pathLen
train_0037,C:\Users\tao20\Desktop\Algorithm\AIPlayerDesktop\data\蔡扬的\train\train_0037.json,84,3,False,2,9,2,8, ,-27.165352029439266,0,1.8580645161290323,0.0,2.9411764359861596,12,0.0,250,1,pathLen
train_0037,C:\Users\tao20\Desktop\Algorithm\AIPlayerDesktop\data\蔡扬的\train\train_0037.json,84,4,False,3,13,3,12,T,-30.395992889603352,-30,22.296774193548387,0.0,2.9411764359861596,9,0.0,220,12,deltaR
train_0037,C:\Users\tao20\Desktop\Algorithm\AIPlayerDesktop\data\蔡扬的\train\train_0037.json,84,5,False,3,4,3,3, ,-31.98888138445657,0,1.8580645161290323,0.0,2.9411764359861596,14,0.0,250,1,pathLen
train_0037,C:\Users\tao20\Desktop\Algorithm\AIPlayerDesktop\data\蔡扬的\train\train_0037.json,84,6,False,1,3,1,2, ,-1e+18,0,0.0,0.0,2.9411764359861596,17,0.0,250,0,pathLen
train_0037,C:\Users\tao20\Desktop\Algorithm\AIPlayerDesktop\data\蔡扬的\train\train_0037.json,84,7,False,3,7,3,6, ,-1e+18,0,0.0,0.0,2.9411764359861596,15,0.0,250,0,pathLen
train_0037,C:\Users\tao20\Desktop\Algorithm\AIPlayerDesktop\data\蔡扬的\train\train_0037.json,85,1,True,9,10,9,9, ,18.883407018946894,0,22.296774193548387,0.0,2.906976710383992,1,0.0,250,12,Iproxy
train_0037,C:\Users\tao20\Desktop\Algorithm\AIPlayerDesktop\data\蔡扬的\train\train_0037.json,85,2,False,6,1,6,0, ,-14.488685616261332,0,22.296774193548387,0.0,2.906976710383992,15,0.0,250,12,pathLen
train_0037,C:\Users\tao20\Desktop\Algorithm\AIPlayerDesktop\data\蔡扬的\train\train_0037.json,85,3,False,2,9,2,8, ,-24.448669267541796,0,1.8580645161290323,0.0,2.906976710383992,11,0.0,250,1,pathLen
train_0037,C:\Users\tao20\Desktop\Algorithm\AIPlayerDesktop\data\蔡扬的\train\train_0037.json,85,4,False,3,13,3,12,T,-27.80263929865722,-30,22.296774193548387,0.0,2.906976710383992,8,0.0,220,12,deltaR
train_0037,C:\Users\tao20\Desktop\Algorithm\AIPlayerDesktop\data\蔡扬的\train\train_0037.json,85,5,False,3,4,3,3, ,-29.216111072571536,0,1.8580645161290323,0.0,2.906976710383992,13,0.0,250,1,pathLen
train_0037,C:\Users\tao20\Desktop\Algorithm\AIPlayerDesktop\data\蔡扬的\train\train_0037.json,85,6,False,1,3,1,2, ,-1e+18,0,0.0,0.0,2.906976710383992,16,0.0,250,0,pathLen
train_0037,C:\Users\tao20\Desktop\Algorithm\AIPlayerDesktop\data\蔡扬的\train\train_0037.json,85,7,False,3,7,3,6, ,-1e+18,0,0.0,0.0,2.906976710383992,14,0.0,250,0,pathLen
train_0037,C:\Users\tao20\Desktop\Algorithm\AIPlayerDesktop\data\蔡扬的\train\train_0037.json,86,1,True,9,9,9,8, ,18.57955080833296,0,22.012738853503187,0.0,2.8735631853613426,1,0.0,250,12,Iproxy
train_0037,C:\Users\tao20\Desktop\Algorithm\AIPlayerDesktop\data\蔡扬的\train\train_0037.json,86,2,False,10,9,10,8, ,16.223228996336662,0,22.012738853503187,0.0,2.8735631853613426,2,0.0,250,12,Iproxy
train_0037,C:\Users\tao20\Desktop\Algorithm\AIPlayerDesktop\data\蔡扬的\train\train_0037.json,86,3,False,6,1,6,0, ,-16.76527637161155,0,22.012738853503187,0.0,2.8735631853613426,16,0.0,250,12,pathLen
train_0037,C:\Users\tao20\Desktop\Algorithm\AIPlayerDesktop\data\蔡扬的\train\train_0037.json,86,4,False,2,9,2,8, ,-26.531205692261505,0,1.834394904458599,0.0,2.8735631853613426,12,0.0,250,1,pathLen
train_0037,C:\Users\tao20\Desktop\Algorithm\AIPlayerDesktop\data\蔡扬的\train\train_0037.json,86,5,False,3,13,3,12,T,-30.271023687637445,-30,22.012738853503187,0.0,2.8735631853613426,9,0.0,220,12,deltaR
train_0037,C:\Users\tao20\Desktop\Algorithm\AIPlayerDesktop\data\蔡扬的\train\train_0037.json,86,6,False,3,4,3,3, ,-31.243849316254103,0,1.834394904458599,0.0,2.8735631853613426,14,0.0,250,1,pathLen
train_0037,C:\Users\tao20\Desktop\Algorithm\AIPlayerDesktop\data\蔡扬的\train\train_0037.json,86,7,False,1,3,1,2, ,-1e+18,0,0.0,0.0,2.8735631853613426,17,0.0,250,0,pathLen
train_0037,C:\Users\tao20\Desktop\Algorithm\AIPlayerDesktop\data\蔡扬的\train\train_0037.json,86,8,False,3,7,3,6, ,-1e+18,0,0.0,0.0,2.8735631853613426,15,0.0,250,0,pathLen
train_0037,C:\Users\tao20\Desktop\Algorithm\AIPlayerDesktop\data\蔡扬的\train\train_0037.json,87,1,True,9,8,9,7, ,18.26907164108886,0,21.735849056603776,0.0,2.8409090586260337,1,0.0,250,12,Iproxy
train_0037,C:\Users\tao20\Desktop\Algorithm\AIPlayerDesktop\data\蔡扬的\train\train_0037.json,87,2,False,10,9,10,8, ,18.26907164108886,0,21.735849056603776,0.0,2.8409090586260337,1,0.0,250,12,Iproxy
train_0037,C:\Users\tao20\Desktop\Algorithm\AIPlayerDesktop\data\蔡扬的\train\train_0037.json,87,3,False,6,1,6,0, ,-19.003655208084695,0,21.735849056603776,0.0,2.8409090586260337,17,0.0,250,12,pathLen
train_0037,C:\Users\tao20\Desktop\Algorithm\AIPlayerDesktop\data\蔡扬的\train\train_0037.json,87,4,False,2,9,2,8, ,-28.56753914252333,0,1.8113207547169814,0.0,2.8409090586260337,13,0.0,250,1,pathLen
train_0037,C:\Users\tao20\Desktop\Algorithm\AIPlayerDesktop\data\蔡扬的\train\train_0037.json,87,5,False,3,13,3,12,T,-32.696837211571264,-30,21.735849056603776,0.0,2.8409090586260337,10,0.0,220,12,deltaR
train_0037,C:\Users\tao20\Desktop\Algorithm\AIPlayerDesktop\data\蔡扬的\train\train_0037.json,87,6,False,3,4,3,3, ,-33.22662999867003,0,1.8113207547169814,0.0,2.8409090586260337,15,0.0,250,1,pathLen
train_0037,C:\Users\tao20\Desktop\Algorithm\AIPlayerDesktop\data\蔡扬的\train\train_0037.json,87,7,False,1,3,1,2, ,-1e+18,0,0.0,0.0,2.8409090586260337,18,0.0,250,0,pathLen
train_0037,C:\Users\tao20\Desktop\Algorithm\AIPlayerDesktop\data\蔡扬的\train\train_0037.json,87,8,False,3,7,3,6, ,-1e+18,0,0.0,0.0,2.8409090586260337,16,0.0,250,0,pathLen
train_0037,C:\Users\tao20\Desktop\Algorithm\AIPlayerDesktop\data\蔡扬的\train\train_0037.json,88,1,True,9,7,9,6, ,17.955026101685426,0,21.465838509316768,0.0,2.808988732483273,1,0.0,250,12,Iproxy
train_0037,C:\Users\tao20\Desktop\Algorithm\AIPlayerDesktop\data\蔡扬的\train\train_0037.json,88,2,False,10,7,10,6, ,15.651655341049143,0,21.465838509316768,0.0,2.808988732483273,2,0.0,250,12,Iproxy
train_0037,C:\Users\tao20\Desktop\Algorithm\AIPlayerDesktop\data\蔡扬的\train\train_0037.json,88,3,False,10,9,10,8, ,15.651655341049143,0,21.465838509316768,0.0,2.808988732483273,2,0.0,250,12,Iproxy
train_0037,C:\Users\tao20\Desktop\Algorithm\AIPlayerDesktop\data\蔡扬的\train\train_0037.json,88,4,False,6,1,6,0, ,-21.2022768291314,0,21.465838509316768,0.0,2.808988732483273,18,0.0,250,12,pathLen
train_0037,C:\Users\tao20\Desktop\Algorithm\AIPlayerDesktop\data\蔡扬的\train\train_0037.json,88,5,False,2,9,2,8, ,-30.558990910381166,0,1.7888198757763976,0.0,2.808988732483273,14,0.0,250,1,pathLen
train_0037,C:\Users\tao20\Desktop\Algorithm\AIPlayerDesktop\data\蔡扬的\train\train_0037.json,88,6,False,3,13,3,12,T,-35.07868150467741,-30,21.465838509316768,0.0,2.808988732483273,11,0.0,220,12,pathLen
train_0037,C:\Users\tao20\Desktop\Algorithm\AIPlayerDesktop\data\蔡扬的\train\train_0037.json,88,7,False,3,4,3,3, ,-35.16573243165373,0,1.7888198757763976,0.0,2.808988732483273,16,0.0,250,1,pathLen
train_0037,C:\Users\tao20\Desktop\Algorithm\AIPlayerDesktop\data\蔡扬的\train\train_0037.json,88,8,False,1,3,1,2, ,-1e+18,0,0.0,0.0,2.808988732483273,19,0.0,250,0,pathLen
train_0037,C:\Users\tao20\Desktop\Algorithm\AIPlayerDesktop\data\蔡扬的\train\train_0037.json,88,9,False,3,7,3,6, ,-1e+18,0,0.0,0.0,2.808988732483273,17,0.0,250,0,pathLen
train_0037,C:\Users\tao20\Desktop\Algorithm\AIPlayerDesktop\data\蔡扬的\train\train_0037.json,89,1,True,9,6,9,5, ,17.639766039081326,0,21.202453987730063,0.0,2.7777777469135807,1,0.0,250,12,Iproxy
train_0037,C:\Users\tao20\Desktop\Algorithm\AIPlayerDesktop\data\蔡扬的\train\train_0037.json,89,2,False,10,7,10,6, ,17.639766039081326,0,21.202453987730063,0.0,2.7777777469135807,1,0.0,250,12,Iproxy
train_0037,C:\Users\tao20\Desktop\Algorithm\AIPlayerDesktop\data\蔡扬的\train\train_0037.json,89,3,False,10,9,10,8, ,13.084210534143054,0,21.202453987730063,0.0,2.7777777469135807,3,0.0,250,12,Iproxy
train_0037,C:\Users\tao20\Desktop\Algorithm\AIPlayerDesktop\data\蔡扬的\train\train_0037.json,89,4,False,6,1,6,0, ,-23.360233505363123,0,21.202453987730063,0.0,2.7777777469135807,19,0.0,250,12,pathLen
train_0037,C:\Users\tao20\Desktop\Algorithm\AIPlayerDesktop\data\蔡扬的\train\train_0037.json,89,5,False,2,9,2,8, ,-32.5068709710745,0,1.7668711656441718,0.0,2.7777777469135807,15,0.0,250,1,pathLen
train_0037,C:\Users\tao20\Desktop\Algorithm\AIPlayerDesktop\data\蔡扬的\train\train_0037.json,89,6,False,3,4,3,3, ,-37.06242647601277,0,1.7668711656441718,0.0,2.7777777469135807,17,0.0,250,1,pathLen
train_0037,C:\Users\tao20\Desktop\Algorithm\AIPlayerDesktop\data\蔡扬的\train\train_0037.json,89,7,False,3,13,3,12,T,-37.41578923807917,-30,21.202453987730063,0.0,2.7777777469135807,12,0.0,220,12,pathLen
train_0037,C:\Users\tao20\Desktop\Algorithm\AIPlayerDesktop\data\蔡扬的\train\train_0037.json,89,8,False,1,3,1,2, ,-1e+18,0,0.0,0.0,2.7777777469135807,20,0.0,250,0,pathLen
train_0037,C:\Users\tao20\Desktop\Algorithm\AIPlayerDesktop\data\蔡扬的\train\train_0037.json,89,9,False,3,7,3,6, ,-1e+18,0,0.0,0.0,2.7777777469135807,18,0.0,250,0,pathLen
train_0037,C:\Users\tao20\Desktop\Algorithm\AIPlayerDesktop\data\蔡扬的\train\train_0037.json,90,1,True,9,5,9,4, ,17.32509085917595,0,20.945454545454545,0.0,2.747252717063157,1,0.0,250,12,Iproxy
train_0037,C:\Users\tao20\Desktop\Algorithm\AIPlayerDesktop\data\蔡扬的\train\train_0037.json,90,2,False,10,7,10,6, ,15.072343631184161,0,20.945454545454545,0.0,2.747252717063157,2,0.0,250,12,Iproxy
train_0037,C:\Users\tao20\Desktop\Algorithm\AIPlayerDesktop\data\蔡扬的\train\train_0037.json,90,3,False,10,9,10,8, ,10.566849175200584,0,20.945454545454545,0.0,2.747252717063157,4,0.0,250,12,Iproxy
train_0037,C:\Users\tao20\Desktop\Algorithm\AIPlayerDesktop\data\蔡扬的\train\train_0037.json,90,4,False,6,1,6,0, ,-25.47710647266803,0,20.945454545454545,0.0,2.747252717063157,20,0.0,250,12,pathLen
train_0037,C:\Users\tao20\Desktop\Algorithm\AIPlayerDesktop\data\蔡扬的\train\train_0037.json,90,5,False,2,9,2,8, ,-34.412469140604635,0,1.7454545454545454,0.0,2.747252717063157,16,0.0,250,1,pathLen
train_0037,C:\Users\tao20\Desktop\Algorithm\AIPlayerDesktop\data\蔡扬的\train\train_0037.json,90,6,False,3,4,3,3, ,-38.917963596588216,0,1.7454545454545454,0.0,2.747252717063157,18,0.0,250,1,pathLen
train_0037,C:\Users\tao20\Desktop\Algorithm\AIPlayerDesktop\data\蔡扬的\train\train_0037.json,90,7,False,3,13,3,12,T,-39.70787587672551,-30,20.945454545454545,0.0,2.747252717063157,13,0.0,220,12,pathLen
train_0037,C:\Users\tao20\Desktop\Algorithm\AIPlayerDesktop\data\蔡扬的\train\train_0037.json,90,8,False,1,3,1,2, ,-1e+18,0,0.0,0.0,2.747252717063157,21,0.0,250,0,pathLen
train_0037,C:\Users\tao20\Desktop\Algorithm\AIPlayerDesktop\data\蔡扬的\train\train_0037.json,90,9,False,3,7,3,6, ,-1e+18,0,0.0,0.0,2.747252717063157,19,0.0,250,0,pathLen
train_0037,C:\Users\tao20\Desktop\Algorithm\AIPlayerDesktop\data\蔡扬的\train\train_0037.json,91,1,True,10,7,10,6, ,12.555845530763017,0,20.694610778443113,0.0,2.7173912748109643,3,0.0,250,12,Iproxy
train_0037,C:\Users\tao20\Desktop\Algorithm\AIPlayerDesktop\data\蔡扬的\train\train_0037.json,91,2,False,10,9,10,8, ,8.099323840073035,0,20.694610778443113,0.0,2.7173912748109643,5,0.0,250,12,Iproxy
train_0037,C:\Users\tao20\Desktop\Algorithm\AIPlayerDesktop\data\蔡扬的\train\train_0037.json,91,3,False,6,1,6,0, ,-27.552849685446816,0,20.694610778443113,0.0,2.7173912748109643,21,0.0,250,12,pathLen
train_0037,C:\Users\tao20\Desktop\Algorithm\AIPlayerDesktop\data\蔡扬的\train\train_0037.json,91,4,False,2,9,2,8, ,-36.277048698631674,0,1.7245508982035929,0.0,2.7173912748109643,17,0.0,250,1,pathLen
train_0037,C:\Users\tao20\Desktop\Algorithm\AIPlayerDesktop\data\蔡扬的\train\train_0037.json,91,5,False,3,4,3,3, ,-40.733570389321656,0,1.7245508982035929,0.0,2.7173912748109643,19,0.0,250,1,pathLen
train_0037,C:\Users\tao20\Desktop\Algorithm\AIPlayerDesktop\data\蔡扬的\train\train_0037.json,91,6,False,3,13,3,12,T,-41.95502376803188,-30,20.694610778443113,0.0,2.7173912748109643,14,0.0,220,12,pathLen
train_0037,C:\Users\tao20\Desktop\Algorithm\AIPlayerDesktop\data\蔡扬的\train\train_0037.json,91,7,False,1,3,1,2, ,-1e+18,0,0.0,0.0,2.7173912748109643,22,0.0,250,0,pathLen
train_0037,C:\Users\tao20\Desktop\Algorithm\AIPlayerDesktop\data\蔡扬的\train\train_0037.json,91,8,False,3,7,3,6, ,-1e+18,0,0.0,0.0,2.7173912748109643,20,0.0,250,0,pathLen
train_0037,C:\Users\tao20\Desktop\Algorithm\AIPlayerDesktop\data\蔡扬的\train\train_0037.json,92,1,True,10,7,10,6, ,14.74983004880282,0,20.694610778443113,0.0,2.6881720141056773,2,0.0,250,12,Iproxy
train_0037,C:\Users\tao20\Desktop\Algorithm\AIPlayerDesktop\data\蔡扬的\train\train_0037.json,92,2,False,10,9,10,8, ,10.34122794566951,0,20.694610778443113,0.0,2.6881720141056773,4,0.0,250,12,Iproxy
train_0037,C:\Users\tao20\Desktop\Algorithm\AIPlayerDesktop\data\蔡扬的\train\train_0037.json,92,3,False,6,1,6,0, ,-24.92758887939698,0,20.694610778443113,0.0,2.6881720141056773,20,0.0,250,12,pathLen
train_0037,C:\Users\tao20\Desktop\Algorithm\AIPlayerDesktop\data\蔡扬的\train\train_0037.json,92,4,False,2,9,2,8, ,-33.67228081240514,0,1.7245508982035929,0.0,2.6881720141056773,16,0.0,250,1,pathLen
train_0037,C:\Users\tao20\Desktop\Algorithm\AIPlayerDesktop\data\蔡扬的\train\train_0037.json,92,5,False,3,4,3,3, ,-38.08088291553845,0,1.7245508982035929,0.0,2.6881720141056773,18,0.0,250,1,pathLen
train_0037,C:\Users\tao20\Desktop\Algorithm\AIPlayerDesktop\data\蔡扬的\train\train_0037.json,92,6,False,3,13,3,12,T,-39.49748151843039,-30,20.694610778443113,0.0,2.6881720141056773,13,0.0,220,12,pathLen
train_0037,C:\Users\tao20\Desktop\Algorithm\AIPlayerDesktop\data\蔡扬的\train\train_0037.json,92,7,False,1,3,1,2, ,-1e+18,0,0.0,0.0,2.6881720141056773,21,0.0,250,0,pathLen
train_0037,C:\Users\tao20\Desktop\Algorithm\AIPlayerDesktop\data\蔡扬的\train\train_0037.json,92,8,False,3,7,3,6, ,-1e+18,0,0.0,0.0,2.6881720141056773,19,0.0,250,0,pathLen
train_0037,C:\Users\tao20\Desktop\Algorithm\AIPlayerDesktop\data\蔡扬的\train\train_0037.json,93,1,True,10,7,10,6, ,16.911824379417403,0,20.694610778443113,0.0,2.6595744397917613,1,0.0,250,12,Iproxy
train_0037,C:\Users\tao20\Desktop\Algorithm\AIPlayerDesktop\data\蔡扬的\train\train_0037.json,93,2,False,10,9,10,8, ,12.550122298158914,0,20.694610778443113,0.0,2.6595744397917613,3,0.0,250,12,Iproxy
train_0037,C:\Users\tao20\Desktop\Algorithm\AIPlayerDesktop\data\蔡扬的\train\train_0037.json,93,3,False,6,1,6,0, ,-22.343494351908994,0,20.694610778443113,0.0,2.6595744397917613,19,0.0,250,12,pathLen
train_0037,C:\Users\tao20\Desktop\Algorithm\AIPlayerDesktop\data\蔡扬的\train\train_0037.json,93,4,False,2,9,2,8, ,-31.121709324434775,0,1.7245508982035929,0.0,2.6595744397917613,15,0.0,250,1,pathLen
train_0037,C:\Users\tao20\Desktop\Algorithm\AIPlayerDesktop\data\蔡扬的\train\train_0037.json,93,5,False,3,4,3,3, ,-35.48341140569326,0,1.7245508982035929,0.0,2.6595744397917613,17,0.0,250,1,pathLen
train_0037,C:\Users\tao20\Desktop\Algorithm\AIPlayerDesktop\data\蔡扬的\train\train_0037.json,93,6,False,3,13,3,12,T,-37.07753706750428,-30,20.694610778443113,0.0,2.6595744397917613,12,0.0,220,12,pathLen
train_0037,C:\Users\tao20\Desktop\Algorithm\AIPlayerDesktop\data\蔡扬的\train\train_0037.json,93,7,False,1,3,1,2, ,-1e+18,0,0.0,0.0,2.6595744397917613,20,0.0,250,0,pathLen
train_0037,C:\Users\tao20\Desktop\Algorithm\AIPlayerDesktop\data\蔡扬的\train\train_0037.json,93,8,False,3,7,3,6, ,-1e+18,0,0.0,0.0,2.6595744397917613,18,0.0,250,0,pathLen
train_0037,C:\Users\tao20\Desktop\Algorithm\AIPlayerDesktop\data\蔡扬的\train\train_0037.json,94,1,True,11,7,11,6, ,16.509215559184693,0,20.32941176470588,0.0,2.6315789196675903,1,0.0,250,12,Iproxy
train_0037,C:\Users\tao20\Desktop\Algorithm\AIPlayerDesktop\data\蔡扬的\train\train_0037.json,94,2,False,11,6,11,5, ,14.351320845057266,0,20.32941176470588,0.0,2.6315789196675903,2,0.0,250,12,Iproxy
train_0037,C:\Users\tao20\Desktop\Algorithm\AIPlayerDesktop\data\蔡扬的\train\train_0037.json,94,3,False,10,9,10,8, ,10.035531416802419,0,20.32941176470588,0.0,2.6315789196675903,4,0.0,250,12,Iproxy
train_0037,C:\Users\tao20\Desktop\Algorithm\AIPlayerDesktop\data\蔡扬的\train\train_0037.json,94,4,False,6,1,6,0, ,-24.490784009236368,0,20.32941176470588,0.0,2.6315789196675903,20,0.0,250,12,pathLen
train_0037,C:\Users\tao20\Desktop\Algorithm\AIPlayerDesktop\data\蔡扬的\train\train_0037.json,94,5,False,2,9,2,8, ,-32.970722903262775,0,1.6941176470588233,0.0,2.6315789196675903,16,0.0,250,1,pathLen
train_0037,C:\Users\tao20\Desktop\Algorithm\AIPlayerDesktop\data\蔡扬的\train\train_0037.json,94,6,False,3,4,3,3, ,-37.28651233151762,0,1.6941176470588233,0.0,2.6315789196675903,18,0.0,250,1,pathLen
train_0037,C:\Users\tao20\Desktop\Algorithm\AIPlayerDesktop\data\蔡扬的\train\train_0037.json,94,7,False,3,13,3,12,T,-39.3855210103444,-30,20.32941176470588,0.0,2.6315789196675903,13,0.0,220,12,pathLen
train_0037,C:\Users\tao20\Desktop\Algorithm\AIPlayerDesktop\data\蔡扬的\train\train_0037.json,94,8,False,1,3,1,2, ,-1e+18,0,0.0,0.0,2.6315789196675903,21,0.0,250,0,pathLen
train_0037,C:\Users\tao20\Desktop\Algorithm\AIPlayerDesktop\data\蔡扬的\train\train_0037.json,94,9,False,3,7,3,6, ,-1e+18,0,0.0,0.0,2.6315789196675903,19,0.0,250,0,pathLen
train_0037,C:\Users\tao20\Desktop\Algorithm\AIPlayerDesktop\data\蔡扬的\train\train_0037.json,95,1,True,11,6,11,5, ,16.101957082730816,0,19.97687861271676,0.0,2.604166639539931,1,0.0,250,12,Iproxy
train_0037,C:\Users\tao20\Desktop\Algorithm\AIPlayerDesktop\data\蔡扬的\train\train_0037.json,95,2,False,12,7,12,6, ,16.101957082730816,0,19.97687861271676,0.0,2.604166639539931,1,0.0,250,12,Iproxy
train_0037,C:\Users\tao20\Desktop\Algorithm\AIPlayerDesktop\data\蔡扬的\train\train_0037.json,95,3,False,10,9,10,8, ,7.560290505039843,0,19.97687861271676,0.0,2.604166639539931,5,0.0,250,12,Iproxy
train_0037,C:\Users\tao20\Desktop\Algorithm\AIPlayerDesktop\data\蔡扬的\train\train_0037.json,95,4,False,6,1,6,0, ,-26.60637580572405,0,19.97687861271676,0.0,2.604166639539931,21,0.0,250,12,pathLen
train_0037,C:\Users\tao20\Desktop\Algorithm\AIPlayerDesktop\data\蔡扬的\train\train_0037.json,95,5,False,2,9,2,8, ,-34.78230181125717,0,1.6647398843930634,0.0,2.604166639539931,17,0.0,250,1,pathLen
train_0037,C:\Users\tao20\Desktop\Algorithm\AIPlayerDesktop\data\蔡扬的\train\train_0037.json,95,6,False,3,4,3,3, ,-39.05313510010266,0,1.6647398843930634,0.0,2.604166639539931,19,0.0,250,1,pathLen
train_0037,C:\Users\tao20\Desktop\Algorithm\AIPlayerDesktop\data\蔡扬的\train\train_0037.json,95,7,False,3,13,3,12,T,-41.658459294764846,-30,19.97687861271676,0.0,2.604166639539931,14,0.0,220,12,pathLen
train_0037,C:\Users\tao20\Desktop\Algorithm\AIPlayerDesktop\data\蔡扬的\train\train_0037.json,95,8,False,1,3,1,2, ,-1e+18,0,0.0,0.0,2.604166639539931,22,0.0,250,0,pathLen
train_0037,C:\Users\tao20\Desktop\Algorithm\AIPlayerDesktop\data\蔡扬的\train\train_0037.json,95,9,False,3,7,3,6, ,-1e+18,0,0.0,0.0,2.604166639539931,20,0.0,250,0,pathLen
train_0037,C:\Users\tao20\Desktop\Algorithm\AIPlayerDesktop\data\蔡扬的\train\train_0037.json,96,1,True,11,5,11,4, ,15.807716356324999,0,19.748571428571427,0.0,2.577319561058561,1,0.0,250,12,Iproxy
train_0037,C:\Users\tao20\Desktop\Algorithm\AIPlayerDesktop\data\蔡扬的\train\train_0037.json,96,2,False,12,5,12,4, ,13.69431431625698,0,19.748571428571427,0.0,2.577319561058561,2,0.0,250,12,Iproxy
train_0037,C:\Users\tao20\Desktop\Algorithm\AIPlayerDesktop\data\蔡扬的\train\train_0037.json,96,3,False,12,7,12,6, ,13.69431431625698,0,19.748571428571427,0.0,2.577319561058561,2,0.0,250,12,Iproxy
train_0037,C:\Users\tao20\Desktop\Algorithm\AIPlayerDesktop\data\蔡扬的\train\train_0037.json,96,4,False,10,9,10,8, ,5.240706155984901,0,19.748571428571427,0.0,2.577319561058561,6,0.0,250,12,Iproxy
train_0037,C:\Users\tao20\Desktop\Algorithm\AIPlayerDesktop\data\蔡扬的\train\train_0037.json,96,5,False,6,1,6,0, ,-28.573726485103414,0,19.748571428571427,0.0,2.577319561058561,22,0.0,250,12,pathLen
train_0037,C:\Users\tao20\Desktop\Algorithm\AIPlayerDesktop\data\蔡扬的\train\train_0037.json,96,6,False,2,9,2,8, ,-36.547810188191605,0,1.6457142857142857,0.0,2.577319561058561,18,0.0,250,1,pathLen
train_0037,C:\Users\tao20\Desktop\Algorithm\AIPlayerDesktop\data\蔡扬的\train\train_0037.json,96,7,False,3,4,3,3, ,-40.774614268327646,0,1.6457142857142857,0.0,2.577319561058561,20,0.0,250,1,pathLen
train_0037,C:\Users\tao20\Desktop\Algorithm\AIPlayerDesktop\data\蔡扬的\train\train_0037.json,96,8,False,3,13,3,12,T,-43.77991220462728,-30,19.748571428571427,0.0,2.577319561058561,15,0.0,220,12,pathLen
train_0037,C:\Users\tao20\Desktop\Algorithm\AIPlayerDesktop\data\蔡扬的\train\train_0037.json,96,9,False,1,3,1,2, ,-1e+18,0,0.0,0.0,2.577319561058561,23,0.0,250,0,pathLen
train_0037,C:\Users\tao20\Desktop\Algorithm\AIPlayerDesktop\data\蔡扬的\train\train_0037.json,96,10,False,3,7,3,6, ,-1e+18,0,0.0,0.0,2.577319561058561,21,0.0,250,0,pathLen
train_0037,C:\Users\tao20\Desktop\Algorithm\AIPlayerDesktop\data\蔡扬的\train\train_0037.json,97,1,True,12,5,12,4, ,15.517778998628142,0,19.525423728813557,0.0,2.551020382132445,1,0.0,250,12,Iproxy
train_0037,C:\Users\tao20\Desktop\Algorithm\AIPlayerDesktop\data\蔡扬的\train\train_0037.json,97,2,False,12,7,12,6, ,11.334105571930934,0,19.525423728813557,0.0,2.551020382132445,3,0.0,250,12,Iproxy
train_0037,C:\Users\tao20\Desktop\Algorithm\AIPlayerDesktop\data\蔡扬的\train\train_0037.json,97,3,False,10,9,10,8, ,2.9667587185365143,0,19.525423728813557,0.0,2.551020382132445,7,0.0,250,12,Iproxy
train_0037,C:\Users\tao20\Desktop\Algorithm\AIPlayerDesktop\data\蔡扬的\train\train_0037.json,97,4,False,6,1,6,0, ,-30.502628695041164,0,19.525423728813557,0.0,2.551020382132445,23,0.0,250,12,pathLen
train_0037,C:\Users\tao20\Desktop\Algorithm\AIPlayerDesktop\data\蔡扬的\train\train_0037.json,97,5,False,2,9,2,8, ,-38.27742957762543,0,1.6271186440677965,0.0,2.551020382132445,19,0.0,250,1,pathLen
train_0037,C:\Users\tao20\Desktop\Algorithm\AIPlayerDesktop\data\蔡扬的\train\train_0037.json,97,6,False,3,4,3,3, ,-42.46110300432264,0,1.6271186440677965,0.0,2.551020382132445,21,0.0,250,1,pathLen
train_0037,C:\Users\tao20\Desktop\Algorithm\AIPlayerDesktop\data\蔡扬的\train\train_0037.json,97,7,False,3,13,3,12,T,-45.859771701600934,-30,19.525423728813557,0.0,2.551020382132445,16,0.0,220,12,pathLen
train_0037,C:\Users\tao20\Desktop\Algorithm\AIPlayerDesktop\data\蔡扬的\train\train_0037.json,97,8,False,1,3,1,2, ,-1e+18,0,0.0,0.0,2.551020382132445,24,0.0,250,0,pathLen
train_0037,C:\Users\tao20\Desktop\Algorithm\AIPlayerDesktop\data\蔡扬的\train\train_0037.json,97,9,False,3,7,3,6, ,-1e+18,0,0.0,0.0,2.551020382132445,22,0.0,250,0,pathLen
train_0037,C:\Users\tao20\Desktop\Algorithm\AIPlayerDesktop\data\蔡扬的\train\train_0037.json,98,1,True,13,5,13,4, ,15.124660208848265,0,19.2,0.0,2.525252499744924,1,0.0,250,12,Iproxy
train_0037,C:\Users\tao20\Desktop\Algorithm\AIPlayerDesktop\data\蔡扬的\train\train_0037.json,98,2,False,13,4,13,3, ,13.053953159057427,0,19.2,0.0,2.525252499744924,2,0.0,250,12,Iproxy
train_0037,C:\Users\tao20\Desktop\Algorithm\AIPlayerDesktop\data\蔡扬的\train\train_0037.json,98,3,False,12,7,12,6, ,8.912539059475751,0,19.2,0.0,2.525252499744924,4,0.0,250,12,Iproxy
train_0037,C:\Users\tao20\Desktop\Algorithm\AIPlayerDesktop\data\蔡扬的\train\train_0037.json,98,4,False,10,9,10,8, ,0.6297108603124002,0,19.2,0.0,2.525252499744924,8,0.0,250,12,pathLen
train_0037,C:\Users\tao20\Desktop\Algorithm\AIPlayerDesktop\data\蔡扬的\train\train_0037.json,98,5,False,6,1,6,0, ,-32.501601936341004,0,19.2,0.0,2.525252499744924,24,0.0,250,12,pathLen
train_0037,C:\Users\tao20\Desktop\Algorithm\AIPlayerDesktop\data\蔡扬的\train\train_0037.json,98,6,False,2,9,2,8, ,-39.98119372426349,0,1.6,0.0,2.525252499744924,20,0.0,250,1,pathLen
train_0037,C:\Users\tao20\Desktop\Algorithm\AIPlayerDesktop\data\蔡扬的\train\train_0037.json,98,7,False,3,4,3,3, ,-44.12260782384517,0,1.6,0.0,2.525252499744924,22,0.0,250,1,pathLen
train_0037,C:\Users\tao20\Desktop\Algorithm\AIPlayerDesktop\data\蔡扬的\train\train_0037.json,98,8,False,3,13,3,12,T,-48.00665258780514,-30,19.2,0.0,2.525252499744924,17,0.0,220,12,pathLen
train_0037,C:\Users\tao20\Desktop\Algorithm\AIPlayerDesktop\data\蔡扬的\train\train_0037.json,98,9,False,1,3,1,2, ,-1e+18,0,0.0,0.0,2.525252499744924,25,0.0,250,0,pathLen
train_0037,C:\Users\tao20\Desktop\Algorithm\AIPlayerDesktop\data\蔡扬的\train\train_0037.json,98,10,False,3,7,3,6, ,-1e+18,0,0.0,0.0,2.525252499744924,23,0.0,250,0,pathLen
train_0037,C:\Users\tao20\Desktop\Algorithm\AIPlayerDesktop\data\蔡扬的\train\train_0037.json,99,1,True,13,4,13,3, ,14.733998382343131,0,18.885245901639347,0.0,2.499999975,1,0.0,250,12,Iproxy
train_0037,C:\Users\tao20\Desktop\Algorithm\AIPlayerDesktop\data\蔡扬的\train\train_0037.json,99,2,False,12,7,12,6, ,6.5339984643431315,0,18.885245901639347,0.0,2.499999975,5,0.0,250,12,Iproxy
train_0037,C:\Users\tao20\Desktop\Algorithm\AIPlayerDesktop\data\蔡扬的\train\train_0037.json,99,3,False,10,9,10,8, ,-1.6660014536568681,0,18.885245901639347,0.0,2.499999975,9,0.0,250,12,pathLen
train_0037,C:\Users\tao20\Desktop\Algorithm\AIPlayerDesktop\data\蔡扬的\train\train_0037.json,99,4,False,6,1,6,0, ,-34.46600112565687,0,18.885245901639347,0.0,2.499999975,25,0.0,250,12,pathLen
train_0037,C:\Users\tao20\Desktop\Algorithm\AIPlayerDesktop\data\蔡扬的\train\train_0037.json,99,5,False,2,9,2,8, ,-41.6513330393464,0,1.5737704918032789,0.0,2.499999975,21,0.0,250,1,pathLen
train_0037,C:\Users\tao20\Desktop\Algorithm\AIPlayerDesktop\data\蔡扬的\train\train_0037.json,99,6,False,3,4,3,3, ,-45.7513329983464,0,1.5737704918032789,0.0,2.499999975,23,0.0,250,1,pathLen
train_0037,C:\Users\tao20\Desktop\Algorithm\AIPlayerDesktop\data\蔡扬的\train\train_0037.json,99,7,False,3,13,3,12,T,-50.11600126915687,-30,18.885245901639347,0.0,2.499999975,18,0.0,220,12,pathLen
train_0037,C:\Users\tao20\Desktop\Algorithm\AIPlayerDesktop\data\蔡扬的\train\train_0037.json,99,8,False,1,3,1,2, ,-1e+18,0,0.0,0.0,2.499999975,26,0.0,250,0,pathLen
train_0037,C:\Users\tao20\Desktop\Algorithm\AIPlayerDesktop\data\蔡扬的\train\train_0037.json,99,9,False,3,7,3,6, ,-1e+18,0,0.0,0.0,2.499999975,24,0.0,250,0,pathLen
train_0037,C:\Users\tao20\Desktop\Algorithm\AIPlayerDesktop\data\蔡扬的\train\train_0037.json,100,1,True,13,3,13,2, ,14.347747984519707,0,18.58064516129032,0.0,2.4752475002450742,1,0.0,250,12,Iproxy
train_0037,C:\Users\tao20\Desktop\Algorithm\AIPlayerDesktop\data\蔡扬的\train\train_0037.json,100,2,False,12,3,12,2, ,12.318045034318745,0,18.58064516129032,0.0,2.4752475002450742,2,0.0,250,12,Iproxy
train_0037,C:\Users\tao20\Desktop\Algorithm\AIPlayerDesktop\data\蔡扬的\train\train_0037.json,100,3,False,12,7,12,6, ,4.199233233514901,0,18.58064516129032,0.0,2.4752475002450742,6,0.0,250,12,Iproxy
train_0037,C:\Users\tao20\Desktop\Algorithm\AIPlayerDesktop\data\蔡扬的\train\train_0037.json,100,4,False,10,9,10,8, ,-3.9195785672889407,0,18.58064516129032,0.0,2.4752475002450742,10,0.0,250,12,pathLen
train_0037,C:\Users\tao20\Desktop\Algorithm\AIPlayerDesktop\data\蔡扬的\train\train_0037.json,100,5,False,6,1,6,0, ,-36.39482577050431,0,18.58064516129032,0.0,2.4752475002450742,26,0.0,250,12,pathLen
train_0037,C:\Users\tao20\Desktop\Algorithm\AIPlayerDesktop\data\蔡扬的\train\train_0037.json,100,6,False,2,9,2,8, ,-43.288677326527754,0,1.5483870967741933,0.0,2.4752475002450742,22,0.0,250,1,pathLen
train_0037,C:\Users\tao20\Desktop\Algorithm\AIPlayerDesktop\data\蔡扬的\train\train_0037.json,100,7,False,3,4,3,3, ,-47.348083226929674,0,1.5483870967741933,0.0,2.4752475002450742,24,0.0,250,1,pathLen
train_0037,C:\Users\tao20\Desktop\Algorithm\AIPlayerDesktop\data\蔡扬的\train\train_0037.json,100,8,False,3,13,3,12,T,-52.18690511909759,-30,18.58064516129032,0.0,2.4752475002450742,19,0.0,220,12,pathLen
train_0037,C:\Users\tao20\Desktop\Algorithm\AIPlayerDesktop\data\蔡扬的\train\train_0037.json,100,9,False,1,3,1,2, ,-1e+18,0,0.0,0.0,2.4752475002450742,27,0.0,250,0,pathLen
train_0037,C:\Users\tao20\Desktop\Algorithm\AIPlayerDesktop\data\蔡扬的\train\train_0037.json,100,10,False,3,7,3,6, ,-1e+18,0,0.0,0.0,2.4752475002450742,25,0.0,250,0,pathLen
train_0037,C:\Users\tao20\Desktop\Algorithm\AIPlayerDesktop\data\蔡扬的\train\train_0037.json,101,1,True,12,3,12,2, ,13.967331183906696,0,18.28571428571429,0.0,2.4509803681276434,1,0.0,250,12,Iproxy
train_0037,C:\Users\tao20\Desktop\Algorithm\AIPlayerDesktop\data\蔡扬的\train\train_0037.json,101,2,False,13,2,13,1, ,13.967331183906696,0,18.28571428571429,0.0,2.4509803681276434,1,0.0,250,12,Iproxy
train_0037,C:\Users\tao20\Desktop\Algorithm\AIPlayerDesktop\data\蔡扬的\train\train_0037.json,101,3,False,12,7,12,6, ,1.908507772718691,0,18.28571428571429,0.0,2.4509803681276434,7,0.0,250,12,Iproxy
train_0037,C:\Users\tao20\Desktop\Algorithm\AIPlayerDesktop\data\蔡扬的\train\train_0037.json,101,4,False,10,9,10,8, ,-6.130707834739981,0,18.28571428571429,0.0,2.4509803681276434,11,0.0,250,12,pathLen
train_0037,C:\Users\tao20\Desktop\Algorithm\AIPlayerDesktop\data\蔡扬的\train\train_0037.json,101,5,False,6,1,6,0, ,-38.28757026457466,0,18.28571428571429,0.0,2.4509803681276434,27,0.0,250,12,pathLen
train_0037,C:\Users\tao20\Desktop\Algorithm\AIPlayerDesktop\data\蔡扬的\train\train_0037.json,101,6,False,2,9,2,8, ,-44.89406181907307,0,1.5238095238095237,0.0,2.4509803681276434,23,0.0,250,1,pathLen
train_0037,C:\Users\tao20\Desktop\Algorithm\AIPlayerDesktop\data\蔡扬的\train\train_0037.json,101,7,False,3,4,3,3, ,-48.91366962280241,0,1.5238095238095237,0.0,2.4509803681276434,25,0.0,250,1,pathLen
train_0037,C:\Users\tao20\Desktop\Algorithm\AIPlayerDesktop\data\蔡扬的\train\train_0037.json,101,8,False,3,13,3,12,T,-54.21894295152199,-30,18.28571428571429,0.0,2.4509803681276434,20,0.0,220,12,pathLen
train_0037,C:\Users\tao20\Desktop\Algorithm\AIPlayerDesktop\data\蔡扬的\train\train_0037.json,101,9,False,1,3,1,2, ,-1e+18,0,0.0,0.0,2.4509803681276434,28,0.0,250,0,pathLen
train_0037,C:\Users\tao20\Desktop\Algorithm\AIPlayerDesktop\data\蔡扬的\train\train_0037.json,101,10,False,3,7,3,6, ,-1e+18,0,0.0,0.0,2.4509803681276434,26,0.0,250,0,pathLen
train_0037,C:\Users\tao20\Desktop\Algorithm\AIPlayerDesktop\data\蔡扬的\train\train_0037.json,102,1,True,11,3,11,2, ,13.686381719165622,0,18.094240837696336,0.0,2.42718444245452,1,0.0,250,12,Iproxy
train_0037,C:\Users\tao20\Desktop\Algorithm\AIPlayerDesktop\data\蔡扬的\train\train_0037.json,102,2,False,13,2,13,1, ,11.696090476352914,0,18.094240837696336,0.0,2.42718444245452,2,0.0,250,12,Iproxy
train_0037,C:\Users\tao20\Desktop\Algorithm\AIPlayerDesktop\data\蔡扬的\train\train_0037.json,102,3,False,12,7,12,6, ,-0.2456569805233233,0,18.094240837696336,0.0,2.42718444245452,8,0.0,250,12,pathLen
train_0037,C:\Users\tao20\Desktop\Algorithm\AIPlayerDesktop\data\蔡扬的\train\train_0037.json,102,4,False,10,9,10,8, ,-8.20682195177415,0,18.094240837696336,0.0,2.42718444245452,12,0.0,250,12,pathLen
train_0037,C:\Users\tao20\Desktop\Algorithm\AIPlayerDesktop\data\蔡扬的\train\train_0037.json,102,5,False,6,1,6,0, ,-40.051481836777455,0,18.094240837696336,0.0,2.42718444245452,28,0.0,250,12,pathLen
train_0037,C:\Users\tao20\Desktop\Algorithm\AIPlayerDesktop\data\蔡扬的\train\train_0037.json,102,6,False,2,9,2,8, ,-46.46060041400676,0,1.5078534031413613,0.0,2.42718444245452,24,0.0,250,1,pathLen
train_0037,C:\Users\tao20\Desktop\Algorithm\AIPlayerDesktop\data\蔡扬的\train\train_0037.json,102,7,False,3,4,3,3, ,-50.441182899632174,0,1.5078534031413613,0.0,2.42718444245452,26,0.0,250,1,pathLen
train_0037,C:\Users\tao20\Desktop\Algorithm\AIPlayerDesktop\data\蔡扬的\train\train_0037.json,102,8,False,3,13,3,12,T,-56.11944313708851,-30,18.094240837696336,0.0,2.42718444245452,21,0.0,220,12,pathLen
train_0037,C:\Users\tao20\Desktop\Algorithm\AIPlayerDesktop\data\蔡扬的\train\train_0037.json,102,9,False,1,3,1,2, ,-1e+18,0,0.0,0.0,2.42718444245452,29,0.0,250,0,pathLen
train_0037,C:\Users\tao20\Desktop\Algorithm\AIPlayerDesktop\data\蔡扬的\train\train_0037.json,102,10,False,3,7,3,6, ,-1e+18,0,0.0,0.0,2.42718444245452,27,0.0,250,0,pathLen
train_0037,C:\Users\tao20\Desktop\Algorithm\AIPlayerDesktop\data\蔡扬的\train\train_0037.json,103,1,True,10,3,10,2, ,13.415806884834664,0,17.906735751295336,0.0,2.4038461307322487,1,0.0,250,12,Iproxy
train_0037,C:\Users\tao20\Desktop\Algorithm\AIPlayerDesktop\data\蔡扬的\train\train_0037.json,103,2,False,13,2,13,1, ,9.473499230433777,0,17.906735751295336,0.0,2.4038461307322487,3,0.0,250,12,Iproxy
train_0037,C:\Users\tao20\Desktop\Algorithm\AIPlayerDesktop\data\蔡扬的\train\train_0037.json,103,3,False,12,7,12,6, ,-2.353423732768885,0,17.906735751295336,0.0,2.4038461307322487,9,0.0,250,12,pathLen
train_0037,C:\Users\tao20\Desktop\Algorithm\AIPlayerDesktop\data\蔡扬的\train\train_0037.json,103,4,False,10,9,10,8, ,-10.238039041570662,0,17.906735751295336,0.0,2.4038461307322487,13,0.0,250,12,pathLen
train_0037,C:\Users\tao20\Desktop\Algorithm\AIPlayerDesktop\data\蔡扬的\train\train_0037.json,103,5,False,6,1,6,0, ,-41.77650027677777,0,17.906735751295336,0.0,2.4038461307322487,29,0.0,250,12,pathLen
train_0037,C:\Users\tao20\Desktop\Algorithm\AIPlayerDesktop\data\蔡扬的\train\train_0037.json,103,6,False,2,9,2,8, ,-47.99659895400817,0,1.4922279792746114,0.0,2.4038461307322487,25,0.0,250,1,pathLen
train_0037,C:\Users\tao20\Desktop\Algorithm\AIPlayerDesktop\data\蔡扬的\train\train_0037.json,103,7,False,3,4,3,3, ,-51.93890660840906,0,1.4922279792746114,0.0,2.4038461307322487,27,0.0,250,1,pathLen
train_0037,C:\Users\tao20\Desktop\Algorithm\AIPlayerDesktop\data\蔡扬的\train\train_0037.json,103,8,False,3,13,3,12,T,-57.97842348637465,-30,17.906735751295336,0.0,2.4038461307322487,22,0.0,220,12,pathLen
train_0037,C:\Users\tao20\Desktop\Algorithm\AIPlayerDesktop\data\蔡扬的\train\train_0037.json,103,9,False,1,3,1,2, ,-1e+18,0,0.0,0.0,2.4038461307322487,30,0.0,250,0,pathLen
train_0037,C:\Users\tao20\Desktop\Algorithm\AIPlayerDesktop\data\蔡扬的\train\train_0037.json,103,10,False,3,7,3,6, ,-1e+18,0,0.0,0.0,2.4038461307322487,28,0.0,250,0,pathLen
train_0037,C:\Users\tao20\Desktop\Algorithm\AIPlayerDesktop\data\蔡扬的\train\train_0037.json,104,1,True,13,2,13,1, ,7.297239621474329,0,17.72307692307692,0.0,2.380952358276644,4,0.0,250,12,Iproxy
train_0037,C:\Users\tao20\Desktop\Algorithm\AIPlayerDesktop\data\蔡扬的\train\train_0037.json,104,2,False,12,7,12,6, ,-4.41704598124676,0,17.72307692307692,0.0,2.380952358276644,10,0.0,250,12,pathLen
train_0037,C:\Users\tao20\Desktop\Algorithm\AIPlayerDesktop\data\蔡扬的\train\train_0037.json,104,3,False,10,9,10,8, ,-12.22656971639415,0,17.72307692307692,0.0,2.380952358276644,14,0.0,250,12,pathLen
train_0037,C:\Users\tao20\Desktop\Algorithm\AIPlayerDesktop\data\蔡扬的\train\train_0037.json,104,4,False,6,1,6,0, ,-43.46466465698372,0,17.72307692307692,0.0,2.380952358276644,30,0.0,250,12,pathLen
train_0037,C:\Users\tao20\Desktop\Algorithm\AIPlayerDesktop\data\蔡扬的\train\train_0037.json,104,5,False,2,9,2,8, ,-49.503007332072904,0,1.476923076923077,0.0,2.380952358276644,26,0.0,250,1,pathLen
train_0037,C:\Users\tao20\Desktop\Algorithm\AIPlayerDesktop\data\蔡扬的\train\train_0037.json,104,6,False,3,4,3,3, ,-53.4077691996466,0,1.476923076923077,0.0,2.380952358276644,28,0.0,250,1,pathLen
train_0037,C:\Users\tao20\Desktop\Algorithm\AIPlayerDesktop\data\蔡扬的\train\train_0037.json,104,7,False,3,13,3,12,T,-59.79799812047579,-30,17.72307692307692,0.0,2.380952358276644,23,0.0,220,12,pathLen
train_0037,C:\Users\tao20\Desktop\Algorithm\AIPlayerDesktop\data\蔡扬的\train\train_0037.json,104,8,False,1,3,1,2, ,-1e+18,0,0.0,0.0,2.380952358276644,31,0.0,250,0,pathLen
train_0037,C:\Users\tao20\Desktop\Algorithm\AIPlayerDesktop\data\蔡扬的\train\train_0037.json,104,9,False,3,7,3,6, ,-1e+18,0,0.0,0.0,2.380952358276644,29,0.0,250,0,pathLen
train_0037,C:\Users\tao20\Desktop\Algorithm\AIPlayerDesktop\data\蔡扬的\train\train_0037.json,104,10,False,9,3,9,2, ,-1e+18,0,0.0,0.0,2.380952358276644,1,0.0,250,0,pathLen
train_0037,C:\Users\tao20\Desktop\Algorithm\AIPlayerDesktop\data\蔡扬的\train\train_0037.json,105,1,True,13,2,13,1, ,9.20697071990248,0,17.72307692307692,0.0,2.358490543787825,3,0.0,250,12,Iproxy
train_0037,C:\Users\tao20\Desktop\Algorithm\AIPlayerDesktop\data\蔡扬的\train\train_0037.json,105,2,False,12,7,12,6, ,-2.396802755533619,0,17.72307692307692,0.0,2.358490543787825,9,0.0,250,12,pathLen
train_0037,C:\Users\tao20\Desktop\Algorithm\AIPlayerDesktop\data\蔡扬的\train\train_0037.json,105,3,False,10,9,10,8, ,-10.132651739157685,0,17.72307692307692,0.0,2.358490543787825,13,0.0,250,12,pathLen
train_0037,C:\Users\tao20\Desktop\Algorithm\AIPlayerDesktop\data\蔡扬的\train\train_0037.json,105,4,False,6,1,6,0, ,-41.07604767365395,0,17.72307692307692,0.0,2.358490543787825,29,0.0,250,12,pathLen
train_0037,C:\Users\tao20\Desktop\Algorithm\AIPlayerDesktop\data\蔡扬的\train\train_0037.json,105,5,False,2,9,2,8, ,-47.098318026182035,0,1.476923076923077,0.0,2.358490543787825,25,0.0,250,1,pathLen
train_0037,C:\Users\tao20\Desktop\Algorithm\AIPlayerDesktop\data\蔡扬的\train\train_0037.json,105,6,False,3,4,3,3, ,-50.96624251799407,0,1.476923076923077,0.0,2.358490543787825,27,0.0,250,1,pathLen
train_0037,C:\Users\tao20\Desktop\Algorithm\AIPlayerDesktop\data\蔡扬的\train\train_0037.json,105,7,False,3,13,3,12,T,-57.53831195231184,-30,17.72307692307692,0.0,2.358490543787825,22,0.0,220,12,pathLen
train_0037,C:\Users\tao20\Desktop\Algorithm\AIPlayerDesktop\data\蔡扬的\train\train_0037.json,105,8,False,1,3,1,2, ,-1e+18,0,0.0,0.0,2.358490543787825,30,0.0,250,0,pathLen
train_0037,C:\Users\tao20\Desktop\Algorithm\AIPlayerDesktop\data\蔡扬的\train\train_0037.json,105,9,False,3,7,3,6, ,-1e+18,0,0.0,0.0,2.358490543787825,28,0.0,250,0,pathLen
train_0037,C:\Users\tao20\Desktop\Algorithm\AIPlayerDesktop\data\蔡扬的\train\train_0037.json,105,10,False,9,3,9,2, ,-1e+18,0,0.0,0.0,2.358490543787825,2,0.0,250,0,pathLen
train_0037,C:\Users\tao20\Desktop\Algorithm\AIPlayerDesktop\data\蔡扬的\train\train_0037.json,106,1,True,13,2,13,1, ,11.098757073295989,0,17.72307692307692,0.0,2.336448576294873,2,0.0,250,12,Iproxy
train_0037,C:\Users\tao20\Desktop\Algorithm\AIPlayerDesktop\data\蔡扬的\train\train_0037.json,106,2,False,12,7,12,6, ,-0.3965699220747858,0,17.72307692307692,0.0,2.336448576294873,8,0.0,250,12,pathLen
train_0037,C:\Users\tao20\Desktop\Algorithm\AIPlayerDesktop\data\蔡扬的\train\train_0037.json,106,3,False,10,9,10,8, ,-8.060121252321968,0,17.72307692307692,0.0,2.336448576294873,12,0.0,250,12,pathLen
train_0037,C:\Users\tao20\Desktop\Algorithm\AIPlayerDesktop\data\蔡扬的\train\train_0037.json,106,4,False,6,1,6,0, ,-38.71432657331071,0,17.72307692307692,0.0,2.336448576294873,28,0.0,250,12,pathLen
train_0037,C:\Users\tao20\Desktop\Algorithm\AIPlayerDesktop\data\蔡扬的\train\train_0037.json,106,5,False,2,9,2,8, ,-44.73709691994814,0,1.476923076923077,0.0,2.336448576294873,24,0.0,250,1,pathLen
train_0037,C:\Users\tao20\Desktop\Algorithm\AIPlayerDesktop\data\蔡扬的\train\train_0037.json,106,6,False,3,4,3,3, ,-48.56887258507173,0,1.476923076923077,0.0,2.336448576294873,26,0.0,250,1,pathLen
train_0037,C:\Users\tao20\Desktop\Algorithm\AIPlayerDesktop\data\蔡扬的\train\train_0037.json,106,7,False,3,13,3,12,T,-55.30311174537813,-30,17.72307692307692,0.0,2.336448576294873,21,0.0,220,12,pathLen
train_0037,C:\Users\tao20\Desktop\Algorithm\AIPlayerDesktop\data\蔡扬的\train\train_0037.json,106,8,False,1,3,1,2, ,-1e+18,0,0.0,0.0,2.336448576294873,29,0.0,250,0,pathLen
train_0037,C:\Users\tao20\Desktop\Algorithm\AIPlayerDesktop\data\蔡扬的\train\train_0037.json,106,9,False,3,7,3,6, ,-1e+18,0,0.0,0.0,2.336448576294873,27,0.0,250,0,pathLen
train_0037,C:\Users\tao20\Desktop\Algorithm\AIPlayerDesktop\data\蔡扬的\train\train_0037.json,106,10,False,9,3,9,2, ,-1e+18,0,0.0,0.0,2.336448576294873,3,0.0,250,0,pathLen
train_0037,C:\Users\tao20\Desktop\Algorithm\AIPlayerDesktop\data\蔡扬的\train\train_0037.json,107,1,True,13,2,13,1, ,12.969724832486117,0,17.72307692307692,0.0,2.3148147933813448,1,0.0,250,12,Iproxy
train_0037,C:\Users\tao20\Desktop\Algorithm\AIPlayerDesktop\data\蔡扬的\train\train_0037.json,107,2,False,12,7,12,6, ,1.5808360490498998,0,17.72307692307692,0.0,2.3148147933813448,7,0.0,250,12,Iproxy
train_0037,C:\Users\tao20\Desktop\Algorithm\AIPlayerDesktop\data\蔡扬的\train\train_0037.json,107,3,False,10,9,10,8, ,-6.0117564732409114,0,17.72307692307692,0.0,2.3148147933813448,11,0.0,250,12,pathLen
train_0037,C:\Users\tao20\Desktop\Algorithm\AIPlayerDesktop\data\蔡扬的\train\train_0037.json,107,4,False,6,1,6,0, ,-36.38212656240415,0,17.72307692307692,0.0,2.3148147933813448,27,0.0,250,12,pathLen
train_0037,C:\Users\tao20\Desktop\Algorithm\AIPlayerDesktop\data\蔡扬的\train\train_0037.json,107,5,False,2,9,2,8, ,-42.418417589583925,0,1.476923076923077,0.0,2.3148147933813448,23,0.0,250,1,pathLen
train_0037,C:\Users\tao20\Desktop\Algorithm\AIPlayerDesktop\data\蔡扬的\train\train_0037.json,107,6,False,3,4,3,3, ,-46.21471385072933,0,1.476923076923077,0.0,2.3148147933813448,25,0.0,250,1,pathLen
train_0037,C:\Users\tao20\Desktop\Algorithm\AIPlayerDesktop\data\蔡扬的\train\train_0037.json,107,7,False,3,13,3,12,T,-53.09508964839523,-30,17.72307692307692,0.0,2.3148147933813448,20,0.0,220,12,pathLen
train_0037,C:\Users\tao20\Desktop\Algorithm\AIPlayerDesktop\data\蔡扬的\train\train_0037.json,107,8,False,1,3,1,2, ,-1e+18,0,0.0,0.0,2.3148147933813448,28,0.0,250,0,pathLen
train_0037,C:\Users\tao20\Desktop\Algorithm\AIPlayerDesktop\data\蔡扬的\train\train_0037.json,107,9,False,3,7,3,6, ,-1e+18,0,0.0,0.0,2.3148147933813448,26,0.0,250,0,pathLen
train_0037,C:\Users\tao20\Desktop\Algorithm\AIPlayerDesktop\data\蔡扬的\train\train_0037.json,107,10,False,9,3,9,2, ,-1e+18,0,0.0,0.0,2.3148147933813448,4,0.0,250,0,pathLen
train_0037,C:\Users\tao20\Desktop\Algorithm\AIPlayerDesktop\data\蔡扬的\train\train_0037.json,108,1,True,13,1,13,0, ,12.680547080698888,0,17.454545454545453,0.0,2.2935779606093765,1,0.0,250,12,Iproxy
train_0037,C:\Users\tao20\Desktop\Algorithm\AIPlayerDesktop\data\蔡扬的\train\train_0037.json,108,2,False,12,1,12,0, ,10.7998131529992,0,17.454545454545453,0.0,2.2935779606093765,2,0.0,250,12,Iproxy
train_0037,C:\Users\tao20\Desktop\Algorithm\AIPlayerDesktop\data\蔡扬的\train\train_0037.json,108,3,False,12,7,12,6, ,-0.4845904131989318,0,17.454545454545453,0.0,2.2935779606093765,8,0.0,250,12,pathLen
train_0037,C:\Users\tao20\Desktop\Algorithm\AIPlayerDesktop\data\蔡扬的\train\train_0037.json,108,4,False,10,9,10,8, ,-8.007526123997685,0,17.454545454545453,0.0,2.2935779606093765,12,0.0,250,12,pathLen
train_0037,C:\Users\tao20\Desktop\Algorithm\AIPlayerDesktop\data\蔡扬的\train\train_0037.json,108,5,False,6,1,6,0, ,-38.0992689671927,0,17.454545454545453,0.0,2.2935779606093765,28,0.0,250,12,pathLen
train_0037,C:\Users\tao20\Desktop\Algorithm\AIPlayerDesktop\data\蔡扬的\train\train_0037.json,108,6,False,2,9,2,8, ,-43.92417418075931,0,1.4545454545454546,0.0,2.2935779606093765,24,0.0,250,1,pathLen
train_0037,C:\Users\tao20\Desktop\Algorithm\AIPlayerDesktop\data\蔡扬的\train\train_0037.json,108,7,False,3,4,3,3, ,-47.68564203615869,0,1.4545454545454546,0.0,2.2935779606093765,26,0.0,250,1,pathLen
train_0037,C:\Users\tao20\Desktop\Algorithm\AIPlayerDesktop\data\蔡扬的\train\train_0037.json,108,8,False,3,13,3,12,T,-54.93413147329488,-30,17.454545454545453,0.0,2.2935779606093765,21,0.0,220,12,pathLen
train_0037,C:\Users\tao20\Desktop\Algorithm\AIPlayerDesktop\data\蔡扬的\train\train_0037.json,108,9,False,1,3,1,2, ,-1e+18,0,0.0,0.0,2.2935779606093765,29,0.0,250,0,pathLen
train_0037,C:\Users\tao20\Desktop\Algorithm\AIPlayerDesktop\data\蔡扬的\train\train_0037.json,108,10,False,3,7,3,6, ,-1e+18,0,0.0,0.0,2.2935779606093765,27,0.0,250,0,pathLen
train_0037,C:\Users\tao20\Desktop\Algorithm\AIPlayerDesktop\data\蔡扬的\train\train_0037.json,108,11,False,9,3,9,2, ,-1e+18,0,0.0,0.0,2.2935779606093765,5,0.0,250,0,pathLen
train_0037,C:\Users\tao20\Desktop\Algorithm\AIPlayerDesktop\data\蔡扬的\train\train_0037.json,109,1,True,12,1,12,0, ,12.384732115985521,0,17.194029850746265,0.0,2.272727252066116,1,0.0,250,12,Iproxy
train_0037,C:\Users\tao20\Desktop\Algorithm\AIPlayerDesktop\data\蔡扬的\train\train_0037.json,109,2,False,12,7,12,6, ,-2.5243586575682,0,17.194029850746265,0.0,2.272727252066116,9,0.0,250,12,pathLen
train_0037,C:\Users\tao20\Desktop\Algorithm\AIPlayerDesktop\data\蔡扬的\train\train_0037.json,109,3,False,10,9,10,8, ,-9.978904044345061,0,17.194029850746265,0.0,2.272727252066116,13,0.0,250,12,pathLen
train_0037,C:\Users\tao20\Desktop\Algorithm\AIPlayerDesktop\data\蔡扬的\train\train_0037.json,109,4,False,6,1,6,0, ,-39.79708559145251,0,17.194029850746265,0.0,2.272727252066116,29,0.0,250,12,pathLen
train_0037,C:\Users\tao20\Desktop\Algorithm\AIPlayerDesktop\data\蔡扬的\train\train_0037.json,109,5,False,2,9,2,8, ,-45.403544628798734,0,1.432835820895522,0.0,2.272727252066116,25,0.0,250,1,pathLen
train_0037,C:\Users\tao20\Desktop\Algorithm\AIPlayerDesktop\data\蔡扬的\train\train_0037.json,109,6,False,3,4,3,3, ,-49.13081732218716,0,1.432835820895522,0.0,2.272727252066116,27,0.0,250,1,pathLen
train_0037,C:\Users\tao20\Desktop\Algorithm\AIPlayerDesktop\data\蔡扬的\train\train_0037.json,109,7,False,3,13,3,12,T,-56.751631164593,-30,17.194029850746265,0.0,2.272727252066116,22,0.0,220,12,pathLen
train_0037,C:\Users\tao20\Desktop\Algorithm\AIPlayerDesktop\data\蔡扬的\train\train_0037.json,109,8,False,1,3,1,2, ,-1e+18,0,0.0,0.0,2.272727252066116,30,0.0,250,0,pathLen
train_0037,C:\Users\tao20\Desktop\Algorithm\AIPlayerDesktop\data\蔡扬的\train\train_0037.json,109,9,False,3,7,3,6, ,-1e+18,0,0.0,0.0,2.272727252066116,28,0.0,250,0,pathLen
train_0037,C:\Users\tao20\Desktop\Algorithm\AIPlayerDesktop\data\蔡扬的\train\train_0037.json,109,10,False,9,3,9,2, ,-1e+18,0,0.0,0.0,2.272727252066116,6,0.0,250,0,pathLen
train_0037,C:\Users\tao20\Desktop\Algorithm\AIPlayerDesktop\data\蔡扬的\train\train_0037.json,110,1,True,11,1,11,0, ,12.164634184078857,0,17.024630541871918,0.0,2.2522522319616916,1,0.0,250,12,Iproxy
train_0037,C:\Users\tao20\Desktop\Algorithm\AIPlayerDesktop\data\蔡扬的\train\train_0037.json,110,2,False,12,7,12,6, ,-4.456987287798427,0,17.024630541871918,0.0,2.2522522319616916,10,0.0,250,12,pathLen
train_0037,C:\Users\tao20\Desktop\Algorithm\AIPlayerDesktop\data\蔡扬的\train\train_0037.json,110,3,False,10,9,10,8, ,-11.844374608632773,0,17.024630541871918,0.0,2.2522522319616916,14,0.0,250,12,pathLen
train_0037,C:\Users\tao20\Desktop\Algorithm\AIPlayerDesktop\data\蔡扬的\train\train_0037.json,110,4,False,6,1,6,0, ,-41.39392389197016,0,17.024630541871918,0.0,2.2522522319616916,30,0.0,250,12,pathLen
train_0037,C:\Users\tao20\Desktop\Algorithm\AIPlayerDesktop\data\蔡扬的\train\train_0037.json,110,5,False,2,9,2,8, ,-46.85039416756597,0,1.41871921182266,0.0,2.2522522319616916,26,0.0,250,1,pathLen
train_0037,C:\Users\tao20\Desktop\Algorithm\AIPlayerDesktop\data\蔡扬的\train\train_0037.json,110,6,False,3,4,3,3, ,-50.54408782798315,0,1.41871921182266,0.0,2.2522522319616916,28,0.0,250,1,pathLen
train_0037,C:\Users\tao20\Desktop\Algorithm\AIPlayerDesktop\data\蔡扬的\train\train_0037.json,110,7,False,3,13,3,12,T,-58.46599608051005,-30,17.024630541871918,0.0,2.2522522319616916,23,0.0,220,12,pathLen
train_0037,C:\Users\tao20\Desktop\Algorithm\AIPlayerDesktop\data\蔡扬的\train\train_0037.json,110,8,False,1,3,1,2, ,-1e+18,0,0.0,0.0,2.2522522319616916,31,0.0,250,0,pathLen
train_0037,C:\Users\tao20\Desktop\Algorithm\AIPlayerDesktop\data\蔡扬的\train\train_0037.json,110,9,False,3,7,3,6, ,-1e+18,0,0.0,0.0,2.2522522319616916,29,0.0,250,0,pathLen
train_0037,C:\Users\tao20\Desktop\Algorithm\AIPlayerDesktop\data\蔡扬的\train\train_0037.json,110,10,False,9,3,9,2, ,-1e+18,0,0.0,0.0,2.2522522319616916,7,0.0,250,0,pathLen
train_0037,C:\Users\tao20\Desktop\Algorithm\AIPlayerDesktop\data\蔡扬的\train\train_0037.json,111,1,True,12,7,12,6, ,-8.106500616849608,0,14.751219512195124,0.0,2.2321428372130105,11,0.0,250,12,pathLen
train_0037,C:\Users\tao20\Desktop\Algorithm\AIPlayerDesktop\data\蔡扬的\train\train_0037.json,111,2,False,10,9,10,8, ,-15.427929122908282,0,14.751219512195124,0.0,2.2321428372130105,15,0.0,250,12,pathLen
train_0037,C:\Users\tao20\Desktop\Algorithm\AIPlayerDesktop\data\蔡扬的\train\train_0037.json,111,3,False,10,1,10,0,T,-19.802929351702925,-30,14.751219512195124,0.0,2.2321428372130105,1,0.0,220,12,deltaR
train_0037,C:\Users\tao20\Desktop\Algorithm\AIPlayerDesktop\data\蔡扬的\train\train_0037.json,111,4,False,6,1,6,0, ,-44.713643147142974,0,14.751219512195124,0.0,2.2321428372130105,31,0.0,250,12,pathLen
train_0037,C:\Users\tao20\Desktop\Algorithm\AIPlayerDesktop\data\蔡扬的\train\train_0037.json,111,5,False,2,9,2,8, ,-48.417356767995074,0,1.229268292682927,0.0,2.2321428372130105,27,0.0,250,1,pathLen
train_0037,C:\Users\tao20\Desktop\Algorithm\AIPlayerDesktop\data\蔡扬的\train\train_0037.json,111,6,False,3,4,3,3, ,-52.078071021024414,0,1.229268292682927,0.0,2.2321428372130105,29,0.0,250,1,pathLen
train_0037,C:\Users\tao20\Desktop\Algorithm\AIPlayerDesktop\data\蔡扬的\train\train_0037.json,111,7,False,3,13,3,12,T,-61.9011432615403,-30,14.751219512195124,0.0,2.2321428372130105,24,0.0,220,12,pathLen
train_0037,C:\Users\tao20\Desktop\Algorithm\AIPlayerDesktop\data\蔡扬的\train\train_0037.json,111,8,False,1,3,1,2, ,-1e+18,0,0.0,0.0,2.2321428372130105,32,0.0,250,0,pathLen
train_0037,C:\Users\tao20\Desktop\Algorithm\AIPlayerDesktop\data\蔡扬的\train\train_0037.json,111,9,False,3,7,3,6, ,-1e+18,0,0.0,0.0,2.2321428372130105,30,0.0,250,0,pathLen
train_0037,C:\Users\tao20\Desktop\Algorithm\AIPlayerDesktop\data\蔡扬的\train\train_0037.json,111,10,False,9,3,9,2, ,-1e+18,0,0.0,0.0,2.2321428372130105,8,0.0,250,0,pathLen
train_0037,C:\Users\tao20\Desktop\Algorithm\AIPlayerDesktop\data\蔡扬的\train\train_0037.json,112,1,True,12,7,12,6, ,-6.204571312124584,0,14.751219512195124,0.0,2.2123893609523066,10,0.0,250,12,pathLen
train_0037,C:\Users\tao20\Desktop\Algorithm\AIPlayerDesktop\data\蔡扬的\train\train_0037.json,112,2,False,10,9,10,8, ,-13.46120841604815,0,14.751219512195124,0.0,2.2123893609523066,14,0.0,250,12,pathLen
train_0037,C:\Users\tao20\Desktop\Algorithm\AIPlayerDesktop\data\蔡扬的\train\train_0037.json,112,3,False,10,1,10,0,T,-21.691297104277453,-30,14.751219512195124,0.0,2.2123893609523066,2,0.0,220,12,deltaR
train_0037,C:\Users\tao20\Desktop\Algorithm\AIPlayerDesktop\data\蔡扬的\train\train_0037.json,112,4,False,6,1,6,0, ,-42.48775683174241,0,14.751219512195124,0.0,2.2123893609523066,30,0.0,250,12,pathLen
train_0037,C:\Users\tao20\Desktop\Algorithm\AIPlayerDesktop\data\蔡扬的\train\train_0037.json,112,5,False,2,9,2,8, ,-46.17338938819615,0,1.229268292682927,0.0,2.2123893609523066,26,0.0,250,1,pathLen
train_0037,C:\Users\tao20\Desktop\Algorithm\AIPlayerDesktop\data\蔡扬的\train\train_0037.json,112,6,False,3,4,3,3, ,-49.80170794015793,0,1.229268292682927,0.0,2.2123893609523066,28,0.0,250,1,pathLen
train_0037,C:\Users\tao20\Desktop\Algorithm\AIPlayerDesktop\data\蔡扬的\train\train_0037.json,112,7,False,3,13,3,12,T,-59.78864189987617,-30,14.751219512195124,0.0,2.2123893609523066,23,0.0,220,12,pathLen
train_0037,C:\Users\tao20\Desktop\Algorithm\AIPlayerDesktop\data\蔡扬的\train\train_0037.json,112,8,False,1,3,1,2, ,-1e+18,0,0.0,0.0,2.2123893609523066,31,0.0,250,0,pathLen
train_0037,C:\Users\tao20\Desktop\Algorithm\AIPlayerDesktop\data\蔡扬的\train\train_0037.json,112,9,False,3,7,3,6, ,-1e+18,0,0.0,0.0,2.2123893609523066,29,0.0,250,0,pathLen
train_0037,C:\Users\tao20\Desktop\Algorithm\AIPlayerDesktop\data\蔡扬的\train\train_0037.json,112,10,False,9,3,9,2, ,-1e+18,0,0.0,0.0,2.2123893609523066,7,0.0,250,0,pathLen
train_0037,C:\Users\tao20\Desktop\Algorithm\AIPlayerDesktop\data\蔡扬的\train\train_0037.json,113,1,True,12,7,12,6, ,-4.319513998366633,0,14.751219512195124,0.0,2.192982436903663,9,0.0,250,12,pathLen
train_0037,C:\Users\tao20\Desktop\Algorithm\AIPlayerDesktop\data\蔡扬的\train\train_0037.json,113,2,False,10,9,10,8, ,-11.512496391410645,0,14.751219512195124,0.0,2.192982436903663,13,0.0,250,12,pathLen
train_0037,C:\Users\tao20\Desktop\Algorithm\AIPlayerDesktop\data\蔡扬的\train\train_0037.json,113,3,False,10,1,10,0,T,-23.530040408800613,-30,14.751219512195124,0.0,2.192982436903663,3,0.0,220,12,deltaR
train_0037,C:\Users\tao20\Desktop\Algorithm\AIPlayerDesktop\data\蔡扬的\train\train_0037.json,113,4,False,6,1,6,0, ,-40.2844259635867,0,14.751219512195124,0.0,2.192982436903663,29,0.0,250,12,pathLen
train_0037,C:\Users\tao20\Desktop\Algorithm\AIPlayerDesktop\data\蔡扬的\train\train_0037.json,113,5,False,2,9,2,8, ,-43.96741525769322,0,1.229268292682927,0.0,2.192982436903663,25,0.0,250,1,pathLen
train_0037,C:\Users\tao20\Desktop\Algorithm\AIPlayerDesktop\data\蔡扬的\train\train_0037.json,113,6,False,3,4,3,3, ,-47.56390645421522,0,1.229268292682927,0.0,2.192982436903663,27,0.0,250,1,pathLen
train_0037,C:\Users\tao20\Desktop\Algorithm\AIPlayerDesktop\data\蔡扬的\train\train_0037.json,113,7,False,3,13,3,12,T,-57.69670677575967,-30,14.751219512195124,0.0,2.192982436903663,22,0.0,220,12,pathLen
train_0037,C:\Users\tao20\Desktop\Algorithm\AIPlayerDesktop\data\蔡扬的\train\train_0037.json,113,8,False,1,3,1,2, ,-1e+18,0,0.0,0.0,2.192982436903663,30,0.0,250,0,pathLen
train_0037,C:\Users\tao20\Desktop\Algorithm\AIPlayerDesktop\data\蔡扬的\train\train_0037.json,113,9,False,3,7,3,6, ,-1e+18,0,0.0,0.0,2.192982436903663,28,0.0,250,0,pathLen
train_0037,C:\Users\tao20\Desktop\Algorithm\AIPlayerDesktop\data\蔡扬的\train\train_0037.json,113,10,False,9,3,9,2, ,-1e+18,0,0.0,0.0,2.192982436903663,6,0.0,250,0,pathLen
train_0037,C:\Users\tao20\Desktop\Algorithm\AIPlayerDesktop\data\蔡扬的\train\train_0037.json,114,1,True,12,7,12,6, ,-2.4540331045889836,0,14.751219512195124,0.0,2.1739130245746696,8,0.0,250,12,pathLen
train_0037,C:\Users\tao20\Desktop\Algorithm\AIPlayerDesktop\data\蔡扬的\train\train_0037.json,114,2,False,10,9,10,8, ,-9.584467825193899,0,14.751219512195124,0.0,2.1739130245746696,12,0.0,250,12,pathLen
train_0037,C:\Users\tao20\Desktop\Algorithm\AIPlayerDesktop\data\蔡扬的\train\train_0037.json,114,3,False,10,1,10,0,T,-25.32359838398407,-30,14.751219512195124,0.0,2.1739130245746696,4,0.0,220,12,deltaR
train_0037,C:\Users\tao20\Desktop\Algorithm\AIPlayerDesktop\data\蔡扬的\train\train_0037.json,114,4,False,6,1,6,0, ,-38.106206707613566,0,14.751219512195124,0.0,2.1739130245746696,28,0.0,250,12,pathLen
train_0037,C:\Users\tao20\Desktop\Algorithm\AIPlayerDesktop\data\蔡扬的\train\train_0037.json,114,5,False,2,9,2,8, ,-41.79870529557776,0,1.229268292682927,0.0,2.1739130245746696,24,0.0,250,1,pathLen
train_0037,C:\Users\tao20\Desktop\Algorithm\AIPlayerDesktop\data\蔡扬的\train\train_0037.json,114,6,False,3,4,3,3, ,-45.36392265588022,0,1.229268292682927,0.0,2.1739130245746696,26,0.0,250,1,pathLen
train_0037,C:\Users\tao20\Desktop\Algorithm\AIPlayerDesktop\data\蔡扬的\train\train_0037.json,114,7,False,3,13,3,12,T,-55.627945946554966,-30,14.751219512195124,0.0,2.1739130245746696,21,0.0,220,12,pathLen
train_0037,C:\Users\tao20\Desktop\Algorithm\AIPlayerDesktop\data\蔡扬的\train\train_0037.json,114,8,False,1,3,1,2, ,-1e+18,0,0.0,0.0,2.1739130245746696,29,0.0,250,0,pathLen
train_0037,C:\Users\tao20\Desktop\Algorithm\AIPlayerDesktop\data\蔡扬的\train\train_0037.json,114,9,False,3,7,3,6, ,-1e+18,0,0.0,0.0,2.1739130245746696,27,0.0,250,0,pathLen
train_0037,C:\Users\tao20\Desktop\Algorithm\AIPlayerDesktop\data\蔡扬的\train\train_0037.json,114,10,False,9,3,9,2, ,-1e+18,0,0.0,0.0,2.1739130245746696,5,0.0,250,0,pathLen
train_0037,C:\Users\tao20\Desktop\Algorithm\AIPlayerDesktop\data\蔡扬的\train\train_0037.json,115,1,True,12,7,12,6, ,-0.6101412513969251,0,14.751219512195124,0.0,2.155172395214031,7,0.0,250,12,pathLen
train_0037,C:\Users\tao20\Desktop\Algorithm\AIPlayerDesktop\data\蔡扬的\train\train_0037.json,115,2,False,10,9,10,8, ,-7.679106707698947,0,14.751219512195124,0.0,2.155172395214031,11,0.0,250,12,pathLen
train_0037,C:\Users\tao20\Desktop\Algorithm\AIPlayerDesktop\data\蔡扬的\train\train_0037.json,115,3,False,10,1,10,0,T,-27.075658523245913,-30,14.751219512195124,0.0,2.155172395214031,5,0.0,220,12,deltaR
train_0037,C:\Users\tao20\Desktop\Algorithm\AIPlayerDesktop\data\蔡扬的\train\train_0037.json,115,4,False,6,1,6,0, ,-35.95496853290703,0,14.751219512195124,0.0,2.155172395214031,27,0.0,250,12,pathLen
train_0037,C:\Users\tao20\Desktop\Algorithm\AIPlayerDesktop\data\蔡扬的\train\train_0037.json,115,5,False,2,9,2,8, ,-39.66650568230899,0,1.229268292682927,0.0,2.155172395214031,23,0.0,250,1,pathLen
train_0037,C:\Users\tao20\Desktop\Algorithm\AIPlayerDesktop\data\蔡扬的\train\train_0037.json,115,6,False,3,4,3,3, ,-43.20098841046,0,1.229268292682927,0.0,2.155172395214031,25,0.0,250,1,pathLen
train_0037,C:\Users\tao20\Desktop\Algorithm\AIPlayerDesktop\data\蔡扬的\train\train_0037.json,115,7,False,3,13,3,12,T,-53.58427898437849,-30,14.751219512195124,0.0,2.155172395214031,20,0.0,220,12,pathLen
train_0037,C:\Users\tao20\Desktop\Algorithm\AIPlayerDesktop\data\蔡扬的\train\train_0037.json,115,8,False,1,3,1,2, ,-1e+18,0,0.0,0.0,2.155172395214031,28,0.0,250,0,pathLen
train_0037,C:\Users\tao20\Desktop\Algorithm\AIPlayerDesktop\data\蔡扬的\train\train_0037.json,115,9,False,3,7,3,6, ,-1e+18,0,0.0,0.0,2.155172395214031,26,0.0,250,0,pathLen
train_0037,C:\Users\tao20\Desktop\Algorithm\AIPlayerDesktop\data\蔡扬的\train\train_0037.json,115,10,False,9,3,9,2, ,-1e+18,0,0.0,0.0,2.155172395214031,4,0.0,250,0,pathLen
train_0037,C:\Users\tao20\Desktop\Algorithm\AIPlayerDesktop\data\蔡扬的\train\train_0037.json,116,1,True,12,7,12,6, ,1.210697442572874,0,14.751219512195124,0.0,2.1367521184892984,6,0.0,250,12,Iproxy
train_0037,C:\Users\tao20\Desktop\Algorithm\AIPlayerDesktop\data\蔡扬的\train\train_0037.json,116,2,False,10,9,10,8, ,-5.7978495060720245,0,14.751219512195124,0.0,2.1367521184892984,10,0.0,250,12,pathLen
train_0037,C:\Users\tao20\Desktop\Algorithm\AIPlayerDesktop\data\蔡扬的\train\train_0037.json,116,3,False,10,1,10,0,T,-28.789302557427124,-30,14.751219512195124,0.0,2.1367521184892984,6,0.0,220,12,deltaR
train_0037,C:\Users\tao20\Desktop\Algorithm\AIPlayerDesktop\data\蔡扬的\train\train_0037.json,116,4,False,6,1,6,0, ,-33.83203730065161,0,14.751219512195124,0.0,2.1367521184892984,26,0.0,250,12,pathLen
train_0037,C:\Users\tao20\Desktop\Algorithm\AIPlayerDesktop\data\蔡扬的\train\train_0037.json,116,5,False,2,9,2,8, ,-37.570048395418596,0,1.229268292682927,0.0,2.1367521184892984,22,0.0,250,1,pathLen
train_0037,C:\Users\tao20\Desktop\Algorithm\AIPlayerDesktop\data\蔡扬的\train\train_0037.json,116,6,False,3,4,3,3, ,-41.07432186974104,0,1.229268292682927,0.0,2.1367521184892984,24,0.0,250,1,pathLen
train_0037,C:\Users\tao20\Desktop\Algorithm\AIPlayerDesktop\data\蔡扬的\train\train_0037.json,116,7,False,3,13,3,12,T,-51.567080140523046,-30,14.751219512195124,0.0,2.1367521184892984,19,0.0,220,12,pathLen
train_0037,C:\Users\tao20\Desktop\Algorithm\AIPlayerDesktop\data\蔡扬的\train\train_0037.json,116,8,False,1,3,1,2, ,-1e+18,0,0.0,0.0,2.1367521184892984,27,0.0,250,0,pathLen
train_0037,C:\Users\tao20\Desktop\Algorithm\AIPlayerDesktop\data\蔡扬的\train\train_0037.json,116,9,False,3,7,3,6, ,-1e+18,0,0.0,0.0,2.1367521184892984,25,0.0,250,0,pathLen
train_0037,C:\Users\tao20\Desktop\Algorithm\AIPlayerDesktop\data\蔡扬的\train\train_0037.json,116,10,False,9,3,9,2, ,-1e+18,0,0.0,0.0,2.1367521184892984,5,0.0,250,0,pathLen
train_0037,C:\Users\tao20\Desktop\Algorithm\AIPlayerDesktop\data\蔡扬的\train\train_0037.json,117,1,True,12,7,12,6, ,3.0074529159149126,0,14.751219512195124,0.0,2.1186440498419996,5,0.0,250,12,Iproxy
train_0037,C:\Users\tao20\Desktop\Algorithm\AIPlayerDesktop\data\蔡扬的\train\train_0037.json,117,2,False,10,9,10,8, ,-3.9416995675668467,0,14.751219512195124,0.0,2.1186440498419996,9,0.0,250,12,pathLen
train_0037,C:\Users\tao20\Desktop\Algorithm\AIPlayerDesktop\data\蔡扬的\train\train_0037.json,117,3,False,10,1,10,0,T,-30.467123325825966,-30,14.751219512195124,0.0,2.1186440498419996,7,0.0,220,12,deltaR
train_0037,C:\Users\tao20\Desktop\Algorithm\AIPlayerDesktop\data\蔡扬的\train\train_0037.json,117,4,False,6,1,6,0, ,-31.73830950149388,0,14.751219512195124,0.0,2.1186440498419996,25,0.0,250,12,pathLen
train_0037,C:\Users\tao20\Desktop\Algorithm\AIPlayerDesktop\data\蔡扬的\train\train_0037.json,117,5,False,2,9,2,8, ,-35.508559411590305,0,1.229268292682927,0.0,2.1186440498419996,21,0.0,250,1,pathLen
train_0037,C:\Users\tao20\Desktop\Algorithm\AIPlayerDesktop\data\蔡扬的\train\train_0037.json,117,6,False,3,4,3,3, ,-38.98313565333119,0,1.229268292682927,0.0,2.1186440498419996,23,0.0,250,1,pathLen
train_0037,C:\Users\tao20\Desktop\Algorithm\AIPlayerDesktop\data\蔡扬的\train\train_0037.json,117,7,False,3,13,3,12,T,-49.577292655400804,-30,14.751219512195124,0.0,2.1186440498419996,18,0.0,220,12,pathLen
train_0037,C:\Users\tao20\Desktop\Algorithm\AIPlayerDesktop\data\蔡扬的\train\train_0037.json,117,8,False,1,3,1,2, ,-1e+18,0,0.0,0.0,2.1186440498419996,26,0.0,250,0,pathLen
train_0037,C:\Users\tao20\Desktop\Algorithm\AIPlayerDesktop\data\蔡扬的\train\train_0037.json,117,9,False,3,7,3,6, ,-1e+18,0,0.0,0.0,2.1186440498419996,24,0.0,250,0,pathLen
train_0037,C:\Users\tao20\Desktop\Algorithm\AIPlayerDesktop\data\蔡扬的\train\train_0037.json,117,10,False,9,3,9,2, ,-1e+18,0,0.0,0.0,2.1186440498419996,6,0.0,250,0,pathLen
train_0037,C:\Users\tao20\Desktop\Algorithm\AIPlayerDesktop\data\蔡扬的\train\train_0037.json,118,1,True,12,7,12,6, ,4.779437799433127,0,14.751219512195124,0.0,2.1008403184803335,4,0.0,250,12,Iproxy
train_0037,C:\Users\tao20\Desktop\Algorithm\AIPlayerDesktop\data\蔡扬的\train\train_0037.json,118,2,False,10,9,10,8, ,-2.1113184451823663,0,14.751219512195124,0.0,2.1008403184803335,8,0.0,250,12,pathLen
train_0037,C:\Users\tao20\Desktop\Algorithm\AIPlayerDesktop\data\蔡扬的\train\train_0037.json,118,3,False,6,1,6,0, ,-29.674343423644338,0,14.751219512195124,0.0,2.1008403184803335,24,0.0,250,12,pathLen
train_0037,C:\Users\tao20\Desktop\Algorithm\AIPlayerDesktop\data\蔡扬的\train\train_0037.json,118,4,False,10,1,10,0,T,-32.11131844518236,-30,14.751219512195124,0.0,2.1008403184803335,8,0.0,220,12,deltaR
train_0037,C:\Users\tao20\Desktop\Algorithm\AIPlayerDesktop\data\蔡扬的\train\train_0037.json,118,5,False,2,9,2,8, ,-33.481265052740085,0,1.229268292682927,0.0,2.1008403184803335,20,0.0,250,1,pathLen
train_0037,C:\Users\tao20\Desktop\Algorithm\AIPlayerDesktop\data\蔡扬的\train\train_0037.json,118,6,False,3,4,3,3, ,-36.92664317504783,0,1.229268292682927,0.0,2.1008403184803335,22,0.0,250,1,pathLen
train_0037,C:\Users\tao20\Desktop\Algorithm\AIPlayerDesktop\data\蔡扬的\train\train_0037.json,118,7,False,3,13,3,12,T,-47.615519995567226,-30,14.751219512195124,0.0,2.1008403184803335,17,0.0,220,12,pathLen
train_0037,C:\Users\tao20\Desktop\Algorithm\AIPlayerDesktop\data\蔡扬的\train\train_0037.json,118,8,False,1,3,1,2, ,-1e+18,0,0.0,0.0,2.1008403184803335,25,0.0,250,0,pathLen
train_0037,C:\Users\tao20\Desktop\Algorithm\AIPlayerDesktop\data\蔡扬的\train\train_0037.json,118,9,False,3,7,3,6, ,-1e+18,0,0.0,0.0,2.1008403184803335,23,0.0,250,0,pathLen
train_0037,C:\Users\tao20\Desktop\Algorithm\AIPlayerDesktop\data\蔡扬的\train\train_0037.json,118,10,False,9,3,9,2, ,-1e+18,0,0.0,0.0,2.1008403184803335,7,0.0,250,0,pathLen
train_0037,C:\Users\tao20\Desktop\Algorithm\AIPlayerDesktop\data\蔡扬的\train\train_0037.json,119,1,True,12,7,12,6, ,6.5262345057821625,0,14.751219512195124,0.0,2.0833333159722223,3,0.0,250,12,Iproxy
train_0037,C:\Users\tao20\Desktop\Algorithm\AIPlayerDesktop\data\蔡扬的\train\train_0037.json,119,2,False,10,9,10,8, ,-0.30709877060672675,0,14.751219512195124,0.0,2.0833333159722223,7,0.0,250,12,Iproxy
train_0037,C:\Users\tao20\Desktop\Algorithm\AIPlayerDesktop\data\蔡扬的\train\train_0037.json,119,3,False,6,1,6,0, ,-27.640431876162282,0,14.751219512195124,0.0,2.0833333159722223,23,0.0,250,12,pathLen
train_0037,C:\Users\tao20\Desktop\Algorithm\AIPlayerDesktop\data\蔡扬的\train\train_0037.json,119,4,False,2,9,2,8, ,-31.487396857591065,0,1.229268292682927,0.0,2.0833333159722223,19,0.0,250,1,pathLen
train_0037,C:\Users\tao20\Desktop\Algorithm\AIPlayerDesktop\data\蔡扬的\train\train_0037.json,119,5,False,10,1,10,0,T,-33.72376540880117,-30,14.751219512195124,0.0,2.0833333159722223,9,0.0,220,12,deltaR
train_0037,C:\Users\tao20\Desktop\Algorithm\AIPlayerDesktop\data\蔡扬的\train\train_0037.json,119,6,False,3,4,3,3, ,-34.904063495785515,0,1.229268292682927,0.0,2.0833333159722223,21,0.0,250,1,pathLen
train_0037,C:\Users\tao20\Desktop\Algorithm\AIPlayerDesktop\data\蔡扬的\train\train_0037.json,119,7,False,3,13,3,12,T,-45.682098642481726,-30,14.751219512195124,0.0,2.0833333159722223,16,0.0,220,12,pathLen
train_0037,C:\Users\tao20\Desktop\Algorithm\AIPlayerDesktop\data\蔡扬的\train\train_0037.json,119,8,False,1,3,1,2, ,-1e+18,0,0.0,0.0,2.0833333159722223,24,0.0,250,0,pathLen
train_0037,C:\Users\tao20\Desktop\Algorithm\AIPlayerDesktop\data\蔡扬的\train\train_0037.json,119,9,False,3,7,3,6, ,-1e+18,0,0.0,0.0,2.0833333159722223,22,0.0,250,0,pathLen
train_0037,C:\Users\tao20\Desktop\Algorithm\AIPlayerDesktop\data\蔡扬的\train\train_0037.json,119,10,False,9,3,9,2, ,-1e+18,0,0.0,0.0,2.0833333159722223,8,0.0,250,0,pathLen
train_0037,C:\Users\tao20\Desktop\Algorithm\AIPlayerDesktop\data\蔡扬的\train\train_0037.json,120,1,True,12,7,12,6, ,8.24763707423143,0,14.751219512195124,0.0,2.066115685404003,2,0.0,250,12,Iproxy
train_0037,C:\Users\tao20\Desktop\Algorithm\AIPlayerDesktop\data\蔡扬的\train\train_0037.json,120,2,False,10,9,10,8, ,1.4707776261063028,0,14.751219512195124,0.0,2.066115685404003,6,0.0,250,12,Iproxy
train_0037,C:\Users\tao20\Desktop\Algorithm\AIPlayerDesktop\data\蔡扬的\train\train_0037.json,120,3,False,6,1,6,0, ,-25.636660166394215,0,14.751219512195124,0.0,2.066115685404003,22,0.0,250,12,pathLen
train_0037,C:\Users\tao20\Desktop\Algorithm\AIPlayerDesktop\data\蔡扬的\train\train_0037.json,120,4,False,2,9,2,8, ,-29.526195283371916,0,1.229268292682927,0.0,2.066115685404003,18,0.0,250,1,pathLen
train_0037,C:\Users\tao20\Desktop\Algorithm\AIPlayerDesktop\data\蔡扬的\train\train_0037.json,120,5,False,3,4,3,3, ,-32.91462500743447,0,1.229268292682927,0.0,2.066115685404003,20,0.0,250,1,pathLen
train_0037,C:\Users\tao20\Desktop\Algorithm\AIPlayerDesktop\data\蔡扬的\train\train_0037.json,120,6,False,10,1,10,0,T,-35.306081822018825,-30,14.751219512195124,0.0,2.066115685404003,10,0.0,220,12,deltaR
train_0037,C:\Users\tao20\Desktop\Algorithm\AIPlayerDesktop\data\蔡扬的\train\train_0037.json,120,7,False,3,13,3,12,T,-43.777156132175236,-30,14.751219512195124,0.0,2.066115685404003,15,0.0,220,12,pathLen
train_0037,C:\Users\tao20\Desktop\Algorithm\AIPlayerDesktop\data\蔡扬的\train\train_0037.json,120,8,False,1,3,1,2, ,-1e+18,0,0.0,0.0,2.066115685404003,23,0.0,250,0,pathLen
train_0037,C:\Users\tao20\Desktop\Algorithm\AIPlayerDesktop\data\蔡扬的\train\train_0037.json,120,9,False,3,7,3,6, ,-1e+18,0,0.0,0.0,2.066115685404003,21,0.0,250,0,pathLen
train_0037,C:\Users\tao20\Desktop\Algorithm\AIPlayerDesktop\data\蔡扬的\train\train_0037.json,120,10,False,9,3,9,2, ,-1e+18,0,0.0,0.0,2.066115685404003,9,0.0,250,0,pathLen
train_0037,C:\Users\tao20\Desktop\Algorithm\AIPlayerDesktop\data\蔡扬的\train\train_0037.json,121,1,True,12,7,12,6, ,9.94360481139085,0,14.751219512195124,0.0,2.0491803110722926,1,0.0,250,12,Iproxy
train_0037,C:\Users\tao20\Desktop\Algorithm\AIPlayerDesktop\data\蔡扬的\train\train_0037.json,121,2,False,10,9,10,8, ,3.222293391073732,0,14.751219512195124,0.0,2.0491803110722926,5,0.0,250,12,Iproxy
train_0037,C:\Users\tao20\Desktop\Algorithm\AIPlayerDesktop\data\蔡扬的\train\train_0037.json,121,3,False,6,1,6,0, ,-23.662952290194745,0,14.751219512195124,0.0,2.0491803110722926,21,0.0,250,12,pathLen
train_0037,C:\Users\tao20\Desktop\Algorithm\AIPlayerDesktop\data\蔡扬的\train\train_0037.json,121,4,False,2,9,2,8, ,-27.59691248080858,0,1.229268292682927,0.0,2.0491803110722926,17,0.0,250,1,pathLen
train_0037,C:\Users\tao20\Desktop\Algorithm\AIPlayerDesktop\data\蔡扬的\train\train_0037.json,121,5,False,3,4,3,3, ,-30.957568190967137,0,1.229268292682927,0.0,2.0491803110722926,19,0.0,250,1,pathLen
train_0037,C:\Users\tao20\Desktop\Algorithm\AIPlayerDesktop\data\蔡扬的\train\train_0037.json,121,6,False,10,1,10,0,T,-36.85967373940194,-30,14.751219512195124,0.0,2.0491803110722926,11,0.0,220,12,deltaR
train_0037,C:\Users\tao20\Desktop\Algorithm\AIPlayerDesktop\data\蔡扬的\train\train_0037.json,121,7,False,3,13,3,12,T,-41.90065730463978,-30,14.751219512195124,0.0,2.0491803110722926,14,0.0,220,12,deltaR
train_0037,C:\Users\tao20\Desktop\Algorithm\AIPlayerDesktop\data\蔡扬的\train\train_0037.json,121,8,False,1,3,1,2, ,-1e+18,0,0.0,0.0,2.0491803110722926,22,0.0,250,0,pathLen
train_0037,C:\Users\tao20\Desktop\Algorithm\AIPlayerDesktop\data\蔡扬的\train\train_0037.json,121,9,False,3,7,3,6, ,-1e+18,0,0.0,0.0,2.0491803110722926,20,0.0,250,0,pathLen
train_0037,C:\Users\tao20\Desktop\Algorithm\AIPlayerDesktop\data\蔡扬的\train\train_0037.json,121,10,False,9,3,9,2, ,-1e+18,0,0.0,0.0,2.0491803110722926,10,0.0,250,0,pathLen
train_0037,C:\Users\tao20\Desktop\Algorithm\AIPlayerDesktop\data\蔡扬的\train\train_0037.json,122,1,True,10,9,10,8, ,-0.1791084858957479,0,12.521739130434783,0.0,2.0325203086786967,6,0.0,250,12,Iproxy
train_0037,C:\Users\tao20\Desktop\Algorithm\AIPlayerDesktop\data\蔡扬的\train\train_0037.json,122,2,False,13,7,13,6,T,-21.84577522031309,-30,12.521739130434783,0.0,2.0325203086786967,1,0.0,220,12,deltaR
train_0037,C:\Users\tao20\Desktop\Algorithm\AIPlayerDesktop\data\蔡扬的\train\train_0037.json,122,3,False,6,1,6,0, ,-26.845774935760247,0,12.521739130434783,0.0,2.0325203086786967,22,0.0,250,12,pathLen
train_0037,C:\Users\tao20\Desktop\Algorithm\AIPlayerDesktop\data\蔡扬的\train\train_0037.json,122,4,False,2,9,2,8, ,-29.181592136697276,0,1.0434782608695652,0.0,2.0325203086786967,18,0.0,250,1,pathLen
train_0037,C:\Users\tao20\Desktop\Algorithm\AIPlayerDesktop\data\蔡扬的\train\train_0037.json,122,5,False,3,4,3,3, ,-32.514925442930334,0,1.0434782608695652,0.0,2.0325203086786967,20,0.0,250,1,pathLen
train_0037,C:\Users\tao20\Desktop\Algorithm\AIPlayerDesktop\data\蔡扬的\train\train_0037.json,122,6,False,10,1,10,0,T,-40.179108404594935,-30,12.521739130434783,0.0,2.0325203086786967,12,0.0,220,12,deltaR
train_0037,C:\Users\tao20\Desktop\Algorithm\AIPlayerDesktop\data\蔡扬的\train\train_0037.json,122,7,False,3,13,3,12,T,-45.17910836394452,-30,12.521739130434783,0.0,2.0325203086786967,15,0.0,220,12,pathLen
train_0037,C:\Users\tao20\Desktop\Algorithm\AIPlayerDesktop\data\蔡扬的\train\train_0037.json,122,8,False,1,3,1,2, ,-1e+18,0,0.0,0.0,2.0325203086786967,23,0.0,250,0,pathLen
train_0037,C:\Users\tao20\Desktop\Algorithm\AIPlayerDesktop\data\蔡扬的\train\train_0037.json,122,9,False,3,7,3,6, ,-1e+18,0,0.0,0.0,2.0325203086786967,21,0.0,250,0,pathLen
train_0037,C:\Users\tao20\Desktop\Algorithm\AIPlayerDesktop\data\蔡扬的\train\train_0037.json,122,10,False,9,3,9,2, ,-1e+18,0,0.0,0.0,2.0325203086786967,11,0.0,250,0,pathLen
train_0037,C:\Users\tao20\Desktop\Algorithm\AIPlayerDesktop\data\蔡扬的\train\train_0037.json,123,1,True,10,9,10,8, ,1.5177904900504533,0,12.521739130434783,0.0,2.0161290159989598,5,0.0,250,12,Iproxy
train_0037,C:\Users\tao20\Desktop\Algorithm\AIPlayerDesktop\data\蔡扬的\train\train_0037.json,123,2,False,13,7,13,6,T,-23.522532130592104,-30,12.521739130434783,0.0,2.0161290159989598,2,0.0,220,12,deltaR
train_0037,C:\Users\tao20\Desktop\Algorithm\AIPlayerDesktop\data\蔡扬的\train\train_0037.json,123,3,False,6,1,6,0, ,-24.9338221998559,0,12.521739130434783,0.0,2.0161290159989598,21,0.0,250,12,pathLen
train_0037,C:\Users\tao20\Desktop\Algorithm\AIPlayerDesktop\data\蔡扬的\train\train_0037.json,123,4,False,2,9,2,8, ,-27.28951186172165,0,1.0434782608695652,0.0,2.0161290159989598,17,0.0,250,1,pathLen
train_0037,C:\Users\tao20\Desktop\Algorithm\AIPlayerDesktop\data\蔡扬的\train\train_0037.json,123,5,False,3,4,3,3, ,-30.595963447959942,0,1.0434782608695652,0.0,2.0161290159989598,19,0.0,250,1,pathLen
train_0037,C:\Users\tao20\Desktop\Algorithm\AIPlayerDesktop\data\蔡扬的\train\train_0037.json,123,6,False,10,1,10,0,T,-38.40156426866443,-30,12.521739130434783,0.0,2.0161290159989598,11,0.0,220,12,deltaR
train_0037,C:\Users\tao20\Desktop\Algorithm\AIPlayerDesktop\data\蔡扬的\train\train_0037.json,123,7,False,3,13,3,12,T,-43.361241648021874,-30,12.521739130434783,0.0,2.0161290159989598,14,0.0,220,12,deltaR
train_0037,C:\Users\tao20\Desktop\Algorithm\AIPlayerDesktop\data\蔡扬的\train\train_0037.json,123,8,False,1,3,1,2, ,-1e+18,0,0.0,0.0,2.0161290159989598,22,0.0,250,0,pathLen
train_0037,C:\Users\tao20\Desktop\Algorithm\AIPlayerDesktop\data\蔡扬的\train\train_0037.json,123,9,False,3,7,3,6, ,-1e+18,0,0.0,0.0,2.0161290159989598,20,0.0,250,0,pathLen
train_0037,C:\Users\tao20\Desktop\Algorithm\AIPlayerDesktop\data\蔡扬的\train\train_0037.json,123,10,False,9,3,9,2, ,-1e+18,0,0.0,0.0,2.0161290159989598,10,0.0,250,0,pathLen
train_0037,C:\Users\tao20\Desktop\Algorithm\AIPlayerDesktop\data\蔡扬的\train\train_0037.json,124,1,True,10,9,10,8, ,3.1943419264003863,0,12.521739130434783,0.0,1.9999999840000002,4,0.0,250,12,Iproxy
train_0037,C:\Users\tao20\Desktop\Algorithm\AIPlayerDesktop\data\蔡扬的\train\train_0037.json,124,2,False,6,1,6,0, ,-23.045657863679615,0,12.521739130434783,0.0,1.9999999840000002,20,0.0,250,12,pathLen
train_0037,C:\Users\tao20\Desktop\Algorithm\AIPlayerDesktop\data\蔡扬的\train\train_0037.json,124,3,False,13,7,13,6,T,-25.16565808671961,-30,12.521739130434783,0.0,1.9999999840000002,3,0.0,220,12,deltaR
train_0037,C:\Users\tao20\Desktop\Algorithm\AIPlayerDesktop\data\蔡扬的\train\train_0037.json,124,4,False,2,9,2,8, ,-25.427137967253305,0,1.0434782608695652,0.0,1.9999999840000002,16,0.0,250,1,pathLen
train_0037,C:\Users\tao20\Desktop\Algorithm\AIPlayerDesktop\data\蔡扬的\train\train_0037.json,124,5,False,3,4,3,3, ,-28.707137941013304,0,1.0434782608695652,0.0,1.9999999840000002,18,0.0,250,1,pathLen
train_0037,C:\Users\tao20\Desktop\Algorithm\AIPlayerDesktop\data\蔡扬的\train\train_0037.json,124,6,False,10,1,10,0,T,-39.92565796863961,-30,12.521739130434783,0.0,1.9999999840000002,12,0.0,220,12,deltaR
train_0037,C:\Users\tao20\Desktop\Algorithm\AIPlayerDesktop\data\蔡扬的\train\train_0037.json,124,7,False,3,13,3,12,T,-41.56565795551961,-30,12.521739130434783,0.0,1.9999999840000002,13,0.0,220,12,deltaR
train_0037,C:\Users\tao20\Desktop\Algorithm\AIPlayerDesktop\data\蔡扬的\train\train_0037.json,124,8,False,1,3,1,2, ,-1e+18,0,0.0,0.0,1.9999999840000002,21,0.0,250,0,pathLen
train_0037,C:\Users\tao20\Desktop\Algorithm\AIPlayerDesktop\data\蔡扬的\train\train_0037.json,124,9,False,3,7,3,6, ,-1e+18,0,0.0,0.0,1.9999999840000002,19,0.0,250,0,pathLen
train_0037,C:\Users\tao20\Desktop\Algorithm\AIPlayerDesktop\data\蔡扬的\train\train_0037.json,124,10,False,9,3,9,2, ,-1e+18,0,0.0,0.0,1.9999999840000002,11,0.0,250,0,pathLen
train_0037,C:\Users\tao20\Desktop\Algorithm\AIPlayerDesktop\data\蔡扬的\train\train_0037.json,125,1,True,10,9,10,8, ,4.849727466325085,0,12.521739130434783,0.0,1.9841269683799447,3,0.0,250,12,Iproxy
train_0037,C:\Users\tao20\Desktop\Algorithm\AIPlayerDesktop\data\蔡扬的\train\train_0037.json,125,2,False,6,1,6,0, ,-21.18201835881979,0,12.521739130434783,0.0,1.9841269683799447,19,0.0,250,12,pathLen
train_0037,C:\Users\tao20\Desktop\Algorithm\AIPlayerDesktop\data\蔡扬的\train\train_0037.json,125,3,False,2,9,2,8, ,-23.59387172702834,0,1.0434782608695652,0.0,1.9841269683799447,15,0.0,250,1,pathLen
train_0037,C:\Users\tao20\Desktop\Algorithm\AIPlayerDesktop\data\蔡扬的\train\train_0037.json,125,4,False,13,7,13,6,T,-26.77725664774647,-30,12.521739130434783,0.0,1.9841269683799447,4,0.0,220,12,deltaR
train_0037,C:\Users\tao20\Desktop\Algorithm\AIPlayerDesktop\data\蔡扬的\train\train_0037.json,125,5,False,3,4,3,3, ,-26.847839955171448,0,1.0434782608695652,0.0,1.9841269683799447,17,0.0,250,1,pathLen
train_0037,C:\Users\tao20\Desktop\Algorithm\AIPlayerDesktop\data\蔡扬的\train\train_0037.json,125,6,False,3,13,3,12,T,-39.79312956031891,-30,12.521739130434783,0.0,1.9841269683799447,12,0.0,220,12,deltaR
train_0037,C:\Users\tao20\Desktop\Algorithm\AIPlayerDesktop\data\蔡扬的\train\train_0037.json,125,7,False,10,1,10,0,T,-41.420113674390464,-30,12.521739130434783,0.0,1.9841269683799447,13,0.0,220,12,deltaR
train_0037,C:\Users\tao20\Desktop\Algorithm\AIPlayerDesktop\data\蔡扬的\train\train_0037.json,125,8,False,1,3,1,2, ,-1e+18,0,0.0,0.0,1.9841269683799447,20,0.0,250,0,pathLen
train_0037,C:\Users\tao20\Desktop\Algorithm\AIPlayerDesktop\data\蔡扬的\train\train_0037.json,125,9,False,3,7,3,6, ,-1e+18,0,0.0,0.0,1.9841269683799447,18,0.0,250,0,pathLen
train_0037,C:\Users\tao20\Desktop\Algorithm\AIPlayerDesktop\data\蔡扬的\train\train_0037.json,125,10,False,9,3,9,2, ,-1e+18,0,0.0,0.0,1.9841269683799447,12,0.0,250,0,pathLen
train_0037,C:\Users\tao20\Desktop\Algorithm\AIPlayerDesktop\data\蔡扬的\train\train_0037.json,126,1,True,10,9,10,8, ,6.4834037249623755,0,12.521739130434783,0.0,1.9685039215078433,2,0.0,250,12,Iproxy
train_0037,C:\Users\tao20\Desktop\Algorithm\AIPlayerDesktop\data\蔡扬的\train\train_0037.json,126,2,False,6,1,6,0, ,-19.343367725220524,0,12.521739130434783,0.0,1.9685039215078433,18,0.0,250,12,pathLen
train_0037,C:\Users\tao20\Desktop\Algorithm\AIPlayerDesktop\data\蔡扬的\train\train_0037.json,126,3,False,2,9,2,8, ,-21.78911250589044,0,1.0434782608695652,0.0,1.9685039215078433,14,0.0,250,1,pathLen
train_0037,C:\Users\tao20\Desktop\Algorithm\AIPlayerDesktop\data\蔡扬的\train\train_0037.json,126,4,False,3,4,3,3, ,-25.0174589371633,0,1.0434782608695652,0.0,1.9685039215078433,16,0.0,250,1,pathLen
train_0037,C:\Users\tao20\Desktop\Algorithm\AIPlayerDesktop\data\蔡扬的\train\train_0037.json,126,5,False,13,7,13,6,T,-28.359115921946916,-30,12.521739130434783,0.0,1.9685039215078433,5,0.0,220,12,deltaR
train_0037,C:\Users\tao20\Desktop\Algorithm\AIPlayerDesktop\data\蔡扬的\train\train_0037.json,126,6,False,3,13,3,12,T,-38.04415521576551,-30,12.521739130434783,0.0,1.9685039215078433,11,0.0,220,12,deltaR
train_0037,C:\Users\tao20\Desktop\Algorithm\AIPlayerDesktop\data\蔡扬的\train\train_0037.json,126,7,False,10,1,10,0,T,-42.8866748626748,-30,12.521739130434783,0.0,1.9685039215078433,14,0.0,220,12,deltaR
train_0037,C:\Users\tao20\Desktop\Algorithm\AIPlayerDesktop\data\蔡扬的\train\train_0037.json,126,8,False,1,3,1,2, ,-1e+18,0,0.0,0.0,1.9685039215078433,19,0.0,250,0,pathLen
train_0037,C:\Users\tao20\Desktop\Algorithm\AIPlayerDesktop\data\蔡扬的\train\train_0037.json,126,9,False,3,7,3,6, ,-1e+18,0,0.0,0.0,1.9685039215078433,17,0.0,250,0,pathLen
train_0037,C:\Users\tao20\Desktop\Algorithm\AIPlayerDesktop\data\蔡扬的\train\train_0037.json,126,10,False,9,3,9,2, ,-1e+18,0,0.0,0.0,1.9685039215078433,13,0.0,250,0,pathLen
train_0037,C:\Users\tao20\Desktop\Algorithm\AIPlayerDesktop\data\蔡扬的\train\train_0037.json,127,1,True,10,9,10,8, ,8.095043946903832,0,12.521739130434783,0.0,1.953124984741211,1,0.0,250,12,Iproxy
train_0037,C:\Users\tao20\Desktop\Algorithm\AIPlayerDesktop\data\蔡扬的\train\train_0037.json,127,2,False,6,1,6,0, ,-17.529955852900855,0,12.521739130434783,0.0,1.953124984741211,17,0.0,250,12,pathLen
train_0037,C:\Users\tao20\Desktop\Algorithm\AIPlayerDesktop\data\蔡扬的\train\train_0037.json,127,3,False,2,9,2,8, ,-20.012261801142007,0,1.0434782608695652,0.0,1.953124984741211,13,0.0,250,1,pathLen
train_0037,C:\Users\tao20\Desktop\Algorithm\AIPlayerDesktop\data\蔡扬的\train\train_0037.json,127,4,False,3,4,3,3, ,-23.21538677611759,0,1.0434782608695652,0.0,1.953124984741211,15,0.0,250,1,pathLen
train_0037,C:\Users\tao20\Desktop\Algorithm\AIPlayerDesktop\data\蔡扬的\train\train_0037.json,127,5,False,13,7,13,6,T,-29.912768490535132,-30,12.521739130434783,0.0,1.953124984741211,6,0.0,220,12,deltaR
train_0037,C:\Users\tao20\Desktop\Algorithm\AIPlayerDesktop\data\蔡扬的\train\train_0037.json,127,6,False,3,13,3,12,T,-36.3190184404863,-30,12.521739130434783,0.0,1.953124984741211,10,0.0,220,12,deltaR
train_0037,C:\Users\tao20\Desktop\Algorithm\AIPlayerDesktop\data\蔡扬的\train\train_0037.json,127,7,False,10,1,10,0,T,-44.32683087792527,-30,12.521739130434783,0.0,1.953124984741211,15,0.0,220,12,deltaR
train_0037,C:\Users\tao20\Desktop\Algorithm\AIPlayerDesktop\data\蔡扬的\train\train_0037.json,127,8,False,1,3,1,2, ,-1e+18,0,0.0,0.0,1.953124984741211,18,0.0,250,0,pathLen
train_0037,C:\Users\tao20\Desktop\Algorithm\AIPlayerDesktop\data\蔡扬的\train\train_0037.json,127,9,False,3,7,3,6, ,-1e+18,0,0.0,0.0,1.953124984741211,16,0.0,250,0,pathLen
train_0037,C:\Users\tao20\Desktop\Algorithm\AIPlayerDesktop\data\蔡扬的\train\train_0037.json,127,10,False,9,3,9,2, ,-1e+18,0,0.0,0.0,1.953124984741211,14,0.0,250,0,pathLen
train_0037,C:\Users\tao20\Desktop\Algorithm\AIPlayerDesktop\data\蔡扬的\train\train_0037.json,128,1,True,11,9,11,8,G,60.658806602181215,50,15.846889952153111,0.0,1.9379844811008955,1,0.0,300,12,deltaR
train_0037,C:\Users\tao20\Desktop\Algorithm\AIPlayerDesktop\data\蔡扬的\train\train_0037.json,128,2,False,11,10,11,9, ,59.06965932767848,50,15.846889952153111,0.0,1.9379844811008955,2,0.0,300,12,deltaR
train_0037,C:\Users\tao20\Desktop\Algorithm\AIPlayerDesktop\data\蔡扬的\train\train_0037.json,128,3,False,6,1,6,0, ,-13.281697064365265,0,15.846889952153111,2.5,1.9379844811008955,18,0.0,250,12,pathLen
train_0037,C:\Users\tao20\Desktop\Algorithm\AIPlayerDesktop\data\蔡扬的\train\train_0037.json,128,4,False,2,9,2,8, ,-17.383649019981284,0,1.320574162679426,3.125,1.9379844811008955,14,0.0,250,1,pathLen
train_0037,C:\Users\tao20\Desktop\Algorithm\AIPlayerDesktop\data\蔡扬的\train\train_0037.json,128,5,False,9,3,9,2, ,-20.219562058717482,0,0.0,2.9411764705882355,1.9379844811008955,15,0.0,250,0,pathLen
train_0037,C:\Users\tao20\Desktop\Algorithm\AIPlayerDesktop\data\蔡扬的\train\train_0037.json,128,6,False,3,4,3,3, ,-20.989026902320084,0,1.320574162679426,2.7777777777777777,1.9379844811008955,16,0.0,250,1,pathLen
train_0037,C:\Users\tao20\Desktop\Algorithm\AIPlayerDesktop\data\蔡扬的\train\train_0037.json,128,7,False,13,7,13,6,T,-22.042743711501856,-30,15.846889952153111,5.555555555555555,1.9379844811008955,7,0.0,220,12,deltaR
train_0037,C:\Users\tao20\Desktop\Algorithm\AIPlayerDesktop\data\蔡扬的\train\train_0037.json,128,8,False,3,7,3,6, ,-23.778661561283325,0,0.0,2.6315789473684212,1.9379844811008955,17,0.0,250,0,pathLen
train_0037,C:\Users\tao20\Desktop\Algorithm\AIPlayerDesktop\data\蔡扬的\train\train_0037.json,128,9,False,1,3,1,2, ,-27.265226786980524,0,0.0,2.380952380952381,1.9379844811008955,19,0.0,250,0,pathLen
train_0037,C:\Users\tao20\Desktop\Algorithm\AIPlayerDesktop\data\蔡扬的\train\train_0037.json,128,10,False,3,13,3,12,T,-30.501896912076894,-30,15.846889952153111,3.8461538461538463,1.9379844811008955,11,0.0,220,12,deltaR
train_0037,C:\Users\tao20\Desktop\Algorithm\AIPlayerDesktop\data\蔡扬的\train\train_0037.json,128,11,False,10,1,10,0,T,-39.76173584869313,-30,15.846889952153111,2.7777777777777777,1.9379844811008955,16,0.0,220,12,pathLen
train_0037,C:\Users\tao20\Desktop\Algorithm\AIPlayerDesktop\data\蔡扬的\train\train_0037.json,129,1,True,11,10,11,9, ,10.20243959467945,0,15.696682464454975,0.0,2.3076922899408285,1,0.0,300,12,Iproxy
train_0037,C:\Users\tao20\Desktop\Algorithm\AIPlayerDesktop\data\蔡扬的\train\train_0037.json,129,2,False,6,1,6,0, ,-23.859098604847176,0,15.696682464454975,0.0,2.3076922899408285,19,0.0,300,12,pathLen
train_0037,C:\Users\tao20\Desktop\Algorithm\AIPlayerDesktop\data\蔡扬的\train\train_0037.json,129,3,False,2,9,2,8, ,-27.376719560236282,0,1.3080568720379147,0.0,2.3076922899408285,15,0.0,300,1,pathLen
train_0037,C:\Users\tao20\Desktop\Algorithm\AIPlayerDesktop\data\蔡扬的\train\train_0037.json,129,4,False,3,4,3,3, ,-31.16133491573924,0,1.3080568720379147,0.0,2.3076922899408285,17,0.0,300,1,pathLen
train_0037,C:\Users\tao20\Desktop\Algorithm\AIPlayerDesktop\data\蔡扬的\train\train_0037.json,129,5,False,13,7,13,6,T,-33.04371414958091,-30,15.696682464454975,0.0,2.3076922899408285,8,0.0,270,12,deltaR
train_0037,C:\Users\tao20\Desktop\Algorithm\AIPlayerDesktop\data\蔡扬的\train\train_0037.json,129,6,False,3,13,3,12,T,-40.61294486058682,-30,15.696682464454975,0.0,2.3076922899408285,12,0.0,270,12,deltaR
train_0037,C:\Users\tao20\Desktop\Algorithm\AIPlayerDesktop\data\蔡扬的\train\train_0037.json,129,7,False,10,1,10,0,T,-50.07448324934422,-30,15.696682464454975,0.0,2.3076922899408285,17,0.0,270,12,pathLen
train_0037,C:\Users\tao20\Desktop\Algorithm\AIPlayerDesktop\data\蔡扬的\train\train_0037.json,129,8,False,1,3,1,2, ,-1e+18,0,0.0,0.0,2.3076922899408285,20,0.0,300,0,pathLen
train_0037,C:\Users\tao20\Desktop\Algorithm\AIPlayerDesktop\data\蔡扬的\train\train_0037.json,129,9,False,3,7,3,6, ,-1e+18,0,0.0,0.0,2.3076922899408285,18,0.0,300,0,pathLen
train_0037,C:\Users\tao20\Desktop\Algorithm\AIPlayerDesktop\data\蔡扬的\train\train_0037.json,129,10,False,9,3,9,2, ,-1e+18,0,0.0,0.0,2.3076922899408285,16,0.0,300,0,pathLen
train_0037,C:\Users\tao20\Desktop\Algorithm\AIPlayerDesktop\data\蔡扬的\train\train_0037.json,130,1,True,12,11,12,10, ,8.177778222967543,0,15.549295774647886,0.0,2.290076318396364,2,0.0,300,12,Iproxy
train_0037,C:\Users\tao20\Desktop\Algorithm\AIPlayerDesktop\data\蔡扬的\train\train_0037.json,130,2,False,6,1,6,0, ,-25.623748236562786,0,15.549295774647886,0.0,2.290076318396364,20,0.0,300,12,pathLen
train_0037,C:\Users\tao20\Desktop\Algorithm\AIPlayerDesktop\data\蔡扬的\train\train_0037.json,130,3,False,2,9,2,8, ,-29.05134268193216,0,1.295774647887324,0.0,2.290076318396364,16,0.0,300,1,pathLen
train_0037,C:\Users\tao20\Desktop\Algorithm\AIPlayerDesktop\data\蔡扬的\train\train_0037.json,130,4,False,3,4,3,3, ,-32.8070678441022,0,1.295774647887324,0.0,2.290076318396364,18,0.0,300,1,pathLen
train_0037,C:\Users\tao20\Desktop\Algorithm\AIPlayerDesktop\data\蔡扬的\train\train_0037.json,130,5,False,13,7,13,6,T,-34.967259844627584,-30,15.549295774647886,0.0,2.290076318396364,9,0.0,270,12,deltaR
train_0037,C:\Users\tao20\Desktop\Algorithm\AIPlayerDesktop\data\蔡扬的\train\train_0037.json,130,6,False,3,13,3,12,T,-42.47871016896765,-30,15.549295774647886,0.0,2.290076318396364,13,0.0,270,12,deltaR
train_0037,C:\Users\tao20\Desktop\Algorithm\AIPlayerDesktop\data\蔡扬的\train\train_0037.json,130,7,False,10,1,10,0,T,-51.86802307439275,-30,15.549295774647886,0.0,2.290076318396364,18,0.0,270,12,pathLen
train_0037,C:\Users\tao20\Desktop\Algorithm\AIPlayerDesktop\data\蔡扬的\train\train_0037.json,130,8,False,1,3,1,2, ,-1e+18,0,0.0,0.0,2.290076318396364,21,0.0,300,0,pathLen
train_0037,C:\Users\tao20\Desktop\Algorithm\AIPlayerDesktop\data\蔡扬的\train\train_0037.json,130,9,False,3,7,3,6, ,-1e+18,0,0.0,0.0,2.290076318396364,19,0.0,300,0,pathLen
train_0037,C:\Users\tao20\Desktop\Algorithm\AIPlayerDesktop\data\蔡扬的\train\train_0037.json,130,10,False,9,3,9,2, ,-1e+18,0,0.0,0.0,2.290076318396364,17,0.0,300,0,pathLen
train_0037,C:\Users\tao20\Desktop\Algorithm\AIPlayerDesktop\data\蔡扬的\train\train_0037.json,130,11,False,11,11,11,10, ,-1e+18,0,0.0,0.0,2.290076318396364,1,0.0,300,0,pathLen
train_0037,C:\Users\tao20\Desktop\Algorithm\AIPlayerDesktop\data\蔡扬的\train\train_0037.json,131,1,True,12,11,12,10, ,10.031724487455838,0,15.549295774647886,0.0,2.272727255509642,1,0.0,300,12,Iproxy
train_0037,C:\Users\tao20\Desktop\Algorithm\AIPlayerDesktop\data\蔡扬的\train\train_0037.json,131,2,False,6,1,6,0, ,-27.24100250290229,0,15.549295774647886,0.0,2.272727255509642,21,0.0,300,12,pathLen
train_0037,C:\Users\tao20\Desktop\Algorithm\AIPlayerDesktop\data\蔡扬的\train\train_0037.json,131,3,False,2,9,2,8, ,-30.6905378720566,0,1.295774647887324,0.0,2.272727255509642,17,0.0,300,1,pathLen
train_0037,C:\Users\tao20\Desktop\Algorithm\AIPlayerDesktop\data\蔡扬的\train\train_0037.json,131,4,False,3,4,3,3, ,-34.41781057109242,0,1.295774647887324,0.0,2.272727255509642,19,0.0,300,1,pathLen
train_0037,C:\Users\tao20\Desktop\Algorithm\AIPlayerDesktop\data\蔡扬的\train\train_0037.json,131,5,False,13,7,13,6,T,-36.74100265820532,-30,15.549295774647886,0.0,2.272727255509642,10,0.0,270,12,deltaR
train_0037,C:\Users\tao20\Desktop\Algorithm\AIPlayerDesktop\data\蔡扬的\train\train_0037.json,131,6,False,3,13,3,12,T,-44.19554805627695,-30,15.549295774647886,0.0,2.272727255509642,14,0.0,270,12,pathLen
train_0037,C:\Users\tao20\Desktop\Algorithm\AIPlayerDesktop\data\蔡扬的\train\train_0037.json,131,7,False,10,1,10,0,T,-53.51372980386648,-30,15.549295774647886,0.0,2.272727255509642,19,0.0,270,12,pathLen
train_0037,C:\Users\tao20\Desktop\Algorithm\AIPlayerDesktop\data\蔡扬的\train\train_0037.json,131,8,False,1,3,1,2, ,-1e+18,0,0.0,0.0,2.272727255509642,22,0.0,300,0,pathLen
train_0037,C:\Users\tao20\Desktop\Algorithm\AIPlayerDesktop\data\蔡扬的\train\train_0037.json,131,9,False,3,7,3,6, ,-1e+18,0,0.0,0.0,2.272727255509642,20,0.0,300,0,pathLen
train_0037,C:\Users\tao20\Desktop\Algorithm\AIPlayerDesktop\data\蔡扬的\train\train_0037.json,131,10,False,9,3,9,2, ,-1e+18,0,0.0,0.0,2.272727255509642,18,0.0,300,0,pathLen
train_0037,C:\Users\tao20\Desktop\Algorithm\AIPlayerDesktop\data\蔡扬的\train\train_0037.json,132,1,True,13,11,13,10, ,8.333060946266595,0,13.395348837209301,0.0,2.2556390807846687,1,0.0,300,12,Iproxy
train_0037,C:\Users\tao20\Desktop\Algorithm\AIPlayerDesktop\data\蔡扬的\train\train_0037.json,132,2,False,13,10,13,9,T,-23.51656309997683,-30,13.395348837209301,0.0,2.2556390807846687,2,0.0,270,12,deltaR
train_0037,C:\Users\tao20\Desktop\Algorithm\AIPlayerDesktop\data\蔡扬的\train\train_0037.json,132,3,False,6,1,6,0, ,-30.509044024845394,0,13.395348837209301,0.0,2.2556390807846687,22,0.0,300,12,pathLen
train_0037,C:\Users\tao20\Desktop\Algorithm\AIPlayerDesktop\data\蔡扬的\train\train_0037.json,132,4,False,2,9,2,8, ,-32.444675749672534,0,1.1162790697674418,0.0,2.2556390807846687,18,0.0,300,1,pathLen
train_0037,C:\Users\tao20\Desktop\Algorithm\AIPlayerDesktop\data\蔡扬的\train\train_0037.json,132,5,False,3,4,3,3, ,-36.14392384215939,0,1.1162790697674418,0.0,2.2556390807846687,20,0.0,300,1,pathLen
train_0037,C:\Users\tao20\Desktop\Algorithm\AIPlayerDesktop\data\蔡扬的\train\train_0037.json,132,6,False,13,7,13,6,T,-40.16317951616769,-30,13.395348837209301,0.0,2.2556390807846687,11,0.0,270,12,deltaR
train_0037,C:\Users\tao20\Desktop\Algorithm\AIPlayerDesktop\data\蔡扬的\train\train_0037.json,132,7,False,3,13,3,12,T,-47.5616757011414,-30,13.395348837209301,0.0,2.2556390807846687,15,0.0,270,12,pathLen
train_0037,C:\Users\tao20\Desktop\Algorithm\AIPlayerDesktop\data\蔡扬的\train\train_0037.json,132,8,False,10,1,10,0,T,-56.80979593235853,-30,13.395348837209301,0.0,2.2556390807846687,20,0.0,270,12,pathLen
train_0037,C:\Users\tao20\Desktop\Algorithm\AIPlayerDesktop\data\蔡扬的\train\train_0037.json,132,9,False,1,3,1,2, ,-1e+18,0,0.0,0.0,2.2556390807846687,23,0.0,300,0,pathLen
train_0037,C:\Users\tao20\Desktop\Algorithm\AIPlayerDesktop\data\蔡扬的\train\train_0037.json,132,10,False,3,7,3,6, ,-1e+18,0,0.0,0.0,2.2556390807846687,21,0.0,300,0,pathLen
train_0037,C:\Users\tao20\Desktop\Algorithm\AIPlayerDesktop\data\蔡扬的\train\train_0037.json,132,11,False,9,3,9,2, ,-1e+18,0,0.0,0.0,2.2556390807846687,19,0.0,300,0,pathLen
train_0037,C:\Users\tao20\Desktop\Algorithm\AIPlayerDesktop\data\蔡扬的\train\train_0037.json,133,1,True,13,10,13,9,T,-21.813702997830244,-30,13.271889400921657,0.0,2.2388059534417466,1,0.0,270,12,deltaR
train_0037,C:\Users\tao20\Desktop\Algorithm\AIPlayerDesktop\data\蔡扬的\train\train_0037.json,133,2,False,6,1,6,0, ,-32.20176239791935,0,13.271889400921657,0.0,2.2388059534417466,23,0.0,300,12,pathLen
train_0037,C:\Users\tao20\Desktop\Algorithm\AIPlayerDesktop\data\蔡扬的\train\train_0037.json,133,3,False,2,9,2,8, ,-34.045420264289746,0,1.1059907834101381,0.0,2.2388059534417466,19,0.0,300,1,pathLen
train_0037,C:\Users\tao20\Desktop\Algorithm\AIPlayerDesktop\data\蔡扬的\train\train_0037.json,133,4,False,3,4,3,3, ,-37.71706202793421,0,1.1059907834101381,0.0,2.2388059534417466,21,0.0,300,1,pathLen
train_0037,C:\Users\tao20\Desktop\Algorithm\AIPlayerDesktop\data\蔡扬的\train\train_0037.json,133,5,False,13,7,13,6,T,-42.0077326978748,-30,13.271889400921657,0.0,2.2388059534417466,12,0.0,270,12,deltaR
train_0037,C:\Users\tao20\Desktop\Algorithm\AIPlayerDesktop\data\蔡扬的\train\train_0037.json,133,6,False,3,13,3,12,T,-49.351016225163725,-30,13.271889400921657,0.0,2.2388059534417466,16,0.0,270,12,pathLen
train_0037,C:\Users\tao20\Desktop\Algorithm\AIPlayerDesktop\data\蔡扬的\train\train_0037.json,133,7,False,10,1,10,0,T,-58.53012063427489,-30,13.271889400921657,0.0,2.2388059534417466,21,0.0,270,12,pathLen
train_0037,C:\Users\tao20\Desktop\Algorithm\AIPlayerDesktop\data\蔡扬的\train\train_0037.json,133,8,False,1,3,1,2, ,-1e+18,0,0.0,0.0,2.2388059534417466,24,0.0,300,0,pathLen
train_0037,C:\Users\tao20\Desktop\Algorithm\AIPlayerDesktop\data\蔡扬的\train\train_0037.json,133,9,False,3,7,3,6, ,-1e+18,0,0.0,0.0,2.2388059534417466,22,0.0,300,0,pathLen
train_0037,C:\Users\tao20\Desktop\Algorithm\AIPlayerDesktop\data\蔡扬的\train\train_0037.json,133,10,False,9,3,9,2, ,-1e+18,0,0.0,0.0,2.2388059534417466,20,0.0,300,0,pathLen
train_0037,C:\Users\tao20\Desktop\Algorithm\AIPlayerDesktop\data\蔡扬的\train\train_0037.json,134,1,True,6,1,6,0, ,-29.49746354351511,0,13.150684931506852,0.0,1.9999999851851853,24,0.0,270,12,pathLen
train_0037,C:\Users\tao20\Desktop\Algorithm\AIPlayerDesktop\data\蔡扬的\train\train_0037.json,134,2,False,2,9,2,8, ,-31.978121743292924,0,1.0958904109589043,0.0,1.9999999851851853,20,0.0,270,1,pathLen
train_0037,C:\Users\tao20\Desktop\Algorithm\AIPlayerDesktop\data\蔡扬的\train\train_0037.json,134,3,False,3,4,3,3, ,-35.25812171899663,0,1.0958904109589043,0.0,1.9999999851851853,22,0.0,270,1,pathLen
train_0037,C:\Users\tao20\Desktop\Algorithm\AIPlayerDesktop\data\蔡扬的\train\train_0037.json,134,4,False,13,7,13,6,T,-41.45746367714474,-30,13.150684931506852,0.0,1.9999999851851853,13,0.0,240,12,deltaR
train_0037,C:\Users\tao20\Desktop\Algorithm\AIPlayerDesktop\data\蔡扬的\train\train_0037.json,134,5,False,3,13,3,12,T,-48.01746362855214,-30,13.150684931506852,0.0,1.9999999851851853,17,0.0,240,12,pathLen
train_0037,C:\Users\tao20\Desktop\Algorithm\AIPlayerDesktop\data\蔡扬的\train\train_0037.json,134,6,False,10,1,10,0,T,-56.2174635678114,-30,13.150684931506852,0.0,1.9999999851851853,22,0.0,240,12,pathLen
train_0037,C:\Users\tao20\Desktop\Algorithm\AIPlayerDesktop\data\蔡扬的\train\train_0037.json,134,7,False,1,3,1,2, ,-1e+18,0,0.0,0.0,1.9999999851851853,25,0.0,270,0,pathLen
train_0037,C:\Users\tao20\Desktop\Algorithm\AIPlayerDesktop\data\蔡扬的\train\train_0037.json,134,8,False,3,7,3,6, ,-1e+18,0,0.0,0.0,1.9999999851851853,23,0.0,270,0,pathLen
train_0037,C:\Users\tao20\Desktop\Algorithm\AIPlayerDesktop\data\蔡扬的\train\train_0037.json,134,9,False,9,3,9,2, ,-1e+18,0,0.0,0.0,1.9999999851851853,21,0.0,270,0,pathLen
train_0037,C:\Users\tao20\Desktop\Algorithm\AIPlayerDesktop\data\蔡扬的\train\train_0037.json,134,10,False,13,9,13,8, ,-1e+18,0,0.0,0.0,1.9999999851851853,1,0.0,270,0,pathLen
train_0037,C:\Users\tao20\Desktop\Algorithm\AIPlayerDesktop\data\蔡扬的\train\train_0037.json,135,1,True,6,1,6,0, ,-27.634555041253623,0,13.150684931506852,0.0,1.985294103049308,23,0.0,270,12,pathLen
train_0037,C:\Users\tao20\Desktop\Algorithm\AIPlayerDesktop\data\蔡扬的\train\train_0037.json,135,2,False,2,9,2,8, ,-30.113541146986854,0,1.0958904109589043,0.0,1.985294103049308,19,0.0,270,1,pathLen
train_0037,C:\Users\tao20\Desktop\Algorithm\AIPlayerDesktop\data\蔡扬的\train\train_0037.json,135,3,False,3,4,3,3, ,-33.36942347598772,0,1.0958904109589043,0.0,1.985294103049308,21,0.0,270,1,pathLen
train_0037,C:\Users\tao20\Desktop\Algorithm\AIPlayerDesktop\data\蔡扬的\train\train_0037.json,135,4,False,13,7,13,6,T,-39.72720223174886,-30,13.150684931506852,0.0,1.985294103049308,12,0.0,240,12,deltaR
train_0037,C:\Users\tao20\Desktop\Algorithm\AIPlayerDesktop\data\蔡扬的\train\train_0037.json,135,5,False,3,13,3,12,T,-46.23896688975059,-30,13.150684931506852,0.0,1.985294103049308,16,0.0,240,12,pathLen
train_0037,C:\Users\tao20\Desktop\Algorithm\AIPlayerDesktop\data\蔡扬的\train\train_0037.json,135,6,False,10,1,10,0,T,-54.37867271225275,-30,13.150684931506852,0.0,1.985294103049308,21,0.0,240,12,pathLen
train_0037,C:\Users\tao20\Desktop\Algorithm\AIPlayerDesktop\data\蔡扬的\train\train_0037.json,135,7,False,1,3,1,2, ,-1e+18,0,0.0,0.0,1.985294103049308,24,0.0,270,0,pathLen
train_0037,C:\Users\tao20\Desktop\Algorithm\AIPlayerDesktop\data\蔡扬的\train\train_0037.json,135,8,False,3,7,3,6, ,-1e+18,0,0.0,0.0,1.985294103049308,22,0.0,270,0,pathLen
train_0037,C:\Users\tao20\Desktop\Algorithm\AIPlayerDesktop\data\蔡扬的\train\train_0037.json,135,9,False,9,3,9,2, ,-1e+18,0,0.0,0.0,1.985294103049308,20,0.0,270,0,pathLen
train_0037,C:\Users\tao20\Desktop\Algorithm\AIPlayerDesktop\data\蔡扬的\train\train_0037.json,135,10,False,13,9,13,8, ,-1e+18,0,0.0,0.0,1.985294103049308,2,0.0,270,0,pathLen
train_0037,C:\Users\tao20\Desktop\Algorithm\AIPlayerDesktop\data\蔡扬的\train\train_0037.json,136,1,True,6,1,6,0, ,-25.788748207901904,0,13.150684931506852,0.0,1.9708029053226066,22,0.0,270,12,pathLen
train_0037,C:\Users\tao20\Desktop\Algorithm\AIPlayerDesktop\data\蔡扬的\train\train_0037.json,136,2,False,2,9,2,8, ,-28.275339532218513,0,1.0958904109589043,0.0,1.9708029053226066,18,0.0,270,1,pathLen
train_0037,C:\Users\tao20\Desktop\Algorithm\AIPlayerDesktop\data\蔡扬的\train\train_0037.json,136,3,False,3,4,3,3, ,-31.50745629694759,0,1.0958904109589043,0.0,1.9708029053226066,20,0.0,270,1,pathLen
train_0037,C:\Users\tao20\Desktop\Algorithm\AIPlayerDesktop\data\蔡扬的\train\train_0037.json,136,4,False,13,7,13,6,T,-38.01210600189199,-30,13.150684931506852,0.0,1.9708029053226066,11,0.0,240,12,deltaR
train_0037,C:\Users\tao20\Desktop\Algorithm\AIPlayerDesktop\data\蔡扬的\train\train_0037.json,136,5,False,3,13,3,12,T,-44.47633953135014,-30,13.150684931506852,0.0,1.9708029053226066,15,0.0,240,12,deltaR
train_0037,C:\Users\tao20\Desktop\Algorithm\AIPlayerDesktop\data\蔡扬的\train\train_0037.json,136,6,False,10,1,10,0,T,-52.55663144317283,-30,13.150684931506852,0.0,1.9708029053226066,20,0.0,240,12,pathLen
train_0037,C:\Users\tao20\Desktop\Algorithm\AIPlayerDesktop\data\蔡扬的\train\train_0037.json,136,7,False,1,3,1,2, ,-1e+18,0,0.0,0.0,1.9708029053226066,23,0.0,270,0,pathLen
train_0037,C:\Users\tao20\Desktop\Algorithm\AIPlayerDesktop\data\蔡扬的\train\train_0037.json,136,8,False,3,7,3,6, ,-1e+18,0,0.0,0.0,1.9708029053226066,21,0.0,270,0,pathLen
train_0037,C:\Users\tao20\Desktop\Algorithm\AIPlayerDesktop\data\蔡扬的\train\train_0037.json,136,9,False,9,3,9,2, ,-1e+18,0,0.0,0.0,1.9708029053226066,19,0.0,270,0,pathLen
train_0037,C:\Users\tao20\Desktop\Algorithm\AIPlayerDesktop\data\蔡扬的\train\train_0037.json,136,10,False,13,9,13,8, ,-1e+18,0,0.0,0.0,1.9708029053226066,3,0.0,270,0,pathLen
train_0037,C:\Users\tao20\Desktop\Algorithm\AIPlayerDesktop\data\蔡扬的\train\train_0037.json,137,1,True,6,1,6,0, ,-23.96161233007901,0,13.150684931506852,0.0,1.9565217249527411,21,0.0,270,12,pathLen
train_0037,C:\Users\tao20\Desktop\Algorithm\AIPlayerDesktop\data\蔡扬的\train\train_0037.json,137,2,False,2,9,2,8, ,-26.463105198040612,0,1.0958904109589043,0.0,1.9565217249527411,17,0.0,270,1,pathLen
train_0037,C:\Users\tao20\Desktop\Algorithm\AIPlayerDesktop\data\蔡扬的\train\train_0037.json,137,3,False,3,4,3,3, ,-29.671800826963104,0,1.0958904109589043,0.0,1.9565217249527411,19,0.0,270,1,pathLen
train_0037,C:\Users\tao20\Desktop\Algorithm\AIPlayerDesktop\data\蔡扬的\train\train_0037.json,137,4,False,13,7,13,6,T,-36.313786371005286,-30,13.150684931506852,0.0,1.9565217249527411,10,0.0,240,12,deltaR
train_0037,C:\Users\tao20\Desktop\Algorithm\AIPlayerDesktop\data\蔡扬的\train\train_0037.json,137,5,False,3,13,3,12,T,-42.731177628850276,-30,13.150684931506852,0.0,1.9565217249527411,14,0.0,240,12,deltaR
train_0037,C:\Users\tao20\Desktop\Algorithm\AIPlayerDesktop\data\蔡扬的\train\train_0037.json,137,6,False,10,1,10,0,T,-50.75291670115651,-30,13.150684931506852,0.0,1.9565217249527411,19,0.0,240,12,pathLen
train_0037,C:\Users\tao20\Desktop\Algorithm\AIPlayerDesktop\data\蔡扬的\train\train_0037.json,137,7,False,1,3,1,2, ,-1e+18,0,0.0,0.0,1.9565217249527411,22,0.0,270,0,pathLen
train_0037,C:\Users\tao20\Desktop\Algorithm\AIPlayerDesktop\data\蔡扬的\train\train_0037.json,137,8,False,3,7,3,6, ,-1e+18,0,0.0,0.0,1.9565217249527411,20,0.0,270,0,pathLen
train_0037,C:\Users\tao20\Desktop\Algorithm\AIPlayerDesktop\data\蔡扬的\train\train_0037.json,137,9,False,9,3,9,2, ,-1e+18,0,0.0,0.0,1.9565217249527411,18,0.0,270,0,pathLen
train_0037,C:\Users\tao20\Desktop\Algorithm\AIPlayerDesktop\data\蔡扬的\train\train_0037.json,137,10,False,13,9,13,8, ,-1e+18,0,0.0,0.0,1.9565217249527411,4,0.0,270,0,pathLen
train_0037,C:\Users\tao20\Desktop\Algorithm\AIPlayerDesktop\data\蔡扬的\train\train_0037.json,138,1,True,6,1,6,0, ,-22.15429864953438,0,13.150684931506852,0.0,1.9424460291910357,20,0.0,270,12,pathLen
train_0037,C:\Users\tao20\Desktop\Algorithm\AIPlayerDesktop\data\蔡扬的\train\train_0037.json,138,2,False,2,9,2,8, ,-24.676407217219836,0,1.0958904109589043,0.0,1.9424460291910357,16,0.0,270,1,pathLen
train_0037,C:\Users\tao20\Desktop\Algorithm\AIPlayerDesktop\data\蔡扬的\train\train_0037.json,138,3,False,3,4,3,3, ,-27.862018705093135,0,1.0958904109589043,0.0,1.9424460291910357,18,0.0,270,1,pathLen
train_0037,C:\Users\tao20\Desktop\Algorithm\AIPlayerDesktop\data\蔡扬的\train\train_0037.json,138,4,False,13,7,13,6,T,-34.633435466231234,-30,13.150684931506852,0.0,1.9424460291910357,9,0.0,240,12,deltaR
train_0037,C:\Users\tao20\Desktop\Algorithm\AIPlayerDesktop\data\蔡扬的\train\train_0037.json,138,5,False,3,13,3,12,T,-41.00465844197784,-30,13.150684931506852,0.0,1.9424460291910357,13,0.0,240,12,deltaR
train_0037,C:\Users\tao20\Desktop\Algorithm\AIPlayerDesktop\data\蔡扬的\train\train_0037.json,138,6,False,10,1,10,0,T,-48.96868716166108,-30,13.150684931506852,0.0,1.9424460291910357,18,0.0,240,12,pathLen
train_0037,C:\Users\tao20\Desktop\Algorithm\AIPlayerDesktop\data\蔡扬的\train\train_0037.json,138,7,False,1,3,1,2, ,-1e+18,0,0.0,0.0,1.9424460291910357,21,0.0,270,0,pathLen
train_0037,C:\Users\tao20\Desktop\Algorithm\AIPlayerDesktop\data\蔡扬的\train\train_0037.json,138,8,False,3,7,3,6, ,-1e+18,0,0.0,0.0,1.9424460291910357,19,0.0,270,0,pathLen
train_0037,C:\Users\tao20\Desktop\Algorithm\AIPlayerDesktop\data\蔡扬的\train\train_0037.json,138,9,False,9,3,9,2, ,-1e+18,0,0.0,0.0,1.9424460291910357,17,0.0,270,0,pathLen
train_0037,C:\Users\tao20\Desktop\Algorithm\AIPlayerDesktop\data\蔡扬的\train\train_0037.json,138,10,False,13,9,13,8, ,-1e+18,0,0.0,0.0,1.9424460291910357,5,0.0,270,0,pathLen
train_0037,C:\Users\tao20\Desktop\Algorithm\AIPlayerDesktop\data\蔡扬的\train\train_0037.json,139,1,True,6,1,6,0, ,-20.36762684884867,0,13.150684931506852,0.0,1.9285714147959185,19,0.0,270,12,pathLen
train_0037,C:\Users\tao20\Desktop\Algorithm\AIPlayerDesktop\data\蔡扬的\train\train_0037.json,139,2,False,2,9,2,8, ,-22.914802085850486,0,1.0958904109589043,0.0,1.9285714147959185,15,0.0,270,1,pathLen
train_0037,C:\Users\tao20\Desktop\Algorithm\AIPlayerDesktop\data\蔡扬的\train\train_0037.json,139,3,False,3,4,3,3, ,-26.077659206115793,0,1.0958904109589043,0.0,1.9285714147959185,17,0.0,270,1,pathLen
train_0037,C:\Users\tao20\Desktop\Algorithm\AIPlayerDesktop\data\蔡扬的\train\train_0037.json,139,4,False,13,7,13,6,T,-32.971912687389484,-30,13.150684931506852,0.0,1.9285714147959185,8,0.0,240,12,deltaR
train_0037,C:\Users\tao20\Desktop\Algorithm\AIPlayerDesktop\data\蔡扬的\train\train_0037.json,139,5,False,3,13,3,12,T,-39.2976269279201,-30,13.150684931506852,0.0,1.9285714147959185,12,0.0,240,12,deltaR
train_0037,C:\Users\tao20\Desktop\Algorithm\AIPlayerDesktop\data\蔡扬的\train\train_0037.json,139,6,False,10,1,10,0,T,-47.204769728583365,-30,13.150684931506852,0.0,1.9285714147959185,17,0.0,240,12,pathLen
train_0037,C:\Users\tao20\Desktop\Algorithm\AIPlayerDesktop\data\蔡扬的\train\train_0037.json,139,7,False,1,3,1,2, ,-1e+18,0,0.0,0.0,1.9285714147959185,20,0.0,270,0,pathLen
train_0037,C:\Users\tao20\Desktop\Algorithm\AIPlayerDesktop\data\蔡扬的\train\train_0037.json,139,8,False,3,7,3,6, ,-1e+18,0,0.0,0.0,1.9285714147959185,18,0.0,270,0,pathLen
train_0037,C:\Users\tao20\Desktop\Algorithm\AIPlayerDesktop\data\蔡扬的\train\train_0037.json,139,9,False,9,3,9,2, ,-1e+18,0,0.0,0.0,1.9285714147959185,16,0.0,270,0,pathLen
train_0037,C:\Users\tao20\Desktop\Algorithm\AIPlayerDesktop\data\蔡扬的\train\train_0037.json,139,10,False,13,9,13,8, ,-1e+18,0,0.0,0.0,1.9285714147959185,6,0.0,270,0,pathLen
train_0037,C:\Users\tao20\Desktop\Algorithm\AIPlayerDesktop\data\蔡扬的\train\train_0037.json,140,1,True,6,1,6,0, ,-18.6021541415311,0,13.150684931506852,0.0,1.9148936034404709,18,0.0,270,12,pathLen
train_0037,C:\Users\tao20\Desktop\Algorithm\AIPlayerDesktop\data\蔡扬的\train\train_0037.json,140,2,False,2,9,2,8, ,-21.17783894705908,0,1.0958904109589043,0.0,1.9148936034404709,14,0.0,270,1,pathLen
train_0037,C:\Users\tao20\Desktop\Algorithm\AIPlayerDesktop\data\蔡扬的\train\train_0037.json,140,3,False,3,4,3,3, ,-24.318264456701453,0,1.0958904109589043,0.0,1.9148936034404709,16,0.0,270,1,pathLen
train_0037,C:\Users\tao20\Desktop\Algorithm\AIPlayerDesktop\data\蔡扬的\train\train_0037.json,140,4,False,13,7,13,6,T,-31.32981383849805,-30,13.150684931506852,0.0,1.9148936034404709,7,0.0,240,12,deltaR
train_0037,C:\Users\tao20\Desktop\Algorithm\AIPlayerDesktop\data\蔡扬的\train\train_0037.json,140,5,False,3,13,3,12,T,-37.610664857782794,-30,13.150684931506852,0.0,1.9148936034404709,11,0.0,240,12,deltaR
train_0037,C:\Users\tao20\Desktop\Algorithm\AIPlayerDesktop\data\蔡扬的\train\train_0037.json,140,6,False,10,1,10,0,T,-45.461728631888725,-30,13.150684931506852,0.0,1.9148936034404709,16,0.0,240,12,pathLen
train_0037,C:\Users\tao20\Desktop\Algorithm\AIPlayerDesktop\data\蔡扬的\train\train_0037.json,140,7,False,1,3,1,2, ,-1e+18,0,0.0,0.0,1.9148936034404709,19,0.0,270,0,pathLen
train_0037,C:\Users\tao20\Desktop\Algorithm\AIPlayerDesktop\data\蔡扬的\train\train_0037.json,140,8,False,3,7,3,6, ,-1e+18,0,0.0,0.0,1.9148936034404709,17,0.0,270,0,pathLen
train_0037,C:\Users\tao20\Desktop\Algorithm\AIPlayerDesktop\data\蔡扬的\train\train_0037.json,140,9,False,9,3,9,2, ,-1e+18,0,0.0,0.0,1.9148936034404709,15,0.0,270,0,pathLen
train_0037,C:\Users\tao20\Desktop\Algorithm\AIPlayerDesktop\data\蔡扬的\train\train_0037.json,140,10,False,13,9,13,8, ,-1e+18,0,0.0,0.0,1.9148936034404709,7,0.0,270,0,pathLen
train_0037,C:\Users\tao20\Desktop\Algorithm\AIPlayerDesktop\data\蔡扬的\train\train_0037.json,141,1,True,6,1,6,0, ,-16.858230449644452,0,13.150684931506852,0.0,1.9014084373140252,17,0.0,270,12,pathLen
train_0037,C:\Users\tao20\Desktop\Algorithm\AIPlayerDesktop\data\蔡扬的\train\train_0037.json,141,2,False,2,9,2,8, ,-19.46506367789142,0,1.0958904109589043,0.0,1.9014084373140252,13,0.0,270,1,pathLen
train_0037,C:\Users\tao20\Desktop\Algorithm\AIPlayerDesktop\data\蔡扬的\train\train_0037.json,141,3,False,3,4,3,3, ,-22.58337351508642,0,1.0958904109589043,0.0,1.9014084373140252,15,0.0,270,1,pathLen
train_0037,C:\Users\tao20\Desktop\Algorithm\AIPlayerDesktop\data\蔡扬的\train\train_0037.json,141,4,False,13,7,13,6,T,-29.707526345071948,-30,13.150684931506852,0.0,1.9014084373140252,6,0.0,240,12,deltaR
train_0037,C:\Users\tao20\Desktop\Algorithm\AIPlayerDesktop\data\蔡扬的\train\train_0037.json,141,5,False,3,13,3,12,T,-35.94414601946195,-30,13.150684931506852,0.0,1.9014084373140252,10,0.0,240,12,deltaR
train_0037,C:\Users\tao20\Desktop\Algorithm\AIPlayerDesktop\data\蔡扬的\train\train_0037.json,141,6,False,10,1,10,0,T,-43.73992061244945,-30,13.150684931506852,0.0,1.9014084373140252,15,0.0,240,12,deltaR
train_0037,C:\Users\tao20\Desktop\Algorithm\AIPlayerDesktop\data\蔡扬的\train\train_0037.json,141,7,False,1,3,1,2, ,-1e+18,0,0.0,0.0,1.9014084373140252,18,0.0,270,0,pathLen
train_0037,C:\Users\tao20\Desktop\Algorithm\AIPlayerDesktop\data\蔡扬的\train\train_0037.json,141,8,False,3,7,3,6, ,-1e+18,0,0.0,0.0,1.9014084373140252,16,0.0,270,0,pathLen
train_0037,C:\Users\tao20\Desktop\Algorithm\AIPlayerDesktop\data\蔡扬的\train\train_0037.json,141,9,False,9,3,9,2, ,-1e+18,0,0.0,0.0,1.9014084373140252,14,0.0,270,0,pathLen
train_0037,C:\Users\tao20\Desktop\Algorithm\AIPlayerDesktop\data\蔡扬的\train\train_0037.json,141,10,False,13,9,13,8, ,-1e+18,0,0.0,0.0,1.9014084373140252,8,0.0,270,0,pathLen
train_0037,C:\Users\tao20\Desktop\Algorithm\AIPlayerDesktop\data\蔡扬的\train\train_0037.json,142,1,True,6,1,6,0, ,-15.136042455273708,0,13.150684931506852,0.0,1.8881118749083086,16,0.0,270,12,pathLen
train_0037,C:\Users\tao20\Desktop\Algorithm\AIPlayerDesktop\data\蔡扬的\train\train_0037.json,142,2,False,2,9,2,8, ,-17.776022070470813,0,1.0958904109589043,0.0,1.8881118749083086,12,0.0,270,1,pathLen
train_0037,C:\Users\tao20\Desktop\Algorithm\AIPlayerDesktop\data\蔡扬的\train\train_0037.json,142,3,False,3,4,3,3, ,-20.87252554532044,0,1.0958904109589043,0.0,1.8881118749083086,14,0.0,270,1,pathLen
train_0037,C:\Users\tao20\Desktop\Algorithm\AIPlayerDesktop\data\蔡扬的\train\train_0037.json,142,4,False,13,7,13,6,T,-31.20177681845039,-30,13.150684931506852,0.0,1.8881118749083086,7,0.0,240,12,deltaR
train_0037,C:\Users\tao20\Desktop\Algorithm\AIPlayerDesktop\data\蔡扬的\train\train_0037.json,142,5,False,3,13,3,12,T,-34.29828029330002,-30,13.150684931506852,0.0,1.8881118749083086,9,0.0,240,12,deltaR
train_0037,C:\Users\tao20\Desktop\Algorithm\AIPlayerDesktop\data\蔡扬的\train\train_0037.json,142,6,False,10,1,10,0,T,-45.13604245527371,-30,13.150684931506852,0.0,1.8881118749083086,16,0.0,240,12,pathLen
train_0037,C:\Users\tao20\Desktop\Algorithm\AIPlayerDesktop\data\蔡扬的\train\train_0037.json,142,7,False,1,3,1,2, ,-1e+18,0,0.0,0.0,1.8881118749083086,17,0.0,270,0,pathLen
train_0037,C:\Users\tao20\Desktop\Algorithm\AIPlayerDesktop\data\蔡扬的\train\train_0037.json,142,8,False,3,7,3,6, ,-1e+18,0,0.0,0.0,1.8881118749083086,15,0.0,270,0,pathLen
train_0037,C:\Users\tao20\Desktop\Algorithm\AIPlayerDesktop\data\蔡扬的\train\train_0037.json,142,9,False,9,3,9,2, ,-1e+18,0,0.0,0.0,1.8881118749083086,15,0.0,270,0,pathLen
train_0037,C:\Users\tao20\Desktop\Algorithm\AIPlayerDesktop\data\蔡扬的\train\train_0037.json,142,10,False,13,9,13,8, ,-1e+18,0,0.0,0.0,1.8881118749083086,9,0.0,270,0,pathLen
train_0037,C:\Users\tao20\Desktop\Algorithm\AIPlayerDesktop\data\蔡扬的\train\train_0037.json,143,1,True,6,1,6,0, ,-13.435648754712252,0,13.150684931506852,0.0,1.8749999869791667,15,0.0,270,12,pathLen
train_0037,C:\Users\tao20\Desktop\Algorithm\AIPlayerDesktop\data\蔡扬的\train\train_0037.json,143,2,False,2,9,2,8, ,-16.11026229212446,0,1.0958904109589043,0.0,1.8749999869791667,11,0.0,270,1,pathLen
train_0037,C:\Users\tao20\Desktop\Algorithm\AIPlayerDesktop\data\蔡扬的\train\train_0037.json,143,3,False,3,4,3,3, ,-19.185262270770295,0,1.0958904109589043,0.0,1.8749999869791667,13,0.0,270,1,pathLen
train_0037,C:\Users\tao20\Desktop\Algorithm\AIPlayerDesktop\data\蔡扬的\train\train_0037.json,143,4,False,3,13,3,12,T,-32.67314882945183,-30,13.150684931506852,0.0,1.8749999869791667,8,0.0,240,12,deltaR
train_0037,C:\Users\tao20\Desktop\Algorithm\AIPlayerDesktop\data\蔡扬的\train\train_0037.json,143,5,False,13,7,13,6,T,-32.67314882945183,-30,13.150684931506852,0.0,1.8749999869791667,8,0.0,240,12,deltaR
train_0037,C:\Users\tao20\Desktop\Algorithm\AIPlayerDesktop\data\蔡扬的\train\train_0037.json,143,6,False,10,1,10,0,T,-46.51064873335808,-30,13.150684931506852,0.0,1.8749999869791667,17,0.0,240,12,pathLen
train_0037,C:\Users\tao20\Desktop\Algorithm\AIPlayerDesktop\data\蔡扬的\train\train_0037.json,143,7,False,1,3,1,2, ,-1e+18,0,0.0,0.0,1.8749999869791667,16,0.0,270,0,pathLen
train_0037,C:\Users\tao20\Desktop\Algorithm\AIPlayerDesktop\data\蔡扬的\train\train_0037.json,143,8,False,3,7,3,6, ,-1e+18,0,0.0,0.0,1.8749999869791667,14,0.0,270,0,pathLen
train_0037,C:\Users\tao20\Desktop\Algorithm\AIPlayerDesktop\data\蔡扬的\train\train_0037.json,143,9,False,9,3,9,2, ,-1e+18,0,0.0,0.0,1.8749999869791667,16,0.0,270,0,pathLen
train_0037,C:\Users\tao20\Desktop\Algorithm\AIPlayerDesktop\data\蔡扬的\train\train_0037.json,143,10,False,13,9,13,8, ,-1e+18,0,0.0,0.0,1.8749999869791667,10,0.0,270,0,pathLen
train_0037,C:\Users\tao20\Desktop\Algorithm\AIPlayerDesktop\data\蔡扬的\train\train_0037.json,144,1,True,6,1,6,0, ,-11.757007898295385,0,13.150684931506852,0.0,1.8620689526753866,14,0.0,270,12,pathLen
train_0037,C:\Users\tao20\Desktop\Algorithm\AIPlayerDesktop\data\蔡扬的\train\train_0037.json,144,2,False,2,9,2,8, ,-14.467336772069999,0,1.0958904109589043,0.0,1.8620689526753866,10,0.0,270,1,pathLen
train_0037,C:\Users\tao20\Desktop\Algorithm\AIPlayerDesktop\data\蔡扬的\train\train_0037.json,144,3,False,3,4,3,3, ,-17.521129854457634,0,1.0958904109589043,0.0,1.8620689526753866,12,0.0,270,1,pathLen
train_0037,C:\Users\tao20\Desktop\Algorithm\AIPlayerDesktop\data\蔡扬的\train\train_0037.json,144,4,False,3,13,3,12,T,-31.068732109938665,-30,13.150684931506852,0.0,1.8620689526753866,7,0.0,240,12,deltaR
train_0037,C:\Users\tao20\Desktop\Algorithm\AIPlayerDesktop\data\蔡扬的\train\train_0037.json,144,5,False,13,7,13,6,T,-34.1225251923263,-30,13.150684931506852,0.0,1.8620689526753866,9,0.0,240,12,deltaR
train_0037,C:\Users\tao20\Desktop\Algorithm\AIPlayerDesktop\data\蔡扬的\train\train_0037.json,144,6,False,10,1,10,0,T,-47.864594063070655,-30,13.150684931506852,0.0,1.8620689526753866,18,0.0,240,12,pathLen
train_0037,C:\Users\tao20\Desktop\Algorithm\AIPlayerDesktop\data\蔡扬的\train\train_0037.json,144,7,False,1,3,1,2, ,-1e+18,0,0.0,0.0,1.8620689526753866,15,0.0,270,0,pathLen
train_0037,C:\Users\tao20\Desktop\Algorithm\AIPlayerDesktop\data\蔡扬的\train\train_0037.json,144,8,False,3,7,3,6, ,-1e+18,0,0.0,0.0,1.8620689526753866,13,0.0,270,0,pathLen
train_0037,C:\Users\tao20\Desktop\Algorithm\AIPlayerDesktop\data\蔡扬的\train\train_0037.json,144,9,False,9,3,9,2, ,-1e+18,0,0.0,0.0,1.8620689526753866,17,0.0,270,0,pathLen
train_0037,C:\Users\tao20\Desktop\Algorithm\AIPlayerDesktop\data\蔡扬的\train\train_0037.json,144,10,False,13,9,13,8, ,-1e+18,0,0.0,0.0,1.8620689526753866,11,0.0,270,0,pathLen
train_0037,C:\Users\tao20\Desktop\Algorithm\AIPlayerDesktop\data\蔡扬的\train\train_0037.json,145,1,True,6,1,6,0, ,-10.100000742064358,0,13.150684931506852,0.0,1.8493150558266092,13,0.0,270,12,pathLen
train_0037,C:\Users\tao20\Desktop\Algorithm\AIPlayerDesktop\data\蔡扬的\train\train_0037.json,145,2,False,2,9,2,8, ,-12.846803632579768,0,1.0958904109589043,0.0,1.8493150558266092,9,0.0,270,1,pathLen
train_0037,C:\Users\tao20\Desktop\Algorithm\AIPlayerDesktop\data\蔡扬的\train\train_0037.json,145,3,False,3,4,3,3, ,-15.879680324135407,0,1.0958904109589043,0.0,1.8493150558266092,11,0.0,270,1,pathLen
train_0037,C:\Users\tao20\Desktop\Algorithm\AIPlayerDesktop\data\蔡扬的\train\train_0037.json,145,4,False,3,13,3,12,T,-29.484932321619617,-30,13.150684931506852,0.0,1.8493150558266092,6,0.0,240,12,deltaR
train_0037,C:\Users\tao20\Desktop\Algorithm\AIPlayerDesktop\data\蔡扬的\train\train_0037.json,145,5,False,13,7,13,6,T,-35.550685704730896,-30,13.150684931506852,0.0,1.8493150558266092,10,0.0,240,12,deltaR
train_0037,C:\Users\tao20\Desktop\Algorithm\AIPlayerDesktop\data\蔡扬的\train\train_0037.json,145,6,False,10,1,10,0,T,-49.19863081673127,-30,13.150684931506852,0.0,1.8493150558266092,19,0.0,240,12,pathLen
train_0037,C:\Users\tao20\Desktop\Algorithm\AIPlayerDesktop\data\蔡扬的\train\train_0037.json,145,7,False,1,3,1,2, ,-1e+18,0,0.0,0.0,1.8493150558266092,14,0.0,270,0,pathLen
train_0037,C:\Users\tao20\Desktop\Algorithm\AIPlayerDesktop\data\蔡扬的\train\train_0037.json,145,8,False,3,7,3,6, ,-1e+18,0,0.0,0.0,1.8493150558266092,12,0.0,270,0,pathLen
train_0037,C:\Users\tao20\Desktop\Algorithm\AIPlayerDesktop\data\蔡扬的\train\train_0037.json,145,9,False,9,3,9,2, ,-1e+18,0,0.0,0.0,1.8493150558266092,18,0.0,270,0,pathLen
train_0037,C:\Users\tao20\Desktop\Algorithm\AIPlayerDesktop\data\蔡扬的\train\train_0037.json,145,10,False,13,9,13,8, ,-1e+18,0,0.0,0.0,1.8493150558266092,12,0.0,270,0,pathLen
train_0037,C:\Users\tao20\Desktop\Algorithm\AIPlayerDesktop\data\蔡扬的\train\train_0037.json,146,1,True,6,1,6,0, ,-8.464448252055632,0,13.150684931506852,0.0,1.8367346813827572,12,0.0,270,12,pathLen
train_0037,C:\Users\tao20\Desktop\Algorithm\AIPlayerDesktop\data\蔡扬的\train\train_0037.json,146,2,False,2,9,2,8, ,-14.26047263627605,0,1.0958904109589043,0.0,1.8367346813827572,10,0.0,270,1,pathLen
train_0037,C:\Users\tao20\Desktop\Algorithm\AIPlayerDesktop\data\蔡扬的\train\train_0037.json,146,3,False,3,4,3,3, ,-14.26047263627605,0,1.0958904109589043,0.0,1.8367346813827572,10,0.0,270,1,pathLen
train_0037,C:\Users\tao20\Desktop\Algorithm\AIPlayerDesktop\data\蔡扬的\train\train_0037.json,146,4,False,3,13,3,12,T,-30.93383605838633,-30,13.150684931506852,0.0,1.8367346813827572,7,0.0,240,12,deltaR
train_0037,C:\Users\tao20\Desktop\Algorithm\AIPlayerDesktop\data\蔡扬的\train\train_0037.json,146,5,False,13,7,13,6,T,-36.95832581332178,-30,13.150684931506852,0.0,1.8367346813827572,11,0.0,240,12,deltaR
train_0037,C:\Users\tao20\Desktop\Algorithm\AIPlayerDesktop\data\蔡扬的\train\train_0037.json,146,6,False,10,1,10,0,T,-50.51342776192652,-30,13.150684931506852,0.0,1.8367346813827572,20,0.0,240,12,pathLen
train_0037,C:\Users\tao20\Desktop\Algorithm\AIPlayerDesktop\data\蔡扬的\train\train_0037.json,146,7,False,1,3,1,2, ,-1e+18,0,0.0,0.0,1.8367346813827572,13,0.0,270,0,pathLen
train_0037,C:\Users\tao20\Desktop\Algorithm\AIPlayerDesktop\data\蔡扬的\train\train_0037.json,146,8,False,3,7,3,6, ,-1e+18,0,0.0,0.0,1.8367346813827572,13,0.0,270,0,pathLen
train_0037,C:\Users\tao20\Desktop\Algorithm\AIPlayerDesktop\data\蔡扬的\train\train_0037.json,146,9,False,9,3,9,2, ,-1e+18,0,0.0,0.0,1.8367346813827572,19,0.0,270,0,pathLen
train_0037,C:\Users\tao20\Desktop\Algorithm\AIPlayerDesktop\data\蔡扬的\train\train_0037.json,146,10,False,13,9,13,8, ,-1e+18,0,0.0,0.0,1.8367346813827572,13,0.0,270,0,pathLen
train_0037,C:\Users\tao20\Desktop\Algorithm\AIPlayerDesktop\data\蔡扬的\train\train_0037.json,147,1,True,6,1,6,0, ,-6.850125673706824,0,13.150684931506852,0.0,1.8243243119978088,11,0.0,270,12,pathLen
train_0037,C:\Users\tao20\Desktop\Algorithm\AIPlayerDesktop\data\蔡扬的\train\train_0037.json,147,2,False,3,4,3,3, ,-12.663073454167709,0,1.0958904109589043,0.0,1.8243243119978088,9,0.0,270,1,pathLen
train_0037,C:\Users\tao20\Desktop\Algorithm\AIPlayerDesktop\data\蔡扬的\train\train_0037.json,147,3,False,2,9,2,8, ,-15.654965325844117,0,1.0958904109589043,0.0,1.8243243119978088,11,0.0,270,1,pathLen
train_0037,C:\Users\tao20\Desktop\Algorithm\AIPlayerDesktop\data\蔡扬的\train\train_0037.json,147,4,False,3,13,3,12,T,-32.36228786619221,-30,13.150684931506852,0.0,1.8243243119978088,8,0.0,240,12,deltaR
train_0037,C:\Users\tao20\Desktop\Algorithm\AIPlayerDesktop\data\蔡扬的\train\train_0037.json,147,5,False,13,7,13,6,T,-38.34607160954502,-30,13.150684931506852,0.0,1.8243243119978088,12,0.0,240,12,deltaR
train_0037,C:\Users\tao20\Desktop\Algorithm\AIPlayerDesktop\data\蔡扬的\train\train_0037.json,147,6,False,10,1,10,0,T,-51.80958503208885,-30,13.150684931506852,0.0,1.8243243119978088,21,0.0,240,12,pathLen
train_0037,C:\Users\tao20\Desktop\Algorithm\AIPlayerDesktop\data\蔡扬的\train\train_0037.json,147,7,False,1,3,1,2, ,-1e+18,0,0.0,0.0,1.8243243119978088,12,0.0,270,0,pathLen
train_0037,C:\Users\tao20\Desktop\Algorithm\AIPlayerDesktop\data\蔡扬的\train\train_0037.json,147,8,False,3,7,3,6, ,-1e+18,0,0.0,0.0,1.8243243119978088,14,0.0,270,0,pathLen
train_0037,C:\Users\tao20\Desktop\Algorithm\AIPlayerDesktop\data\蔡扬的\train\train_0037.json,147,9,False,9,3,9,2, ,-1e+18,0,0.0,0.0,1.8243243119978088,20,0.0,270,0,pathLen
train_0037,C:\Users\tao20\Desktop\Algorithm\AIPlayerDesktop\data\蔡扬的\train\train_0037.json,147,10,False,13,9,13,8, ,-1e+18,0,0.0,0.0,1.8243243119978088,14,0.0,270,0,pathLen
train_0037,C:\Users\tao20\Desktop\Algorithm\AIPlayerDesktop\data\蔡扬的\train\train_0037.json,148,1,True,6,1,6,0, ,-5.256773796235743,0,13.150684931506852,0.0,1.8120805247511373,10,0.0,270,12,pathLen
train_0037,C:\Users\tao20\Desktop\Algorithm\AIPlayerDesktop\data\蔡扬的\train\train_0037.json,148,2,False,3,4,3,3, ,-11.087057700140496,0,1.0958904109589043,0.0,1.8120805247511373,8,0.0,270,1,pathLen
train_0037,C:\Users\tao20\Desktop\Algorithm\AIPlayerDesktop\data\蔡扬的\train\train_0037.json,148,3,False,2,9,2,8, ,-17.030681821324226,0,1.0958904109589043,0.0,1.8120805247511373,12,0.0,270,1,pathLen
train_0037,C:\Users\tao20\Desktop\Algorithm\AIPlayerDesktop\data\蔡扬的\train\train_0037.json,148,4,False,3,13,3,12,T,-33.77086776593981,-30,13.150684931506852,0.0,1.8120805247511373,9,0.0,240,12,deltaR
train_0037,C:\Users\tao20\Desktop\Algorithm\AIPlayerDesktop\data\蔡扬的\train\train_0037.json,148,5,False,13,7,13,6,T,-39.71449188712354,-30,13.150684931506852,0.0,1.8120805247511373,13,0.0,240,12,deltaR
train_0037,C:\Users\tao20\Desktop\Algorithm\AIPlayerDesktop\data\蔡扬的\train\train_0037.json,148,6,False,10,1,10,0,T,-53.08764615978693,-30,13.150684931506852,0.0,1.8120805247511373,22,0.0,240,12,pathLen
train_0037,C:\Users\tao20\Desktop\Algorithm\AIPlayerDesktop\data\蔡扬的\train\train_0037.json,148,7,False,1,3,1,2, ,-1e+18,0,0.0,0.0,1.8120805247511373,11,0.0,270,0,pathLen
train_0037,C:\Users\tao20\Desktop\Algorithm\AIPlayerDesktop\data\蔡扬的\train\train_0037.json,148,8,False,3,7,3,6, ,-1e+18,0,0.0,0.0,1.8120805247511373,15,0.0,270,0,pathLen
train_0037,C:\Users\tao20\Desktop\Algorithm\AIPlayerDesktop\data\蔡扬的\train\train_0037.json,148,9,False,9,3,9,2, ,-1e+18,0,0.0,0.0,1.8120805247511373,21,0.0,270,0,pathLen
train_0037,C:\Users\tao20\Desktop\Algorithm\AIPlayerDesktop\data\蔡扬的\train\train_0037.json,148,10,False,13,9,13,8, ,-1e+18,0,0.0,0.0,1.8120805247511373,15,0.0,270,0,pathLen
train_0037,C:\Users\tao20\Desktop\Algorithm\AIPlayerDesktop\data\蔡扬的\train\train_0037.json,149,1,True,6,1,6,0, ,-3.68410789574828,0,13.150684931506852,0.0,1.7999999880000002,9,0.0,270,12,pathLen
train_0037,C:\Users\tao20\Desktop\Algorithm\AIPlayerDesktop\data\蔡扬的\train\train_0037.json,149,2,False,3,4,3,3, ,-9.532008929812356,0,1.0958904109589043,0.0,1.7999999880000002,7,0.0,270,1,pathLen
train_0037,C:\Users\tao20\Desktop\Algorithm\AIPlayerDesktop\data\蔡扬的\train\train_0037.json,149,3,False,2,9,2,8, ,-18.388008870772357,0,1.0958904109589043,0.0,1.7999999880000002,13,0.0,270,1,pathLen
train_0037,C:\Users\tao20\Desktop\Algorithm\AIPlayerDesktop\data\蔡扬的\train\train_0037.json,149,4,False,3,13,3,12,T,-35.160107885908275,-30,13.150684931506852,0.0,1.7999999880000002,10,0.0,240,12,deltaR
train_0037,C:\Users\tao20\Desktop\Algorithm\AIPlayerDesktop\data\蔡扬的\train\train_0037.json,149,5,False,13,7,13,6,T,-41.06410784654828,-30,13.150684931506852,0.0,1.7999999880000002,14,0.0,240,12,deltaR
train_0037,C:\Users\tao20\Desktop\Algorithm\AIPlayerDesktop\data\蔡扬的\train\train_0037.json,149,6,False,10,1,10,0,T,-54.34810775798828,-30,13.150684931506852,0.0,1.7999999880000002,23,0.0,240,12,pathLen
train_0037,C:\Users\tao20\Desktop\Algorithm\AIPlayerDesktop\data\蔡扬的\train\train_0037.json,149,7,False,1,3,1,2, ,-1e+18,0,0.0,0.0,1.7999999880000002,10,0.0,270,0,pathLen
train_0037,C:\Users\tao20\Desktop\Algorithm\AIPlayerDesktop\data\蔡扬的\train\train_0037.json,149,8,False,3,7,3,6, ,-1e+18,0,0.0,0.0,1.7999999880000002,16,0.0,270,0,pathLen
train_0037,C:\Users\tao20\Desktop\Algorithm\AIPlayerDesktop\data\蔡扬的\train\train_0037.json,149,9,False,9,3,9,2, ,-1e+18,0,0.0,0.0,1.7999999880000002,22,0.0,270,0,pathLen
train_0037,C:\Users\tao20\Desktop\Algorithm\AIPlayerDesktop\data\蔡扬的\train\train_0037.json,149,10,False,13,9,13,8, ,-1e+18,0,0.0,0.0,1.7999999880000002,16,0.0,270,0,pathLen
train_0037,C:\Users\tao20\Desktop\Algorithm\AIPlayerDesktop\data\蔡扬的\train\train_0037.json,150,1,True,6,1,6,0, ,-2.1318248239562756,0,13.150684931506852,0.0,1.7880794583570898,8,0.0,270,12,pathLen
train_0037,C:\Users\tao20\Desktop\Algorithm\AIPlayerDesktop\data\蔡扬的\train\train_0037.json,150,2,False,3,4,3,3, ,-7.997519566544695,0,1.0958904109589043,0.0,1.7880794583570898,6,0.0,270,1,pathLen
train_0037,C:\Users\tao20\Desktop\Algorithm\AIPlayerDesktop\data\蔡扬的\train\train_0037.json,150,3,False,2,9,2,8, ,-19.727320813367207,0,1.0958904109589043,0.0,1.7880794583570898,14,0.0,270,1,pathLen
train_0037,C:\Users\tao20\Desktop\Algorithm\AIPlayerDesktop\data\蔡扬的\train\train_0037.json,150,4,False,3,13,3,12,T,-36.53050029151472,-30,13.150684931506852,0.0,1.7880794583570898,11,0.0,240,12,deltaR
train_0037,C:\Users\tao20\Desktop\Algorithm\AIPlayerDesktop\data\蔡扬的\train\train_0037.json,150,5,False,13,7,13,6,T,-42.39540091492597,-30,13.150684931506852,0.0,1.7880794583570898,15,0.0,240,12,deltaR
train_0037,C:\Users\tao20\Desktop\Algorithm\AIPlayerDesktop\data\蔡扬的\train\train_0037.json,150,6,False,10,1,10,0,T,-55.591427317601294,-30,13.150684931506852,0.0,1.7880794583570898,24,0.0,240,12,pathLen
train_0037,C:\Users\tao20\Desktop\Algorithm\AIPlayerDesktop\data\蔡扬的\train\train_0037.json,150,7,False,1,3,1,2, ,-1e+18,0,0.0,0.0,1.7880794583570898,9,0.0,270,0,pathLen
train_0037,C:\Users\tao20\Desktop\Algorithm\AIPlayerDesktop\data\蔡扬的\train\train_0037.json,150,8,False,3,7,3,6, ,-1e+18,0,0.0,0.0,1.7880794583570898,17,0.0,270,0,pathLen
train_0037,C:\Users\tao20\Desktop\Algorithm\AIPlayerDesktop\data\蔡扬的\train\train_0037.json,150,9,False,9,3,9,2, ,-1e+18,0,0.0,0.0,1.7880794583570898,23,0.0,270,0,pathLen
train_0037,C:\Users\tao20\Desktop\Algorithm\AIPlayerDesktop\data\蔡扬的\train\train_0037.json,150,10,False,13,9,13,8, ,-1e+18,0,0.0,0.0,1.7880794583570898,17,0.0,270,0,pathLen
train_0037,C:\Users\tao20\Desktop\Algorithm\AIPlayerDesktop\data\蔡扬的\train\train_0037.json,151,1,True,6,1,6,0, ,-0.5996086158938123,0,13.150684931506852,0.0,1.7763157777873961,7,0.0,270,12,Iproxy
train_0037,C:\Users\tao20\Desktop\Algorithm\AIPlayerDesktop\data\蔡扬的\train\train_0037.json,151,2,False,3,4,3,3, ,-6.483191026544504,0,1.0958904109589043,0.0,1.7763157777873961,5,0.0,270,1,pathLen
train_0037,C:\Users\tao20\Desktop\Algorithm\AIPlayerDesktop\data\蔡扬的\train\train_0037.json,151,3,False,2,9,2,8, ,-21.048980404401153,0,1.0958904109589043,0.0,1.7763157777873961,15,0.0,270,1,pathLen
train_0037,C:\Users\tao20\Desktop\Algorithm\AIPlayerDesktop\data\蔡扬的\train\train_0037.json,151,4,False,3,13,3,12,T,-37.88250330482214,-30,13.150684931506852,0.0,1.7763157777873961,12,0.0,240,12,deltaR
train_0037,C:\Users\tao20\Desktop\Algorithm\AIPlayerDesktop\data\蔡扬的\train\train_0037.json,151,5,False,13,7,13,6,T,-43.708819055964796,-30,13.150684931506852,0.0,1.7763157777873961,16,0.0,240,12,deltaR
train_0037,C:\Users\tao20\Desktop\Algorithm\AIPlayerDesktop\data\蔡扬的\train\train_0037.json,151,6,False,10,1,10,0,T,-56.81802949603578,-30,13.150684931506852,0.0,1.7763157777873961,25,0.0,240,12,pathLen
train_0037,C:\Users\tao20\Desktop\Algorithm\AIPlayerDesktop\data\蔡扬的\train\train_0037.json,151,7,False,1,3,1,2, ,-1e+18,0,0.0,0.0,1.7763157777873961,8,0.0,270,0,pathLen
train_0037,C:\Users\tao20\Desktop\Algorithm\AIPlayerDesktop\data\蔡扬的\train\train_0037.json,151,8,False,3,7,3,6, ,-1e+18,0,0.0,0.0,1.7763157777873961,18,0.0,270,0,pathLen
train_0037,C:\Users\tao20\Desktop\Algorithm\AIPlayerDesktop\data\蔡扬的\train\train_0037.json,151,9,False,9,3,9,2, ,-1e+18,0,0.0,0.0,1.7763157777873961,24,0.0,270,0,pathLen
train_0037,C:\Users\tao20\Desktop\Algorithm\AIPlayerDesktop\data\蔡扬的\train\train_0037.json,151,10,False,13,9,13,8, ,-1e+18,0,0.0,0.0,1.7763157777873961,18,0.0,270,0,pathLen
train_0037,C:\Users\tao20\Desktop\Algorithm\AIPlayerDesktop\data\蔡扬的\train\train_0037.json,152,1,True,6,1,6,0, ,0.9128650847684661,0,13.150684931506852,0.0,1.7647058708189158,6,0.0,270,12,Iproxy
train_0037,C:\Users\tao20\Desktop\Algorithm\AIPlayerDesktop\data\蔡扬的\train\train_0037.json,152,2,False,3,4,3,3, ,-4.988633758852916,0,1.0958904109589043,0.0,1.7647058708189158,4,0.0,270,1,pathLen
train_0037,C:\Users\tao20\Desktop\Algorithm\AIPlayerDesktop\data\蔡扬的\train\train_0037.json,152,3,False,2,9,2,8, ,-22.353339527711046,0,1.0958904109589043,0.0,1.7647058708189158,16,0.0,270,1,pathLen
train_0037,C:\Users\tao20\Desktop\Algorithm\AIPlayerDesktop\data\蔡扬的\train\train_0037.json,152,4,False,3,13,3,12,T,-39.216546613732106,-30,13.150684931506852,0.0,1.7647058708189158,13,0.0,240,12,deltaR
train_0037,C:\Users\tao20\Desktop\Algorithm\AIPlayerDesktop\data\蔡扬的\train\train_0037.json,152,5,False,13,7,13,6,T,-45.00478187001815,-30,13.150684931506852,0.0,1.7647058708189158,17,0.0,240,12,deltaR
train_0037,C:\Users\tao20\Desktop\Algorithm\AIPlayerDesktop\data\蔡扬的\train\train_0037.json,152,6,False,10,1,10,0,T,-58.02831119666175,-30,13.150684931506852,0.0,1.7647058708189158,26,0.0,240,12,pathLen
train_0037,C:\Users\tao20\Desktop\Algorithm\AIPlayerDesktop\data\蔡扬的\train\train_0037.json,152,7,False,1,3,1,2, ,-1e+18,0,0.0,0.0,1.7647058708189158,7,0.0,270,0,pathLen
train_0037,C:\Users\tao20\Desktop\Algorithm\AIPlayerDesktop\data\蔡扬的\train\train_0037.json,152,8,False,3,7,3,6, ,-1e+18,0,0.0,0.0,1.7647058708189158,19,0.0,270,0,pathLen
train_0037,C:\Users\tao20\Desktop\Algorithm\AIPlayerDesktop\data\蔡扬的\train\train_0037.json,152,9,False,9,3,9,2, ,-1e+18,0,0.0,0.0,1.7647058708189158,25,0.0,270,0,pathLen
train_0037,C:\Users\tao20\Desktop\Algorithm\AIPlayerDesktop\data\蔡扬的\train\train_0037.json,152,10,False,13,9,13,8, ,-1e+18,0,0.0,0.0,1.7647058708189158,19,0.0,270,0,pathLen
train_0037,C:\Users\tao20\Desktop\Algorithm\AIPlayerDesktop\data\蔡扬的\train\train_0037.json,153,1,True,6,1,6,0, ,2.40592554403654,0,13.150684931506852,0.0,1.753246741862034,5,0.0,270,12,Iproxy
train_0037,C:\Users\tao20\Desktop\Algorithm\AIPlayerDesktop\data\蔡扬的\train\train_0037.json,153,2,False,3,4,3,3, ,-3.5134672195080308,0,1.0958904109589043,0.0,1.753246741862034,3,0.0,270,1,pathLen
train_0037,C:\Users\tao20\Desktop\Algorithm\AIPlayerDesktop\data\蔡扬的\train\train_0037.json,153,3,False,2,9,2,8, ,-23.64073981608418,0,1.0958904109589043,0.0,1.753246741862034,17,0.0,270,1,pathLen
train_0037,C:\Users\tao20\Desktop\Algorithm\AIPlayerDesktop\data\蔡扬的\train\train_0037.json,153,4,False,3,13,3,12,T,-40.53303541090527,-30,13.150684931506852,0.0,1.753246741862034,14,0.0,240,12,deltaR
train_0037,C:\Users\tao20\Desktop\Algorithm\AIPlayerDesktop\data\蔡扬的\train\train_0037.json,153,5,False,13,7,13,6,T,-46.28368472421275,-30,13.150684931506852,0.0,1.753246741862034,18,0.0,240,12,pathLen
train_0037,C:\Users\tao20\Desktop\Algorithm\AIPlayerDesktop\data\蔡扬的\train\train_0037.json,153,6,False,10,1,10,0,T,-59.22264567915455,-30,13.150684931506852,0.0,1.753246741862034,27,0.0,240,12,pathLen
train_0037,C:\Users\tao20\Desktop\Algorithm\AIPlayerDesktop\data\蔡扬的\train\train_0037.json,153,7,False,1,3,1,2, ,-1e+18,0,0.0,0.0,1.753246741862034,6,0.0,270,0,pathLen
train_0037,C:\Users\tao20\Desktop\Algorithm\AIPlayerDesktop\data\蔡扬的\train\train_0037.json,153,8,False,3,7,3,6, ,-1e+18,0,0.0,0.0,1.753246741862034,20,0.0,270,0,pathLen
train_0037,C:\Users\tao20\Desktop\Algorithm\AIPlayerDesktop\data\蔡扬的\train\train_0037.json,153,9,False,9,3,9,2, ,-1e+18,0,0.0,0.0,1.753246741862034,26,0.0,270,0,pathLen
train_0037,C:\Users\tao20\Desktop\Algorithm\AIPlayerDesktop\data\蔡扬的\train\train_0037.json,153,10,False,13,9,13,8, ,-1e+18,0,0.0,0.0,1.753246741862034,20,0.0,270,0,pathLen
train_0037,C:\Users\tao20\Desktop\Algorithm\AIPlayerDesktop\data\蔡扬的\train\train_0037.json,154,1,True,6,1,6,0, ,3.879904208614388,0,13.150684931506852,0.0,1.7419354726326743,4,0.0,270,12,Iproxy
train_0037,C:\Users\tao20\Desktop\Algorithm\AIPlayerDesktop\data\蔡扬的\train\train_0037.json,154,2,False,3,4,3,3, ,-4.914093970331042,0,1.0958904109589043,0.0,1.7419354726326743,4,0.0,270,1,pathLen
train_0037,C:\Users\tao20\Desktop\Algorithm\AIPlayerDesktop\data\蔡扬的\train\train_0037.json,154,3,False,2,9,2,8, ,-24.911513196154143,0,1.0958904109589043,0.0,1.7419354726326743,18,0.0,270,1,pathLen
train_0037,C:\Users\tao20\Desktop\Algorithm\AIPlayerDesktop\data\蔡扬的\train\train_0037.json,154,4,False,3,13,3,12,T,-41.832353754532335,-30,13.150684931506852,0.0,1.7419354726326743,15,0.0,240,12,deltaR
train_0037,C:\Users\tao20\Desktop\Algorithm\AIPlayerDesktop\data\蔡扬的\train\train_0037.json,154,5,False,13,7,13,6,T,-47.54590210476751,-30,13.150684931506852,0.0,1.7419354726326743,19,0.0,240,12,pathLen
train_0037,C:\Users\tao20\Desktop\Algorithm\AIPlayerDesktop\data\蔡扬的\train\train_0037.json,154,6,False,10,1,10,0,T,-60.40138589279664,-30,13.150684931506852,0.0,1.7419354726326743,28,0.0,240,12,pathLen
train_0037,C:\Users\tao20\Desktop\Algorithm\AIPlayerDesktop\data\蔡扬的\train\train_0037.json,154,7,False,1,3,1,2, ,-1e+18,0,0.0,0.0,1.7419354726326743,7,0.0,270,0,pathLen
train_0037,C:\Users\tao20\Desktop\Algorithm\AIPlayerDesktop\data\蔡扬的\train\train_0037.json,154,8,False,3,7,3,6, ,-1e+18,0,0.0,0.0,1.7419354726326743,21,0.0,270,0,pathLen
train_0037,C:\Users\tao20\Desktop\Algorithm\AIPlayerDesktop\data\蔡扬的\train\train_0037.json,154,9,False,9,3,9,2, ,-1e+18,0,0.0,0.0,1.7419354726326743,27,0.0,270,0,pathLen
train_0037,C:\Users\tao20\Desktop\Algorithm\AIPlayerDesktop\data\蔡扬的\train\train_0037.json,154,10,False,13,9,13,8, ,-1e+18,0,0.0,0.0,1.7419354726326743,21,0.0,270,0,pathLen
train_0037,C:\Users\tao20\Desktop\Algorithm\AIPlayerDesktop\data\蔡扬的\train\train_0037.json,155,1,True,6,1,6,0, ,5.335132576993093,0,13.150684931506852,0.0,1.7307692196745563,3,0.0,270,12,Iproxy
train_0037,C:\Users\tao20\Desktop\Algorithm\AIPlayerDesktop\data\蔡扬的\train\train_0037.json,155,2,False,3,4,3,3, ,-6.2967517292163055,0,1.0958904109589043,0.0,1.7307692196745563,5,0.0,270,1,pathLen
train_0037,C:\Users\tao20\Desktop\Algorithm\AIPlayerDesktop\data\蔡扬的\train\train_0037.json,155,3,False,2,9,2,8, ,-26.16598237108021,0,1.0958904109589043,0.0,1.7307692196745563,19,0.0,270,1,pathLen
train_0037,C:\Users\tao20\Desktop\Algorithm\AIPlayerDesktop\data\蔡扬的\train\train_0037.json,155,4,False,3,13,3,12,T,-43.11486730473768,-30,13.150684931506852,0.0,1.7307692196745563,16,0.0,240,12,deltaR
train_0037,C:\Users\tao20\Desktop\Algorithm\AIPlayerDesktop\data\蔡扬的\train\train_0037.json,155,5,False,13,7,13,6,T,-48.79179034527022,-30,13.150684931506852,0.0,1.7307692196745563,20,0.0,240,12,pathLen
train_0037,C:\Users\tao20\Desktop\Algorithm\AIPlayerDesktop\data\蔡扬的\train\train_0037.json,155,6,False,10,1,10,0,T,-61.56486718646845,-30,13.150684931506852,0.0,1.7307692196745563,29,0.0,240,12,pathLen
train_0037,C:\Users\tao20\Desktop\Algorithm\AIPlayerDesktop\data\蔡扬的\train\train_0037.json,155,7,False,1,3,1,2, ,-1e+18,0,0.0,0.0,1.7307692196745563,8,0.0,270,0,pathLen
train_0037,C:\Users\tao20\Desktop\Algorithm\AIPlayerDesktop\data\蔡扬的\train\train_0037.json,155,8,False,3,7,3,6, ,-1e+18,0,0.0,0.0,1.7307692196745563,22,0.0,270,0,pathLen
train_0037,C:\Users\tao20\Desktop\Algorithm\AIPlayerDesktop\data\蔡扬的\train\train_0037.json,155,9,False,9,3,9,2, ,-1e+18,0,0.0,0.0,1.7307692196745563,28,0.0,270,0,pathLen
train_0037,C:\Users\tao20\Desktop\Algorithm\AIPlayerDesktop\data\蔡扬的\train\train_0037.json,155,10,False,13,9,13,8, ,-1e+18,0,0.0,0.0,1.7307692196745563,22,0.0,270,0,pathLen
train_0037,C:\Users\tao20\Desktop\Algorithm\AIPlayerDesktop\data\蔡扬的\train\train_0037.json,156,1,True,6,1,6,0, ,6.771940548585981,0,13.150684931506852,0.0,1.7197452119761452,2,0.0,270,12,Iproxy
train_0037,C:\Users\tao20\Desktop\Algorithm\AIPlayerDesktop\data\蔡扬的\train\train_0037.json,156,2,False,3,4,3,3, ,-7.6617862182370615,0,1.0958904109589043,0.0,1.7197452119761452,6,0.0,270,1,pathLen
train_0037,C:\Users\tao20\Desktop\Algorithm\AIPlayerDesktop\data\蔡扬的\train\train_0037.json,156,3,False,2,9,2,8, ,-27.404461251723205,0,1.0958904109589043,0.0,1.7197452119761452,20,0.0,270,1,pathLen
train_0037,C:\Users\tao20\Desktop\Algorithm\AIPlayerDesktop\data\蔡扬的\train\train_0037.json,156,4,False,3,13,3,12,T,-44.380925558720605,-30,13.150684931506852,0.0,1.7197452119761452,17,0.0,240,12,deltaR
train_0037,C:\Users\tao20\Desktop\Algorithm\AIPlayerDesktop\data\蔡扬的\train\train_0037.json,156,5,False,13,7,13,6,T,-50.02168985400236,-30,13.150684931506852,0.0,1.7197452119761452,21,0.0,240,12,pathLen
train_0037,C:\Users\tao20\Desktop\Algorithm\AIPlayerDesktop\data\蔡扬的\train\train_0037.json,156,6,False,10,1,10,0,T,-62.71340951838631,-30,13.150684931506852,0.0,1.7197452119761452,30,0.0,240,12,pathLen
train_0037,C:\Users\tao20\Desktop\Algorithm\AIPlayerDesktop\data\蔡扬的\train\train_0037.json,156,7,False,1,3,1,2, ,-1e+18,0,0.0,0.0,1.7197452119761452,9,0.0,270,0,pathLen
train_0037,C:\Users\tao20\Desktop\Algorithm\AIPlayerDesktop\data\蔡扬的\train\train_0037.json,156,8,False,3,7,3,6, ,-1e+18,0,0.0,0.0,1.7197452119761452,23,0.0,270,0,pathLen
train_0037,C:\Users\tao20\Desktop\Algorithm\AIPlayerDesktop\data\蔡扬的\train\train_0037.json,156,9,False,9,3,9,2, ,-1e+18,0,0.0,0.0,1.7197452119761452,29,0.0,270,0,pathLen
train_0037,C:\Users\tao20\Desktop\Algorithm\AIPlayerDesktop\data\蔡扬的\train\train_0037.json,156,10,False,13,9,13,8, ,-1e+18,0,0.0,0.0,1.7197452119761452,23,0.0,270,0,pathLen
train_0037,C:\Users\tao20\Desktop\Algorithm\AIPlayerDesktop\data\蔡扬的\train\train_0037.json,157,1,True,6,1,6,0, ,8.190655153378302,0,13.150684931506852,0.0,1.7088607486780965,1,0.0,270,12,Iproxy
train_0037,C:\Users\tao20\Desktop\Algorithm\AIPlayerDesktop\data\蔡扬的\train\train_0037.json,157,2,False,3,4,3,3, ,-9.009533950137744,0,1.0958904109589043,0.0,1.7088607486780965,7,0.0,270,1,pathLen
train_0037,C:\Users\tao20\Desktop\Algorithm\AIPlayerDesktop\data\蔡扬的\train\train_0037.json,157,3,False,2,9,2,8, ,-28.627255344962293,0,1.0958904109589043,0.0,1.7088607486780965,21,0.0,270,1,pathLen
train_0037,C:\Users\tao20\Desktop\Algorithm\AIPlayerDesktop\data\蔡扬的\train\train_0037.json,157,4,False,3,13,3,12,T,-45.63086368319436,-30,13.150684931506852,0.0,1.7088607486780965,18,0.0,240,12,pathLen
train_0037,C:\Users\tao20\Desktop\Algorithm\AIPlayerDesktop\data\蔡扬的\train\train_0037.json,157,5,False,13,7,13,6,T,-51.23592693885851,-30,13.150684931506852,0.0,1.7088607486780965,22,0.0,240,12,pathLen
train_0037,C:\Users\tao20\Desktop\Algorithm\AIPlayerDesktop\data\蔡扬的\train\train_0037.json,157,6,False,10,1,10,0,T,-63.847319264102865,-30,13.150684931506852,0.0,1.7088607486780965,31,0.0,240,12,pathLen
train_0037,C:\Users\tao20\Desktop\Algorithm\AIPlayerDesktop\data\蔡扬的\train\train_0037.json,157,7,False,1,3,1,2, ,-1e+18,0,0.0,0.0,1.7088607486780965,10,0.0,270,0,pathLen
train_0037,C:\Users\tao20\Desktop\Algorithm\AIPlayerDesktop\data\蔡扬的\train\train_0037.json,157,8,False,3,7,3,6, ,-1e+18,0,0.0,0.0,1.7088607486780965,24,0.0,270,0,pathLen
train_0037,C:\Users\tao20\Desktop\Algorithm\AIPlayerDesktop\data\蔡扬的\train\train_0037.json,157,9,False,9,3,9,2, ,-1e+18,0,0.0,0.0,1.7088607486780965,30,0.0,270,0,pathLen
train_0037,C:\Users\tao20\Desktop\Algorithm\AIPlayerDesktop\data\蔡扬的\train\train_0037.json,157,10,False,13,9,13,8, ,-1e+18,0,0.0,0.0,1.7088607486780965,24,0.0,270,0,pathLen
train_0037,C:\Users\tao20\Desktop\Algorithm\AIPlayerDesktop\data\蔡扬的\train\train_0037.json,158,1,True,7,1,7,0,G,60.479601591106416,50,16.289592760180998,0.0,1.6981131968672125,1,0.0,320,12,deltaR
train_0037,C:\Users\tao20\Desktop\Algorithm\AIPlayerDesktop\data\蔡扬的\train\train_0037.json,158,2,False,3,4,3,3, ,-4.000284703737453,0,1.3574660633484164,5.0,1.6981131968672125,8,0.0,270,1,pathLen
train_0037,C:\Users\tao20\Desktop\Algorithm\AIPlayerDesktop\data\蔡扬的\train\train_0037.json,158,3,False,1,3,1,2, ,-10.586211804973026,0,0.0,3.8461538461538463,1.6981131968672125,11,0.0,270,0,pathLen
train_0037,C:\Users\tao20\Desktop\Algorithm\AIPlayerDesktop\data\蔡扬的\train\train_0037.json,158,4,False,2,9,2,8, ,-27.082124203773056,0,1.3574660633484164,2.0833333333333335,1.6981131968672125,22,0.0,270,1,pathLen
train_0037,C:\Users\tao20\Desktop\Algorithm\AIPlayerDesktop\data\蔡扬的\train\train_0037.json,158,5,False,3,7,3,6, ,-32.53354275800008,0,0.0,1.8518518518518519,1.6981131968672125,25,0.0,270,0,pathLen
train_0037,C:\Users\tao20\Desktop\Algorithm\AIPlayerDesktop\data\蔡扬的\train\train_0037.json,158,6,False,13,9,13,8, ,-32.53354275800008,0,0.0,1.8518518518518519,1.6981131968672125,25,0.0,270,0,pathLen
train_0037,C:\Users\tao20\Desktop\Algorithm\AIPlayerDesktop\data\蔡扬的\train\train_0037.json,158,7,False,9,3,9,2, ,-41.302401100728176,0,0.0,1.5151515151515151,1.6981131968672125,31,0.0,270,0,pathLen
train_0037,C:\Users\tao20\Desktop\Algorithm\AIPlayerDesktop\data\蔡扬的\train\train_0037.json,158,8,False,3,13,3,12,T,-41.65597776608221,-30,16.289592760180998,2.380952380952381,1.6981131968672125,19,0.0,240,12,pathLen
train_0037,C:\Users\tao20\Desktop\Algorithm\AIPlayerDesktop\data\蔡扬的\train\train_0037.json,158,9,False,13,7,13,6,T,-47.694360480378094,-30,16.289592760180998,2.0,1.6981131968672125,23,0.0,240,12,pathLen
train_0037,C:\Users\tao20\Desktop\Algorithm\AIPlayerDesktop\data\蔡扬的\train\train_0037.json,158,10,False,10,1,10,0,T,-60.877612343846366,-30,16.289592760180998,1.4705882352941178,1.6981131968672125,32,0.0,240,12,pathLen
train_0037,C:\Users\tao20\Desktop\Algorithm\AIPlayerDesktop\data\蔡扬的\train\train_0037.json,159,1,True,3,4,3,3, ,-13.781715109011515,0,1.345291479820628,0.0,1.9999999875,9,0.0,320,1,pathLen
train_0037,C:\Users\tao20\Desktop\Algorithm\AIPlayerDesktop\data\蔡扬的\train\train_0037.json,159,2,False,2,9,2,8, ,-36.74171496551151,0,1.345291479820628,0.0,1.9999999875,23,0.0,320,1,pathLen
train_0037,C:\Users\tao20\Desktop\Algorithm\AIPlayerDesktop\data\蔡扬的\train\train_0037.json,159,3,False,3,13,3,12,T,-51.060582210138165,-30,16.143497757847534,0.0,1.9999999875,20,0.0,290,12,pathLen
train_0037,C:\Users\tao20\Desktop\Algorithm\AIPlayerDesktop\data\蔡扬的\train\train_0037.json,159,4,False,13,7,13,6,T,-57.62058216913817,-30,16.143497757847534,0.0,1.9999999875,24,0.0,290,12,pathLen
train_0037,C:\Users\tao20\Desktop\Algorithm\AIPlayerDesktop\data\蔡扬的\train\train_0037.json,159,5,False,10,1,10,0,T,-72.38058207688817,-30,16.143497757847534,0.0,1.9999999875,33,0.0,290,12,pathLen
train_0037,C:\Users\tao20\Desktop\Algorithm\AIPlayerDesktop\data\蔡扬的\train\train_0037.json,159,6,False,1,3,1,2, ,-1e+18,0,0.0,0.0,1.9999999875,12,0.0,320,0,pathLen
train_0037,C:\Users\tao20\Desktop\Algorithm\AIPlayerDesktop\data\蔡扬的\train\train_0037.json,159,7,False,3,7,3,6, ,-1e+18,0,0.0,0.0,1.9999999875,26,0.0,320,0,pathLen
train_0037,C:\Users\tao20\Desktop\Algorithm\AIPlayerDesktop\data\蔡扬的\train\train_0037.json,159,8,False,9,3,9,2, ,-1e+18,0,0.0,0.0,1.9999999875,32,0.0,320,0,pathLen
train_0037,C:\Users\tao20\Desktop\Algorithm\AIPlayerDesktop\data\蔡扬的\train\train_0037.json,159,9,False,13,9,13,8, ,-1e+18,0,0.0,0.0,1.9999999875,26,0.0,320,0,pathLen
train_0037,C:\Users\tao20\Desktop\Algorithm\AIPlayerDesktop\data\蔡扬的\train\train_0037.json,160,1,True,3,4,3,3, ,-12.061968503937036,0,1.345291479820628,0.0,1.9875776274063501,8,0.0,320,1,pathLen
train_0037,C:\Users\tao20\Desktop\Algorithm\AIPlayerDesktop\data\蔡扬的\train\train_0037.json,160,2,False,2,9,2,8, ,-34.87935966656193,0,1.345291479820628,0.0,1.9875776274063501,22,0.0,320,1,pathLen
train_0037,C:\Users\tao20\Desktop\Algorithm\AIPlayerDesktop\data\蔡扬的\train\train_0037.json,160,3,False,3,13,3,12,T,-49.2479706528075,-30,16.143497757847534,0.0,1.9875776274063501,19,0.0,290,12,pathLen
train_0037,C:\Users\tao20\Desktop\Algorithm\AIPlayerDesktop\data\蔡扬的\train\train_0037.json,160,4,False,13,7,13,6,T,-55.76722527070033,-30,16.143497757847534,0.0,1.9875776274063501,23,0.0,290,12,pathLen
train_0037,C:\Users\tao20\Desktop\Algorithm\AIPlayerDesktop\data\蔡扬的\train\train_0037.json,160,5,False,10,1,10,0,T,-70.4355481609592,-30,16.143497757847534,0.0,1.9875776274063501,32,0.0,290,12,pathLen
train_0037,C:\Users\tao20\Desktop\Algorithm\AIPlayerDesktop\data\蔡扬的\train\train_0037.json,160,6,False,1,3,1,2, ,-1e+18,0,0.0,0.0,1.9875776274063501,11,0.0,320,0,pathLen
train_0037,C:\Users\tao20\Desktop\Algorithm\AIPlayerDesktop\data\蔡扬的\train\train_0037.json,160,7,False,3,7,3,6, ,-1e+18,0,0.0,0.0,1.9875776274063501,25,0.0,320,0,pathLen
train_0037,C:\Users\tao20\Desktop\Algorithm\AIPlayerDesktop\data\蔡扬的\train\train_0037.json,160,8,False,9,3,9,2, ,-1e+18,0,0.0,0.0,1.9875776274063501,31,0.0,320,0,pathLen
train_0037,C:\Users\tao20\Desktop\Algorithm\AIPlayerDesktop\data\蔡扬的\train\train_0037.json,160,9,False,13,9,13,8, ,-1e+18,0,0.0,0.0,1.9875776274063501,25,0.0,320,0,pathLen
train_0037,C:\Users\tao20\Desktop\Algorithm\AIPlayerDesktop\data\蔡扬的\train\train_0037.json,161,1,True,3,4,3,3, ,-10.363126056612213,0,1.345291479820628,0.0,1.9753086297820455,7,0.0,320,1,pathLen
train_0037,C:\Users\tao20\Desktop\Algorithm\AIPlayerDesktop\data\蔡扬的\train\train_0037.json,161,2,False,2,9,2,8, ,-33.03966912651009,0,1.345291479820628,0.0,1.9753086297820455,21,0.0,320,1,pathLen
train_0037,C:\Users\tao20\Desktop\Algorithm\AIPlayerDesktop\data\蔡扬的\train\train_0037.json,161,3,False,3,13,3,12,T,-47.453809635542285,-30,16.143497757847534,0.0,1.9753086297820455,18,0.0,290,12,pathLen
train_0037,C:\Users\tao20\Desktop\Algorithm\AIPlayerDesktop\data\蔡扬的\train\train_0037.json,161,4,False,13,7,13,6,T,-53.93282194122739,-30,16.143497757847534,0.0,1.9753086297820455,22,0.0,290,12,pathLen
train_0037,C:\Users\tao20\Desktop\Algorithm\AIPlayerDesktop\data\蔡扬的\train\train_0037.json,161,5,False,10,1,10,0,T,-68.51059962901888,-30,16.143497757847534,0.0,1.9753086297820455,31,0.0,290,12,pathLen
train_0037,C:\Users\tao20\Desktop\Algorithm\AIPlayerDesktop\data\蔡扬的\train\train_0037.json,161,6,False,1,3,1,2, ,-1e+18,0,0.0,0.0,1.9753086297820455,10,0.0,320,0,pathLen
train_0037,C:\Users\tao20\Desktop\Algorithm\AIPlayerDesktop\data\蔡扬的\train\train_0037.json,161,7,False,3,7,3,6, ,-1e+18,0,0.0,0.0,1.9753086297820455,24,0.0,320,0,pathLen
train_0037,C:\Users\tao20\Desktop\Algorithm\AIPlayerDesktop\data\蔡扬的\train\train_0037.json,161,8,False,9,3,9,2, ,-1e+18,0,0.0,0.0,1.9753086297820455,30,0.0,320,0,pathLen
train_0037,C:\Users\tao20\Desktop\Algorithm\AIPlayerDesktop\data\蔡扬的\train\train_0037.json,161,9,False,13,9,13,8, ,-1e+18,0,0.0,0.0,1.9753086297820455,24,0.0,320,0,pathLen
train_0037,C:\Users\tao20\Desktop\Algorithm\AIPlayerDesktop\data\蔡扬的\train\train_0037.json,162,1,True,3,4,3,3, ,-8.684866370737232,0,1.345291479820628,0.0,1.9631901720049683,6,0.0,320,1,pathLen
train_0037,C:\Users\tao20\Desktop\Algorithm\AIPlayerDesktop\data\蔡扬的\train\train_0037.json,162,2,False,2,9,2,8, ,-31.22228954535426,0,1.345291479820628,0.0,1.9631901720049683,20,0.0,320,1,pathLen
train_0037,C:\Users\tao20\Desktop\Algorithm\AIPlayerDesktop\data\蔡扬的\train\train_0037.json,162,3,False,3,13,3,12,T,-45.67851969142273,-30,16.143497757847534,0.0,1.9631901720049683,17,0.0,290,12,pathLen
train_0037,C:\Users\tao20\Desktop\Algorithm\AIPlayerDesktop\data\蔡扬的\train\train_0037.json,162,4,False,13,7,13,6,T,-52.117783455599024,-30,16.143497757847534,0.0,1.9631901720049683,21,0.0,290,12,pathLen
train_0037,C:\Users\tao20\Desktop\Algorithm\AIPlayerDesktop\data\蔡扬的\train\train_0037.json,162,5,False,10,1,10,0,T,-66.60612692499569,-30,16.143497757847534,0.0,1.9631901720049683,30,0.0,290,12,pathLen
train_0037,C:\Users\tao20\Desktop\Algorithm\AIPlayerDesktop\data\蔡扬的\train\train_0037.json,162,6,False,1,3,1,2, ,-1e+18,0,0.0,0.0,1.9631901720049683,9,0.0,320,0,pathLen
train_0037,C:\Users\tao20\Desktop\Algorithm\AIPlayerDesktop\data\蔡扬的\train\train_0037.json,162,7,False,3,7,3,6, ,-1e+18,0,0.0,0.0,1.9631901720049683,23,0.0,320,0,pathLen
train_0037,C:\Users\tao20\Desktop\Algorithm\AIPlayerDesktop\data\蔡扬的\train\train_0037.json,162,8,False,9,3,9,2, ,-1e+18,0,0.0,0.0,1.9631901720049683,29,0.0,320,0,pathLen
train_0037,C:\Users\tao20\Desktop\Algorithm\AIPlayerDesktop\data\蔡扬的\train\train_0037.json,162,9,False,13,9,13,8, ,-1e+18,0,0.0,0.0,1.9631901720049683,23,0.0,320,0,pathLen
train_0037,C:\Users\tao20\Desktop\Algorithm\AIPlayerDesktop\data\蔡扬的\train\train_0037.json,163,1,True,3,4,3,3, ,-7.026863637939913,0,1.345291479820628,0.0,1.9512195002974422,5,0.0,320,1,pathLen
train_0037,C:\Users\tao20\Desktop\Algorithm\AIPlayerDesktop\data\蔡扬的\train\train_0037.json,163,2,False,2,9,2,8, ,-29.426863501354546,0,1.345291479820628,0.0,1.9512195002974422,19,0.0,320,1,pathLen
train_0037,C:\Users\tao20\Desktop\Algorithm\AIPlayerDesktop\data\蔡扬的\train\train_0037.json,163,3,False,3,13,3,12,T,-43.922364084547254,-30,16.143497757847534,0.0,1.9512195002974422,16,0.0,290,12,pathLen
train_0037,C:\Users\tao20\Desktop\Algorithm\AIPlayerDesktop\data\蔡扬的\train\train_0037.json,163,4,False,13,7,13,6,T,-50.32236404552286,-30,16.143497757847534,0.0,1.9512195002974422,20,0.0,290,12,pathLen
train_0037,C:\Users\tao20\Desktop\Algorithm\AIPlayerDesktop\data\蔡扬的\train\train_0037.json,163,5,False,10,1,10,0,T,-64.72236395771799,-30,16.143497757847534,0.0,1.9512195002974422,29,0.0,290,12,pathLen
train_0037,C:\Users\tao20\Desktop\Algorithm\AIPlayerDesktop\data\蔡扬的\train\train_0037.json,163,6,False,1,3,1,2, ,-1e+18,0,0.0,0.0,1.9512195002974422,8,0.0,320,0,pathLen
train_0037,C:\Users\tao20\Desktop\Algorithm\AIPlayerDesktop\data\蔡扬的\train\train_0037.json,163,7,False,3,7,3,6, ,-1e+18,0,0.0,0.0,1.9512195002974422,22,0.0,320,0,pathLen
train_0037,C:\Users\tao20\Desktop\Algorithm\AIPlayerDesktop\data\蔡扬的\train\train_0037.json,163,8,False,9,3,9,2, ,-1e+18,0,0.0,0.0,1.9512195002974422,28,0.0,320,0,pathLen
train_0037,C:\Users\tao20\Desktop\Algorithm\AIPlayerDesktop\data\蔡扬的\train\train_0037.json,163,9,False,13,9,13,8, ,-1e+18,0,0.0,0.0,1.9512195002974422,22,0.0,320,0,pathLen
train_0037,C:\Users\tao20\Desktop\Algorithm\AIPlayerDesktop\data\蔡扬的\train\train_0037.json,164,1,True,3,4,3,3, ,-5.388790139177811,0,1.345291479820628,0.0,1.939393927640037,4,0.0,320,1,pathLen
train_0037,C:\Users\tao20\Desktop\Algorithm\AIPlayerDesktop\data\蔡扬的\train\train_0037.json,164,2,False,2,9,2,8, ,-27.65303242848543,0,1.345291479820628,0.0,1.939393927640037,18,0.0,320,1,pathLen
train_0037,C:\Users\tao20\Desktop\Algorithm\AIPlayerDesktop\data\蔡扬的\train\train_0037.json,164,3,False,3,13,3,12,T,-42.18548198819434,-30,16.143497757847534,0.0,1.939393927640037,15,0.0,290,12,deltaR
train_0037,C:\Users\tao20\Desktop\Algorithm\AIPlayerDesktop\data\蔡扬的\train\train_0037.json,164,4,False,13,7,13,6,T,-48.54669407085366,-30,16.143497757847534,0.0,1.939393927640037,19,0.0,290,12,pathLen
train_0037,C:\Users\tao20\Desktop\Algorithm\AIPlayerDesktop\data\蔡扬的\train\train_0037.json,164,5,False,10,1,10,0,T,-62.85942125683713,-30,16.143497757847534,0.0,1.939393927640037,28,0.0,290,12,pathLen
train_0037,C:\Users\tao20\Desktop\Algorithm\AIPlayerDesktop\data\蔡扬的\train\train_0037.json,164,6,False,1,3,1,2, ,-1e+18,0,0.0,0.0,1.939393927640037,7,0.0,320,0,pathLen
train_0037,C:\Users\tao20\Desktop\Algorithm\AIPlayerDesktop\data\蔡扬的\train\train_0037.json,164,7,False,3,7,3,6, ,-1e+18,0,0.0,0.0,1.939393927640037,21,0.0,320,0,pathLen
train_0037,C:\Users\tao20\Desktop\Algorithm\AIPlayerDesktop\data\蔡扬的\train\train_0037.json,164,8,False,9,3,9,2, ,-1e+18,0,0.0,0.0,1.939393927640037,27,0.0,320,0,pathLen
train_0037,C:\Users\tao20\Desktop\Algorithm\AIPlayerDesktop\data\蔡扬的\train\train_0037.json,164,9,False,13,9,13,8, ,-1e+18,0,0.0,0.0,1.939393927640037,21,0.0,320,0,pathLen
train_0037,C:\Users\tao20\Desktop\Algorithm\AIPlayerDesktop\data\蔡扬的\train\train_0037.json,165,1,True,3,4,3,3, ,-3.7703181984884764,0,1.345291479820628,0.0,1.927710831760778,3,0.0,320,1,pathLen
train_0037,C:\Users\tao20\Desktop\Algorithm\AIPlayerDesktop\data\蔡扬的\train\train_0037.json,165,2,False,2,9,2,8, ,-25.900438547102205,0,1.345291479820628,0.0,1.927710831760778,17,0.0,320,1,pathLen
train_0037,C:\Users\tao20\Desktop\Algorithm\AIPlayerDesktop\data\蔡扬的\train\train_0037.json,165,3,False,3,13,3,12,T,-40.467914976897276,-30,16.143497757847534,0.0,1.927710831760778,14,0.0,290,12,deltaR
train_0037,C:\Users\tao20\Desktop\Algorithm\AIPlayerDesktop\data\蔡扬的\train\train_0037.json,165,4,False,13,7,13,6,T,-46.79080650507263,-30,16.143497757847534,0.0,1.927710831760778,18,0.0,290,12,pathLen
train_0037,C:\Users\tao20\Desktop\Algorithm\AIPlayerDesktop\data\蔡扬的\train\train_0037.json,165,5,False,10,1,10,0,T,-61.01731244346717,-30,16.143497757847534,0.0,1.927710831760778,27,0.0,290,12,pathLen
train_0037,C:\Users\tao20\Desktop\Algorithm\AIPlayerDesktop\data\蔡扬的\train\train_0037.json,165,6,False,1,3,1,2, ,-1e+18,0,0.0,0.0,1.927710831760778,6,0.0,320,0,pathLen
train_0037,C:\Users\tao20\Desktop\Algorithm\AIPlayerDesktop\data\蔡扬的\train\train_0037.json,165,7,False,3,7,3,6, ,-1e+18,0,0.0,0.0,1.927710831760778,20,0.0,320,0,pathLen
train_0037,C:\Users\tao20\Desktop\Algorithm\AIPlayerDesktop\data\蔡扬的\train\train_0037.json,165,8,False,9,3,9,2, ,-1e+18,0,0.0,0.0,1.927710831760778,26,0.0,320,0,pathLen
train_0037,C:\Users\tao20\Desktop\Algorithm\AIPlayerDesktop\data\蔡扬的\train\train_0037.json,165,9,False,13,9,13,8, ,-1e+18,0,0.0,0.0,1.927710831760778,20,0.0,320,0,pathLen
train_0037,C:\Users\tao20\Desktop\Algorithm\AIPlayerDesktop\data\蔡扬的\train\train_0037.json,166,1,True,3,4,3,3, ,-2.1711217002701653,0,1.345291479820628,0.0,1.916167653196601,2,0.0,320,1,pathLen
train_0037,C:\Users\tao20\Desktop\Algorithm\AIPlayerDesktop\data\蔡扬的\train\train_0037.json,166,2,False,2,9,2,8, ,-27.31124131020957,0,1.345291479820628,0.0,1.916167653196601,18,0.0,320,1,pathLen
train_0037,C:\Users\tao20\Desktop\Algorithm\AIPlayerDesktop\data\蔡扬的\train\train_0037.json,166,3,False,3,13,3,12,T,-41.912143122651074,-30,16.143497757847534,0.0,1.916167653196601,15,0.0,290,12,deltaR
train_0037,C:\Users\tao20\Desktop\Algorithm\AIPlayerDesktop\data\蔡扬的\train\train_0037.json,166,4,False,13,7,13,6,T,-48.197173025135925,-30,16.143497757847534,0.0,1.916167653196601,19,0.0,290,12,pathLen
train_0037,C:\Users\tao20\Desktop\Algorithm\AIPlayerDesktop\data\蔡扬的\train\train_0037.json,166,5,False,10,1,10,0,T,-62.338490305726836,-30,16.143497757847534,0.0,1.916167653196601,28,0.0,290,12,pathLen
train_0037,C:\Users\tao20\Desktop\Algorithm\AIPlayerDesktop\data\蔡扬的\train\train_0037.json,166,6,False,1,3,1,2, ,-1e+18,0,0.0,0.0,1.916167653196601,5,0.0,320,0,pathLen
train_0037,C:\Users\tao20\Desktop\Algorithm\AIPlayerDesktop\data\蔡扬的\train\train_0037.json,166,7,False,3,7,3,6, ,-1e+18,0,0.0,0.0,1.916167653196601,21,0.0,320,0,pathLen
train_0037,C:\Users\tao20\Desktop\Algorithm\AIPlayerDesktop\data\蔡扬的\train\train_0037.json,166,8,False,9,3,9,2, ,-1e+18,0,0.0,0.0,1.916167653196601,27,0.0,320,0,pathLen
train_0037,C:\Users\tao20\Desktop\Algorithm\AIPlayerDesktop\data\蔡扬的\train\train_0037.json,166,9,False,13,9,13,8, ,-1e+18,0,0.0,0.0,1.916167653196601,21,0.0,320,0,pathLen
train_0037,C:\Users\tao20\Desktop\Algorithm\AIPlayerDesktop\data\蔡扬的\train\train_0037.json,167,1,True,3,4,3,3, ,-0.5908772589720713,0,1.345291479820628,0.0,1.9047618934240365,1,0.0,320,1,pathLen
train_0037,C:\Users\tao20\Desktop\Algorithm\AIPlayerDesktop\data\蔡扬的\train\train_0037.json,167,2,False,2,9,2,8, ,-28.70516280591085,0,1.345291479820628,0.0,1.9047618934240365,19,0.0,320,1,pathLen
train_0037,C:\Users\tao20\Desktop\Algorithm\AIPlayerDesktop\data\蔡扬的\train\train_0037.json,167,3,False,3,13,3,12,T,-43.33814611809569,-30,16.143497757847534,0.0,1.9047618934240365,16,0.0,290,12,pathLen
train_0037,C:\Users\tao20\Desktop\Algorithm\AIPlayerDesktop\data\蔡扬的\train\train_0037.json,167,4,False,13,7,13,6,T,-49.58576512852653,-30,16.143497757847534,0.0,1.9047618934240365,20,0.0,290,12,pathLen
train_0037,C:\Users\tao20\Desktop\Algorithm\AIPlayerDesktop\data\蔡扬的\train\train_0037.json,167,5,False,10,1,10,0,T,-63.642907901995926,-30,16.143497757847534,0.0,1.9047618934240365,29,0.0,290,12,pathLen
train_0037,C:\Users\tao20\Desktop\Algorithm\AIPlayerDesktop\data\蔡扬的\train\train_0037.json,167,6,False,1,3,1,2, ,-1e+18,0,0.0,0.0,1.9047618934240365,4,0.0,320,0,pathLen
train_0037,C:\Users\tao20\Desktop\Algorithm\AIPlayerDesktop\data\蔡扬的\train\train_0037.json,167,7,False,3,7,3,6, ,-1e+18,0,0.0,0.0,1.9047618934240365,22,0.0,320,0,pathLen
train_0037,C:\Users\tao20\Desktop\Algorithm\AIPlayerDesktop\data\蔡扬的\train\train_0037.json,167,8,False,9,3,9,2, ,-1e+18,0,0.0,0.0,1.9047618934240365,28,0.0,320,0,pathLen
train_0037,C:\Users\tao20\Desktop\Algorithm\AIPlayerDesktop\data\蔡扬的\train\train_0037.json,167,9,False,13,9,13,8, ,-1e+18,0,0.0,0.0,1.9047618934240365,22,0.0,320,0,pathLen
train_0037,C:\Users\tao20\Desktop\Algorithm\AIPlayerDesktop\data\蔡扬的\train\train_0037.json,168,1,True,3,3,3,2,G,48.44733728729386,50,0.0,0.0,1.8934911130562657,1,0.0,370,0,deltaR
train_0037,C:\Users\tao20\Desktop\Algorithm\AIPlayerDesktop\data\蔡扬的\train\train_0037.json,168,2,False,1,3,1,2, ,1.0224007221835976,0,0.0,7.142857142857143,1.8934911130562657,5,0.0,320,0,pathLen
train_0037,C:\Users\tao20\Desktop\Algorithm\AIPlayerDesktop\data\蔡扬的\train\train_0037.json,168,3,False,2,9,2,8, ,-27.09809110049553,0,1.6071428571428572,2.272727272727273,1.8934911130562657,20,0.0,320,1,pathLen
train_0037,C:\Users\tao20\Desktop\Algorithm\AIPlayerDesktop\data\蔡扬的\train\train_0037.json,168,4,False,3,7,3,6, ,-33.25124239224117,0,0.0,2.0,1.8934911130562657,23,0.0,320,0,pathLen
train_0037,C:\Users\tao20\Desktop\Algorithm\AIPlayerDesktop\data\蔡扬的\train\train_0037.json,168,5,False,13,9,13,8, ,-33.25124239224117,0,0.0,2.0,1.8934911130562657,23,0.0,320,0,pathLen
train_0037,C:\Users\tao20\Desktop\Algorithm\AIPlayerDesktop\data\蔡扬的\train\train_0037.json,168,6,False,3,13,3,12,T,-39.24192071266905,-30,19.28571428571429,2.6315789473684212,1.8934911130562657,17,0.0,290,12,pathLen
train_0037,C:\Users\tao20\Desktop\Algorithm\AIPlayerDesktop\data\蔡扬的\train\train_0037.json,168,7,False,9,3,9,2, ,-43.043347700736064,0,0.0,1.6129032258064515,1.8934911130562657,29,0.0,320,0,pathLen
train_0037,C:\Users\tao20\Desktop\Algorithm\AIPlayerDesktop\data\蔡扬的\train\train_0037.json,168,8,False,13,7,13,6,T,-46.01550062527849,-30,19.28571428571429,2.1739130434782608,1.8934911130562657,21,0.0,290,12,pathLen
train_0037,C:\Users\tao20\Desktop\Algorithm\AIPlayerDesktop\data\蔡扬的\train\train_0037.json,168,9,False,10,1,10,0,T,-60.741503083112,-30,19.28571428571429,1.5625,1.8934911130562657,30,0.0,290,12,pathLen
train_0037,C:\Users\tao20\Desktop\Algorithm\AIPlayerDesktop\data\蔡扬的\train\train_0037.json,169,1,True,2,9,2,8, ,-36.3193726617262,0,1.6071428571428572,0.0,2.176470575432526,21,0.0,370,1,pathLen
train_0037,C:\Users\tao20\Desktop\Algorithm\AIPlayerDesktop\data\蔡扬的\train\train_0037.json,169,2,False,3,13,3,12,T,-48.21129792672125,-30,19.28571428571429,0.0,2.176470575432526,18,0.0,340,12,pathLen
train_0037,C:\Users\tao20\Desktop\Algorithm\AIPlayerDesktop\data\蔡扬的\train\train_0037.json,169,3,False,13,7,13,6,T,-55.350121414139934,-30,19.28571428571429,0.0,2.176470575432526,22,0.0,340,12,pathLen
train_0037,C:\Users\tao20\Desktop\Algorithm\AIPlayerDesktop\data\蔡扬的\train\train_0037.json,169,4,False,10,1,10,0,T,-71.41247426083197,-30,19.28571428571429,0.0,2.176470575432526,31,0.0,340,12,pathLen
train_0037,C:\Users\tao20\Desktop\Algorithm\AIPlayerDesktop\data\蔡扬的\train\train_0037.json,169,5,False,1,3,1,2, ,-1e+18,0,0.0,0.0,2.176470575432526,6,0.0,370,0,pathLen
train_0037,C:\Users\tao20\Desktop\Algorithm\AIPlayerDesktop\data\蔡扬的\train\train_0037.json,169,6,False,3,7,3,6, ,-1e+18,0,0.0,0.0,2.176470575432526,24,0.0,370,0,pathLen
train_0037,C:\Users\tao20\Desktop\Algorithm\AIPlayerDesktop\data\蔡扬的\train\train_0037.json,169,7,False,9,3,9,2, ,-1e+18,0,0.0,0.0,2.176470575432526,30,0.0,370,0,pathLen
train_0037,C:\Users\tao20\Desktop\Algorithm\AIPlayerDesktop\data\蔡扬的\train\train_0037.json,169,8,False,13,9,13,8, ,-1e+18,0,0.0,0.0,2.176470575432526,24,0.0,370,0,pathLen
train_0037,C:\Users\tao20\Desktop\Algorithm\AIPlayerDesktop\data\蔡扬的\train\train_0037.json,170,1,True,2,9,2,8, ,-34.326135630980936,0,1.6071428571428572,0.0,2.1637426774050135,20,0.0,370,1,pathLen
train_0037,C:\Users\tao20\Desktop\Algorithm\AIPlayerDesktop\data\蔡扬的\train\train_0037.json,170,2,False,3,13,3,12,T,-46.25164158149049,-30,19.28571428571429,0.0,2.1637426774050135,17,0.0,340,12,pathLen
train_0037,C:\Users\tao20\Desktop\Algorithm\AIPlayerDesktop\data\蔡扬的\train\train_0037.json,170,3,False,13,7,13,6,T,-53.34871756337893,-30,19.28571428571429,0.0,2.1637426774050135,21,0.0,340,12,pathLen
train_0037,C:\Users\tao20\Desktop\Algorithm\AIPlayerDesktop\data\蔡扬的\train\train_0037.json,170,4,False,10,1,10,0,T,-69.31713852262794,-30,19.28571428571429,0.0,2.1637426774050135,30,0.0,340,12,pathLen
train_0037,C:\Users\tao20\Desktop\Algorithm\AIPlayerDesktop\data\蔡扬的\train\train_0037.json,170,5,False,1,3,1,2, ,-1e+18,0,0.0,0.0,2.1637426774050135,5,0.0,370,0,pathLen
train_0037,C:\Users\tao20\Desktop\Algorithm\AIPlayerDesktop\data\蔡扬的\train\train_0037.json,170,6,False,3,7,3,6, ,-1e+18,0,0.0,0.0,2.1637426774050135,23,0.0,370,0,pathLen
train_0037,C:\Users\tao20\Desktop\Algorithm\AIPlayerDesktop\data\蔡扬的\train\train_0037.json,170,7,False,9,3,9,2, ,-1e+18,0,0.0,0.0,2.1637426774050135,29,0.0,370,0,pathLen
train_0037,C:\Users\tao20\Desktop\Algorithm\AIPlayerDesktop\data\蔡扬的\train\train_0037.json,170,8,False,13,9,13,8, ,-1e+18,0,0.0,0.0,2.1637426774050135,23,0.0,370,0,pathLen
train_0037,C:\Users\tao20\Desktop\Algorithm\AIPlayerDesktop\data\蔡扬的\train\train_0037.json,171,1,True,2,9,2,8, ,-32.35603690076165,0,1.6071428571428572,0.0,2.151162778190914,19,0.0,370,1,pathLen
train_0037,C:\Users\tao20\Desktop\Algorithm\AIPlayerDesktop\data\蔡扬的\train\train_0037.json,171,2,False,3,13,3,12,T,-44.31430544843135,-30,19.28571428571429,0.0,2.151162778190914,16,0.0,340,12,pathLen
train_0037,C:\Users\tao20\Desktop\Algorithm\AIPlayerDesktop\data\蔡扬的\train\train_0037.json,171,3,False,13,7,13,6,T,-51.37011936089755,-30,19.28571428571429,0.0,2.151162778190914,20,0.0,340,12,pathLen
train_0037,C:\Users\tao20\Desktop\Algorithm\AIPlayerDesktop\data\蔡扬的\train\train_0037.json,171,4,False,10,1,10,0,T,-67.2457006639465,-30,19.28571428571429,0.0,2.151162778190914,29,0.0,340,12,pathLen
train_0037,C:\Users\tao20\Desktop\Algorithm\AIPlayerDesktop\data\蔡扬的\train\train_0037.json,171,5,False,1,3,1,2, ,-1e+18,0,0.0,0.0,2.151162778190914,4,0.0,370,0,pathLen
train_0037,C:\Users\tao20\Desktop\Algorithm\AIPlayerDesktop\data\蔡扬的\train\train_0037.json,171,6,False,3,7,3,6, ,-1e+18,0,0.0,0.0,2.151162778190914,22,0.0,370,0,pathLen
train_0037,C:\Users\tao20\Desktop\Algorithm\AIPlayerDesktop\data\蔡扬的\train\train_0037.json,171,7,False,9,3,9,2, ,-1e+18,0,0.0,0.0,2.151162778190914,28,0.0,370,0,pathLen
train_0037,C:\Users\tao20\Desktop\Algorithm\AIPlayerDesktop\data\蔡扬的\train\train_0037.json,171,8,False,13,9,13,8, ,-1e+18,0,0.0,0.0,2.151162778190914,22,0.0,370,0,pathLen
train_0037,C:\Users\tao20\Desktop\Algorithm\AIPlayerDesktop\data\蔡扬的\train\train_0037.json,172,1,True,2,9,2,8, ,-30.408682767885626,0,1.6071428571428572,0.0,2.1387283113368305,18,0.0,370,1,pathLen
train_0037,C:\Users\tao20\Desktop\Algorithm\AIPlayerDesktop\data\蔡扬的\train\train_0037.json,172,2,False,3,13,3,12,T,-42.398992940091134,-30,19.28571428571429,0.0,2.1387283113368305,15,0.0,340,12,pathLen
train_0037,C:\Users\tao20\Desktop\Algorithm\AIPlayerDesktop\data\蔡扬的\train\train_0037.json,172,3,False,13,7,13,6,T,-49.414021801275936,-30,19.28571428571429,0.0,2.1387283113368305,19,0.0,340,12,pathLen
train_0037,C:\Users\tao20\Desktop\Algorithm\AIPlayerDesktop\data\蔡扬的\train\train_0037.json,172,4,False,10,1,10,0,T,-65.19783673894175,-30,19.28571428571429,0.0,2.1387283113368305,28,0.0,340,12,pathLen
train_0037,C:\Users\tao20\Desktop\Algorithm\AIPlayerDesktop\data\蔡扬的\train\train_0037.json,172,5,False,1,3,1,2, ,-1e+18,0,0.0,0.0,2.1387283113368305,5,0.0,370,0,pathLen
train_0037,C:\Users\tao20\Desktop\Algorithm\AIPlayerDesktop\data\蔡扬的\train\train_0037.json,172,6,False,3,7,3,6, ,-1e+18,0,0.0,0.0,2.1387283113368305,21,0.0,370,0,pathLen
train_0037,C:\Users\tao20\Desktop\Algorithm\AIPlayerDesktop\data\蔡扬的\train\train_0037.json,172,7,False,9,3,9,2, ,-1e+18,0,0.0,0.0,2.1387283113368305,27,0.0,370,0,pathLen
train_0037,C:\Users\tao20\Desktop\Algorithm\AIPlayerDesktop\data\蔡扬的\train\train_0037.json,172,8,False,13,9,13,8, ,-1e+18,0,0.0,0.0,2.1387283113368305,21,0.0,370,0,pathLen
train_0037,C:\Users\tao20\Desktop\Algorithm\AIPlayerDesktop\data\蔡扬的\train\train_0037.json,173,1,True,2,9,2,8, ,-28.483687118632268,0,1.6071428571428572,0.0,2.1264367693882944,17,0.0,370,1,pathLen
train_0037,C:\Users\tao20\Desktop\Algorithm\AIPlayerDesktop\data\蔡扬的\train\train_0037.json,173,2,False,3,13,3,12,T,-40.50539675289099,-30,19.28571428571429,0.0,2.1264367693882944,14,0.0,340,12,deltaR
train_0037,C:\Users\tao20\Desktop\Algorithm\AIPlayerDesktop\data\蔡扬的\train\train_0037.json,173,3,False,13,7,13,6,T,-47.48010935648459,-30,19.28571428571429,0.0,2.1264367693882944,18,0.0,340,12,pathLen
train_0037,C:\Users\tao20\Desktop\Algorithm\AIPlayerDesktop\data\蔡扬的\train\train_0037.json,173,4,False,10,1,10,0,T,-63.1732127145702,-30,19.28571428571429,0.0,2.1264367693882944,27,0.0,340,12,pathLen
train_0037,C:\Users\tao20\Desktop\Algorithm\AIPlayerDesktop\data\蔡扬的\train\train_0037.json,173,5,False,1,3,1,2, ,-1e+18,0,0.0,0.0,2.1264367693882944,6,0.0,370,0,pathLen
train_0037,C:\Users\tao20\Desktop\Algorithm\AIPlayerDesktop\data\蔡扬的\train\train_0037.json,173,6,False,3,7,3,6, ,-1e+18,0,0.0,0.0,2.1264367693882944,20,0.0,370,0,pathLen
train_0037,C:\Users\tao20\Desktop\Algorithm\AIPlayerDesktop\data\蔡扬的\train\train_0037.json,173,7,False,9,3,9,2, ,-1e+18,0,0.0,0.0,2.1264367693882944,26,0.0,370,0,pathLen
train_0037,C:\Users\tao20\Desktop\Algorithm\AIPlayerDesktop\data\蔡扬的\train\train_0037.json,173,8,False,13,9,13,8, ,-1e+18,0,0.0,0.0,2.1264367693882944,20,0.0,370,0,pathLen
train_0037,C:\Users\tao20\Desktop\Algorithm\AIPlayerDesktop\data\蔡扬的\train\train_0037.json,174,1,True,2,9,2,8, ,-26.580671494921347,0,1.6071428571428572,0.0,2.1142857022040817,16,0.0,370,1,pathLen
train_0037,C:\Users\tao20\Desktop\Algorithm\AIPlayerDesktop\data\蔡扬的\train\train_0037.json,174,2,False,3,13,3,12,T,-38.633202569541076,-30,19.28571428571429,0.0,2.1142857022040817,13,0.0,340,12,deltaR
train_0037,C:\Users\tao20\Desktop\Algorithm\AIPlayerDesktop\data\蔡扬的\train\train_0037.json,174,3,False,13,7,13,6,T,-45.56805967277046,-30,19.28571428571429,0.0,2.1142857022040817,17,0.0,340,12,pathLen
train_0037,C:\Users\tao20\Desktop\Algorithm\AIPlayerDesktop\data\蔡扬的\train\train_0037.json,174,4,False,10,1,10,0,T,-61.171488155036585,-30,19.28571428571429,0.0,2.1142857022040817,26,0.0,340,12,pathLen
train_0037,C:\Users\tao20\Desktop\Algorithm\AIPlayerDesktop\data\蔡扬的\train\train_0037.json,174,5,False,1,3,1,2, ,-1e+18,0,0.0,0.0,2.1142857022040817,7,0.0,370,0,pathLen
train_0037,C:\Users\tao20\Desktop\Algorithm\AIPlayerDesktop\data\蔡扬的\train\train_0037.json,174,6,False,3,7,3,6, ,-1e+18,0,0.0,0.0,2.1142857022040817,19,0.0,370,0,pathLen
train_0037,C:\Users\tao20\Desktop\Algorithm\AIPlayerDesktop\data\蔡扬的\train\train_0037.json,174,7,False,9,3,9,2, ,-1e+18,0,0.0,0.0,2.1142857022040817,25,0.0,370,0,pathLen
train_0037,C:\Users\tao20\Desktop\Algorithm\AIPlayerDesktop\data\蔡扬的\train\train_0037.json,174,8,False,13,9,13,8, ,-1e+18,0,0.0,0.0,2.1142857022040817,19,0.0,370,0,pathLen
train_0037,C:\Users\tao20\Desktop\Algorithm\AIPlayerDesktop\data\蔡扬的\train\train_0037.json,175,1,True,2,9,2,8, ,-24.699265103453627,0,1.6071428571428572,0.0,2.102272715327996,15,0.0,370,1,pathLen
train_0037,C:\Users\tao20\Desktop\Algorithm\AIPlayerDesktop\data\蔡扬的\train\train_0037.json,175,2,False,3,13,3,12,T,-36.7820919778588,-30,19.28571428571429,0.0,2.102272715327996,12,0.0,340,12,deltaR
train_0037,C:\Users\tao20\Desktop\Algorithm\AIPlayerDesktop\data\蔡扬的\train\train_0037.json,175,3,False,13,7,13,6,T,-43.67754648413462,-30,19.28571428571429,0.0,2.102272715327996,16,0.0,340,12,pathLen
train_0037,C:\Users\tao20\Desktop\Algorithm\AIPlayerDesktop\data\蔡扬的\train\train_0037.json,175,4,False,10,1,10,0,T,-59.19231912325524,-30,19.28571428571429,0.0,2.102272715327996,25,0.0,340,12,pathLen
train_0037,C:\Users\tao20\Desktop\Algorithm\AIPlayerDesktop\data\蔡扬的\train\train_0037.json,175,5,False,1,3,1,2, ,-1e+18,0,0.0,0.0,2.102272715327996,8,0.0,370,0,pathLen
train_0037,C:\Users\tao20\Desktop\Algorithm\AIPlayerDesktop\data\蔡扬的\train\train_0037.json,175,6,False,3,7,3,6, ,-1e+18,0,0.0,0.0,2.102272715327996,18,0.0,370,0,pathLen
train_0037,C:\Users\tao20\Desktop\Algorithm\AIPlayerDesktop\data\蔡扬的\train\train_0037.json,175,7,False,9,3,9,2, ,-1e+18,0,0.0,0.0,2.102272715327996,24,0.0,370,0,pathLen
train_0037,C:\Users\tao20\Desktop\Algorithm\AIPlayerDesktop\data\蔡扬的\train\train_0037.json,175,8,False,13,9,13,8, ,-1e+18,0,0.0,0.0,2.102272715327996,18,0.0,370,0,pathLen
train_0037,C:\Users\tao20\Desktop\Algorithm\AIPlayerDesktop\data\蔡扬的\train\train_0037.json,176,1,True,2,9,2,8, ,-22.839104780665558,0,1.6071428571428572,0.0,2.090395468415845,14,0.0,370,1,pathLen
train_0037,C:\Users\tao20\Desktop\Algorithm\AIPlayerDesktop\data\蔡扬的\train\train_0037.json,176,2,False,3,13,3,12,T,-34.95174476413085,-30,19.28571428571429,0.0,2.090395468415845,11,0.0,340,12,deltaR
train_0037,C:\Users\tao20\Desktop\Algorithm\AIPlayerDesktop\data\蔡扬的\train\train_0037.json,176,3,False,13,7,13,6,T,-41.808241900534824,-30,19.28571428571429,0.0,2.090395468415845,15,0.0,340,12,pathLen
train_0037,C:\Users\tao20\Desktop\Algorithm\AIPlayerDesktop\data\蔡扬的\train\train_0037.json,176,4,False,10,1,10,0,T,-57.23536045744376,-30,19.28571428571429,0.0,2.090395468415845,24,0.0,340,12,pathLen
train_0037,C:\Users\tao20\Desktop\Algorithm\AIPlayerDesktop\data\蔡扬的\train\train_0037.json,176,5,False,1,3,1,2, ,-1e+18,0,0.0,0.0,2.090395468415845,9,0.0,370,0,pathLen
train_0037,C:\Users\tao20\Desktop\Algorithm\AIPlayerDesktop\data\蔡扬的\train\train_0037.json,176,6,False,3,7,3,6, ,-1e+18,0,0.0,0.0,2.090395468415845,17,0.0,370,0,pathLen
train_0037,C:\Users\tao20\Desktop\Algorithm\AIPlayerDesktop\data\蔡扬的\train\train_0037.json,176,7,False,9,3,9,2, ,-1e+18,0,0.0,0.0,2.090395468415845,23,0.0,370,0,pathLen
train_0037,C:\Users\tao20\Desktop\Algorithm\AIPlayerDesktop\data\蔡扬的\train\train_0037.json,176,8,False,13,9,13,8, ,-1e+18,0,0.0,0.0,2.090395468415845,17,0.0,370,0,pathLen
train_0037,C:\Users\tao20\Desktop\Algorithm\AIPlayerDesktop\data\蔡扬的\train\train_0037.json,177,1,True,2,9,2,8, ,-20.99983492372416,0,1.6071428571428572,0.0,2.07865167371544,13,0.0,370,1,pathLen
train_0037,C:\Users\tao20\Desktop\Algorithm\AIPlayerDesktop\data\蔡扬的\train\train_0037.json,177,2,False,3,13,3,12,T,-33.14184070747743,-30,19.28571428571429,0.0,2.07865167371544,10,0.0,340,12,deltaR
train_0037,C:\Users\tao20\Desktop\Algorithm\AIPlayerDesktop\data\蔡扬的\train\train_0037.json,177,3,False,13,7,13,6,T,-39.95981819726407,-30,19.28571428571429,0.0,2.07865167371544,14,0.0,340,12,deltaR
train_0037,C:\Users\tao20\Desktop\Algorithm\AIPlayerDesktop\data\蔡扬的\train\train_0037.json,177,4,False,10,1,10,0,T,-55.300267549284015,-30,19.28571428571429,0.0,2.07865167371544,23,0.0,340,12,pathLen
train_0037,C:\Users\tao20\Desktop\Algorithm\AIPlayerDesktop\data\蔡扬的\train\train_0037.json,177,5,False,1,3,1,2, ,-1e+18,0,0.0,0.0,2.07865167371544,10,0.0,370,0,pathLen
train_0037,C:\Users\tao20\Desktop\Algorithm\AIPlayerDesktop\data\蔡扬的\train\train_0037.json,177,6,False,3,7,3,6, ,-1e+18,0,0.0,0.0,2.07865167371544,16,0.0,370,0,pathLen
train_0037,C:\Users\tao20\Desktop\Algorithm\AIPlayerDesktop\data\蔡扬的\train\train_0037.json,177,7,False,9,3,9,2, ,-1e+18,0,0.0,0.0,2.07865167371544,22,0.0,370,0,pathLen
train_0037,C:\Users\tao20\Desktop\Algorithm\AIPlayerDesktop\data\蔡扬的\train\train_0037.json,177,8,False,13,9,13,8, ,-1e+18,0,0.0,0.0,2.07865167371544,16,0.0,370,0,pathLen
train_0037,C:\Users\tao20\Desktop\Algorithm\AIPlayerDesktop\data\蔡扬的\train\train_0037.json,178,1,True,2,9,2,8, ,-19.181107395690155,0,1.6071428571428572,0.0,2.067039094597547,12,0.0,370,1,pathLen
train_0037,C:\Users\tao20\Desktop\Algorithm\AIPlayerDesktop\data\蔡扬的\train\train_0037.json,178,2,False,3,13,3,12,T,-31.35206097633342,-30,19.28571428571429,0.0,2.067039094597547,9,0.0,340,12,deltaR
train_0037,C:\Users\tao20\Desktop\Algorithm\AIPlayerDesktop\data\蔡扬的\train\train_0037.json,178,3,False,13,7,13,6,T,-38.13194920661337,-30,19.28571428571429,0.0,2.067039094597547,13,0.0,340,12,deltaR
train_0037,C:\Users\tao20\Desktop\Algorithm\AIPlayerDesktop\data\蔡扬的\train\train_0037.json,178,4,False,10,1,10,0,T,-53.38669772474327,-30,19.28571428571429,0.0,2.067039094597547,22,0.0,340,12,pathLen
train_0037,C:\Users\tao20\Desktop\Algorithm\AIPlayerDesktop\data\蔡扬的\train\train_0037.json,178,5,False,1,3,1,2, ,-1e+18,0,0.0,0.0,2.067039094597547,11,0.0,370,0,pathLen
train_0037,C:\Users\tao20\Desktop\Algorithm\AIPlayerDesktop\data\蔡扬的\train\train_0037.json,178,6,False,3,7,3,6, ,-1e+18,0,0.0,0.0,2.067039094597547,15,0.0,370,0,pathLen
train_0037,C:\Users\tao20\Desktop\Algorithm\AIPlayerDesktop\data\蔡扬的\train\train_0037.json,178,7,False,9,3,9,2, ,-1e+18,0,0.0,0.0,2.067039094597547,21,0.0,370,0,pathLen
train_0037,C:\Users\tao20\Desktop\Algorithm\AIPlayerDesktop\data\蔡扬的\train\train_0037.json,178,8,False,13,9,13,8, ,-1e+18,0,0.0,0.0,2.067039094597547,15,0.0,370,0,pathLen
train_0037,C:\Users\tao20\Desktop\Algorithm\AIPlayerDesktop\data\蔡扬的\train\train_0037.json,179,1,True,2,9,2,8, ,-17.382581411301413,0,1.6071428571428572,0.0,2.0555555441358027,11,0.0,370,1,pathLen
train_0037,C:\Users\tao20\Desktop\Algorithm\AIPlayerDesktop\data\蔡扬的\train\train_0037.json,179,2,False,3,13,3,12,T,-29.582089207888558,-30,19.28571428571429,0.0,2.0555555441358027,8,0.0,340,12,deltaR
train_0037,C:\Users\tao20\Desktop\Algorithm\AIPlayerDesktop\data\蔡扬的\train\train_0037.json,179,3,False,13,7,13,6,T,-36.324311392653996,-30,19.28571428571429,0.0,2.0555555441358027,12,0.0,340,12,deltaR
train_0037,C:\Users\tao20\Desktop\Algorithm\AIPlayerDesktop\data\蔡扬的\train\train_0037.json,179,4,False,10,1,10,0,T,-51.49431130837621,-30,19.28571428571429,0.0,2.0555555441358027,21,0.0,340,12,pathLen
train_0037,C:\Users\tao20\Desktop\Algorithm\AIPlayerDesktop\data\蔡扬的\train\train_0037.json,179,5,False,1,3,1,2, ,-1e+18,0,0.0,0.0,2.0555555441358027,12,0.0,370,0,pathLen
train_0037,C:\Users\tao20\Desktop\Algorithm\AIPlayerDesktop\data\蔡扬的\train\train_0037.json,179,6,False,3,7,3,6, ,-1e+18,0,0.0,0.0,2.0555555441358027,14,0.0,370,0,pathLen
train_0037,C:\Users\tao20\Desktop\Algorithm\AIPlayerDesktop\data\蔡扬的\train\train_0037.json,179,7,False,9,3,9,2, ,-1e+18,0,0.0,0.0,2.0555555441358027,20,0.0,370,0,pathLen
train_0037,C:\Users\tao20\Desktop\Algorithm\AIPlayerDesktop\data\蔡扬的\train\train_0037.json,179,8,False,13,9,13,8, ,-1e+18,0,0.0,0.0,2.0555555441358027,14,0.0,370,0,pathLen
train_0037,C:\Users\tao20\Desktop\Algorithm\AIPlayerDesktop\data\蔡扬的\train\train_0037.json,180,1,True,2,9,2,8, ,-15.603923408489823,0,1.6071428571428572,0.0,2.0441988837337077,10,0.0,370,1,pathLen
train_0037,C:\Users\tao20\Desktop\Algorithm\AIPlayerDesktop\data\蔡扬的\train\train_0037.json,180,2,False,3,13,3,12,T,-27.83161233511251,-30,19.28571428571429,0.0,2.0441988837337077,7,0.0,340,12,deltaR
train_0037,C:\Users\tao20\Desktop\Algorithm\AIPlayerDesktop\data\蔡扬的\train\train_0037.json,180,3,False,13,7,13,6,T,-34.536584673759066,-30,19.28571428571429,0.0,2.0441988837337077,11,0.0,340,12,deltaR
train_0037,C:\Users\tao20\Desktop\Algorithm\AIPlayerDesktop\data\蔡扬的\train\train_0037.json,180,4,False,10,1,10,0,T,-49.622772435713834,-30,19.28571428571429,0.0,2.0441988837337077,20,0.0,340,12,pathLen
train_0037,C:\Users\tao20\Desktop\Algorithm\AIPlayerDesktop\data\蔡扬的\train\train_0037.json,180,5,False,1,3,1,2, ,-1e+18,0,0.0,0.0,2.0441988837337077,13,0.0,370,0,pathLen
train_0037,C:\Users\tao20\Desktop\Algorithm\AIPlayerDesktop\data\蔡扬的\train\train_0037.json,180,6,False,3,7,3,6, ,-1e+18,0,0.0,0.0,2.0441988837337077,13,0.0,370,0,pathLen
train_0037,C:\Users\tao20\Desktop\Algorithm\AIPlayerDesktop\data\蔡扬的\train\train_0037.json,180,7,False,9,3,9,2, ,-1e+18,0,0.0,0.0,2.0441988837337077,19,0.0,370,0,pathLen
train_0037,C:\Users\tao20\Desktop\Algorithm\AIPlayerDesktop\data\蔡扬的\train\train_0037.json,180,8,False,13,9,13,8, ,-1e+18,0,0.0,0.0,2.0441988837337077,13,0.0,370,0,pathLen
train_0037,C:\Users\tao20\Desktop\Algorithm\AIPlayerDesktop\data\蔡扬的\train\train_0037.json,181,1,True,2,9,2,8, ,-13.844806909675981,0,1.6071428571428572,0.0,2.0329670217968845,9,0.0,370,1,pathLen
train_0037,C:\Users\tao20\Desktop\Algorithm\AIPlayerDesktop\data\蔡扬的\train\train_0037.json,181,2,False,3,13,3,12,T,-26.100321213020365,-30,19.28571428571429,0.0,2.0329670217968845,6,0.0,340,12,deltaR
train_0037,C:\Users\tao20\Desktop\Algorithm\AIPlayerDesktop\data\蔡扬的\train\train_0037.json,181,3,False,13,7,13,6,T,-32.768453044514146,-30,19.28571428571429,0.0,2.0329670217968845,10,0.0,340,12,deltaR
train_0037,C:\Users\tao20\Desktop\Algorithm\AIPlayerDesktop\data\蔡扬的\train\train_0037.json,181,4,False,10,1,10,0,T,-47.771749665375154,-30,19.28571428571429,0.0,2.0329670217968845,19,0.0,340,12,pathLen
train_0037,C:\Users\tao20\Desktop\Algorithm\AIPlayerDesktop\data\蔡扬的\train\train_0037.json,181,5,False,1,3,1,2, ,-1e+18,0,0.0,0.0,2.0329670217968845,14,0.0,370,0,pathLen
train_0037,C:\Users\tao20\Desktop\Algorithm\AIPlayerDesktop\data\蔡扬的\train\train_0037.json,181,6,False,3,7,3,6, ,-1e+18,0,0.0,0.0,2.0329670217968845,12,0.0,370,0,pathLen
train_0037,C:\Users\tao20\Desktop\Algorithm\AIPlayerDesktop\data\蔡扬的\train\train_0037.json,181,7,False,9,3,9,2, ,-1e+18,0,0.0,0.0,2.0329670217968845,18,0.0,370,0,pathLen
train_0037,C:\Users\tao20\Desktop\Algorithm\AIPlayerDesktop\data\蔡扬的\train\train_0037.json,181,8,False,13,9,13,8, ,-1e+18,0,0.0,0.0,2.0329670217968845,12,0.0,370,0,pathLen
train_0037,C:\Users\tao20\Desktop\Algorithm\AIPlayerDesktop\data\蔡扬的\train\train_0037.json,182,1,True,2,9,2,8, ,-12.104912376032765,0,1.6071428571428572,0.0,2.021857912448864,8,0.0,370,1,pathLen
train_0037,C:\Users\tao20\Desktop\Algorithm\AIPlayerDesktop\data\蔡扬的\train\train_0037.json,182,2,False,3,13,3,12,T,-27.703758061875103,-30,19.28571428571429,0.0,2.021857912448864,7,0.0,340,12,deltaR
train_0037,C:\Users\tao20\Desktop\Algorithm\AIPlayerDesktop\data\蔡扬的\train\train_0037.json,182,3,False,13,7,13,6,T,-34.33545201470737,-30,19.28571428571429,0.0,2.021857912448864,11,0.0,340,12,deltaR
train_0037,C:\Users\tao20\Desktop\Algorithm\AIPlayerDesktop\data\蔡扬的\train\train_0037.json,182,4,False,10,1,10,0,T,-49.25676340857999,-30,19.28571428571429,0.0,2.021857912448864,20,0.0,340,12,pathLen
train_0037,C:\Users\tao20\Desktop\Algorithm\AIPlayerDesktop\data\蔡扬的\train\train_0037.json,182,5,False,1,3,1,2, ,-1e+18,0,0.0,0.0,2.021857912448864,15,0.0,370,0,pathLen
train_0037,C:\Users\tao20\Desktop\Algorithm\AIPlayerDesktop\data\蔡扬的\train\train_0037.json,182,6,False,3,7,3,6, ,-1e+18,0,0.0,0.0,2.021857912448864,11,0.0,370,0,pathLen
train_0037,C:\Users\tao20\Desktop\Algorithm\AIPlayerDesktop\data\蔡扬的\train\train_0037.json,182,7,False,9,3,9,2, ,-1e+18,0,0.0,0.0,2.021857912448864,19,0.0,370,0,pathLen
train_0037,C:\Users\tao20\Desktop\Algorithm\AIPlayerDesktop\data\蔡扬的\train\train_0037.json,182,8,False,13,9,13,8, ,-1e+18,0,0.0,0.0,2.021857912448864,13,0.0,370,0,pathLen
train_0037,C:\Users\tao20\Desktop\Algorithm\AIPlayerDesktop\data\蔡扬的\train\train_0037.json,183,1,True,2,9,2,8, ,-10.383927057228252,0,1.6071428571428572,0.0,2.0108695542887522,7,0.0,370,1,pathLen
train_0037,C:\Users\tao20\Desktop\Algorithm\AIPlayerDesktop\data\蔡扬的\train\train_0037.json,183,2,False,3,13,3,12,T,-29.289734063463992,-30,19.28571428571429,0.0,2.0108695542887522,8,0.0,340,12,deltaR
train_0037,C:\Users\tao20\Desktop\Algorithm\AIPlayerDesktop\data\蔡扬的\train\train_0037.json,183,3,False,13,7,13,6,T,-35.8853862015311,-30,19.28571428571429,0.0,2.0108695542887522,12,0.0,340,12,deltaR
train_0037,C:\Users\tao20\Desktop\Algorithm\AIPlayerDesktop\data\蔡扬的\train\train_0037.json,183,4,False,10,1,10,0,T,-50.72560351218209,-30,19.28571428571429,0.0,2.0108695542887522,21,0.0,340,12,pathLen
train_0037,C:\Users\tao20\Desktop\Algorithm\AIPlayerDesktop\data\蔡扬的\train\train_0037.json,183,5,False,1,3,1,2, ,-1e+18,0,0.0,0.0,2.0108695542887522,16,0.0,370,0,pathLen
train_0037,C:\Users\tao20\Desktop\Algorithm\AIPlayerDesktop\data\蔡扬的\train\train_0037.json,183,6,False,3,7,3,6, ,-1e+18,0,0.0,0.0,2.0108695542887522,10,0.0,370,0,pathLen
train_0037,C:\Users\tao20\Desktop\Algorithm\AIPlayerDesktop\data\蔡扬的\train\train_0037.json,183,7,False,9,3,9,2, ,-1e+18,0,0.0,0.0,2.0108695542887522,20,0.0,370,0,pathLen
train_0037,C:\Users\tao20\Desktop\Algorithm\AIPlayerDesktop\data\蔡扬的\train\train_0037.json,183,8,False,13,9,13,8, ,-1e+18,0,0.0,0.0,2.0108695542887522,14,0.0,370,0,pathLen
train_0037,C:\Users\tao20\Desktop\Algorithm\AIPlayerDesktop\data\蔡扬的\train\train_0037.json,184,1,True,2,9,2,8, ,-8.6815448386157,0,1.6071428571428572,0.0,1.9999999891891893,6,0.0,370,1,pathLen
train_0037,C:\Users\tao20\Desktop\Algorithm\AIPlayerDesktop\data\蔡扬的\train\train_0037.json,184,2,False,3,13,3,12,T,-30.858538621874906,-30,19.28571428571429,0.0,1.9999999891891893,9,0.0,340,12,deltaR
train_0037,C:\Users\tao20\Desktop\Algorithm\AIPlayerDesktop\data\蔡扬的\train\train_0037.json,184,3,False,13,7,13,6,T,-37.418538586415444,-30,19.28571428571429,0.0,1.9999999891891893,13,0.0,340,12,deltaR
train_0037,C:\Users\tao20\Desktop\Algorithm\AIPlayerDesktop\data\蔡扬的\train\train_0037.json,184,4,False,10,1,10,0,T,-52.17853850663166,-30,19.28571428571429,0.0,1.9999999891891893,22,0.0,340,12,pathLen
train_0037,C:\Users\tao20\Desktop\Algorithm\AIPlayerDesktop\data\蔡扬的\train\train_0037.json,184,5,False,1,3,1,2, ,-1e+18,0,0.0,0.0,1.9999999891891893,17,0.0,370,0,pathLen
train_0037,C:\Users\tao20\Desktop\Algorithm\AIPlayerDesktop\data\蔡扬的\train\train_0037.json,184,6,False,3,7,3,6, ,-1e+18,0,0.0,0.0,1.9999999891891893,9,0.0,370,0,pathLen
train_0037,C:\Users\tao20\Desktop\Algorithm\AIPlayerDesktop\data\蔡扬的\train\train_0037.json,184,7,False,9,3,9,2, ,-1e+18,0,0.0,0.0,1.9999999891891893,21,0.0,370,0,pathLen
train_0037,C:\Users\tao20\Desktop\Algorithm\AIPlayerDesktop\data\蔡扬的\train\train_0037.json,184,8,False,13,9,13,8, ,-1e+18,0,0.0,0.0,1.9999999891891893,15,0.0,370,0,pathLen
train_0037,C:\Users\tao20\Desktop\Algorithm\AIPlayerDesktop\data\蔡扬的\train\train_0037.json,185,1,True,2,9,2,8, ,-6.997466087405777,0,1.6071428571428572,0.0,1.9892473011330791,5,0.0,370,1,pathLen
train_0037,C:\Users\tao20\Desktop\Algorithm\AIPlayerDesktop\data\蔡扬的\train\train_0037.json,185,2,False,3,13,3,12,T,-32.41045370241307,-30,19.28571428571429,0.0,1.9892473011330791,10,0.0,340,12,deltaR
train_0037,C:\Users\tao20\Desktop\Algorithm\AIPlayerDesktop\data\蔡扬的\train\train_0037.json,185,3,False,13,7,13,6,T,-38.93518485012957,-30,19.28571428571429,0.0,1.9892473011330791,14,0.0,340,12,deltaR
train_0037,C:\Users\tao20\Desktop\Algorithm\AIPlayerDesktop\data\蔡扬的\train\train_0037.json,185,4,False,10,1,10,0,T,-53.61582993249169,-30,19.28571428571429,0.0,1.9892473011330791,23,0.0,340,12,pathLen
train_0037,C:\Users\tao20\Desktop\Algorithm\AIPlayerDesktop\data\蔡扬的\train\train_0037.json,185,5,False,1,3,1,2, ,-1e+18,0,0.0,0.0,1.9892473011330791,18,0.0,370,0,pathLen
train_0037,C:\Users\tao20\Desktop\Algorithm\AIPlayerDesktop\data\蔡扬的\train\train_0037.json,185,6,False,3,7,3,6, ,-1e+18,0,0.0,0.0,1.9892473011330791,8,0.0,370,0,pathLen
train_0037,C:\Users\tao20\Desktop\Algorithm\AIPlayerDesktop\data\蔡扬的\train\train_0037.json,185,7,False,9,3,9,2, ,-1e+18,0,0.0,0.0,1.9892473011330791,22,0.0,370,0,pathLen
train_0037,C:\Users\tao20\Desktop\Algorithm\AIPlayerDesktop\data\蔡扬的\train\train_0037.json,185,8,False,13,9,13,8, ,-1e+18,0,0.0,0.0,1.9892473011330791,16,0.0,370,0,pathLen
train_0037,C:\Users\tao20\Desktop\Algorithm\AIPlayerDesktop\data\蔡扬的\train\train_0037.json,186,1,True,2,9,2,8, ,-5.3313974990118504,0,1.6071428571428572,0.0,1.978609615087649,4,0.0,370,1,pathLen
train_0037,C:\Users\tao20\Desktop\Algorithm\AIPlayerDesktop\data\蔡扬的\train\train_0037.json,186,2,False,3,13,3,12,T,-33.94575426638293,-30,19.28571428571429,0.0,1.978609615087649,11,0.0,340,12,deltaR
train_0037,C:\Users\tao20\Desktop\Algorithm\AIPlayerDesktop\data\蔡扬的\train\train_0037.json,186,3,False,13,7,13,6,T,-40.43559380387042,-30,19.28571428571429,0.0,1.978609615087649,15,0.0,340,12,deltaR
train_0037,C:\Users\tao20\Desktop\Algorithm\AIPlayerDesktop\data\蔡扬的\train\train_0037.json,186,4,False,10,1,10,0,T,-55.037732763217264,-30,19.28571428571429,0.0,1.978609615087649,24,0.0,340,12,pathLen
train_0037,C:\Users\tao20\Desktop\Algorithm\AIPlayerDesktop\data\蔡扬的\train\train_0037.json,186,5,False,1,3,1,2, ,-1e+18,0,0.0,0.0,1.978609615087649,19,0.0,370,0,pathLen
train_0037,C:\Users\tao20\Desktop\Algorithm\AIPlayerDesktop\data\蔡扬的\train\train_0037.json,186,6,False,3,7,3,6, ,-1e+18,0,0.0,0.0,1.978609615087649,7,0.0,370,0,pathLen
train_0037,C:\Users\tao20\Desktop\Algorithm\AIPlayerDesktop\data\蔡扬的\train\train_0037.json,186,7,False,9,3,9,2, ,-1e+18,0,0.0,0.0,1.978609615087649,23,0.0,370,0,pathLen
train_0037,C:\Users\tao20\Desktop\Algorithm\AIPlayerDesktop\data\蔡扬的\train\train_0037.json,186,8,False,13,9,13,8, ,-1e+18,0,0.0,0.0,1.978609615087649,17,0.0,370,0,pathLen
train_0037,C:\Users\tao20\Desktop\Algorithm\AIPlayerDesktop\data\蔡扬的\train\train_0037.json,187,1,True,2,9,2,8, ,-3.6830519444852525,0,1.6071428571428572,0.0,1.968085095914441,3,0.0,370,1,pathLen
train_0037,C:\Users\tao20\Desktop\Algorithm\AIPlayerDesktop\data\蔡扬的\train\train_0037.json,187,2,False,3,13,3,12,T,-35.46470864622684,-30,19.28571428571429,0.0,1.968085095914441,12,0.0,340,12,deltaR
train_0037,C:\Users\tao20\Desktop\Algorithm\AIPlayerDesktop\data\蔡扬的\train\train_0037.json,187,3,False,13,7,13,6,T,-41.9200277608262,-30,19.28571428571429,0.0,1.968085095914441,16,0.0,340,12,pathLen
train_0037,C:\Users\tao20\Desktop\Algorithm\AIPlayerDesktop\data\蔡扬的\train\train_0037.json,187,4,False,10,1,10,0,T,-56.44449576867478,-30,19.28571428571429,0.0,1.968085095914441,25,0.0,340,12,pathLen
train_0037,C:\Users\tao20\Desktop\Algorithm\AIPlayerDesktop\data\蔡扬的\train\train_0037.json,187,5,False,1,3,1,2, ,-1e+18,0,0.0,0.0,1.968085095914441,20,0.0,370,0,pathLen
train_0037,C:\Users\tao20\Desktop\Algorithm\AIPlayerDesktop\data\蔡扬的\train\train_0037.json,187,6,False,3,7,3,6, ,-1e+18,0,0.0,0.0,1.968085095914441,6,0.0,370,0,pathLen
train_0037,C:\Users\tao20\Desktop\Algorithm\AIPlayerDesktop\data\蔡扬的\train\train_0037.json,187,7,False,9,3,9,2, ,-1e+18,0,0.0,0.0,1.968085095914441,24,0.0,370,0,pathLen
train_0037,C:\Users\tao20\Desktop\Algorithm\AIPlayerDesktop\data\蔡扬的\train\train_0037.json,187,8,False,13,9,13,8, ,-1e+18,0,0.0,0.0,1.968085095914441,18,0.0,370,0,pathLen
train_0037,C:\Users\tao20\Desktop\Algorithm\AIPlayerDesktop\data\蔡扬的\train\train_0037.json,188,1,True,2,9,2,8, ,-2.0521483197396257,0,1.6071428571428572,0.0,1.957671947313905,2,0.0,370,1,pathLen
train_0037,C:\Users\tao20\Desktop\Algorithm\AIPlayerDesktop\data\蔡扬的\train\train_0037.json,188,2,False,3,13,3,12,T,-36.967578872104085,-30,19.28571428571429,0.0,1.957671947313905,13,0.0,340,12,deltaR
train_0037,C:\Users\tao20\Desktop\Algorithm\AIPlayerDesktop\data\蔡扬的\train\train_0037.json,188,3,False,13,7,13,6,T,-43.38874285929369,-30,19.28571428571429,0.0,1.957671947313905,17,0.0,340,12,pathLen
train_0037,C:\Users\tao20\Desktop\Algorithm\AIPlayerDesktop\data\蔡扬的\train\train_0037.json,188,4,False,10,1,10,0,T,-57.83636183047031,-30,19.28571428571429,0.0,1.957671947313905,26,0.0,340,12,pathLen
train_0037,C:\Users\tao20\Desktop\Algorithm\AIPlayerDesktop\data\蔡扬的\train\train_0037.json,188,5,False,1,3,1,2, ,-1e+18,0,0.0,0.0,1.957671947313905,21,0.0,370,0,pathLen
train_0037,C:\Users\tao20\Desktop\Algorithm\AIPlayerDesktop\data\蔡扬的\train\train_0037.json,188,6,False,3,7,3,6, ,-1e+18,0,0.0,0.0,1.957671947313905,5,0.0,370,0,pathLen
train_0037,C:\Users\tao20\Desktop\Algorithm\AIPlayerDesktop\data\蔡扬的\train\train_0037.json,188,7,False,9,3,9,2, ,-1e+18,0,0.0,0.0,1.957671947313905,25,0.0,370,0,pathLen
train_0037,C:\Users\tao20\Desktop\Algorithm\AIPlayerDesktop\data\蔡扬的\train\train_0037.json,188,8,False,13,9,13,8, ,-1e+18,0,0.0,0.0,1.957671947313905,19,0.0,370,0,pathLen
train_0037,C:\Users\tao20\Desktop\Algorithm\AIPlayerDesktop\data\蔡扬的\train\train_0037.json,189,1,True,2,9,2,8, ,-0.4384113970908228,0,1.6071428571428572,0.0,1.9473684108033242,1,0.0,370,1,pathLen
train_0037,C:\Users\tao20\Desktop\Algorithm\AIPlayerDesktop\data\蔡扬的\train\train_0037.json,189,2,False,3,13,3,12,T,-38.454620958807325,-30,19.28571428571429,0.0,1.9473684108033242,14,0.0,340,12,deltaR
train_0037,C:\Users\tao20\Desktop\Algorithm\AIPlayerDesktop\data\蔡扬的\train\train_0037.json,189,3,False,13,7,13,6,T,-44.84198934624223,-30,19.28571428571429,0.0,1.9473684108033242,18,0.0,340,12,pathLen
train_0037,C:\Users\tao20\Desktop\Algorithm\AIPlayerDesktop\data\蔡扬的\train\train_0037.json,189,4,False,10,1,10,0,T,-59.21356821797076,-30,19.28571428571429,0.0,1.9473684108033242,27,0.0,340,12,pathLen
train_0037,C:\Users\tao20\Desktop\Algorithm\AIPlayerDesktop\data\蔡扬的\train\train_0037.json,189,5,False,1,3,1,2, ,-1e+18,0,0.0,0.0,1.9473684108033242,22,0.0,370,0,pathLen
train_0037,C:\Users\tao20\Desktop\Algorithm\AIPlayerDesktop\data\蔡扬的\train\train_0037.json,189,6,False,3,7,3,6, ,-1e+18,0,0.0,0.0,1.9473684108033242,4,0.0,370,0,pathLen
train_0037,C:\Users\tao20\Desktop\Algorithm\AIPlayerDesktop\data\蔡扬的\train\train_0037.json,189,7,False,9,3,9,2, ,-1e+18,0,0.0,0.0,1.9473684108033242,26,0.0,370,0,pathLen
train_0037,C:\Users\tao20\Desktop\Algorithm\AIPlayerDesktop\data\蔡扬的\train\train_0037.json,189,8,False,13,9,13,8, ,-1e+18,0,0.0,0.0,1.9473684108033242,20,0.0,370,0,pathLen
train_0037,C:\Users\tao20\Desktop\Algorithm\AIPlayerDesktop\data\蔡扬的\train\train_0037.json,190,1,True,3,13,3,12,T,-39.9990868776577,-30,19.199999999999996,0.0,1.9371727647268442,15,0.0,340,12,deltaR
train_0037,C:\Users\tao20\Desktop\Algorithm\AIPlayerDesktop\data\蔡扬的\train\train_0037.json,190,2,False,13,7,13,6,T,-46.35301354596176,-30,19.199999999999996,0.0,1.9371727647268442,19,0.0,340,12,pathLen
train_0037,C:\Users\tao20\Desktop\Algorithm\AIPlayerDesktop\data\蔡扬的\train\train_0037.json,190,3,False,10,1,10,0,T,-60.649348549645865,-30,19.199999999999996,0.0,1.9371727647268442,28,0.0,340,12,pathLen
train_0037,C:\Users\tao20\Desktop\Algorithm\AIPlayerDesktop\data\蔡扬的\train\train_0037.json,190,4,False,1,3,1,2, ,-1e+18,0,0.0,0.0,1.9371727647268442,23,0.0,370,0,pathLen
train_0037,C:\Users\tao20\Desktop\Algorithm\AIPlayerDesktop\data\蔡扬的\train\train_0037.json,190,5,False,3,7,3,6, ,-1e+18,0,0.0,0.0,1.9371727647268442,5,0.0,370,0,pathLen
train_0037,C:\Users\tao20\Desktop\Algorithm\AIPlayerDesktop\data\蔡扬的\train\train_0037.json,190,6,False,3,9,3,8, ,-1e+18,0,0.0,0.0,1.9371727647268442,1,0.0,370,0,pathLen
train_0037,C:\Users\tao20\Desktop\Algorithm\AIPlayerDesktop\data\蔡扬的\train\train_0037.json,190,7,False,9,3,9,2, ,-1e+18,0,0.0,0.0,1.9371727647268442,27,0.0,370,0,pathLen
train_0037,C:\Users\tao20\Desktop\Algorithm\AIPlayerDesktop\data\蔡扬的\train\train_0037.json,190,8,False,13,9,13,8, ,-1e+18,0,0.0,0.0,1.9371727647268442,21,0.0,370,0,pathLen
train_0037,C:\Users\tao20\Desktop\Algorithm\AIPlayerDesktop\data\蔡扬的\train\train_0037.json,191,1,True,3,13,3,12,T,-38.30377626142312,-30,19.199999999999996,0.0,1.927083323296441,14,0.0,340,12,deltaR
train_0037,C:\Users\tao20\Desktop\Algorithm\AIPlayerDesktop\data\蔡扬的\train\train_0037.json,191,2,False,13,7,13,6,T,-44.62460956183544,-30,19.199999999999996,0.0,1.927083323296441,18,0.0,340,12,pathLen
train_0037,C:\Users\tao20\Desktop\Algorithm\AIPlayerDesktop\data\蔡扬的\train\train_0037.json,191,3,False,10,1,10,0,T,-58.84648448776318,-30,19.199999999999996,0.0,1.927083323296441,27,0.0,340,12,pathLen
train_0037,C:\Users\tao20\Desktop\Algorithm\AIPlayerDesktop\data\蔡扬的\train\train_0037.json,191,4,False,1,3,1,2, ,-1e+18,0,0.0,0.0,1.927083323296441,22,0.0,370,0,pathLen
train_0037,C:\Users\tao20\Desktop\Algorithm\AIPlayerDesktop\data\蔡扬的\train\train_0037.json,191,5,False,3,7,3,6, ,-1e+18,0,0.0,0.0,1.927083323296441,4,0.0,370,0,pathLen
train_0037,C:\Users\tao20\Desktop\Algorithm\AIPlayerDesktop\data\蔡扬的\train\train_0037.json,191,6,False,3,9,3,8, ,-1e+18,0,0.0,0.0,1.927083323296441,2,0.0,370,0,pathLen
train_0037,C:\Users\tao20\Desktop\Algorithm\AIPlayerDesktop\data\蔡扬的\train\train_0037.json,191,7,False,9,3,9,2, ,-1e+18,0,0.0,0.0,1.927083323296441,26,0.0,370,0,pathLen
train_0037,C:\Users\tao20\Desktop\Algorithm\AIPlayerDesktop\data\蔡扬的\train\train_0037.json,191,8,False,13,9,13,8, ,-1e+18,0,0.0,0.0,1.927083323296441,20,0.0,370,0,pathLen
train_0037,C:\Users\tao20\Desktop\Algorithm\AIPlayerDesktop\data\蔡扬的\train\train_0037.json,192,1,True,3,13,3,12,T,-36.624327304914345,-30,19.199999999999996,0.0,1.9170984356627023,13,0.0,340,12,deltaR
train_0037,C:\Users\tao20\Desktop\Algorithm\AIPlayerDesktop\data\蔡扬的\train\train_0037.json,192,2,False,13,7,13,6,T,-42.912410173888006,-30,19.199999999999996,0.0,1.9170984356627023,17,0.0,340,12,pathLen
train_0037,C:\Users\tao20\Desktop\Algorithm\AIPlayerDesktop\data\蔡扬的\train\train_0037.json,192,3,False,10,1,10,0,T,-57.060596629078745,-30,19.199999999999996,0.0,1.9170984356627023,26,0.0,340,12,pathLen
train_0037,C:\Users\tao20\Desktop\Algorithm\AIPlayerDesktop\data\蔡扬的\train\train_0037.json,192,4,False,1,3,1,2, ,-1e+18,0,0.0,0.0,1.9170984356627023,21,0.0,370,0,pathLen
train_0037,C:\Users\tao20\Desktop\Algorithm\AIPlayerDesktop\data\蔡扬的\train\train_0037.json,192,5,False,3,7,3,6, ,-1e+18,0,0.0,0.0,1.9170984356627023,5,0.0,370,0,pathLen
train_0037,C:\Users\tao20\Desktop\Algorithm\AIPlayerDesktop\data\蔡扬的\train\train_0037.json,192,6,False,3,9,3,8, ,-1e+18,0,0.0,0.0,1.9170984356627023,3,0.0,370,0,pathLen
train_0037,C:\Users\tao20\Desktop\Algorithm\AIPlayerDesktop\data\蔡扬的\train\train_0037.json,192,7,False,9,3,9,2, ,-1e+18,0,0.0,0.0,1.9170984356627023,25,0.0,370,0,pathLen
train_0037,C:\Users\tao20\Desktop\Algorithm\AIPlayerDesktop\data\蔡扬的\train\train_0037.json,192,8,False,13,9,13,8, ,-1e+18,0,0.0,0.0,1.9170984356627023,19,0.0,370,0,pathLen
train_0037,C:\Users\tao20\Desktop\Algorithm\AIPlayerDesktop\data\蔡扬的\train\train_0037.json,193,1,True,3,13,3,12,T,-34.96082680990709,-30,19.199999999999996,0.0,1.907216485014348,12,0.0,340,12,deltaR
train_0037,C:\Users\tao20\Desktop\Algorithm\AIPlayerDesktop\data\蔡扬的\train\train_0037.json,193,2,False,13,7,13,6,T,-41.21649688075415,-30,19.199999999999996,0.0,1.907216485014348,16,0.0,340,12,pathLen
train_0037,C:\Users\tao20\Desktop\Algorithm\AIPlayerDesktop\data\蔡扬的\train\train_0037.json,193,3,False,10,1,10,0,T,-55.29175454016004,-30,19.199999999999996,0.0,1.907216485014348,25,0.0,340,12,pathLen
train_0037,C:\Users\tao20\Desktop\Algorithm\AIPlayerDesktop\data\蔡扬的\train\train_0037.json,193,4,False,1,3,1,2, ,-1e+18,0,0.0,0.0,1.907216485014348,20,0.0,370,0,pathLen
train_0037,C:\Users\tao20\Desktop\Algorithm\AIPlayerDesktop\data\蔡扬的\train\train_0037.json,193,5,False,3,7,3,6, ,-1e+18,0,0.0,0.0,1.907216485014348,6,0.0,370,0,pathLen
train_0037,C:\Users\tao20\Desktop\Algorithm\AIPlayerDesktop\data\蔡扬的\train\train_0037.json,193,6,False,3,9,3,8, ,-1e+18,0,0.0,0.0,1.907216485014348,4,0.0,370,0,pathLen
train_0037,C:\Users\tao20\Desktop\Algorithm\AIPlayerDesktop\data\蔡扬的\train\train_0037.json,193,7,False,9,3,9,2, ,-1e+18,0,0.0,0.0,1.907216485014348,24,0.0,370,0,pathLen
train_0037,C:\Users\tao20\Desktop\Algorithm\AIPlayerDesktop\data\蔡扬的\train\train_0037.json,193,8,False,13,9,13,8, ,-1e+18,0,0.0,0.0,1.907216485014348,18,0.0,370,0,pathLen
train_0037,C:\Users\tao20\Desktop\Algorithm\AIPlayerDesktop\data\蔡扬的\train\train_0037.json,194,1,True,3,13,3,12,T,-33.3132951977619,-30,19.199999999999996,0.0,1.897435887705457,11,0.0,340,12,deltaR
train_0037,C:\Users\tao20\Desktop\Algorithm\AIPlayerDesktop\data\蔡扬的\train\train_0037.json,194,2,False,13,7,13,6,T,-39.5368849094358,-30,19.199999999999996,0.0,1.897435887705457,15,0.0,340,12,deltaR
train_0037,C:\Users\tao20\Desktop\Algorithm\AIPlayerDesktop\data\蔡扬的\train\train_0037.json,194,3,False,10,1,10,0,T,-53.53996176070207,-30,19.199999999999996,0.0,1.897435887705457,24,0.0,340,12,pathLen
train_0037,C:\Users\tao20\Desktop\Algorithm\AIPlayerDesktop\data\蔡扬的\train\train_0037.json,194,4,False,1,3,1,2, ,-1e+18,0,0.0,0.0,1.897435887705457,19,0.0,370,0,pathLen
train_0037,C:\Users\tao20\Desktop\Algorithm\AIPlayerDesktop\data\蔡扬的\train\train_0037.json,194,5,False,3,7,3,6, ,-1e+18,0,0.0,0.0,1.897435887705457,7,0.0,370,0,pathLen
train_0037,C:\Users\tao20\Desktop\Algorithm\AIPlayerDesktop\data\蔡扬的\train\train_0037.json,194,6,False,3,9,3,8, ,-1e+18,0,0.0,0.0,1.897435887705457,5,0.0,370,0,pathLen
train_0037,C:\Users\tao20\Desktop\Algorithm\AIPlayerDesktop\data\蔡扬的\train\train_0037.json,194,7,False,9,3,9,2, ,-1e+18,0,0.0,0.0,1.897435887705457,23,0.0,370,0,pathLen
train_0037,C:\Users\tao20\Desktop\Algorithm\AIPlayerDesktop\data\蔡扬的\train\train_0037.json,194,8,False,13,9,13,8, ,-1e+18,0,0.0,0.0,1.897435887705457,17,0.0,370,0,pathLen
train_0037,C:\Users\tao20\Desktop\Algorithm\AIPlayerDesktop\data\蔡扬的\train\train_0037.json,195,1,True,3,13,3,12,T,-31.681700763050088,-30,19.199999999999996,0.0,1.8877550924094129,10,0.0,340,12,deltaR
train_0037,C:\Users\tao20\Desktop\Algorithm\AIPlayerDesktop\data\蔡扬的\train\train_0037.json,195,2,False,13,7,13,6,T,-37.87353746615297,-30,19.199999999999996,0.0,1.8877550924094129,14,0.0,340,12,deltaR
train_0037,C:\Users\tao20\Desktop\Algorithm\AIPlayerDesktop\data\蔡扬的\train\train_0037.json,195,3,False,10,1,10,0,T,-51.80517004813443,-30,19.199999999999996,0.0,1.8877550924094129,23,0.0,340,12,pathLen
train_0037,C:\Users\tao20\Desktop\Algorithm\AIPlayerDesktop\data\蔡扬的\train\train_0037.json,195,4,False,1,3,1,2, ,-1e+18,0,0.0,0.0,1.8877550924094129,18,0.0,370,0,pathLen
train_0037,C:\Users\tao20\Desktop\Algorithm\AIPlayerDesktop\data\蔡扬的\train\train_0037.json,195,5,False,3,7,3,6, ,-1e+18,0,0.0,0.0,1.8877550924094129,8,0.0,370,0,pathLen
train_0037,C:\Users\tao20\Desktop\Algorithm\AIPlayerDesktop\data\蔡扬的\train\train_0037.json,195,6,False,3,9,3,8, ,-1e+18,0,0.0,0.0,1.8877550924094129,6,0.0,370,0,pathLen
train_0037,C:\Users\tao20\Desktop\Algorithm\AIPlayerDesktop\data\蔡扬的\train\train_0037.json,195,7,False,9,3,9,2, ,-1e+18,0,0.0,0.0,1.8877550924094129,22,0.0,370,0,pathLen
train_0037,C:\Users\tao20\Desktop\Algorithm\AIPlayerDesktop\data\蔡扬的\train\train_0037.json,195,8,False,13,9,13,8, ,-1e+18,0,0.0,0.0,1.8877550924094129,16,0.0,370,0,pathLen
train_0037,C:\Users\tao20\Desktop\Algorithm\AIPlayerDesktop\data\蔡扬的\train\train_0037.json,196,1,True,3,13,3,12,T,-30.06597105222407,-30,19.199999999999996,0.0,1.8781725792986164,9,0.0,340,12,deltaR
train_0037,C:\Users\tao20\Desktop\Algorithm\AIPlayerDesktop\data\蔡扬的\train\train_0037.json,196,2,False,13,7,13,6,T,-36.22637711232353,-30,19.199999999999996,0.0,1.8781725792986164,13,0.0,340,12,deltaR
train_0037,C:\Users\tao20\Desktop\Algorithm\AIPlayerDesktop\data\蔡扬的\train\train_0037.json,196,3,False,10,1,10,0,T,-50.08729074754732,-30,19.199999999999996,0.0,1.8781725792986164,22,0.0,340,12,pathLen
train_0037,C:\Users\tao20\Desktop\Algorithm\AIPlayerDesktop\data\蔡扬的\train\train_0037.json,196,4,False,1,3,1,2, ,-1e+18,0,0.0,0.0,1.8781725792986164,17,0.0,370,0,pathLen
train_0037,C:\Users\tao20\Desktop\Algorithm\AIPlayerDesktop\data\蔡扬的\train\train_0037.json,196,5,False,3,7,3,6, ,-1e+18,0,0.0,0.0,1.8781725792986164,9,0.0,370,0,pathLen
train_0037,C:\Users\tao20\Desktop\Algorithm\AIPlayerDesktop\data\蔡扬的\train\train_0037.json,196,6,False,3,9,3,8, ,-1e+18,0,0.0,0.0,1.8781725792986164,7,0.0,370,0,pathLen
train_0037,C:\Users\tao20\Desktop\Algorithm\AIPlayerDesktop\data\蔡扬的\train\train_0037.json,196,7,False,9,3,9,2, ,-1e+18,0,0.0,0.0,1.8781725792986164,21,0.0,370,0,pathLen
train_0037,C:\Users\tao20\Desktop\Algorithm\AIPlayerDesktop\data\蔡扬的\train\train_0037.json,196,8,False,13,9,13,8, ,-1e+18,0,0.0,0.0,1.8781725792986164,15,0.0,370,0,pathLen
train_0037,C:\Users\tao20\Desktop\Algorithm\AIPlayerDesktop\data\蔡扬的\train\train_0037.json,197,1,True,3,13,3,12,T,-28.46600194303999,-30,19.199999999999996,0.0,1.8686868592490562,8,0.0,340,12,deltaR
train_0037,C:\Users\tao20\Desktop\Algorithm\AIPlayerDesktop\data\蔡扬的\train\train_0037.json,197,2,False,13,7,13,6,T,-34.5952948413769,-30,19.199999999999996,0.0,1.8686868592490562,12,0.0,340,12,deltaR
train_0037,C:\Users\tao20\Desktop\Algorithm\AIPlayerDesktop\data\蔡扬的\train\train_0037.json,197,3,False,10,1,10,0,T,-48.38620386263493,-30,19.199999999999996,0.0,1.8686868592490562,21,0.0,340,12,pathLen
train_0037,C:\Users\tao20\Desktop\Algorithm\AIPlayerDesktop\data\蔡扬的\train\train_0037.json,197,4,False,1,3,1,2, ,-1e+18,0,0.0,0.0,1.8686868592490562,16,0.0,370,0,pathLen
train_0037,C:\Users\tao20\Desktop\Algorithm\AIPlayerDesktop\data\蔡扬的\train\train_0037.json,197,5,False,3,7,3,6, ,-1e+18,0,0.0,0.0,1.8686868592490562,10,0.0,370,0,pathLen
train_0037,C:\Users\tao20\Desktop\Algorithm\AIPlayerDesktop\data\蔡扬的\train\train_0037.json,197,6,False,3,9,3,8, ,-1e+18,0,0.0,0.0,1.8686868592490562,8,0.0,370,0,pathLen
train_0037,C:\Users\tao20\Desktop\Algorithm\AIPlayerDesktop\data\蔡扬的\train\train_0037.json,197,7,False,9,3,9,2, ,-1e+18,0,0.0,0.0,1.8686868592490562,20,0.0,370,0,pathLen
train_0037,C:\Users\tao20\Desktop\Algorithm\AIPlayerDesktop\data\蔡扬的\train\train_0037.json,197,8,False,13,9,13,8, ,-1e+18,0,0.0,0.0,1.8686868592490562,14,0.0,370,0,pathLen
train_0037,C:\Users\tao20\Desktop\Algorithm\AIPlayerDesktop\data\蔡扬的\train\train_0037.json,198,1,True,3,13,3,12,T,-26.88166488527417,-30,19.199999999999996,0.0,1.859296473068862,7,0.0,340,12,deltaR
train_0037,C:\Users\tao20\Desktop\Algorithm\AIPlayerDesktop\data\蔡扬的\train\train_0037.json,198,2,False,13,7,13,6,T,-32.98015731694004,-30,19.199999999999996,0.0,1.859296473068862,11,0.0,340,12,deltaR
train_0037,C:\Users\tao20\Desktop\Algorithm\AIPlayerDesktop\data\蔡扬的\train\train_0037.json,198,3,False,10,1,10,0,T,-46.70176528818824,-30,19.199999999999996,0.0,1.859296473068862,20,0.0,340,12,pathLen
train_0037,C:\Users\tao20\Desktop\Algorithm\AIPlayerDesktop\data\蔡扬的\train\train_0037.json,198,4,False,1,3,1,2, ,-1e+18,0,0.0,0.0,1.859296473068862,15,0.0,370,0,pathLen
train_0037,C:\Users\tao20\Desktop\Algorithm\AIPlayerDesktop\data\蔡扬的\train\train_0037.json,198,5,False,3,7,3,6, ,-1e+18,0,0.0,0.0,1.859296473068862,11,0.0,370,0,pathLen
train_0037,C:\Users\tao20\Desktop\Algorithm\AIPlayerDesktop\data\蔡扬的\train\train_0037.json,198,6,False,3,9,3,8, ,-1e+18,0,0.0,0.0,1.859296473068862,9,0.0,370,0,pathLen
train_0037,C:\Users\tao20\Desktop\Algorithm\AIPlayerDesktop\data\蔡扬的\train\train_0037.json,198,7,False,9,3,9,2, ,-1e+18,0,0.0,0.0,1.859296473068862,19,0.0,370,0,pathLen
train_0037,C:\Users\tao20\Desktop\Algorithm\AIPlayerDesktop\data\蔡扬的\train\train_0037.json,198,8,False,13,9,13,8, ,-1e+18,0,0.0,0.0,1.859296473068862,13,0.0,370,0,pathLen
train_0037,C:\Users\tao20\Desktop\Algorithm\AIPlayerDesktop\data\蔡扬的\train\train_0037.json,199,1,True,3,13,3,12,T,-25.312812671143085,-30,19.199999999999996,0.0,1.84999999075,6,0.0,340,12,deltaR
train_0037,C:\Users\tao20\Desktop\Algorithm\AIPlayerDesktop\data\蔡扬的\train\train_0037.json,199,2,False,13,7,13,6,T,-31.380812640803086,-30,19.199999999999996,0.0,1.84999999075,10,0.0,340,12,deltaR
train_0037,C:\Users\tao20\Desktop\Algorithm\AIPlayerDesktop\data\蔡扬的\train\train_0037.json,199,3,False,10,1,10,0,T,-45.03381257253808,-30,19.199999999999996,0.0,1.84999999075,19,0.0,340,12,pathLen
train_0037,C:\Users\tao20\Desktop\Algorithm\AIPlayerDesktop\data\蔡扬的\train\train_0037.json,199,4,False,1,3,1,2, ,-1e+18,0,0.0,0.0,1.84999999075,14,0.0,370,0,pathLen
train_0037,C:\Users\tao20\Desktop\Algorithm\AIPlayerDesktop\data\蔡扬的\train\train_0037.json,199,5,False,3,7,3,6, ,-1e+18,0,0.0,0.0,1.84999999075,12,0.0,370,0,pathLen
train_0037,C:\Users\tao20\Desktop\Algorithm\AIPlayerDesktop\data\蔡扬的\train\train_0037.json,199,6,False,3,9,3,8, ,-1e+18,0,0.0,0.0,1.84999999075,10,0.0,370,0,pathLen
train_0037,C:\Users\tao20\Desktop\Algorithm\AIPlayerDesktop\data\蔡扬的\train\train_0037.json,199,7,False,9,3,9,2, ,-1e+18,0,0.0,0.0,1.84999999075,18,0.0,370,0,pathLen
train_0037,C:\Users\tao20\Desktop\Algorithm\AIPlayerDesktop\data\蔡扬的\train\train_0037.json,199,8,False,13,9,13,8, ,-1e+18,0,0.0,0.0,1.84999999075,12,0.0,370,0,pathLen
train_0037,C:\Users\tao20\Desktop\Algorithm\AIPlayerDesktop\data\蔡扬的\train\train_0037.json,200,1,True,3,13,3,12,T,-23.75928403013189,-30,19.199999999999996,0.0,1.8407960107423085,5,0.0,340,12,deltaR
train_0037,C:\Users\tao20\Desktop\Algorithm\AIPlayerDesktop\data\蔡扬的\train\train_0037.json,200,2,False,13,7,13,6,T,-32.816000402984045,-30,19.199999999999996,0.0,1.8407960107423085,11,0.0,340,12,deltaR
train_0037,C:\Users\tao20\Desktop\Algorithm\AIPlayerDesktop\data\蔡扬的\train\train_0037.json,200,3,False,10,1,10,0,T,-46.401074962262285,-30,19.199999999999996,0.0,1.8407960107423085,20,0.0,340,12,pathLen
train_0037,C:\Users\tao20\Desktop\Algorithm\AIPlayerDesktop\data\蔡扬的\train\train_0037.json,200,4,False,1,3,1,2, ,-1e+18,0,0.0,0.0,1.8407960107423085,15,0.0,370,0,pathLen
train_0037,C:\Users\tao20\Desktop\Algorithm\AIPlayerDesktop\data\蔡扬的\train\train_0037.json,200,5,False,3,7,3,6, ,-1e+18,0,0.0,0.0,1.8407960107423085,13,0.0,370,0,pathLen
train_0037,C:\Users\tao20\Desktop\Algorithm\AIPlayerDesktop\data\蔡扬的\train\train_0037.json,200,6,False,3,9,3,8, ,-1e+18,0,0.0,0.0,1.8407960107423085,11,0.0,370,0,pathLen
train_0037,C:\Users\tao20\Desktop\Algorithm\AIPlayerDesktop\data\蔡扬的\train\train_0037.json,200,7,False,9,3,9,2, ,-1e+18,0,0.0,0.0,1.8407960107423085,19,0.0,370,0,pathLen
train_0037,C:\Users\tao20\Desktop\Algorithm\AIPlayerDesktop\data\蔡扬的\train\train_0037.json,200,8,False,13,9,13,8, ,-1e+18,0,0.0,0.0,1.8407960107423085,13,0.0,370,0,pathLen
train_0037,C:\Users\tao20\Desktop\Algorithm\AIPlayerDesktop\data\蔡扬的\train\train_0037.json,201,1,True,3,13,3,12,T,-22.220907283973723,-30,19.199999999999996,0.0,1.8316831592490932,4,0.0,340,12,deltaR
train_0037,C:\Users\tao20\Desktop\Algorithm\AIPlayerDesktop\data\蔡扬的\train\train_0037.json,201,2,False,13,7,13,6,T,-34.236748808647775,-30,19.199999999999996,0.0,1.8316831592490932,12,0.0,340,12,deltaR
train_0037,C:\Users\tao20\Desktop\Algorithm\AIPlayerDesktop\data\蔡扬的\train\train_0037.json,201,3,False,10,1,10,0,T,-47.75457052390608,-30,19.199999999999996,0.0,1.8316831592490932,21,0.0,340,12,pathLen
train_0037,C:\Users\tao20\Desktop\Algorithm\AIPlayerDesktop\data\蔡扬的\train\train_0037.json,201,4,False,1,3,1,2, ,-1e+18,0,0.0,0.0,1.8316831592490932,16,0.0,370,0,pathLen
train_0037,C:\Users\tao20\Desktop\Algorithm\AIPlayerDesktop\data\蔡扬的\train\train_0037.json,201,5,False,3,7,3,6, ,-1e+18,0,0.0,0.0,1.8316831592490932,14,0.0,370,0,pathLen
train_0037,C:\Users\tao20\Desktop\Algorithm\AIPlayerDesktop\data\蔡扬的\train\train_0037.json,201,6,False,3,9,3,8, ,-1e+18,0,0.0,0.0,1.8316831592490932,12,0.0,370,0,pathLen
train_0037,C:\Users\tao20\Desktop\Algorithm\AIPlayerDesktop\data\蔡扬的\train\train_0037.json,201,7,False,9,3,9,2, ,-1e+18,0,0.0,0.0,1.8316831592490932,20,0.0,370,0,pathLen
train_0037,C:\Users\tao20\Desktop\Algorithm\AIPlayerDesktop\data\蔡扬的\train\train_0037.json,201,8,False,13,9,13,8, ,-1e+18,0,0.0,0.0,1.8316831592490932,14,0.0,370,0,pathLen
train_0037,C:\Users\tao20\Desktop\Algorithm\AIPlayerDesktop\data\蔡扬的\train\train_0037.json,202,1,True,3,13,3,12,T,-20.697503250352437,-30,19.199999999999996,0.0,1.8226600895435463,3,0.0,340,12,deltaR
train_0037,C:\Users\tao20\Desktop\Algorithm\AIPlayerDesktop\data\蔡扬的\train\train_0037.json,202,2,False,13,7,13,6,T,-35.643315984609515,-30,19.199999999999996,0.0,1.8226600895435463,13,0.0,340,12,deltaR
train_0037,C:\Users\tao20\Desktop\Algorithm\AIPlayerDesktop\data\蔡扬的\train\train_0037.json,202,3,False,10,1,10,0,T,-49.09454744544089,-30,19.199999999999996,0.0,1.8226600895435463,22,0.0,340,12,pathLen
train_0037,C:\Users\tao20\Desktop\Algorithm\AIPlayerDesktop\data\蔡扬的\train\train_0037.json,202,4,False,1,3,1,2, ,-1e+18,0,0.0,0.0,1.8226600895435463,17,0.0,370,0,pathLen
train_0037,C:\Users\tao20\Desktop\Algorithm\AIPlayerDesktop\data\蔡扬的\train\train_0037.json,202,5,False,3,7,3,6, ,-1e+18,0,0.0,0.0,1.8226600895435463,15,0.0,370,0,pathLen
train_0037,C:\Users\tao20\Desktop\Algorithm\AIPlayerDesktop\data\蔡扬的\train\train_0037.json,202,6,False,3,9,3,8, ,-1e+18,0,0.0,0.0,1.8226600895435463,13,0.0,370,0,pathLen
train_0037,C:\Users\tao20\Desktop\Algorithm\AIPlayerDesktop\data\蔡扬的\train\train_0037.json,202,7,False,9,3,9,2, ,-1e+18,0,0.0,0.0,1.8226600895435463,21,0.0,370,0,pathLen
train_0037,C:\Users\tao20\Desktop\Algorithm\AIPlayerDesktop\data\蔡扬的\train\train_0037.json,202,8,False,13,9,13,8, ,-1e+18,0,0.0,0.0,1.8226600895435463,15,0.0,370,0,pathLen
train_0037,C:\Users\tao20\Desktop\Algorithm\AIPlayerDesktop\data\蔡扬的\train\train_0037.json,203,1,True,3,13,3,12,T,-19.188887546166846,-30,19.199999999999996,0.0,1.8137254813052672,2,0.0,340,12,deltaR
train_0037,C:\Users\tao20\Desktop\Algorithm\AIPlayerDesktop\data\蔡扬的\train\train_0037.json,203,2,False,13,7,13,6,T,-37.03594628221067,-30,19.199999999999996,0.0,1.8137254813052672,14,0.0,340,12,deltaR
train_0037,C:\Users\tao20\Desktop\Algorithm\AIPlayerDesktop\data\蔡扬的\train\train_0037.json,203,3,False,10,1,10,0,T,-50.42124033424355,-30,19.199999999999996,0.0,1.8137254813052672,23,0.0,340,12,pathLen
train_0037,C:\Users\tao20\Desktop\Algorithm\AIPlayerDesktop\data\蔡扬的\train\train_0037.json,203,4,False,1,3,1,2, ,-1e+18,0,0.0,0.0,1.8137254813052672,18,0.0,370,0,pathLen
train_0037,C:\Users\tao20\Desktop\Algorithm\AIPlayerDesktop\data\蔡扬的\train\train_0037.json,203,5,False,3,7,3,6, ,-1e+18,0,0.0,0.0,1.8137254813052672,16,0.0,370,0,pathLen
train_0037,C:\Users\tao20\Desktop\Algorithm\AIPlayerDesktop\data\蔡扬的\train\train_0037.json,203,6,False,3,9,3,8, ,-1e+18,0,0.0,0.0,1.8137254813052672,14,0.0,370,0,pathLen
train_0037,C:\Users\tao20\Desktop\Algorithm\AIPlayerDesktop\data\蔡扬的\train\train_0037.json,203,7,False,9,3,9,2, ,-1e+18,0,0.0,0.0,1.8137254813052672,22,0.0,370,0,pathLen
train_0037,C:\Users\tao20\Desktop\Algorithm\AIPlayerDesktop\data\蔡扬的\train\train_0037.json,203,8,False,13,9,13,8, ,-1e+18,0,0.0,0.0,1.8137254813052672,16,0.0,370,0,pathLen
train_0037,C:\Users\tao20\Desktop\Algorithm\AIPlayerDesktop\data\蔡扬的\train\train_0037.json,204,1,True,3,13,3,12,T,-17.694872411007417,-30,19.199999999999996,0.0,1.8048780399762048,1,0.0,340,12,deltaR
train_0037,C:\Users\tao20\Desktop\Algorithm\AIPlayerDesktop\data\蔡扬的\train\train_0037.json,204,2,False,13,7,13,6,T,-38.414872309934246,-30,19.199999999999996,0.0,1.8048780399762048,15,0.0,340,12,deltaR
train_0037,C:\Users\tao20\Desktop\Algorithm\AIPlayerDesktop\data\蔡扬的\train\train_0037.json,204,3,False,10,1,10,0,T,-51.73487224495864,-30,19.199999999999996,0.0,1.8048780399762048,24,0.0,340,12,pathLen
train_0037,C:\Users\tao20\Desktop\Algorithm\AIPlayerDesktop\data\蔡扬的\train\train_0037.json,204,4,False,1,3,1,2, ,-1e+18,0,0.0,0.0,1.8048780399762048,19,0.0,370,0,pathLen
train_0037,C:\Users\tao20\Desktop\Algorithm\AIPlayerDesktop\data\蔡扬的\train\train_0037.json,204,5,False,3,7,3,6, ,-1e+18,0,0.0,0.0,1.8048780399762048,17,0.0,370,0,pathLen
train_0037,C:\Users\tao20\Desktop\Algorithm\AIPlayerDesktop\data\蔡扬的\train\train_0037.json,204,6,False,3,9,3,8, ,-1e+18,0,0.0,0.0,1.8048780399762048,15,0.0,370,0,pathLen
train_0037,C:\Users\tao20\Desktop\Algorithm\AIPlayerDesktop\data\蔡扬的\train\train_0037.json,204,7,False,9,3,9,2, ,-1e+18,0,0.0,0.0,1.8048780399762048,23,0.0,370,0,pathLen
train_0037,C:\Users\tao20\Desktop\Algorithm\AIPlayerDesktop\data\蔡扬的\train\train_0037.json,204,8,False,13,9,13,8, ,-1e+18,0,0.0,0.0,1.8048780399762048,17,0.0,370,0,pathLen
train_0037,C:\Users\tao20\Desktop\Algorithm\AIPlayerDesktop\data\蔡扬的\train\train_0037.json,205,1,True,2,13,2,12, ,12.287624098142548,0,19.03083700440529,0.0,1.6504854288811388,1,0.0,340,12,Iproxy
train_0037,C:\Users\tao20\Desktop\Algorithm\AIPlayerDesktop\data\蔡扬的\train\train_0037.json,205,2,False,13,7,13,6,T,-38.013346677095456,-30,19.03083700440529,0.0,1.6504854288811388,16,0.0,310,12,deltaR
train_0037,C:\Users\tao20\Desktop\Algorithm\AIPlayerDesktop\data\蔡扬的\train\train_0037.json,205,3,False,10,1,10,0,T,-50.19392914223826,-30,19.03083700440529,0.0,1.6504854288811388,25,0.0,310,12,pathLen
train_0037,C:\Users\tao20\Desktop\Algorithm\AIPlayerDesktop\data\蔡扬的\train\train_0037.json,205,4,False,1,3,1,2, ,-1e+18,0,0.0,0.0,1.6504854288811388,20,0.0,340,0,pathLen
train_0037,C:\Users\tao20\Desktop\Algorithm\AIPlayerDesktop\data\蔡扬的\train\train_0037.json,205,5,False,3,7,3,6, ,-1e+18,0,0.0,0.0,1.6504854288811388,18,0.0,340,0,pathLen
train_0037,C:\Users\tao20\Desktop\Algorithm\AIPlayerDesktop\data\蔡扬的\train\train_0037.json,205,6,False,3,9,3,8, ,-1e+18,0,0.0,0.0,1.6504854288811388,16,0.0,340,0,pathLen
train_0037,C:\Users\tao20\Desktop\Algorithm\AIPlayerDesktop\data\蔡扬的\train\train_0037.json,205,7,False,9,3,9,2, ,-1e+18,0,0.0,0.0,1.6504854288811388,24,0.0,340,0,pathLen
train_0037,C:\Users\tao20\Desktop\Algorithm\AIPlayerDesktop\data\蔡扬的\train\train_0037.json,205,8,False,13,9,13,8, ,-1e+18,0,0.0,0.0,1.6504854288811388,18,0.0,340,0,pathLen
train_0037,C:\Users\tao20\Desktop\Algorithm\AIPlayerDesktop\data\蔡扬的\train\train_0037.json,206,1,True,1,13,1,12, ,12.134976937013729,0,18.8646288209607,0.0,1.6425120693598452,1,0.0,340,12,Iproxy
train_0037,C:\Users\tao20\Desktop\Algorithm\AIPlayerDesktop\data\蔡扬的\train\train_0037.json,206,2,False,13,7,13,6,T,-39.41478141298744,-30,18.8646288209607,0.0,1.6425120693598452,17,0.0,310,12,deltaR
train_0037,C:\Users\tao20\Desktop\Algorithm\AIPlayerDesktop\data\蔡扬的\train\train_0037.json,206,3,False,10,1,10,0,T,-51.5365204848631,-30,18.8646288209607,0.0,1.6425120693598452,26,0.0,310,12,pathLen
train_0037,C:\Users\tao20\Desktop\Algorithm\AIPlayerDesktop\data\蔡扬的\train\train_0037.json,206,4,False,1,3,1,2, ,-1e+18,0,0.0,0.0,1.6425120693598452,21,0.0,340,0,pathLen
train_0037,C:\Users\tao20\Desktop\Algorithm\AIPlayerDesktop\data\蔡扬的\train\train_0037.json,206,5,False,3,7,3,6, ,-1e+18,0,0.0,0.0,1.6425120693598452,19,0.0,340,0,pathLen
train_0037,C:\Users\tao20\Desktop\Algorithm\AIPlayerDesktop\data\蔡扬的\train\train_0037.json,206,6,False,3,9,3,8, ,-1e+18,0,0.0,0.0,1.6425120693598452,17,0.0,340,0,pathLen
train_0037,C:\Users\tao20\Desktop\Algorithm\AIPlayerDesktop\data\蔡扬的\train\train_0037.json,206,7,False,9,3,9,2, ,-1e+18,0,0.0,0.0,1.6425120693598452,25,0.0,340,0,pathLen
train_0037,C:\Users\tao20\Desktop\Algorithm\AIPlayerDesktop\data\蔡扬的\train\train_0037.json,206,8,False,13,9,13,8, ,-1e+18,0,0.0,0.0,1.6425120693598452,19,0.0,340,0,pathLen
train_0037,C:\Users\tao20\Desktop\Algorithm\AIPlayerDesktop\data\蔡扬的\train\train_0037.json,207,1,True,13,7,13,6,T,-40.81549355566535,-30,18.7012987012987,0.0,1.634615376756657,18,0.0,310,12,deltaR
train_0037,C:\Users\tao20\Desktop\Algorithm\AIPlayerDesktop\data\蔡扬的\train\train_0037.json,207,2,False,10,1,10,0,T,-52.878955036129476,-30,18.7012987012987,0.0,1.634615376756657,27,0.0,310,12,pathLen
train_0037,C:\Users\tao20\Desktop\Algorithm\AIPlayerDesktop\data\蔡扬的\train\train_0037.json,207,3,False,1,3,1,2, ,-1e+18,0,0.0,0.0,1.634615376756657,22,0.0,340,0,pathLen
train_0037,C:\Users\tao20\Desktop\Algorithm\AIPlayerDesktop\data\蔡扬的\train\train_0037.json,207,4,False,3,7,3,6, ,-1e+18,0,0.0,0.0,1.634615376756657,20,0.0,340,0,pathLen
train_0037,C:\Users\tao20\Desktop\Algorithm\AIPlayerDesktop\data\蔡扬的\train\train_0037.json,207,5,False,3,9,3,8, ,-1e+18,0,0.0,0.0,1.634615376756657,18,0.0,340,0,pathLen
train_0037,C:\Users\tao20\Desktop\Algorithm\AIPlayerDesktop\data\蔡扬的\train\train_0037.json,207,6,False,9,3,9,2, ,-1e+18,0,0.0,0.0,1.634615376756657,26,0.0,340,0,pathLen
train_0037,C:\Users\tao20\Desktop\Algorithm\AIPlayerDesktop\data\蔡扬的\train\train_0037.json,207,7,False,13,9,13,8, ,-1e+18,0,0.0,0.0,1.634615376756657,20,0.0,340,0,pathLen
train_0037,C:\Users\tao20\Desktop\Algorithm\AIPlayerDesktop\data\蔡扬的\train\train_0037.json,208,1,True,13,7,13,6,T,-39.409027702828524,-30,18.7012987012987,0.0,1.6267942505895012,17,0.0,310,12,deltaR
train_0037,C:\Users\tao20\Desktop\Algorithm\AIPlayerDesktop\data\蔡扬的\train\train_0037.json,208,2,False,10,1,10,0,T,-51.41476927217904,-30,18.7012987012987,0.0,1.6267942505895012,26,0.0,310,12,pathLen
train_0037,C:\Users\tao20\Desktop\Algorithm\AIPlayerDesktop\data\蔡扬的\train\train_0037.json,208,3,False,1,3,1,2, ,-1e+18,0,0.0,0.0,1.6267942505895012,21,0.0,340,0,pathLen
train_0037,C:\Users\tao20\Desktop\Algorithm\AIPlayerDesktop\data\蔡扬的\train\train_0037.json,208,4,False,3,7,3,6, ,-1e+18,0,0.0,0.0,1.6267942505895012,19,0.0,340,0,pathLen
train_0037,C:\Users\tao20\Desktop\Algorithm\AIPlayerDesktop\data\蔡扬的\train\train_0037.json,208,5,False,3,9,3,8, ,-1e+18,0,0.0,0.0,1.6267942505895012,17,0.0,340,0,pathLen
train_0037,C:\Users\tao20\Desktop\Algorithm\AIPlayerDesktop\data\蔡扬的\train\train_0037.json,208,6,False,9,3,9,2, ,-1e+18,0,0.0,0.0,1.6267942505895012,25,0.0,340,0,pathLen
train_0037,C:\Users\tao20\Desktop\Algorithm\AIPlayerDesktop\data\蔡扬的\train\train_0037.json,208,7,False,13,9,13,8, ,-1e+18,0,0.0,0.0,1.6267942505895012,19,0.0,340,0,pathLen
train_0037,C:\Users\tao20\Desktop\Algorithm\AIPlayerDesktop\data\蔡扬的\train\train_0037.json,209,1,True,13,7,13,6,T,-38.00777671426273,-30,18.7012987012987,0.0,1.6190476113378685,16,0.0,310,12,deltaR
train_0037,C:\Users\tao20\Desktop\Algorithm\AIPlayerDesktop\data\蔡扬的\train\train_0037.json,209,2,False,10,1,10,0,T,-49.956348085936206,-30,18.7012987012987,0.0,1.6190476113378685,25,0.0,310,12,pathLen
train_0037,C:\Users\tao20\Desktop\Algorithm\AIPlayerDesktop\data\蔡扬的\train\train_0037.json,209,3,False,1,3,1,2, ,-1e+18,0,0.0,0.0,1.6190476113378685,20,0.0,340,0,pathLen
train_0037,C:\Users\tao20\Desktop\Algorithm\AIPlayerDesktop\data\蔡扬的\train\train_0037.json,209,4,False,3,7,3,6, ,-1e+18,0,0.0,0.0,1.6190476113378685,18,0.0,340,0,pathLen
train_0037,C:\Users\tao20\Desktop\Algorithm\AIPlayerDesktop\data\蔡扬的\train\train_0037.json,209,5,False,3,9,3,8, ,-1e+18,0,0.0,0.0,1.6190476113378685,16,0.0,340,0,pathLen
train_0037,C:\Users\tao20\Desktop\Algorithm\AIPlayerDesktop\data\蔡扬的\train\train_0037.json,209,6,False,9,3,9,2, ,-1e+18,0,0.0,0.0,1.6190476113378685,24,0.0,340,0,pathLen
train_0037,C:\Users\tao20\Desktop\Algorithm\AIPlayerDesktop\data\蔡扬的\train\train_0037.json,209,7,False,13,9,13,8, ,-1e+18,0,0.0,0.0,1.6190476113378685,18,0.0,340,0,pathLen
train_0037,C:\Users\tao20\Desktop\Algorithm\AIPlayerDesktop\data\蔡扬的\train\train_0037.json,210,1,True,13,7,13,6,T,-36.61326213596607,-30,18.7012987012987,0.0,1.611374399946093,15,0.0,310,12,deltaR
train_0037,C:\Users\tao20\Desktop\Algorithm\AIPlayerDesktop\data\蔡扬的\train\train_0037.json,210,2,False,10,1,10,0,T,-48.50520520756823,-30,18.7012987012987,0.0,1.611374399946093,24,0.0,310,12,pathLen
train_0037,C:\Users\tao20\Desktop\Algorithm\AIPlayerDesktop\data\蔡扬的\train\train_0037.json,210,3,False,1,3,1,2, ,-1e+18,0,0.0,0.0,1.611374399946093,19,0.0,340,0,pathLen
train_0037,C:\Users\tao20\Desktop\Algorithm\AIPlayerDesktop\data\蔡扬的\train\train_0037.json,210,4,False,3,7,3,6, ,-1e+18,0,0.0,0.0,1.611374399946093,17,0.0,340,0,pathLen
train_0037,C:\Users\tao20\Desktop\Algorithm\AIPlayerDesktop\data\蔡扬的\train\train_0037.json,210,5,False,3,9,3,8, ,-1e+18,0,0.0,0.0,1.611374399946093,15,0.0,340,0,pathLen
train_0037,C:\Users\tao20\Desktop\Algorithm\AIPlayerDesktop\data\蔡扬的\train\train_0037.json,210,6,False,9,3,9,2, ,-1e+18,0,0.0,0.0,1.611374399946093,23,0.0,340,0,pathLen
train_0037,C:\Users\tao20\Desktop\Algorithm\AIPlayerDesktop\data\蔡扬的\train\train_0037.json,210,7,False,13,9,13,8, ,-1e+18,0,0.0,0.0,1.611374399946093,17,0.0,340,0,pathLen
train_0037,C:\Users\tao20\Desktop\Algorithm\AIPlayerDesktop\data\蔡扬的\train\train_0037.json,211,1,True,13,7,13,6,T,-35.22666565499563,-30,18.7012987012987,0.0,1.6037735773406907,14,0.0,310,12,deltaR
train_0037,C:\Users\tao20\Desktop\Algorithm\AIPlayerDesktop\data\蔡扬的\train\train_0037.json,211,2,False,10,1,10,0,T,-47.062514655769924,-30,18.7012987012987,0.0,1.6037735773406907,23,0.0,310,12,pathLen
train_0037,C:\Users\tao20\Desktop\Algorithm\AIPlayerDesktop\data\蔡扬的\train\train_0037.json,211,3,False,1,3,1,2, ,-1e+18,0,0.0,0.0,1.6037735773406907,18,0.0,340,0,pathLen
train_0037,C:\Users\tao20\Desktop\Algorithm\AIPlayerDesktop\data\蔡扬的\train\train_0037.json,211,4,False,3,7,3,6, ,-1e+18,0,0.0,0.0,1.6037735773406907,16,0.0,340,0,pathLen
train_0037,C:\Users\tao20\Desktop\Algorithm\AIPlayerDesktop\data\蔡扬的\train\train_0037.json,211,5,False,3,9,3,8, ,-1e+18,0,0.0,0.0,1.6037735773406907,14,0.0,340,0,pathLen
train_0037,C:\Users\tao20\Desktop\Algorithm\AIPlayerDesktop\data\蔡扬的\train\train_0037.json,211,6,False,9,3,9,2, ,-1e+18,0,0.0,0.0,1.6037735773406907,22,0.0,340,0,pathLen
train_0037,C:\Users\tao20\Desktop\Algorithm\AIPlayerDesktop\data\蔡扬的\train\train_0037.json,211,7,False,13,9,13,8, ,-1e+18,0,0.0,0.0,1.6037735773406907,16,0.0,340,0,pathLen
train_0037,C:\Users\tao20\Desktop\Algorithm\AIPlayerDesktop\data\蔡扬的\train\train_0037.json,212,1,True,13,7,13,6,T,-33.84889772494821,-30,18.7012987012987,0.0,1.5962441239612952,13,0.0,310,12,deltaR
train_0037,C:\Users\tao20\Desktop\Algorithm\AIPlayerDesktop\data\蔡扬的\train\train_0037.json,212,2,False,10,1,10,0,T,-45.62917935978257,-30,18.7012987012987,0.0,1.5962441239612952,22,0.0,310,12,pathLen
train_0037,C:\Users\tao20\Desktop\Algorithm\AIPlayerDesktop\data\蔡扬的\train\train_0037.json,212,3,False,1,3,1,2, ,-1e+18,0,0.0,0.0,1.5962441239612952,17,0.0,340,0,pathLen
train_0037,C:\Users\tao20\Desktop\Algorithm\AIPlayerDesktop\data\蔡扬的\train\train_0037.json,212,4,False,3,7,3,6, ,-1e+18,0,0.0,0.0,1.5962441239612952,15,0.0,340,0,pathLen
train_0037,C:\Users\tao20\Desktop\Algorithm\AIPlayerDesktop\data\蔡扬的\train\train_0037.json,212,5,False,3,9,3,8, ,-1e+18,0,0.0,0.0,1.5962441239612952,13,0.0,340,0,pathLen
train_0037,C:\Users\tao20\Desktop\Algorithm\AIPlayerDesktop\data\蔡扬的\train\train_0037.json,212,6,False,9,3,9,2, ,-1e+18,0,0.0,0.0,1.5962441239612952,21,0.0,340,0,pathLen
train_0037,C:\Users\tao20\Desktop\Algorithm\AIPlayerDesktop\data\蔡扬的\train\train_0037.json,212,7,False,13,9,13,8, ,-1e+18,0,0.0,0.0,1.5962441239612952,15,0.0,340,0,pathLen
train_0037,C:\Users\tao20\Desktop\Algorithm\AIPlayerDesktop\data\蔡扬的\train\train_0037.json,213,1,True,13,7,13,6,T,-32.48065245139651,-30,18.7012987012987,0.0,1.588785039304743,12,0.0,310,12,deltaR
train_0037,C:\Users\tao20\Desktop\Algorithm\AIPlayerDesktop\data\蔡扬的\train\train_0037.json,213,2,False,10,1,10,0,T,-44.20588604146552,-30,18.7012987012987,0.0,1.588785039304743,21,0.0,310,12,pathLen
train_0037,C:\Users\tao20\Desktop\Algorithm\AIPlayerDesktop\data\蔡扬的\train\train_0037.json,213,3,False,1,3,1,2, ,-1e+18,0,0.0,0.0,1.588785039304743,16,0.0,340,0,pathLen
train_0037,C:\Users\tao20\Desktop\Algorithm\AIPlayerDesktop\data\蔡扬的\train\train_0037.json,213,4,False,3,7,3,6, ,-1e+18,0,0.0,0.0,1.588785039304743,14,0.0,340,0,pathLen
train_0037,C:\Users\tao20\Desktop\Algorithm\AIPlayerDesktop\data\蔡扬的\train\train_0037.json,213,5,False,3,9,3,8, ,-1e+18,0,0.0,0.0,1.588785039304743,12,0.0,340,0,pathLen
train_0037,C:\Users\tao20\Desktop\Algorithm\AIPlayerDesktop\data\蔡扬的\train\train_0037.json,213,6,False,9,3,9,2, ,-1e+18,0,0.0,0.0,1.588785039304743,20,0.0,340,0,pathLen
train_0037,C:\Users\tao20\Desktop\Algorithm\AIPlayerDesktop\data\蔡扬的\train\train_0037.json,213,7,False,13,9,13,8, ,-1e+18,0,0.0,0.0,1.588785039304743,14,0.0,340,0,pathLen
train_0037,C:\Users\tao20\Desktop\Algorithm\AIPlayerDesktop\data\蔡扬的\train\train_0037.json,214,1,True,13,7,13,6,T,-31.12245148569805,-30,18.7012987012987,0.0,1.5813953414818822,11,0.0,310,12,deltaR
train_0037,C:\Users\tao20\Desktop\Algorithm\AIPlayerDesktop\data\蔡扬的\train\train_0037.json,214,2,False,10,1,10,0,T,-42.793149105834345,-30,18.7012987012987,0.0,1.5813953414818822,20,0.0,310,12,pathLen
train_0037,C:\Users\tao20\Desktop\Algorithm\AIPlayerDesktop\data\蔡扬的\train\train_0037.json,214,3,False,1,3,1,2, ,-1e+18,0,0.0,0.0,1.5813953414818822,15,0.0,340,0,pathLen
train_0037,C:\Users\tao20\Desktop\Algorithm\AIPlayerDesktop\data\蔡扬的\train\train_0037.json,214,4,False,3,7,3,6, ,-1e+18,0,0.0,0.0,1.5813953414818822,13,0.0,340,0,pathLen
train_0037,C:\Users\tao20\Desktop\Algorithm\AIPlayerDesktop\data\蔡扬的\train\train_0037.json,214,5,False,3,9,3,8, ,-1e+18,0,0.0,0.0,1.5813953414818822,11,0.0,340,0,pathLen
train_0037,C:\Users\tao20\Desktop\Algorithm\AIPlayerDesktop\data\蔡扬的\train\train_0037.json,214,6,False,9,3,9,2, ,-1e+18,0,0.0,0.0,1.5813953414818822,19,0.0,340,0,pathLen
train_0037,C:\Users\tao20\Desktop\Algorithm\AIPlayerDesktop\data\蔡扬的\train\train_0037.json,214,7,False,13,9,13,8, ,-1e+18,0,0.0,0.0,1.5813953414818822,13,0.0,340,0,pathLen
train_0037,C:\Users\tao20\Desktop\Algorithm\AIPlayerDesktop\data\蔡扬的\train\train_0037.json,215,1,True,13,7,13,6,T,-29.77467912589727,-30,18.7012987012987,0.0,1.5740740667866941,10,0.0,310,12,deltaR
train_0037,C:\Users\tao20\Desktop\Algorithm\AIPlayerDesktop\data\蔡扬的\train\train_0037.json,215,2,False,10,1,10,0,T,-41.39134573878307,-30,18.7012987012987,0.0,1.5740740667866941,19,0.0,310,12,deltaR
train_0037,C:\Users\tao20\Desktop\Algorithm\AIPlayerDesktop\data\蔡扬的\train\train_0037.json,215,3,False,1,3,1,2, ,-1e+18,0,0.0,0.0,1.5740740667866941,14,0.0,340,0,pathLen
train_0037,C:\Users\tao20\Desktop\Algorithm\AIPlayerDesktop\data\蔡扬的\train\train_0037.json,215,4,False,3,7,3,6, ,-1e+18,0,0.0,0.0,1.5740740667866941,12,0.0,340,0,pathLen
train_0037,C:\Users\tao20\Desktop\Algorithm\AIPlayerDesktop\data\蔡扬的\train\train_0037.json,215,5,False,3,9,3,8, ,-1e+18,0,0.0,0.0,1.5740740667866941,10,0.0,340,0,pathLen
train_0037,C:\Users\tao20\Desktop\Algorithm\AIPlayerDesktop\data\蔡扬的\train\train_0037.json,215,6,False,9,3,9,2, ,-1e+18,0,0.0,0.0,1.5740740667866941,18,0.0,340,0,pathLen
train_0037,C:\Users\tao20\Desktop\Algorithm\AIPlayerDesktop\data\蔡扬的\train\train_0037.json,215,7,False,13,9,13,8, ,-1e+18,0,0.0,0.0,1.5740740667866941,12,0.0,340,0,pathLen
train_0037,C:\Users\tao20\Desktop\Algorithm\AIPlayerDesktop\data\蔡扬的\train\train_0037.json,216,1,True,13,7,13,6,T,-28.43761038368497,-30,18.7012987012987,0.0,1.5668202692773259,9,0.0,310,12,deltaR
train_0037,C:\Users\tao20\Desktop\Algorithm\AIPlayerDesktop\data\蔡扬的\train\train_0037.json,216,2,False,10,1,10,0,T,-40.00074397095163,-30,18.7012987012987,0.0,1.5668202692773259,18,0.0,310,12,deltaR
train_0037,C:\Users\tao20\Desktop\Algorithm\AIPlayerDesktop\data\蔡扬的\train\train_0037.json,216,3,False,1,3,1,2, ,-1e+18,0,0.0,0.0,1.5668202692773259,15,0.0,340,0,pathLen
train_0037,C:\Users\tao20\Desktop\Algorithm\AIPlayerDesktop\data\蔡扬的\train\train_0037.json,216,4,False,3,7,3,6, ,-1e+18,0,0.0,0.0,1.5668202692773259,13,0.0,340,0,pathLen
train_0037,C:\Users\tao20\Desktop\Algorithm\AIPlayerDesktop\data\蔡扬的\train\train_0037.json,216,5,False,3,9,3,8, ,-1e+18,0,0.0,0.0,1.5668202692773259,11,0.0,340,0,pathLen
train_0037,C:\Users\tao20\Desktop\Algorithm\AIPlayerDesktop\data\蔡扬的\train\train_0037.json,216,6,False,9,3,9,2, ,-1e+18,0,0.0,0.0,1.5668202692773259,17,0.0,340,0,pathLen
train_0037,C:\Users\tao20\Desktop\Algorithm\AIPlayerDesktop\data\蔡扬的\train\train_0037.json,216,7,False,13,9,13,8, ,-1e+18,0,0.0,0.0,1.5668202692773259,11,0.0,340,0,pathLen
train_0037,C:\Users\tao20\Desktop\Algorithm\AIPlayerDesktop\data\蔡扬的\train\train_0037.json,217,1,True,13,7,13,6,T,-27.11143342457423,-30,18.7012987012987,0.0,1.559633020368656,8,0.0,310,12,deltaR
train_0037,C:\Users\tao20\Desktop\Algorithm\AIPlayerDesktop\data\蔡扬的\train\train_0037.json,217,2,False,10,1,10,0,T,-38.62152511489491,-30,18.7012987012987,0.0,1.559633020368656,17,0.0,310,12,deltaR
train_0037,C:\Users\tao20\Desktop\Algorithm\AIPlayerDesktop\data\蔡扬的\train\train_0037.json,217,3,False,1,3,1,2, ,-1e+18,0,0.0,0.0,1.559633020368656,16,0.0,340,0,pathLen
train_0037,C:\Users\tao20\Desktop\Algorithm\AIPlayerDesktop\data\蔡扬的\train\train_0037.json,217,4,False,3,7,3,6, ,-1e+18,0,0.0,0.0,1.559633020368656,14,0.0,340,0,pathLen
train_0037,C:\Users\tao20\Desktop\Algorithm\AIPlayerDesktop\data\蔡扬的\train\train_0037.json,217,5,False,3,9,3,8, ,-1e+18,0,0.0,0.0,1.559633020368656,12,0.0,340,0,pathLen
train_0037,C:\Users\tao20\Desktop\Algorithm\AIPlayerDesktop\data\蔡扬的\train\train_0037.json,217,6,False,9,3,9,2, ,-1e+18,0,0.0,0.0,1.559633020368656,16,0.0,340,0,pathLen
train_0037,C:\Users\tao20\Desktop\Algorithm\AIPlayerDesktop\data\蔡扬的\train\train_0037.json,217,7,False,13,9,13,8, ,-1e+18,0,0.0,0.0,1.559633020368656,10,0.0,340,0,pathLen
train_0037,C:\Users\tao20\Desktop\Algorithm\AIPlayerDesktop\data\蔡扬的\train\train_0037.json,218,1,True,13,7,13,6,T,-25.796267507008636,-30,18.7012987012987,0.0,1.552511408436021,7,0.0,310,12,deltaR
train_0037,C:\Users\tao20\Desktop\Algorithm\AIPlayerDesktop\data\蔡扬的\train\train_0037.json,218,2,False,10,1,10,0,T,-37.25380170126647,-30,18.7012987012987,0.0,1.552511408436021,16,0.0,310,12,deltaR
train_0037,C:\Users\tao20\Desktop\Algorithm\AIPlayerDesktop\data\蔡扬的\train\train_0037.json,218,3,False,1,3,1,2, ,-1e+18,0,0.0,0.0,1.552511408436021,17,0.0,340,0,pathLen
train_0037,C:\Users\tao20\Desktop\Algorithm\AIPlayerDesktop\data\蔡扬的\train\train_0037.json,218,4,False,3,7,3,6, ,-1e+18,0,0.0,0.0,1.552511408436021,15,0.0,340,0,pathLen
train_0037,C:\Users\tao20\Desktop\Algorithm\AIPlayerDesktop\data\蔡扬的\train\train_0037.json,218,5,False,3,9,3,8, ,-1e+18,0,0.0,0.0,1.552511408436021,13,0.0,340,0,pathLen
train_0037,C:\Users\tao20\Desktop\Algorithm\AIPlayerDesktop\data\蔡扬的\train\train_0037.json,218,6,False,9,3,9,2, ,-1e+18,0,0.0,0.0,1.552511408436021,15,0.0,340,0,pathLen
train_0037,C:\Users\tao20\Desktop\Algorithm\AIPlayerDesktop\data\蔡扬的\train\train_0037.json,218,7,False,13,9,13,8, ,-1e+18,0,0.0,0.0,1.552511408436021,9,0.0,340,0,pathLen
train_0037,C:\Users\tao20\Desktop\Algorithm\AIPlayerDesktop\data\蔡扬的\train\train_0037.json,219,1,True,13,7,13,6,T,-24.492177320964284,-30,18.7012987012987,0.0,1.5454545384297522,6,0.0,310,12,deltaR
train_0037,C:\Users\tao20\Desktop\Algorithm\AIPlayerDesktop\data\蔡扬的\train\train_0037.json,219,2,False,10,1,10,0,T,-35.89763181457585,-30,18.7012987012987,0.0,1.5454545384297522,15,0.0,310,12,deltaR
train_0037,C:\Users\tao20\Desktop\Algorithm\AIPlayerDesktop\data\蔡扬的\train\train_0037.json,219,3,False,1,3,1,2, ,-1e+18,0,0.0,0.0,1.5454545384297522,18,0.0,340,0,pathLen
train_0037,C:\Users\tao20\Desktop\Algorithm\AIPlayerDesktop\data\蔡扬的\train\train_0037.json,219,4,False,3,7,3,6, ,-1e+18,0,0.0,0.0,1.5454545384297522,16,0.0,340,0,pathLen
train_0037,C:\Users\tao20\Desktop\Algorithm\AIPlayerDesktop\data\蔡扬的\train\train_0037.json,219,5,False,3,9,3,8, ,-1e+18,0,0.0,0.0,1.5454545384297522,14,0.0,340,0,pathLen
train_0037,C:\Users\tao20\Desktop\Algorithm\AIPlayerDesktop\data\蔡扬的\train\train_0037.json,219,6,False,9,3,9,2, ,-1e+18,0,0.0,0.0,1.5454545384297522,14,0.0,340,0,pathLen
train_0037,C:\Users\tao20\Desktop\Algorithm\AIPlayerDesktop\data\蔡扬的\train\train_0037.json,219,7,False,13,9,13,8, ,-1e+18,0,0.0,0.0,1.5454545384297522,8,0.0,340,0,pathLen
train_0037,C:\Users\tao20\Desktop\Algorithm\AIPlayerDesktop\data\蔡扬的\train\train_0037.json,220,1,True,13,7,13,6,T,-23.199184446483837,-30,18.7012987012987,0.0,1.5384615315001742,5,0.0,310,12,deltaR
train_0037,C:\Users\tao20\Desktop\Algorithm\AIPlayerDesktop\data\蔡扬的\train\train_0037.json,220,2,False,10,1,10,0,T,-34.55303054895512,-30,18.7012987012987,0.0,1.5384615315001742,14,0.0,310,12,deltaR
train_0037,C:\Users\tao20\Desktop\Algorithm\AIPlayerDesktop\data\蔡扬的\train\train_0037.json,220,3,False,1,3,1,2, ,-1e+18,0,0.0,0.0,1.5384615315001742,19,0.0,340,0,pathLen
train_0037,C:\Users\tao20\Desktop\Algorithm\AIPlayerDesktop\data\蔡扬的\train\train_0037.json,220,4,False,3,7,3,6, ,-1e+18,0,0.0,0.0,1.5384615315001742,17,0.0,340,0,pathLen
train_0037,C:\Users\tao20\Desktop\Algorithm\AIPlayerDesktop\data\蔡扬的\train\train_0037.json,220,5,False,3,9,3,8, ,-1e+18,0,0.0,0.0,1.5384615315001742,15,0.0,340,0,pathLen
train_0037,C:\Users\tao20\Desktop\Algorithm\AIPlayerDesktop\data\蔡扬的\train\train_0037.json,220,6,False,9,3,9,2, ,-1e+18,0,0.0,0.0,1.5384615315001742,13,0.0,340,0,pathLen
train_0037,C:\Users\tao20\Desktop\Algorithm\AIPlayerDesktop\data\蔡扬的\train\train_0037.json,220,7,False,13,9,13,8, ,-1e+18,0,0.0,0.0,1.5384615315001742,9,0.0,340,0,pathLen
train_0037,C:\Users\tao20\Desktop\Algorithm\AIPlayerDesktop\data\蔡扬的\train\train_0037.json,221,1,True,13,7,13,6,T,-21.91727650848309,-30,18.7012987012987,0.0,1.531531524632741,4,0.0,310,12,deltaR
train_0037,C:\Users\tao20\Desktop\Algorithm\AIPlayerDesktop\data\蔡扬的\train\train_0037.json,221,2,False,10,1,10,0,T,-33.219979160272715,-30,18.7012987012987,0.0,1.531531524632741,13,0.0,310,12,deltaR
train_0037,C:\Users\tao20\Desktop\Algorithm\AIPlayerDesktop\data\蔡扬的\train\train_0037.json,221,3,False,1,3,1,2, ,-1e+18,0,0.0,0.0,1.531531524632741,20,0.0,340,0,pathLen
train_0037,C:\Users\tao20\Desktop\Algorithm\AIPlayerDesktop\data\蔡扬的\train\train_0037.json,221,4,False,3,7,3,6, ,-1e+18,0,0.0,0.0,1.531531524632741,18,0.0,340,0,pathLen
train_0037,C:\Users\tao20\Desktop\Algorithm\AIPlayerDesktop\data\蔡扬的\train\train_0037.json,221,5,False,3,9,3,8, ,-1e+18,0,0.0,0.0,1.531531524632741,16,0.0,340,0,pathLen
train_0037,C:\Users\tao20\Desktop\Algorithm\AIPlayerDesktop\data\蔡扬的\train\train_0037.json,221,6,False,9,3,9,2, ,-1e+18,0,0.0,0.0,1.531531524632741,12,0.0,340,0,pathLen
train_0037,C:\Users\tao20\Desktop\Algorithm\AIPlayerDesktop\data\蔡扬的\train\train_0037.json,221,7,False,13,9,13,8, ,-1e+18,0,0.0,0.0,1.531531524632741,10,0.0,340,0,pathLen
train_0037,C:\Users\tao20\Desktop\Algorithm\AIPlayerDesktop\data\蔡扬的\train\train_0037.json,222,1,True,13,7,13,6,T,-20.646414488892113,-30,18.7012987012987,0.0,1.524663670292988,3,0.0,310,12,deltaR
train_0037,C:\Users\tao20\Desktop\Algorithm\AIPlayerDesktop\data\蔡扬的\train\train_0037.json,222,2,False,10,1,10,0,T,-31.898432375654366,-30,18.7012987012987,0.0,1.524663670292988,12,0.0,310,12,deltaR
train_0037,C:\Users\tao20\Desktop\Algorithm\AIPlayerDesktop\data\蔡扬的\train\train_0037.json,222,3,False,1,3,1,2, ,-1e+18,0,0.0,0.0,1.524663670292988,21,0.0,340,0,pathLen
train_0037,C:\Users\tao20\Desktop\Algorithm\AIPlayerDesktop\data\蔡扬的\train\train_0037.json,222,4,False,3,7,3,6, ,-1e+18,0,0.0,0.0,1.524663670292988,19,0.0,340,0,pathLen
train_0037,C:\Users\tao20\Desktop\Algorithm\AIPlayerDesktop\data\蔡扬的\train\train_0037.json,222,5,False,3,9,3,8, ,-1e+18,0,0.0,0.0,1.524663670292988,17,0.0,340,0,pathLen
train_0037,C:\Users\tao20\Desktop\Algorithm\AIPlayerDesktop\data\蔡扬的\train\train_0037.json,222,6,False,9,3,9,2, ,-1e+18,0,0.0,0.0,1.524663670292988,11,0.0,340,0,pathLen
train_0037,C:\Users\tao20\Desktop\Algorithm\AIPlayerDesktop\data\蔡扬的\train\train_0037.json,222,7,False,13,9,13,8, ,-1e+18,0,0.0,0.0,1.524663670292988,11,0.0,340,0,pathLen
train_0037,C:\Users\tao20\Desktop\Algorithm\AIPlayerDesktop\data\蔡扬的\train\train_0037.json,223,1,True,13,7,13,6,T,-19.386538564971126,-30,18.7012987012987,0.0,1.517857136080995,2,0.0,310,12,deltaR
train_0037,C:\Users\tao20\Desktop\Algorithm\AIPlayerDesktop\data\蔡扬的\train\train_0037.json,223,2,False,10,1,10,0,T,-30.58832422924887,-30,18.7012987012987,0.0,1.517857136080995,11,0.0,310,12,deltaR
train_0037,C:\Users\tao20\Desktop\Algorithm\AIPlayerDesktop\data\蔡扬的\train\train_0037.json,223,3,False,1,3,1,2, ,-1e+18,0,0.0,0.0,1.517857136080995,22,0.0,340,0,pathLen
train_0037,C:\Users\tao20\Desktop\Algorithm\AIPlayerDesktop\data\蔡扬的\train\train_0037.json,223,4,False,3,7,3,6, ,-1e+18,0,0.0,0.0,1.517857136080995,20,0.0,340,0,pathLen
train_0037,C:\Users\tao20\Desktop\Algorithm\AIPlayerDesktop\data\蔡扬的\train\train_0037.json,223,5,False,3,9,3,8, ,-1e+18,0,0.0,0.0,1.517857136080995,18,0.0,340,0,pathLen
train_0037,C:\Users\tao20\Desktop\Algorithm\AIPlayerDesktop\data\蔡扬的\train\train_0037.json,223,6,False,9,3,9,2, ,-1e+18,0,0.0,0.0,1.517857136080995,10,0.0,340,0,pathLen
train_0037,C:\Users\tao20\Desktop\Algorithm\AIPlayerDesktop\data\蔡扬的\train\train_0037.json,223,7,False,13,9,13,8, ,-1e+18,0,0.0,0.0,1.517857136080995,12,0.0,340,0,pathLen
train_0037,C:\Users\tao20\Desktop\Algorithm\AIPlayerDesktop\data\蔡扬的\train\train_0037.json,224,1,True,13,7,13,6,T,-18.137572768863784,-30,18.7012987012987,0.0,1.5111111043950618,1,0.0,310,12,deltaR
train_0037,C:\Users\tao20\Desktop\Algorithm\AIPlayerDesktop\data\蔡扬的\train\train_0037.json,224,2,False,10,1,10,0,T,-31.76779493050724,-30,18.7012987012987,0.0,1.5111111043950618,12,0.0,310,12,deltaR
train_0037,C:\Users\tao20\Desktop\Algorithm\AIPlayerDesktop\data\蔡扬的\train\train_0037.json,224,3,False,1,3,1,2, ,-1e+18,0,0.0,0.0,1.5111111043950618,23,0.0,340,0,pathLen
train_0037,C:\Users\tao20\Desktop\Algorithm\AIPlayerDesktop\data\蔡扬的\train\train_0037.json,224,4,False,3,7,3,6, ,-1e+18,0,0.0,0.0,1.5111111043950618,21,0.0,340,0,pathLen
train_0037,C:\Users\tao20\Desktop\Algorithm\AIPlayerDesktop\data\蔡扬的\train\train_0037.json,224,5,False,3,9,3,8, ,-1e+18,0,0.0,0.0,1.5111111043950618,19,0.0,340,0,pathLen
train_0037,C:\Users\tao20\Desktop\Algorithm\AIPlayerDesktop\data\蔡扬的\train\train_0037.json,224,6,False,9,3,9,2, ,-1e+18,0,0.0,0.0,1.5111111043950618,11,0.0,340,0,pathLen
train_0037,C:\Users\tao20\Desktop\Algorithm\AIPlayerDesktop\data\蔡扬的\train\train_0037.json,224,7,False,13,9,13,8, ,-1e+18,0,0.0,0.0,1.5111111043950618,13,0.0,340,0,pathLen
train_0037,C:\Users\tao20\Desktop\Algorithm\AIPlayerDesktop\data\蔡扬的\train\train_0037.json,225,1,True,10,1,10,0,T,-31.6557568998948,-30,18.540772532188846,0.0,1.3716814098598167,13,0.0,280,12,deltaR
train_0037,C:\Users\tao20\Desktop\Algorithm\AIPlayerDesktop\data\蔡扬的\train\train_0037.json,225,2,False,1,3,1,2, ,-1e+18,0,0.0,0.0,1.3716814098598167,24,0.0,310,0,pathLen
train_0037,C:\Users\tao20\Desktop\Algorithm\AIPlayerDesktop\data\蔡扬的\train\train_0037.json,225,3,False,3,7,3,6, ,-1e+18,0,0.0,0.0,1.3716814098598167,22,0.0,310,0,pathLen
train_0037,C:\Users\tao20\Desktop\Algorithm\AIPlayerDesktop\data\蔡扬的\train\train_0037.json,225,4,False,3,9,3,8, ,-1e+18,0,0.0,0.0,1.3716814098598167,20,0.0,310,0,pathLen
train_0037,C:\Users\tao20\Desktop\Algorithm\AIPlayerDesktop\data\蔡扬的\train\train_0037.json,225,5,False,9,3,9,2, ,-1e+18,0,0.0,0.0,1.3716814098598167,12,0.0,310,0,pathLen
train_0037,C:\Users\tao20\Desktop\Algorithm\AIPlayerDesktop\data\蔡扬的\train\train_0037.json,225,6,False,13,9,13,8, ,-1e+18,0,0.0,0.0,1.3716814098598167,14,0.0,310,0,pathLen
train_0037,C:\Users\tao20\Desktop\Algorithm\AIPlayerDesktop\data\蔡扬的\train\train_0037.json,226,1,True,10,1,10,0,T,-30.489687954939114,-30,18.540772532188846,0.0,1.365638760503794,12,0.0,280,12,deltaR
train_0037,C:\Users\tao20\Desktop\Algorithm\AIPlayerDesktop\data\蔡扬的\train\train_0037.json,226,2,False,1,3,1,2, ,-1e+18,0,0.0,0.0,1.365638760503794,23,0.0,310,0,pathLen
train_0037,C:\Users\tao20\Desktop\Algorithm\AIPlayerDesktop\data\蔡扬的\train\train_0037.json,226,3,False,3,7,3,6, ,-1e+18,0,0.0,0.0,1.365638760503794,21,0.0,310,0,pathLen
train_0037,C:\Users\tao20\Desktop\Algorithm\AIPlayerDesktop\data\蔡扬的\train\train_0037.json,226,4,False,3,9,3,8, ,-1e+18,0,0.0,0.0,1.365638760503794,19,0.0,310,0,pathLen
train_0037,C:\Users\tao20\Desktop\Algorithm\AIPlayerDesktop\data\蔡扬的\train\train_0037.json,226,5,False,9,3,9,2, ,-1e+18,0,0.0,0.0,1.365638760503794,11,0.0,310,0,pathLen
train_0037,C:\Users\tao20\Desktop\Algorithm\AIPlayerDesktop\data\蔡扬的\train\train_0037.json,226,6,False,13,9,13,8, ,-1e+18,0,0.0,0.0,1.365638760503794,13,0.0,310,0,pathLen
train_0037,C:\Users\tao20\Desktop\Algorithm\AIPlayerDesktop\data\蔡扬的\train\train_0037.json,227,1,True,10,1,10,0,T,-29.330373170145553,-30,18.540772532188846,0.0,1.3596491168436442,11,0.0,280,12,deltaR
train_0037,C:\Users\tao20\Desktop\Algorithm\AIPlayerDesktop\data\蔡扬的\train\train_0037.json,227,2,False,1,3,1,2, ,-1e+18,0,0.0,0.0,1.3596491168436442,22,0.0,310,0,pathLen
train_0037,C:\Users\tao20\Desktop\Algorithm\AIPlayerDesktop\data\蔡扬的\train\train_0037.json,227,3,False,3,7,3,6, ,-1e+18,0,0.0,0.0,1.3596491168436442,20,0.0,310,0,pathLen
train_0037,C:\Users\tao20\Desktop\Algorithm\AIPlayerDesktop\data\蔡扬的\train\train_0037.json,227,4,False,3,9,3,8, ,-1e+18,0,0.0,0.0,1.3596491168436442,18,0.0,310,0,pathLen
train_0037,C:\Users\tao20\Desktop\Algorithm\AIPlayerDesktop\data\蔡扬的\train\train_0037.json,227,5,False,9,3,9,2, ,-1e+18,0,0.0,0.0,1.3596491168436442,10,0.0,310,0,pathLen
train_0037,C:\Users\tao20\Desktop\Algorithm\AIPlayerDesktop\data\蔡扬的\train\train_0037.json,227,6,False,13,9,13,8, ,-1e+18,0,0.0,0.0,1.3596491168436442,12,0.0,310,0,pathLen
train_0037,C:\Users\tao20\Desktop\Algorithm\AIPlayerDesktop\data\蔡扬的\train\train_0037.json,228,1,True,10,1,10,0,T,-28.178403236672352,-30,18.540772532188846,0.0,1.353711784481608,10,0.0,280,12,deltaR
train_0037,C:\Users\tao20\Desktop\Algorithm\AIPlayerDesktop\data\蔡扬的\train\train_0037.json,228,2,False,1,3,1,2, ,-1e+18,0,0.0,0.0,1.353711784481608,23,0.0,310,0,pathLen
train_0037,C:\Users\tao20\Desktop\Algorithm\AIPlayerDesktop\data\蔡扬的\train\train_0037.json,228,3,False,3,7,3,6, ,-1e+18,0,0.0,0.0,1.353711784481608,21,0.0,310,0,pathLen
train_0037,C:\Users\tao20\Desktop\Algorithm\AIPlayerDesktop\data\蔡扬的\train\train_0037.json,228,4,False,3,9,3,8, ,-1e+18,0,0.0,0.0,1.353711784481608,19,0.0,310,0,pathLen
train_0037,C:\Users\tao20\Desktop\Algorithm\AIPlayerDesktop\data\蔡扬的\train\train_0037.json,228,5,False,9,3,9,2, ,-1e+18,0,0.0,0.0,1.353711784481608,9,0.0,310,0,pathLen
train_0037,C:\Users\tao20\Desktop\Algorithm\AIPlayerDesktop\data\蔡扬的\train\train_0037.json,228,6,False,13,9,13,8, ,-1e+18,0,0.0,0.0,1.353711784481608,13,0.0,310,0,pathLen
train_0037,C:\Users\tao20\Desktop\Algorithm\AIPlayerDesktop\data\蔡扬的\train\train_0037.json,229,1,True,10,1,10,0,T,-27.03422585658048,-30,18.540772532188846,0.0,1.3478260810964084,9,0.0,280,12,deltaR
train_0037,C:\Users\tao20\Desktop\Algorithm\AIPlayerDesktop\data\蔡扬的\train\train_0037.json,229,2,False,1,3,1,2, ,-1e+18,0,0.0,0.0,1.3478260810964084,24,0.0,310,0,pathLen
train_0037,C:\Users\tao20\Desktop\Algorithm\AIPlayerDesktop\data\蔡扬的\train\train_0037.json,229,3,False,3,7,3,6, ,-1e+18,0,0.0,0.0,1.3478260810964084,22,0.0,310,0,pathLen
train_0037,C:\Users\tao20\Desktop\Algorithm\AIPlayerDesktop\data\蔡扬的\train\train_0037.json,229,4,False,3,9,3,8, ,-1e+18,0,0.0,0.0,1.3478260810964084,20,0.0,310,0,pathLen
train_0037,C:\Users\tao20\Desktop\Algorithm\AIPlayerDesktop\data\蔡扬的\train\train_0037.json,229,5,False,9,3,9,2, ,-1e+18,0,0.0,0.0,1.3478260810964084,8,0.0,310,0,pathLen
train_0037,C:\Users\tao20\Desktop\Algorithm\AIPlayerDesktop\data\蔡扬的\train\train_0037.json,229,6,False,13,9,13,8, ,-1e+18,0,0.0,0.0,1.3478260810964084,14,0.0,310,0,pathLen
train_0037,C:\Users\tao20\Desktop\Algorithm\AIPlayerDesktop\data\蔡扬的\train\train_0037.json,230,1,True,10,1,10,0,T,-25.898174762774623,-30,18.540772532188846,0.0,1.3419913361818556,8,0.0,280,12,deltaR
train_0037,C:\Users\tao20\Desktop\Algorithm\AIPlayerDesktop\data\蔡扬的\train\train_0037.json,230,2,False,1,3,1,2, ,-1e+18,0,0.0,0.0,1.3419913361818556,25,0.0,310,0,pathLen
train_0037,C:\Users\tao20\Desktop\Algorithm\AIPlayerDesktop\data\蔡扬的\train\train_0037.json,230,3,False,3,7,3,6, ,-1e+18,0,0.0,0.0,1.3419913361818556,23,0.0,310,0,pathLen
train_0037,C:\Users\tao20\Desktop\Algorithm\AIPlayerDesktop\data\蔡扬的\train\train_0037.json,230,4,False,3,9,3,8, ,-1e+18,0,0.0,0.0,1.3419913361818556,21,0.0,310,0,pathLen
train_0037,C:\Users\tao20\Desktop\Algorithm\AIPlayerDesktop\data\蔡扬的\train\train_0037.json,230,5,False,9,3,9,2, ,-1e+18,0,0.0,0.0,1.3419913361818556,7,0.0,310,0,pathLen
train_0037,C:\Users\tao20\Desktop\Algorithm\AIPlayerDesktop\data\蔡扬的\train\train_0037.json,230,6,False,13,9,13,8, ,-1e+18,0,0.0,0.0,1.3419913361818556,15,0.0,310,0,pathLen
train_0037,C:\Users\tao20\Desktop\Algorithm\AIPlayerDesktop\data\蔡扬的\train\train_0037.json,231,1,True,10,1,10,0,T,-24.77049292603507,-30,18.540772532188846,0.0,1.3362068907922118,7,0.0,280,12,deltaR
train_0037,C:\Users\tao20\Desktop\Algorithm\AIPlayerDesktop\data\蔡扬的\train\train_0037.json,231,2,False,1,3,1,2, ,-1e+18,0,0.0,0.0,1.3362068907922118,26,0.0,310,0,pathLen
train_0037,C:\Users\tao20\Desktop\Algorithm\AIPlayerDesktop\data\蔡扬的\train\train_0037.json,231,3,False,3,7,3,6, ,-1e+18,0,0.0,0.0,1.3362068907922118,24,0.0,310,0,pathLen
train_0037,C:\Users\tao20\Desktop\Algorithm\AIPlayerDesktop\data\蔡扬的\train\train_0037.json,231,4,False,3,9,3,8, ,-1e+18,0,0.0,0.0,1.3362068907922118,22,0.0,310,0,pathLen
train_0037,C:\Users\tao20\Desktop\Algorithm\AIPlayerDesktop\data\蔡扬的\train\train_0037.json,231,5,False,9,3,9,2, ,-1e+18,0,0.0,0.0,1.3362068907922118,6,0.0,310,0,pathLen
train_0037,C:\Users\tao20\Desktop\Algorithm\AIPlayerDesktop\data\蔡扬的\train\train_0037.json,231,6,False,13,9,13,8, ,-1e+18,0,0.0,0.0,1.3362068907922118,16,0.0,310,0,pathLen
train_0037,C:\Users\tao20\Desktop\Algorithm\AIPlayerDesktop\data\蔡扬的\train\train_0037.json,232,1,True,10,1,10,0,T,-23.651351111947704,-30,18.540772532188846,0.0,1.330472097294111,6,0.0,280,12,deltaR
train_0037,C:\Users\tao20\Desktop\Algorithm\AIPlayerDesktop\data\蔡扬的\train\train_0037.json,232,2,False,1,3,1,2, ,-1e+18,0,0.0,0.0,1.330472097294111,27,0.0,310,0,pathLen
train_0037,C:\Users\tao20\Desktop\Algorithm\AIPlayerDesktop\data\蔡扬的\train\train_0037.json,232,3,False,3,7,3,6, ,-1e+18,0,0.0,0.0,1.330472097294111,25,0.0,310,0,pathLen
train_0037,C:\Users\tao20\Desktop\Algorithm\AIPlayerDesktop\data\蔡扬的\train\train_0037.json,232,4,False,3,9,3,8, ,-1e+18,0,0.0,0.0,1.330472097294111,23,0.0,310,0,pathLen
train_0037,C:\Users\tao20\Desktop\Algorithm\AIPlayerDesktop\data\蔡扬的\train\train_0037.json,232,5,False,9,3,9,2, ,-1e+18,0,0.0,0.0,1.330472097294111,5,0.0,310,0,pathLen
train_0037,C:\Users\tao20\Desktop\Algorithm\AIPlayerDesktop\data\蔡扬的\train\train_0037.json,232,6,False,13,9,13,8, ,-1e+18,0,0.0,0.0,1.330472097294111,17,0.0,310,0,pathLen
train_0037,C:\Users\tao20\Desktop\Algorithm\AIPlayerDesktop\data\蔡扬的\train\train_0037.json,233,1,True,10,1,10,0,T,-22.540862717970867,-30,18.540772532188846,0.0,1.3247863191248448,5,0.0,280,12,deltaR
train_0037,C:\Users\tao20\Desktop\Algorithm\AIPlayerDesktop\data\蔡扬的\train\train_0037.json,233,2,False,1,3,1,2, ,-1e+18,0,0.0,0.0,1.3247863191248448,28,0.0,310,0,pathLen
train_0037,C:\Users\tao20\Desktop\Algorithm\AIPlayerDesktop\data\蔡扬的\train\train_0037.json,233,3,False,3,7,3,6, ,-1e+18,0,0.0,0.0,1.3247863191248448,26,0.0,310,0,pathLen
train_0037,C:\Users\tao20\Desktop\Algorithm\AIPlayerDesktop\data\蔡扬的\train\train_0037.json,233,4,False,3,9,3,8, ,-1e+18,0,0.0,0.0,1.3247863191248448,24,0.0,310,0,pathLen
train_0037,C:\Users\tao20\Desktop\Algorithm\AIPlayerDesktop\data\蔡扬的\train\train_0037.json,233,5,False,9,3,9,2, ,-1e+18,0,0.0,0.0,1.3247863191248448,4,0.0,310,0,pathLen
train_0037,C:\Users\tao20\Desktop\Algorithm\AIPlayerDesktop\data\蔡扬的\train\train_0037.json,233,6,False,13,9,13,8, ,-1e+18,0,0.0,0.0,1.3247863191248448,18,0.0,310,0,pathLen
train_0037,C:\Users\tao20\Desktop\Algorithm\AIPlayerDesktop\data\蔡扬的\train\train_0037.json,234,1,True,10,1,10,0,T,-21.439095634824007,-30,18.540772532188846,0.0,1.3191489305568131,4,0.0,280,12,deltaR
train_0037,C:\Users\tao20\Desktop\Algorithm\AIPlayerDesktop\data\蔡扬的\train\train_0037.json,234,2,False,1,3,1,2, ,-1e+18,0,0.0,0.0,1.3191489305568131,29,0.0,310,0,pathLen
train_0037,C:\Users\tao20\Desktop\Algorithm\AIPlayerDesktop\data\蔡扬的\train\train_0037.json,234,3,False,3,7,3,6, ,-1e+18,0,0.0,0.0,1.3191489305568131,27,0.0,310,0,pathLen
train_0037,C:\Users\tao20\Desktop\Algorithm\AIPlayerDesktop\data\蔡扬的\train\train_0037.json,234,4,False,3,9,3,8, ,-1e+18,0,0.0,0.0,1.3191489305568131,25,0.0,310,0,pathLen
train_0037,C:\Users\tao20\Desktop\Algorithm\AIPlayerDesktop\data\蔡扬的\train\train_0037.json,234,5,False,9,3,9,2, ,-1e+18,0,0.0,0.0,1.3191489305568131,5,0.0,310,0,pathLen
train_0037,C:\Users\tao20\Desktop\Algorithm\AIPlayerDesktop\data\蔡扬的\train\train_0037.json,234,6,False,13,9,13,8, ,-1e+18,0,0.0,0.0,1.3191489305568131,19,0.0,310,0,pathLen
train_0037,C:\Users\tao20\Desktop\Algorithm\AIPlayerDesktop\data\蔡扬的\train\train_0037.json,235,1,True,10,1,10,0,T,-20.34608172753979,-30,18.540772532188846,0.0,1.313559316467969,3,0.0,280,12,deltaR
train_0037,C:\Users\tao20\Desktop\Algorithm\AIPlayerDesktop\data\蔡扬的\train\train_0037.json,235,2,False,1,3,1,2, ,-1e+18,0,0.0,0.0,1.313559316467969,30,0.0,310,0,pathLen
train_0037,C:\Users\tao20\Desktop\Algorithm\AIPlayerDesktop\data\蔡扬的\train\train_0037.json,235,3,False,3,7,3,6, ,-1e+18,0,0.0,0.0,1.313559316467969,28,0.0,310,0,pathLen
train_0037,C:\Users\tao20\Desktop\Algorithm\AIPlayerDesktop\data\蔡扬的\train\train_0037.json,235,4,False,3,9,3,8, ,-1e+18,0,0.0,0.0,1.313559316467969,26,0.0,310,0,pathLen
train_0037,C:\Users\tao20\Desktop\Algorithm\AIPlayerDesktop\data\蔡扬的\train\train_0037.json,235,5,False,9,3,9,2, ,-1e+18,0,0.0,0.0,1.313559316467969,6,0.0,310,0,pathLen
train_0037,C:\Users\tao20\Desktop\Algorithm\AIPlayerDesktop\data\蔡扬的\train\train_0037.json,235,6,False,13,9,13,8, ,-1e+18,0,0.0,0.0,1.313559316467969,20,0.0,310,0,pathLen
train_0037,C:\Users\tao20\Desktop\Algorithm\AIPlayerDesktop\data\蔡扬的\train\train_0037.json,236,1,True,10,1,10,0,T,-19.261824412446963,-30,18.540772532188846,0.0,1.3080168721180723,2,0.0,280,12,deltaR
train_0037,C:\Users\tao20\Desktop\Algorithm\AIPlayerDesktop\data\蔡扬的\train\train_0037.json,236,2,False,1,3,1,2, ,-1e+18,0,0.0,0.0,1.3080168721180723,31,0.0,310,0,pathLen
train_0037,C:\Users\tao20\Desktop\Algorithm\AIPlayerDesktop\data\蔡扬的\train\train_0037.json,236,3,False,3,7,3,6, ,-1e+18,0,0.0,0.0,1.3080168721180723,29,0.0,310,0,pathLen
train_0037,C:\Users\tao20\Desktop\Algorithm\AIPlayerDesktop\data\蔡扬的\train\train_0037.json,236,4,False,3,9,3,8, ,-1e+18,0,0.0,0.0,1.3080168721180723,27,0.0,310,0,pathLen
train_0037,C:\Users\tao20\Desktop\Algorithm\AIPlayerDesktop\data\蔡扬的\train\train_0037.json,236,5,False,9,3,9,2, ,-1e+18,0,0.0,0.0,1.3080168721180723,7,0.0,310,0,pathLen
train_0037,C:\Users\tao20\Desktop\Algorithm\AIPlayerDesktop\data\蔡扬的\train\train_0037.json,236,6,False,13,9,13,8, ,-1e+18,0,0.0,0.0,1.3080168721180723,21,0.0,310,0,pathLen
train_0037,C:\Users\tao20\Desktop\Algorithm\AIPlayerDesktop\data\蔡扬的\train\train_0037.json,237,1,True,10,1,10,0,T,-18.1863047110922,-30,18.540772532188846,0.0,1.302521002930584,1,0.0,280,12,deltaR
train_0037,C:\Users\tao20\Desktop\Algorithm\AIPlayerDesktop\data\蔡扬的\train\train_0037.json,237,2,False,1,3,1,2, ,-1e+18,0,0.0,0.0,1.302521002930584,32,0.0,310,0,pathLen
train_0037,C:\Users\tao20\Desktop\Algorithm\AIPlayerDesktop\data\蔡扬的\train\train_0037.json,237,3,False,3,7,3,6, ,-1e+18,0,0.0,0.0,1.302521002930584,30,0.0,310,0,pathLen
train_0037,C:\Users\tao20\Desktop\Algorithm\AIPlayerDesktop\data\蔡扬的\train\train_0037.json,237,4,False,3,9,3,8, ,-1e+18,0,0.0,0.0,1.302521002930584,28,0.0,310,0,pathLen
train_0037,C:\Users\tao20\Desktop\Algorithm\AIPlayerDesktop\data\蔡扬的\train\train_0037.json,237,5,False,9,3,9,2, ,-1e+18,0,0.0,0.0,1.302521002930584,8,0.0,310,0,pathLen
train_0037,C:\Users\tao20\Desktop\Algorithm\AIPlayerDesktop\data\蔡扬的\train\train_0037.json,237,6,False,13,9,13,8, ,-1e+18,0,0.0,0.0,1.302521002930584,22,0.0,310,0,pathLen
train_0037,C:\Users\tao20\Desktop\Algorithm\AIPlayerDesktop\data\蔡扬的\train\train_0037.json,238,1,False,1,3,1,2, ,-1e+18,0,0.0,0.0,1.1618257213202252,33,0.0,280,0,pathLen
train_0037,C:\Users\tao20\Desktop\Algorithm\AIPlayerDesktop\data\蔡扬的\train\train_0037.json,238,2,False,3,7,3,6, ,-1e+18,0,0.0,0.0,1.1618257213202252,31,0.0,280,0,pathLen
train_0037,C:\Users\tao20\Desktop\Algorithm\AIPlayerDesktop\data\蔡扬的\train\train_0037.json,238,3,False,3,9,3,8, ,-1e+18,0,0.0,0.0,1.1618257213202252,29,0.0,280,0,pathLen
train_0037,C:\Users\tao20\Desktop\Algorithm\AIPlayerDesktop\data\蔡扬的\train\train_0037.json,238,4,False,9,1,9,0, ,-1e+18,0,0.0,0.0,1.1618257213202252,1,0.0,280,0,pathLen
train_0037,C:\Users\tao20\Desktop\Algorithm\AIPlayerDesktop\data\蔡扬的\train\train_0037.json,238,5,False,9,3,9,2, ,-1e+18,0,0.0,0.0,1.1618257213202252,9,0.0,280,0,pathLen
train_0037,C:\Users\tao20\Desktop\Algorithm\AIPlayerDesktop\data\蔡扬的\train\train_0037.json,238,6,False,13,9,13,8, ,-1e+18,0,0.0,0.0,1.1618257213202252,23,0.0,280,0,pathLen
train_0037,C:\Users\tao20\Desktop\Algorithm\AIPlayerDesktop\data\蔡扬的\train\train_0037.json,239,1,False,1,3,1,2, ,-1e+18,0,0.0,0.0,1.1618257213202252,34,0.0,280,0,pathLen
train_0037,C:\Users\tao20\Desktop\Algorithm\AIPlayerDesktop\data\蔡扬的\train\train_0037.json,239,2,False,3,7,3,6, ,-1e+18,0,0.0,0.0,1.1618257213202252,32,0.0,280,0,pathLen
train_0037,C:\Users\tao20\Desktop\Algorithm\AIPlayerDesktop\data\蔡扬的\train\train_0037.json,239,3,False,3,9,3,8, ,-1e+18,0,0.0,0.0,1.1618257213202252,30,0.0,280,0,pathLen
train_0037,C:\Users\tao20\Desktop\Algorithm\AIPlayerDesktop\data\蔡扬的\train\train_0037.json,239,4,False,9,3,9,2, ,-1e+18,0,0.0,0.0,1.1618257213202252,10,0.0,280,0,pathLen
train_0037,C:\Users\tao20\Desktop\Algorithm\AIPlayerDesktop\data\蔡扬的\train\train_0037.json,239,5,False,13,9,13,8, ,-1e+18,0,0.0,0.0,1.1618257213202252,24,0.0,280,0,pathLen
