case_id,step,row,col,tile,resource,delta,first_visit,decision,observedRatio,qEff,alpha,candidate_count,selected_row,selected_col,selected_tile,selected_score,selected_deltaR,selected_Iproxy,selected_tailGain,selected_pathLen,selected_margin,selected_projectedR,dominant_term,runner_up_row,runner_up_col,runner_up_tile,runner_up_score,score_gap
train_0076,0,0,1,S,0,0,True,best-target,0.02666666666666667,1.0,4.665481481481482,2,1,1,G,100.61693333333334,50,62.999999999999986,0.0,1,0.0,50,Iproxy,1,2, ,99.79693333333333,0.8200000000000074
train_0076,1,1,1,G,50,50,True,best-target,0.04,24.99998750000625,5.204385185185185,2,1,2, ,27.81861796929311,0,53.05263157894736,0.0,1,0.0,50,Iproxy,2,1, ,27.81861796929311,0.0
train_0076,2,1,2, ,50,0,True,best-target,0.05333333333333334,16.666661111112962,5.505867122507122,3,2,1, ,-2.1064421336471675,0,26.181818181818183,0.0,2,0.0,50,pathLen,1,3,T,-19.32866891142343,17.222226777776264
train_0076,3,1,1,G,50,0,False,hold-target,0.05333333333333334,12.49999687500078,5.7470526723646715,3,2,1, ,16.081952988606584,0,26.181818181818183,0.0,1,0.0,50,Iproxy,1,3,T,-25.056933337782944,41.138886326389525
train_0076,4,2,1, ,50,0,True,best-target,0.06666666666666667,9.9999980000004,5.850115256171307,3,3,1,T,-33.19197107066853,-30,5.760000000000005,0.0,1,0.8888888888888888,20,deltaR,1,3,T,-49.59196779066919,16.399996720000658
train_0076,5,3,1,T,20,-30,True,best-target,0.08,3.33333277777787,5.949739263760575,3,4,1, ,1.7325435707177768,0,5.142857142857144,0.0,1,0.8888888888888888,20,Iproxy,1,3,T,-1e+18,1e+18
train_0076,6,4,1, ,20,0,True,best-target,0.09333333333333334,2.85714244897965,6.042097717314766,3,5,1, ,1.6798950279907636,0,4.645161290322576,0.0,1,0.8888888888888888,20,Iproxy,1,3,T,-1e+18,1e+18
train_0076,7,5,1, ,20,0,True,best-target,0.10666666666666667,2.4999996875000394,6.125144840518479,3,6,1, ,1.6009246020982957,0,4.235294117647051,0.0,1,0.8888888888888888,20,Iproxy,1,3,T,-1e+18,1e+18
train_0076,8,6,1, ,20,0,True,best-target,0.12,2.2222219753086696,6.197976337531062,3,7,1, ,1.5102135158386156,0,3.8918918918918903,0.0,1,0.8888888888888888,20,Iproxy,1,3,T,-1e+18,1e+18
train_0076,9,7,1, ,20,0,True,fallback,0.13333333333333333,1.99999980000002,6.2604100555320965,2,1,3,T,-1e+18,-30,3.5999999999999996,0.0,8,0.0,-10,deltaR,2,3, ,-1e+18,0.0
train_0076,10,6,1, ,20,0,False,fallback,0.13333333333333333,1.8181816528925772,6.310357029932924,2,1,3,T,-1e+18,-30,3.5999999999999996,0.0,7,0.0,-10,deltaR,2,3, ,-1e+18,0.0
train_0076,11,5,1, ,20,0,False,fallback,0.13333333333333333,1.6666665277777895,6.350314609453586,2,1,3,T,-1e+18,-30,3.5999999999999996,0.0,6,0.0,-10,deltaR,2,3, ,-1e+18,0.0
train_0076,12,4,1, ,20,0,False,fallback,0.13333333333333333,1.5384614201183524,6.382280673070116,2,1,3,T,-1e+18,-30,3.5999999999999996,0.0,5,0.0,-10,deltaR,2,3, ,-1e+18,0.0
train_0076,13,3,1,T,20,0,False,fallback,0.13333333333333333,1.4285713265306197,6.40785352396334,2,1,3,T,-1e+18,-30,3.5999999999999996,0.0,4,0.0,-10,deltaR,2,3, ,-1e+18,0.0
train_0076,14,2,1, ,20,0,False,fallback,0.13333333333333333,1.3333332444444503,6.428311804677919,2,1,3,T,-1e+18,-30,3.5999999999999996,0.0,3,0.0,-10,deltaR,2,3, ,-1e+18,0.0
train_0076,15,1,1,G,20,0,False,fallback,0.13333333333333333,1.2499999218750049,6.444678429249582,2,1,3,T,-1e+18,-30,3.5999999999999996,0.0,2,0.0,-10,deltaR,2,3, ,-1e+18,0.0
train_0076,16,0,1,S,20,0,False,fallback,0.13333333333333333,1.176470519031146,6.457771728906913,2,1,3,T,-1e+18,-30,3.5999999999999996,0.0,3,0.0,-10,deltaR,2,3, ,-1e+18,0.0
train_0076,17,1,1,G,20,0,False,fallback,0.13333333333333333,1.1111110493827194,6.468246368632777,2,1,3,T,-1e+18,-30,3.5999999999999996,0.0,2,0.0,-10,deltaR,2,3, ,-1e+18,0.0
train_0076,18,0,1,S,20,0,False,fallback,0.13333333333333333,1.0526315235457093,6.476626080413468,2,1,3,T,-1e+18,-30,3.5999999999999996,0.0,3,0.0,-10,deltaR,2,3, ,-1e+18,0.0
train_0076,19,1,1,G,20,0,False,fallback,0.13333333333333333,1.0,6.483329849838022,2,1,3,T,-1e+18,-30,3.5999999999999996,0.0,2,0.0,-10,deltaR,2,3, ,-1e+18,0.0
train_0076,20,0,1,S,20,0,False,fallback,0.13333333333333333,1.0,6.488692865377664,2,1,3,T,-1e+18,-30,3.5999999999999996,0.0,3,0.0,-10,deltaR,2,3, ,-1e+18,0.0
train_0076,21,1,1,G,20,0,False,fallback,0.13333333333333333,1.0,6.492983277809378,2,1,3,T,-1e+18,-30,3.5999999999999996,0.0,2,0.0,-10,deltaR,2,3, ,-1e+18,0.0
train_0076,22,0,1,S,20,0,False,fallback,0.13333333333333333,1.0,6.4964156077547495,2,1,3,T,-1e+18,-30,3.5999999999999996,0.0,3,0.0,-10,deltaR,2,3, ,-1e+18,0.0
train_0076,23,1,1,G,20,0,False,fallback,0.13333333333333333,1.0,6.499161471711046,2,1,3,T,-1e+18,-30,3.5999999999999996,0.0,2,0.0,-10,deltaR,2,3, ,-1e+18,0.0
train_0076,24,0,1,S,20,0,False,fallback,0.13333333333333333,1.0,6.501358162876084,2,1,3,T,-1e+18,-30,3.5999999999999996,0.0,3,0.0,-10,deltaR,2,3, ,-1e+18,0.0
train_0076,25,1,1,G,20,0,False,fallback,0.13333333333333333,1.0,6.503115515808114,2,1,3,T,-1e+18,-30,3.5999999999999996,0.0,2,0.0,-10,deltaR,2,3, ,-1e+18,0.0
train_0076,26,0,1,S,20,0,False,fallback,0.13333333333333333,1.0,6.504521398153738,2,1,3,T,-1e+18,-30,3.5999999999999996,0.0,3,0.0,-10,deltaR,2,3, ,-1e+18,0.0
train_0076,27,1,1,G,20,0,False,fallback,0.13333333333333333,1.0,6.505646104030237,2,1,3,T,-1e+18,-30,3.5999999999999996,0.0,2,0.0,-10,deltaR,2,3, ,-1e+18,0.0
train_0076,28,0,1,S,20,0,False,fallback,0.13333333333333333,1.0,6.506545868731437,2,1,3,T,-1e+18,-30,3.5999999999999996,0.0,3,0.0,-10,deltaR,2,3, ,-1e+18,0.0
train_0076,29,1,1,G,20,0,False,fallback,0.13333333333333333,1.0,6.507265680492396,2,1,3,T,-1e+18,-30,3.5999999999999996,0.0,2,0.0,-10,deltaR,2,3, ,-1e+18,0.0
train_0076,30,0,1,S,20,0,False,fallback,0.13333333333333333,1.0,6.507841529901164,2,1,3,T,-1e+18,-30,3.5999999999999996,0.0,3,0.0,-10,deltaR,2,3, ,-1e+18,0.0
train_0076,31,1,1,G,20,0,False,fallback,0.13333333333333333,1.0,6.5083022094281775,2,1,3,T,-1e+18,-30,3.5999999999999996,0.0,2,0.0,-10,deltaR,2,3, ,-1e+18,0.0
train_0076,32,0,1,S,20,0,False,fallback,0.13333333333333333,1.0,6.508670753049789,2,1,3,T,-1e+18,-30,3.5999999999999996,0.0,3,0.0,-10,deltaR,2,3, ,-1e+18,0.0
train_0076,33,1,1,G,20,0,False,fallback,0.13333333333333333,1.0,6.5089655879470785,2,1,3,T,-1e+18,-30,3.5999999999999996,0.0,2,0.0,-10,deltaR,2,3, ,-1e+18,0.0
train_0076,34,0,1,S,20,0,False,fallback,0.13333333333333333,1.0,6.509201455864909,2,1,3,T,-1e+18,-30,3.5999999999999996,0.0,3,0.0,-10,deltaR,2,3, ,-1e+18,0.0
train_0076,35,1,1,G,20,0,False,fallback,0.13333333333333333,1.0,6.509390150199175,2,1,3,T,-1e+18,-30,3.5999999999999996,0.0,2,0.0,-10,deltaR,2,3, ,-1e+18,0.0
train_0076,36,0,1,S,20,0,False,fallback,0.13333333333333333,1.0,6.509541105666586,2,1,3,T,-1e+18,-30,3.5999999999999996,0.0,3,0.0,-10,deltaR,2,3, ,-1e+18,0.0
train_0076,37,1,1,G,20,0,False,fallback,0.13333333333333333,1.0,6.5096618700405156,2,1,3,T,-1e+18,-30,3.5999999999999996,0.0,2,0.0,-10,deltaR,2,3, ,-1e+18,0.0
train_0076,38,0,1,S,20,0,False,fallback,0.13333333333333333,1.0,6.509758481539659,2,1,3,T,-1e+18,-30,3.5999999999999996,0.0,3,0.0,-10,deltaR,2,3, ,-1e+18,0.0
train_0076,39,1,1,G,20,0,False,fallback,0.13333333333333333,1.0,6.509835770738975,2,1,3,T,-1e+18,-30,3.5999999999999996,0.0,2,0.0,-10,deltaR,2,3, ,-1e+18,0.0
train_0076,40,0,1,S,20,0,False,fallback,0.13333333333333333,1.0,6.509897602098427,2,1,3,T,-1e+18,-30,3.5999999999999996,0.0,3,0.0,-10,deltaR,2,3, ,-1e+18,0.0
train_0076,41,1,1,G,20,0,False,fallback,0.13333333333333333,1.0,6.509947067185988,2,1,3,T,-1e+18,-30,3.5999999999999996,0.0,2,0.0,-10,deltaR,2,3, ,-1e+18,0.0
train_0076,42,0,1,S,20,0,False,fallback,0.13333333333333333,1.0,6.509986639256037,2,1,3,T,-1e+18,-30,3.5999999999999996,0.0,3,0.0,-10,deltaR,2,3, ,-1e+18,0.0
train_0076,43,1,1,G,20,0,False,fallback,0.13333333333333333,1.0,6.510018296912077,2,1,3,T,-1e+18,-30,3.5999999999999996,0.0,2,0.0,-10,deltaR,2,3, ,-1e+18,0.0
train_0076,44,0,1,S,20,0,False,fallback,0.13333333333333333,1.0,6.510043623036908,2,1,3,T,-1e+18,-30,3.5999999999999996,0.0,3,0.0,-10,deltaR,2,3, ,-1e+18,0.0
train_0076,45,1,1,G,20,0,False,fallback,0.13333333333333333,1.0,6.510063883936773,2,1,3,T,-1e+18,-30,3.5999999999999996,0.0,2,0.0,-10,deltaR,2,3, ,-1e+18,0.0
train_0076,46,0,1,S,20,0,False,fallback,0.13333333333333333,1.0,6.510080092656666,2,1,3,T,-1e+18,-30,3.5999999999999996,0.0,3,0.0,-10,deltaR,2,3, ,-1e+18,0.0
train_0076,47,1,1,G,20,0,False,fallback,0.13333333333333333,1.0,6.510093059632579,2,1,3,T,-1e+18,-30,3.5999999999999996,0.0,2,0.0,-10,deltaR,2,3, ,-1e+18,0.0
train_0076,48,0,1,S,20,0,False,fallback,0.13333333333333333,1.0,6.5101034332133105,2,1,3,T,-1e+18,-30,3.5999999999999996,0.0,3,0.0,-10,deltaR,2,3, ,-1e+18,0.0
train_0076,49,1,1,G,20,0,False,fallback,0.13333333333333333,1.0,6.510111732077895,2,1,3,T,-1e+18,-30,3.5999999999999996,0.0,2,0.0,-10,deltaR,2,3, ,-1e+18,0.0
train_0076,50,0,1,S,20,0,False,fallback,0.13333333333333333,1.0,6.510118371169563,2,1,3,T,-1e+18,-30,3.5999999999999996,0.0,3,0.0,-10,deltaR,2,3, ,-1e+18,0.0
train_0076,51,1,1,G,20,0,False,fallback,0.13333333333333333,1.0,6.510123682442897,2,1,3,T,-1e+18,-30,3.5999999999999996,0.0,2,0.0,-10,deltaR,2,3, ,-1e+18,0.0
train_0076,52,0,1,S,20,0,False,fallback,0.13333333333333333,1.0,6.5101279314615645,2,1,3,T,-1e+18,-30,3.5999999999999996,0.0,3,0.0,-10,deltaR,2,3, ,-1e+18,0.0
train_0076,53,1,1,G,20,0,False,fallback,0.13333333333333333,1.0,6.510131330676498,2,1,3,T,-1e+18,-30,3.5999999999999996,0.0,2,0.0,-10,deltaR,2,3, ,-1e+18,0.0
train_0076,54,0,1,S,20,0,False,fallback,0.13333333333333333,1.0,6.510134050048445,2,1,3,T,-1e+18,-30,3.5999999999999996,0.0,3,0.0,-10,deltaR,2,3, ,-1e+18,0.0
train_0076,55,1,1,G,20,0,False,fallback,0.13333333333333333,1.0,6.510136225546003,2,1,3,T,-1e+18,-30,3.5999999999999996,0.0,2,0.0,-10,deltaR,2,3, ,-1e+18,0.0
train_0076,56,0,1,S,20,0,False,fallback,0.13333333333333333,1.0,6.5101379659440495,2,1,3,T,-1e+18,-30,3.5999999999999996,0.0,3,0.0,-10,deltaR,2,3, ,-1e+18,0.0
train_0076,57,1,1,G,20,0,False,fallback,0.13333333333333333,1.0,6.510139358262486,2,1,3,T,-1e+18,-30,3.5999999999999996,0.0,2,0.0,-10,deltaR,2,3, ,-1e+18,0.0
train_0076,58,0,1,S,20,0,False,fallback,0.13333333333333333,1.0,6.510140472117236,2,1,3,T,-1e+18,-30,3.5999999999999996,0.0,3,0.0,-10,deltaR,2,3, ,-1e+18,0.0
train_0076,59,1,1,G,20,0,False,fallback,0.13333333333333333,1.0,6.510141363201035,2,1,3,T,-1e+18,-30,3.5999999999999996,0.0,2,0.0,-10,deltaR,2,3, ,-1e+18,0.0
train_0076,60,0,1,S,20,0,False,fallback,0.13333333333333333,1.0,6.5101420760680755,2,1,3,T,-1e+18,-30,3.5999999999999996,0.0,3,0.0,-10,deltaR,2,3, ,-1e+18,0.0
train_0076,61,1,1,G,20,0,False,fallback,0.13333333333333333,1.0,6.510142646361707,2,1,3,T,-1e+18,-30,3.5999999999999996,0.0,2,0.0,-10,deltaR,2,3, ,-1e+18,0.0
train_0076,62,0,1,S,20,0,False,fallback,0.13333333333333333,1.0,6.510143102596612,2,1,3,T,-1e+18,-30,3.5999999999999996,0.0,3,0.0,-10,deltaR,2,3, ,-1e+18,0.0
train_0076,63,1,1,G,20,0,False,fallback,0.13333333333333333,1.0,6.510143467584537,2,1,3,T,-1e+18,-30,3.5999999999999996,0.0,2,0.0,-10,deltaR,2,3, ,-1e+18,0.0
train_0076,64,0,1,S,20,0,False,fallback,0.13333333333333333,1.0,6.510143759574876,2,1,3,T,-1e+18,-30,3.5999999999999996,0.0,3,0.0,-10,deltaR,2,3, ,-1e+18,0.0
train_0076,65,1,1,G,20,0,False,fallback,0.13333333333333333,1.0,6.510143993167148,2,1,3,T,-1e+18,-30,3.5999999999999996,0.0,2,0.0,-10,deltaR,2,3, ,-1e+18,0.0
train_0076,66,0,1,S,20,0,False,fallback,0.13333333333333333,1.0,6.510144180040965,2,1,3,T,-1e+18,-30,3.5999999999999996,0.0,3,0.0,-10,deltaR,2,3, ,-1e+18,0.0
train_0076,67,1,1,G,20,0,False,fallback,0.13333333333333333,1.0,6.510144329540019,2,1,3,T,-1e+18,-30,3.5999999999999996,0.0,2,0.0,-10,deltaR,2,3, ,-1e+18,0.0
train_0076,68,0,1,S,20,0,False,fallback,0.13333333333333333,1.0,6.510144449139262,2,1,3,T,-1e+18,-30,3.5999999999999996,0.0,3,0.0,-10,deltaR,2,3, ,-1e+18,0.0
train_0076,69,1,1,G,20,0,False,fallback,0.13333333333333333,1.0,6.510144544818656,2,1,3,T,-1e+18,-30,3.5999999999999996,0.0,2,0.0,-10,deltaR,2,3, ,-1e+18,0.0
train_0076,70,0,1,S,20,0,False,fallback,0.13333333333333333,1.0,6.510144621362172,2,1,3,T,-1e+18,-30,3.5999999999999996,0.0,3,0.0,-10,deltaR,2,3, ,-1e+18,0.0
train_0076,71,1,1,G,20,0,False,fallback,0.13333333333333333,1.0,6.510144682596985,2,1,3,T,-1e+18,-30,3.5999999999999996,0.0,2,0.0,-10,deltaR,2,3, ,-1e+18,0.0
train_0076,72,0,1,S,20,0,False,fallback,0.13333333333333333,1.0,6.510144731584835,2,1,3,T,-1e+18,-30,3.5999999999999996,0.0,3,0.0,-10,deltaR,2,3, ,-1e+18,0.0
train_0076,73,1,1,G,20,0,False,fallback,0.13333333333333333,1.0,6.510144770775114,2,1,3,T,-1e+18,-30,3.5999999999999996,0.0,2,0.0,-10,deltaR,2,3, ,-1e+18,0.0
train_0076,74,0,1,S,20,0,False,fallback,0.13333333333333333,1.0,6.510144802127338,2,1,3,T,-1e+18,-30,3.5999999999999996,0.0,3,0.0,-10,deltaR,2,3, ,-1e+18,0.0
train_0076,75,1,1,G,20,0,False,fallback,0.13333333333333333,1.0,6.510144827209118,2,1,3,T,-1e+18,-30,3.5999999999999996,0.0,2,0.0,-10,deltaR,2,3, ,-1e+18,0.0
train_0076,76,0,1,S,20,0,False,fallback,0.13333333333333333,1.0,6.510144847274541,2,1,3,T,-1e+18,-30,3.5999999999999996,0.0,3,0.0,-10,deltaR,2,3, ,-1e+18,0.0
train_0076,77,1,1,G,20,0,False,fallback,0.13333333333333333,1.0,6.51014486332688,2,1,3,T,-1e+18,-30,3.5999999999999996,0.0,2,0.0,-10,deltaR,2,3, ,-1e+18,0.0
train_0076,78,0,1,S,20,0,False,fallback,0.13333333333333333,1.0,6.51014487616875,2,1,3,T,-1e+18,-30,3.5999999999999996,0.0,3,0.0,-10,deltaR,2,3, ,-1e+18,0.0
train_0076,79,1,1,G,20,0,False,fallback,0.13333333333333333,1.0,6.510144886442247,2,1,3,T,-1e+18,-30,3.5999999999999996,0.0,2,0.0,-10,deltaR,2,3, ,-1e+18,0.0
train_0076,80,0,1,S,20,0,False,fallback,0.13333333333333333,1.0,6.510144894661044,2,1,3,T,-1e+18,-30,3.5999999999999996,0.0,3,0.0,-10,deltaR,2,3, ,-1e+18,0.0
train_0076,81,1,1,G,20,0,False,fallback,0.13333333333333333,1.0,6.510144901236083,2,1,3,T,-1e+18,-30,3.5999999999999996,0.0,2,0.0,-10,deltaR,2,3, ,-1e+18,0.0
train_0076,82,0,1,S,20,0,False,fallback,0.13333333333333333,1.0,6.510144906496113,2,1,3,T,-1e+18,-30,3.5999999999999996,0.0,3,0.0,-10,deltaR,2,3, ,-1e+18,0.0
train_0076,83,1,1,G,20,0,False,fallback,0.13333333333333333,1.0,6.510144910704137,2,1,3,T,-1e+18,-30,3.5999999999999996,0.0,2,0.0,-10,deltaR,2,3, ,-1e+18,0.0
train_0076,84,0,1,S,20,0,False,fallback,0.13333333333333333,1.0,6.5101449140705565,2,1,3,T,-1e+18,-30,3.5999999999999996,0.0,3,0.0,-10,deltaR,2,3, ,-1e+18,0.0
train_0076,85,1,1,G,20,0,False,fallback,0.13333333333333333,1.0,6.510144916763692,2,1,3,T,-1e+18,-30,3.5999999999999996,0.0,2,0.0,-10,deltaR,2,3, ,-1e+18,0.0
train_0076,86,0,1,S,20,0,False,fallback,0.13333333333333333,1.0,6.510144918918201,2,1,3,T,-1e+18,-30,3.5999999999999996,0.0,3,0.0,-10,deltaR,2,3, ,-1e+18,0.0
train_0076,87,1,1,G,20,0,False,fallback,0.13333333333333333,1.0,6.510144920641808,2,1,3,T,-1e+18,-30,3.5999999999999996,0.0,2,0.0,-10,deltaR,2,3, ,-1e+18,0.0
train_0076,88,0,1,S,20,0,False,fallback,0.13333333333333333,1.0,6.510144922020693,2,1,3,T,-1e+18,-30,3.5999999999999996,0.0,3,0.0,-10,deltaR,2,3, ,-1e+18,0.0
train_0076,89,1,1,G,20,0,False,fallback,0.13333333333333333,1.0,6.510144923123801,2,1,3,T,-1e+18,-30,3.5999999999999996,0.0,2,0.0,-10,deltaR,2,3, ,-1e+18,0.0
train_0076,90,0,1,S,20,0,False,fallback,0.13333333333333333,1.0,6.510144924006288,2,1,3,T,-1e+18,-30,3.5999999999999996,0.0,3,0.0,-10,deltaR,2,3, ,-1e+18,0.0
train_0076,91,1,1,G,20,0,False,fallback,0.13333333333333333,1.0,6.510144924712277,2,1,3,T,-1e+18,-30,3.5999999999999996,0.0,2,0.0,-10,deltaR,2,3, ,-1e+18,0.0
train_0076,92,0,1,S,20,0,False,fallback,0.13333333333333333,1.0,6.510144925277069,2,1,3,T,-1e+18,-30,3.5999999999999996,0.0,3,0.0,-10,deltaR,2,3, ,-1e+18,0.0
train_0076,93,1,1,G,20,0,False,fallback,0.13333333333333333,1.0,6.510144925728902,2,1,3,T,-1e+18,-30,3.5999999999999996,0.0,2,0.0,-10,deltaR,2,3, ,-1e+18,0.0
train_0076,94,0,1,S,20,0,False,fallback,0.13333333333333333,1.0,6.510144926090368,2,1,3,T,-1e+18,-30,3.5999999999999996,0.0,3,0.0,-10,deltaR,2,3, ,-1e+18,0.0
train_0076,95,1,1,G,20,0,False,fallback,0.13333333333333333,1.0,6.5101449263795415,2,1,3,T,-1e+18,-30,3.5999999999999996,0.0,2,0.0,-10,deltaR,2,3, ,-1e+18,0.0
train_0076,96,0,1,S,20,0,False,fallback,0.13333333333333333,1.0,6.51014492661088,2,1,3,T,-1e+18,-30,3.5999999999999996,0.0,3,0.0,-10,deltaR,2,3, ,-1e+18,0.0
train_0076,97,1,1,G,20,0,False,fallback,0.13333333333333333,1.0,6.510144926795951,2,1,3,T,-1e+18,-30,3.5999999999999996,0.0,2,0.0,-10,deltaR,2,3, ,-1e+18,0.0
train_0076,98,0,1,S,20,0,False,fallback,0.13333333333333333,1.0,6.510144926944007,2,1,3,T,-1e+18,-30,3.5999999999999996,0.0,3,0.0,-10,deltaR,2,3, ,-1e+18,0.0
train_0076,99,1,1,G,20,0,False,fallback,0.13333333333333333,1.0,6.510144927062453,2,1,3,T,-1e+18,-30,3.5999999999999996,0.0,2,0.0,-10,deltaR,2,3, ,-1e+18,0.0
train_0076,100,0,1,S,20,0,False,fallback,0.13333333333333333,1.0,6.510144927157209,2,1,3,T,-1e+18,-30,3.5999999999999996,0.0,3,0.0,-10,deltaR,2,3, ,-1e+18,0.0
train_0076,101,1,1,G,20,0,False,fallback,0.13333333333333333,1.0,6.510144927233014,2,1,3,T,-1e+18,-30,3.5999999999999996,0.0,2,0.0,-10,deltaR,2,3, ,-1e+18,0.0
train_0076,102,0,1,S,20,0,False,fallback,0.13333333333333333,1.0,6.510144927293658,2,1,3,T,-1e+18,-30,3.5999999999999996,0.0,3,0.0,-10,deltaR,2,3, ,-1e+18,0.0
train_0076,103,1,1,G,20,0,False,fallback,0.13333333333333333,1.0,6.510144927342173,2,1,3,T,-1e+18,-30,3.5999999999999996,0.0,2,0.0,-10,deltaR,2,3, ,-1e+18,0.0
train_0076,104,0,1,S,20,0,False,fallback,0.13333333333333333,1.0,6.510144927380986,2,1,3,T,-1e+18,-30,3.5999999999999996,0.0,3,0.0,-10,deltaR,2,3, ,-1e+18,0.0
train_0076,105,1,1,G,20,0,False,fallback,0.13333333333333333,1.0,6.5101449274120355,2,1,3,T,-1e+18,-30,3.5999999999999996,0.0,2,0.0,-10,deltaR,2,3, ,-1e+18,0.0
train_0076,106,0,1,S,20,0,False,fallback,0.13333333333333333,1.0,6.510144927436875,2,1,3,T,-1e+18,-30,3.5999999999999996,0.0,3,0.0,-10,deltaR,2,3, ,-1e+18,0.0
train_0076,107,1,1,G,20,0,False,fallback,0.13333333333333333,1.0,6.510144927456747,2,1,3,T,-1e+18,-30,3.5999999999999996,0.0,2,0.0,-10,deltaR,2,3, ,-1e+18,0.0
train_0076,108,0,1,S,20,0,False,fallback,0.13333333333333333,1.0,6.510144927472645,2,1,3,T,-1e+18,-30,3.5999999999999996,0.0,3,0.0,-10,deltaR,2,3, ,-1e+18,0.0
train_0076,109,1,1,G,20,0,False,fallback,0.13333333333333333,1.0,6.510144927485363,2,1,3,T,-1e+18,-30,3.5999999999999996,0.0,2,0.0,-10,deltaR,2,3, ,-1e+18,0.0
train_0076,110,0,1,S,20,0,False,fallback,0.13333333333333333,1.0,6.510144927495537,2,1,3,T,-1e+18,-30,3.5999999999999996,0.0,3,0.0,-10,deltaR,2,3, ,-1e+18,0.0
train_0076,111,1,1,G,20,0,False,fallback,0.13333333333333333,1.0,6.510144927503676,2,1,3,T,-1e+18,-30,3.5999999999999996,0.0,2,0.0,-10,deltaR,2,3, ,-1e+18,0.0
train_0076,112,0,1,S,20,0,False,fallback,0.13333333333333333,1.0,6.510144927510187,2,1,3,T,-1e+18,-30,3.5999999999999996,0.0,3,0.0,-10,deltaR,2,3, ,-1e+18,0.0
train_0076,113,1,1,G,20,0,False,fallback,0.13333333333333333,1.0,6.510144927515396,2,1,3,T,-1e+18,-30,3.5999999999999996,0.0,2,0.0,-10,deltaR,2,3, ,-1e+18,0.0
train_0076,114,0,1,S,20,0,False,fallback,0.13333333333333333,1.0,6.510144927519564,2,1,3,T,-1e+18,-30,3.5999999999999996,0.0,3,0.0,-10,deltaR,2,3, ,-1e+18,0.0
train_0076,115,1,1,G,20,0,False,fallback,0.13333333333333333,1.0,6.510144927522898,2,1,3,T,-1e+18,-30,3.5999999999999996,0.0,2,0.0,-10,deltaR,2,3, ,-1e+18,0.0
train_0076,116,0,1,S,20,0,False,fallback,0.13333333333333333,1.0,6.510144927525565,2,1,3,T,-1e+18,-30,3.5999999999999996,0.0,3,0.0,-10,deltaR,2,3, ,-1e+18,0.0
train_0076,117,1,1,G,20,0,False,fallback,0.13333333333333333,1.0,6.510144927527699,2,1,3,T,-1e+18,-30,3.5999999999999996,0.0,2,0.0,-10,deltaR,2,3, ,-1e+18,0.0
train_0076,118,0,1,S,20,0,False,fallback,0.13333333333333333,1.0,6.510144927529406,2,1,3,T,-1e+18,-30,3.5999999999999996,0.0,3,0.0,-10,deltaR,2,3, ,-1e+18,0.0
train_0076,119,1,1,G,20,0,False,fallback,0.13333333333333333,1.0,6.510144927530772,2,1,3,T,-1e+18,-30,3.5999999999999996,0.0,2,0.0,-10,deltaR,2,3, ,-1e+18,0.0
train_0076,120,0,1,S,20,0,False,fallback,0.13333333333333333,1.0,6.510144927531864,2,1,3,T,-1e+18,-30,3.5999999999999996,0.0,3,0.0,-10,deltaR,2,3, ,-1e+18,0.0
train_0076,121,1,1,G,20,0,False,fallback,0.13333333333333333,1.0,6.510144927532738,2,1,3,T,-1e+18,-30,3.5999999999999996,0.0,2,0.0,-10,deltaR,2,3, ,-1e+18,0.0
train_0076,122,0,1,S,20,0,False,fallback,0.13333333333333333,1.0,6.510144927533437,2,1,3,T,-1e+18,-30,3.5999999999999996,0.0,3,0.0,-10,deltaR,2,3, ,-1e+18,0.0
train_0076,123,1,1,G,20,0,False,fallback,0.13333333333333333,1.0,6.510144927533997,2,1,3,T,-1e+18,-30,3.5999999999999996,0.0,2,0.0,-10,deltaR,2,3, ,-1e+18,0.0
train_0076,124,0,1,S,20,0,False,fallback,0.13333333333333333,1.0,6.510144927534444,2,1,3,T,-1e+18,-30,3.5999999999999996,0.0,3,0.0,-10,deltaR,2,3, ,-1e+18,0.0
train_0076,125,1,1,G,20,0,False,fallback,0.13333333333333333,1.0,6.510144927534802,2,1,3,T,-1e+18,-30,3.5999999999999996,0.0,2,0.0,-10,deltaR,2,3, ,-1e+18,0.0
train_0076,126,0,1,S,20,0,False,fallback,0.13333333333333333,1.0,6.510144927535088,2,1,3,T,-1e+18,-30,3.5999999999999996,0.0,3,0.0,-10,deltaR,2,3, ,-1e+18,0.0
train_0076,127,1,1,G,20,0,False,fallback,0.13333333333333333,1.0,6.510144927535317,2,1,3,T,-1e+18,-30,3.5999999999999996,0.0,2,0.0,-10,deltaR,2,3, ,-1e+18,0.0
train_0076,128,0,1,S,20,0,False,fallback,0.13333333333333333,1.0,6.5101449275355,2,1,3,T,-1e+18,-30,3.5999999999999996,0.0,3,0.0,-10,deltaR,2,3, ,-1e+18,0.0
train_0076,129,1,1,G,20,0,False,fallback,0.13333333333333333,1.0,6.510144927535647,2,1,3,T,-1e+18,-30,3.5999999999999996,0.0,2,0.0,-10,deltaR,2,3, ,-1e+18,0.0
train_0076,130,0,1,S,20,0,False,fallback,0.13333333333333333,1.0,6.510144927535764,2,1,3,T,-1e+18,-30,3.5999999999999996,0.0,3,0.0,-10,deltaR,2,3, ,-1e+18,0.0
train_0076,131,1,1,G,20,0,False,fallback,0.13333333333333333,1.0,6.510144927535858,2,1,3,T,-1e+18,-30,3.5999999999999996,0.0,2,0.0,-10,deltaR,2,3, ,-1e+18,0.0
train_0076,132,0,1,S,20,0,False,fallback,0.13333333333333333,1.0,6.510144927535934,2,1,3,T,-1e+18,-30,3.5999999999999996,0.0,3,0.0,-10,deltaR,2,3, ,-1e+18,0.0
train_0076,133,1,1,G,20,0,False,fallback,0.13333333333333333,1.0,6.510144927535994,2,1,3,T,-1e+18,-30,3.5999999999999996,0.0,2,0.0,-10,deltaR,2,3, ,-1e+18,0.0
train_0076,134,0,1,S,20,0,False,fallback,0.13333333333333333,1.0,6.510144927536042,2,1,3,T,-1e+18,-30,3.5999999999999996,0.0,3,0.0,-10,deltaR,2,3, ,-1e+18,0.0
train_0076,135,1,1,G,20,0,False,fallback,0.13333333333333333,1.0,6.51014492753608,2,1,3,T,-1e+18,-30,3.5999999999999996,0.0,2,0.0,-10,deltaR,2,3, ,-1e+18,0.0
train_0076,136,0,1,S,20,0,False,fallback,0.13333333333333333,1.0,6.510144927536111,2,1,3,T,-1e+18,-30,3.5999999999999996,0.0,3,0.0,-10,deltaR,2,3, ,-1e+18,0.0
train_0076,137,1,1,G,20,0,False,fallback,0.13333333333333333,1.0,6.510144927536136,2,1,3,T,-1e+18,-30,3.5999999999999996,0.0,2,0.0,-10,deltaR,2,3, ,-1e+18,0.0
train_0076,138,0,1,S,20,0,False,fallback,0.13333333333333333,1.0,6.510144927536156,2,1,3,T,-1e+18,-30,3.5999999999999996,0.0,3,0.0,-10,deltaR,2,3, ,-1e+18,0.0
train_0076,139,1,1,G,20,0,False,fallback,0.13333333333333333,1.0,6.510144927536172,2,1,3,T,-1e+18,-30,3.5999999999999996,0.0,2,0.0,-10,deltaR,2,3, ,-1e+18,0.0
train_0076,140,0,1,S,20,0,False,fallback,0.13333333333333333,1.0,6.510144927536184,2,1,3,T,-1e+18,-30,3.5999999999999996,0.0,3,0.0,-10,deltaR,2,3, ,-1e+18,0.0
train_0076,141,1,1,G,20,0,False,fallback,0.13333333333333333,1.0,6.510144927536194,2,1,3,T,-1e+18,-30,3.5999999999999996,0.0,2,0.0,-10,deltaR,2,3, ,-1e+18,0.0
train_0076,142,0,1,S,20,0,False,fallback,0.13333333333333333,1.0,6.510144927536202,2,1,3,T,-1e+18,-30,3.5999999999999996,0.0,3,0.0,-10,deltaR,2,3, ,-1e+18,0.0
train_0076,143,1,1,G,20,0,False,fallback,0.13333333333333333,1.0,6.510144927536208,2,1,3,T,-1e+18,-30,3.5999999999999996,0.0,2,0.0,-10,deltaR,2,3, ,-1e+18,0.0
train_0076,144,0,1,S,20,0,False,fallback,0.13333333333333333,1.0,6.5101449275362135,2,1,3,T,-1e+18,-30,3.5999999999999996,0.0,3,0.0,-10,deltaR,2,3, ,-1e+18,0.0
train_0076,145,1,1,G,20,0,False,fallback,0.13333333333333333,1.0,6.510144927536218,2,1,3,T,-1e+18,-30,3.5999999999999996,0.0,2,0.0,-10,deltaR,2,3, ,-1e+18,0.0
train_0076,146,0,1,S,20,0,False,fallback,0.13333333333333333,1.0,6.5101449275362215,2,1,3,T,-1e+18,-30,3.5999999999999996,0.0,3,0.0,-10,deltaR,2,3, ,-1e+18,0.0
train_0076,147,1,1,G,20,0,False,fallback,0.13333333333333333,1.0,6.510144927536224,2,1,3,T,-1e+18,-30,3.5999999999999996,0.0,2,0.0,-10,deltaR,2,3, ,-1e+18,0.0
train_0076,148,0,1,S,20,0,False,fallback,0.13333333333333333,1.0,6.510144927536226,2,1,3,T,-1e+18,-30,3.5999999999999996,0.0,3,0.0,-10,deltaR,2,3, ,-1e+18,0.0
train_0076,149,1,1,G,20,0,False,fallback,0.13333333333333333,1.0,6.510144927536228,2,1,3,T,-1e+18,-30,3.5999999999999996,0.0,2,0.0,-10,deltaR,2,3, ,-1e+18,0.0
train_0076,150,0,1,S,20,0,False,fallback,0.13333333333333333,1.0,6.510144927536229,2,1,3,T,-1e+18,-30,3.5999999999999996,0.0,3,0.0,-10,deltaR,2,3, ,-1e+18,0.0
train_0076,151,1,1,G,20,0,False,fallback,0.13333333333333333,1.0,6.5101449275362295,2,1,3,T,-1e+18,-30,3.5999999999999996,0.0,2,0.0,-10,deltaR,2,3, ,-1e+18,0.0
train_0076,152,0,1,S,20,0,False,fallback,0.13333333333333333,1.0,6.51014492753623,2,1,3,T,-1e+18,-30,3.5999999999999996,0.0,3,0.0,-10,deltaR,2,3, ,-1e+18,0.0
train_0076,153,1,1,G,20,0,False,fallback,0.13333333333333333,1.0,6.510144927536231,2,1,3,T,-1e+18,-30,3.5999999999999996,0.0,2,0.0,-10,deltaR,2,3, ,-1e+18,0.0
train_0076,154,0,1,S,20,0,False,fallback,0.13333333333333333,1.0,6.510144927536232,2,1,3,T,-1e+18,-30,3.5999999999999996,0.0,3,0.0,-10,deltaR,2,3, ,-1e+18,0.0
train_0076,155,1,1,G,20,0,False,fallback,0.13333333333333333,1.0,6.510144927536232,2,1,3,T,-1e+18,-30,3.5999999999999996,0.0,2,0.0,-10,deltaR,2,3, ,-1e+18,0.0
train_0076,156,0,1,S,20,0,False,fallback,0.13333333333333333,1.0,6.510144927536232,2,1,3,T,-1e+18,-30,3.5999999999999996,0.0,3,0.0,-10,deltaR,2,3, ,-1e+18,0.0
train_0076,157,1,1,G,20,0,False,fallback,0.13333333333333333,1.0,6.510144927536232,2,1,3,T,-1e+18,-30,3.5999999999999996,0.0,2,0.0,-10,deltaR,2,3, ,-1e+18,0.0
train_0076,158,0,1,S,20,0,False,fallback,0.13333333333333333,1.0,6.510144927536232,2,1,3,T,-1e+18,-30,3.5999999999999996,0.0,3,0.0,-10,deltaR,2,3, ,-1e+18,0.0
train_0076,159,1,1,G,20,0,False,fallback,0.13333333333333333,1.0,6.510144927536232,2,1,3,T,-1e+18,-30,3.5999999999999996,0.0,2,0.0,-10,deltaR,2,3, ,-1e+18,0.0
train_0076,160,0,1,S,20,0,False,fallback,0.13333333333333333,1.0,6.510144927536232,2,1,3,T,-1e+18,-30,3.5999999999999996,0.0,3,0.0,-10,deltaR,2,3, ,-1e+18,0.0
train_0076,161,1,1,G,20,0,False,fallback,0.13333333333333333,1.0,6.510144927536232,2,1,3,T,-1e+18,-30,3.5999999999999996,0.0,2,0.0,-10,deltaR,2,3, ,-1e+18,0.0
train_0076,162,0,1,S,20,0,False,fallback,0.13333333333333333,1.0,6.510144927536232,2,1,3,T,-1e+18,-30,3.5999999999999996,0.0,3,0.0,-10,deltaR,2,3, ,-1e+18,0.0
train_0076,163,1,1,G,20,0,False,fallback,0.13333333333333333,1.0,6.510144927536232,2,1,3,T,-1e+18,-30,3.5999999999999996,0.0,2,0.0,-10,deltaR,2,3, ,-1e+18,0.0
train_0076,164,0,1,S,20,0,False,fallback,0.13333333333333333,1.0,6.510144927536232,2,1,3,T,-1e+18,-30,3.5999999999999996,0.0,3,0.0,-10,deltaR,2,3, ,-1e+18,0.0
train_0076,165,1,1,G,20,0,False,fallback,0.13333333333333333,1.0,6.510144927536232,2,1,3,T,-1e+18,-30,3.5999999999999996,0.0,2,0.0,-10,deltaR,2,3, ,-1e+18,0.0
train_0076,166,0,1,S,20,0,False,fallback,0.13333333333333333,1.0,6.510144927536232,2,1,3,T,-1e+18,-30,3.5999999999999996,0.0,3,0.0,-10,deltaR,2,3, ,-1e+18,0.0
train_0076,167,1,1,G,20,0,False,fallback,0.13333333333333333,1.0,6.510144927536232,2,1,3,T,-1e+18,-30,3.5999999999999996,0.0,2,0.0,-10,deltaR,2,3, ,-1e+18,0.0
train_0076,168,0,1,S,20,0,False,fallback,0.13333333333333333,1.0,6.510144927536232,2,1,3,T,-1e+18,-30,3.5999999999999996,0.0,3,0.0,-10,deltaR,2,3, ,-1e+18,0.0
train_0076,169,1,1,G,20,0,False,fallback,0.13333333333333333,1.0,6.510144927536232,2,1,3,T,-1e+18,-30,3.5999999999999996,0.0,2,0.0,-10,deltaR,2,3, ,-1e+18,0.0
train_0076,170,0,1,S,20,0,False,fallback,0.13333333333333333,1.0,6.510144927536232,2,1,3,T,-1e+18,-30,3.5999999999999996,0.0,3,0.0,-10,deltaR,2,3, ,-1e+18,0.0
train_0076,171,1,1,G,20,0,False,fallback,0.13333333333333333,1.0,6.510144927536232,2,1,3,T,-1e+18,-30,3.5999999999999996,0.0,2,0.0,-10,deltaR,2,3, ,-1e+18,0.0
train_0076,172,0,1,S,20,0,False,fallback,0.13333333333333333,1.0,6.510144927536232,2,1,3,T,-1e+18,-30,3.5999999999999996,0.0,3,0.0,-10,deltaR,2,3, ,-1e+18,0.0
train_0076,173,1,1,G,20,0,False,fallback,0.13333333333333333,1.0,6.510144927536232,2,1,3,T,-1e+18,-30,3.5999999999999996,0.0,2,0.0,-10,deltaR,2,3, ,-1e+18,0.0
train_0076,174,0,1,S,20,0,False,fallback,0.13333333333333333,1.0,6.510144927536232,2,1,3,T,-1e+18,-30,3.5999999999999996,0.0,3,0.0,-10,deltaR,2,3, ,-1e+18,0.0
train_0076,175,1,1,G,20,0,False,fallback,0.13333333333333333,1.0,6.510144927536232,2,1,3,T,-1e+18,-30,3.5999999999999996,0.0,2,0.0,-10,deltaR,2,3, ,-1e+18,0.0
train_0076,176,0,1,S,20,0,False,fallback,0.13333333333333333,1.0,6.510144927536232,2,1,3,T,-1e+18,-30,3.5999999999999996,0.0,3,0.0,-10,deltaR,2,3, ,-1e+18,0.0
train_0076,177,1,1,G,20,0,False,fallback,0.13333333333333333,1.0,6.510144927536232,2,1,3,T,-1e+18,-30,3.5999999999999996,0.0,2,0.0,-10,deltaR,2,3, ,-1e+18,0.0
train_0076,178,0,1,S,20,0,False,fallback,0.13333333333333333,1.0,6.510144927536232,2,1,3,T,-1e+18,-30,3.5999999999999996,0.0,3,0.0,-10,deltaR,2,3, ,-1e+18,0.0
train_0076,179,1,1,G,20,0,False,fallback,0.13333333333333333,1.0,6.510144927536232,2,1,3,T,-1e+18,-30,3.5999999999999996,0.0,2,0.0,-10,deltaR,2,3, ,-1e+18,0.0
train_0076,180,0,1,S,20,0,False,fallback,0.13333333333333333,1.0,6.510144927536232,2,1,3,T,-1e+18,-30,3.5999999999999996,0.0,3,0.0,-10,deltaR,2,3, ,-1e+18,0.0
train_0076,181,1,1,G,20,0,False,fallback,0.13333333333333333,1.0,6.510144927536232,2,1,3,T,-1e+18,-30,3.5999999999999996,0.0,2,0.0,-10,deltaR,2,3, ,-1e+18,0.0
train_0076,182,0,1,S,20,0,False,fallback,0.13333333333333333,1.0,6.510144927536232,2,1,3,T,-1e+18,-30,3.5999999999999996,0.0,3,0.0,-10,deltaR,2,3, ,-1e+18,0.0
train_0076,183,1,1,G,20,0,False,fallback,0.13333333333333333,1.0,6.510144927536232,2,1,3,T,-1e+18,-30,3.5999999999999996,0.0,2,0.0,-10,deltaR,2,3, ,-1e+18,0.0
train_0076,184,0,1,S,20,0,False,fallback,0.13333333333333333,1.0,6.510144927536232,2,1,3,T,-1e+18,-30,3.5999999999999996,0.0,3,0.0,-10,deltaR,2,3, ,-1e+18,0.0
train_0076,185,1,1,G,20,0,False,fallback,0.13333333333333333,1.0,6.510144927536232,2,1,3,T,-1e+18,-30,3.5999999999999996,0.0,2,0.0,-10,deltaR,2,3, ,-1e+18,0.0
train_0076,186,0,1,S,20,0,False,fallback,0.13333333333333333,1.0,6.510144927536232,2,1,3,T,-1e+18,-30,3.5999999999999996,0.0,3,0.0,-10,deltaR,2,3, ,-1e+18,0.0
train_0076,187,1,1,G,20,0,False,fallback,0.13333333333333333,1.0,6.510144927536232,2,1,3,T,-1e+18,-30,3.5999999999999996,0.0,2,0.0,-10,deltaR,2,3, ,-1e+18,0.0
train_0076,188,0,1,S,20,0,False,fallback,0.13333333333333333,1.0,6.510144927536232,2,1,3,T,-1e+18,-30,3.5999999999999996,0.0,3,0.0,-10,deltaR,2,3, ,-1e+18,0.0
train_0076,189,1,1,G,20,0,False,fallback,0.13333333333333333,1.0,6.510144927536232,2,1,3,T,-1e+18,-30,3.5999999999999996,0.0,2,0.0,-10,deltaR,2,3, ,-1e+18,0.0
train_0076,190,0,1,S,20,0,False,fallback,0.13333333333333333,1.0,6.510144927536232,2,1,3,T,-1e+18,-30,3.5999999999999996,0.0,3,0.0,-10,deltaR,2,3, ,-1e+18,0.0
train_0076,191,1,1,G,20,0,False,fallback,0.13333333333333333,1.0,6.510144927536232,2,1,3,T,-1e+18,-30,3.5999999999999996,0.0,2,0.0,-10,deltaR,2,3, ,-1e+18,0.0
train_0076,192,0,1,S,20,0,False,fallback,0.13333333333333333,1.0,6.510144927536232,2,1,3,T,-1e+18,-30,3.5999999999999996,0.0,3,0.0,-10,deltaR,2,3, ,-1e+18,0.0
train_0076,193,1,1,G,20,0,False,fallback,0.13333333333333333,1.0,6.510144927536232,2,1,3,T,-1e+18,-30,3.5999999999999996,0.0,2,0.0,-10,deltaR,2,3, ,-1e+18,0.0
train_0076,194,0,1,S,20,0,False,fallback,0.13333333333333333,1.0,6.510144927536232,2,1,3,T,-1e+18,-30,3.5999999999999996,0.0,3,0.0,-10,deltaR,2,3, ,-1e+18,0.0
train_0076,195,1,1,G,20,0,False,fallback,0.13333333333333333,1.0,6.510144927536232,2,1,3,T,-1e+18,-30,3.5999999999999996,0.0,2,0.0,-10,deltaR,2,3, ,-1e+18,0.0
train_0076,196,0,1,S,20,0,False,fallback,0.13333333333333333,1.0,6.510144927536232,2,1,3,T,-1e+18,-30,3.5999999999999996,0.0,3,0.0,-10,deltaR,2,3, ,-1e+18,0.0
train_0076,197,1,1,G,20,0,False,fallback,0.13333333333333333,1.0,6.510144927536232,2,1,3,T,-1e+18,-30,3.5999999999999996,0.0,2,0.0,-10,deltaR,2,3, ,-1e+18,0.0
train_0076,198,0,1,S,20,0,False,fallback,0.13333333333333333,1.0,6.510144927536232,2,1,3,T,-1e+18,-30,3.5999999999999996,0.0,3,0.0,-10,deltaR,2,3, ,-1e+18,0.0
train_0076,199,1,1,G,20,0,False,fallback,0.13333333333333333,1.0,6.510144927536232,2,1,3,T,-1e+18,-30,3.5999999999999996,0.0,2,0.0,-10,deltaR,2,3, ,-1e+18,0.0
train_0076,200,0,1,S,20,0,False,fallback,0.13333333333333333,1.0,6.510144927536232,2,1,3,T,-1e+18,-30,3.5999999999999996,0.0,3,0.0,-10,deltaR,2,3, ,-1e+18,0.0
train_0076,201,1,1,G,20,0,False,fallback,0.13333333333333333,1.0,6.510144927536232,2,1,3,T,-1e+18,-30,3.5999999999999996,0.0,2,0.0,-10,deltaR,2,3, ,-1e+18,0.0
train_0076,202,0,1,S,20,0,False,fallback,0.13333333333333333,1.0,6.510144927536232,2,1,3,T,-1e+18,-30,3.5999999999999996,0.0,3,0.0,-10,deltaR,2,3, ,-1e+18,0.0
train_0076,203,1,1,G,20,0,False,fallback,0.13333333333333333,1.0,6.510144927536232,2,1,3,T,-1e+18,-30,3.5999999999999996,0.0,2,0.0,-10,deltaR,2,3, ,-1e+18,0.0
train_0076,204,0,1,S,20,0,False,fallback,0.13333333333333333,1.0,6.510144927536232,2,1,3,T,-1e+18,-30,3.5999999999999996,0.0,3,0.0,-10,deltaR,2,3, ,-1e+18,0.0
train_0076,205,1,1,G,20,0,False,fallback,0.13333333333333333,1.0,6.510144927536232,2,1,3,T,-1e+18,-30,3.5999999999999996,0.0,2,0.0,-10,deltaR,2,3, ,-1e+18,0.0
train_0076,206,0,1,S,20,0,False,fallback,0.13333333333333333,1.0,6.510144927536232,2,1,3,T,-1e+18,-30,3.5999999999999996,0.0,3,0.0,-10,deltaR,2,3, ,-1e+18,0.0
train_0076,207,1,1,G,20,0,False,fallback,0.13333333333333333,1.0,6.510144927536232,2,1,3,T,-1e+18,-30,3.5999999999999996,0.0,2,0.0,-10,deltaR,2,3, ,-1e+18,0.0
train_0076,208,0,1,S,20,0,False,fallback,0.13333333333333333,1.0,6.510144927536232,2,1,3,T,-1e+18,-30,3.5999999999999996,0.0,3,0.0,-10,deltaR,2,3, ,-1e+18,0.0
train_0076,209,1,1,G,20,0,False,fallback,0.13333333333333333,1.0,6.510144927536232,2,1,3,T,-1e+18,-30,3.5999999999999996,0.0,2,0.0,-10,deltaR,2,3, ,-1e+18,0.0
train_0076,210,0,1,S,20,0,False,fallback,0.13333333333333333,1.0,6.510144927536232,2,1,3,T,-1e+18,-30,3.5999999999999996,0.0,3,0.0,-10,deltaR,2,3, ,-1e+18,0.0
train_0076,211,1,1,G,20,0,False,fallback,0.13333333333333333,1.0,6.510144927536232,2,1,3,T,-1e+18,-30,3.5999999999999996,0.0,2,0.0,-10,deltaR,2,3, ,-1e+18,0.0
train_0076,212,0,1,S,20,0,False,fallback,0.13333333333333333,1.0,6.510144927536232,2,1,3,T,-1e+18,-30,3.5999999999999996,0.0,3,0.0,-10,deltaR,2,3, ,-1e+18,0.0
train_0076,213,1,1,G,20,0,False,fallback,0.13333333333333333,1.0,6.510144927536232,2,1,3,T,-1e+18,-30,3.5999999999999996,0.0,2,0.0,-10,deltaR,2,3, ,-1e+18,0.0
train_0076,214,0,1,S,20,0,False,fallback,0.13333333333333333,1.0,6.510144927536232,2,1,3,T,-1e+18,-30,3.5999999999999996,0.0,3,0.0,-10,deltaR,2,3, ,-1e+18,0.0
train_0076,215,1,1,G,20,0,False,fallback,0.13333333333333333,1.0,6.510144927536232,2,1,3,T,-1e+18,-30,3.5999999999999996,0.0,2,0.0,-10,deltaR,2,3, ,-1e+18,0.0
train_0076,216,0,1,S,20,0,False,fallback,0.13333333333333333,1.0,6.510144927536232,2,1,3,T,-1e+18,-30,3.5999999999999996,0.0,3,0.0,-10,deltaR,2,3, ,-1e+18,0.0
train_0076,217,1,1,G,20,0,False,fallback,0.13333333333333333,1.0,6.510144927536232,2,1,3,T,-1e+18,-30,3.5999999999999996,0.0,2,0.0,-10,deltaR,2,3, ,-1e+18,0.0
train_0076,218,0,1,S,20,0,False,fallback,0.13333333333333333,1.0,6.510144927536232,2,1,3,T,-1e+18,-30,3.5999999999999996,0.0,3,0.0,-10,deltaR,2,3, ,-1e+18,0.0
train_0076,219,1,1,G,20,0,False,fallback,0.13333333333333333,1.0,6.510144927536232,2,1,3,T,-1e+18,-30,3.5999999999999996,0.0,2,0.0,-10,deltaR,2,3, ,-1e+18,0.0
train_0076,220,0,1,S,20,0,False,fallback,0.13333333333333333,1.0,6.510144927536232,2,1,3,T,-1e+18,-30,3.5999999999999996,0.0,3,0.0,-10,deltaR,2,3, ,-1e+18,0.0
train_0076,221,1,1,G,20,0,False,fallback,0.13333333333333333,1.0,6.510144927536232,2,1,3,T,-1e+18,-30,3.5999999999999996,0.0,2,0.0,-10,deltaR,2,3, ,-1e+18,0.0
train_0076,222,0,1,S,20,0,False,fallback,0.13333333333333333,1.0,6.510144927536232,2,1,3,T,-1e+18,-30,3.5999999999999996,0.0,3,0.0,-10,deltaR,2,3, ,-1e+18,0.0
train_0076,223,1,1,G,20,0,False,fallback,0.13333333333333333,1.0,6.510144927536232,2,1,3,T,-1e+18,-30,3.5999999999999996,0.0,2,0.0,-10,deltaR,2,3, ,-1e+18,0.0
train_0076,224,0,1,S,20,0,False,fallback,0.13333333333333333,1.0,6.510144927536232,2,1,3,T,-1e+18,-30,3.5999999999999996,0.0,3,0.0,-10,deltaR,2,3, ,-1e+18,0.0
train_0076,225,1,1,G,20,0,False,fallback,0.13333333333333333,1.0,6.510144927536232,2,1,3,T,-1e+18,-30,3.5999999999999996,0.0,2,0.0,-10,deltaR,2,3, ,-1e+18,0.0
train_0076,226,0,1,S,20,0,False,fallback,0.13333333333333333,1.0,6.510144927536232,2,1,3,T,-1e+18,-30,3.5999999999999996,0.0,3,0.0,-10,deltaR,2,3, ,-1e+18,0.0
train_0076,227,1,1,G,20,0,False,fallback,0.13333333333333333,1.0,6.510144927536232,2,1,3,T,-1e+18,-30,3.5999999999999996,0.0,2,0.0,-10,deltaR,2,3, ,-1e+18,0.0
train_0076,228,0,1,S,20,0,False,fallback,0.13333333333333333,1.0,6.510144927536232,2,1,3,T,-1e+18,-30,3.5999999999999996,0.0,3,0.0,-10,deltaR,2,3, ,-1e+18,0.0
train_0076,229,1,1,G,20,0,False,fallback,0.13333333333333333,1.0,6.510144927536232,2,1,3,T,-1e+18,-30,3.5999999999999996,0.0,2,0.0,-10,deltaR,2,3, ,-1e+18,0.0
train_0076,230,0,1,S,20,0,False,fallback,0.13333333333333333,1.0,6.510144927536232,2,1,3,T,-1e+18,-30,3.5999999999999996,0.0,3,0.0,-10,deltaR,2,3, ,-1e+18,0.0
train_0076,231,1,1,G,20,0,False,fallback,0.13333333333333333,1.0,6.510144927536232,2,1,3,T,-1e+18,-30,3.5999999999999996,0.0,2,0.0,-10,deltaR,2,3, ,-1e+18,0.0
train_0076,232,0,1,S,20,0,False,fallback,0.13333333333333333,1.0,6.510144927536232,2,1,3,T,-1e+18,-30,3.5999999999999996,0.0,3,0.0,-10,deltaR,2,3, ,-1e+18,0.0
train_0076,233,1,1,G,20,0,False,fallback,0.13333333333333333,1.0,6.510144927536232,2,1,3,T,-1e+18,-30,3.5999999999999996,0.0,2,0.0,-10,deltaR,2,3, ,-1e+18,0.0
train_0076,234,0,1,S,20,0,False,fallback,0.13333333333333333,1.0,6.510144927536232,2,1,3,T,-1e+18,-30,3.5999999999999996,0.0,3,0.0,-10,deltaR,2,3, ,-1e+18,0.0
train_0076,235,1,1,G,20,0,False,fallback,0.13333333333333333,1.0,6.510144927536232,2,1,3,T,-1e+18,-30,3.5999999999999996,0.0,2,0.0,-10,deltaR,2,3, ,-1e+18,0.0
train_0076,236,0,1,S,20,0,False,fallback,0.13333333333333333,1.0,6.510144927536232,2,1,3,T,-1e+18,-30,3.5999999999999996,0.0,3,0.0,-10,deltaR,2,3, ,-1e+18,0.0
train_0076,237,1,1,G,20,0,False,fallback,0.13333333333333333,1.0,6.510144927536232,2,1,3,T,-1e+18,-30,3.5999999999999996,0.0,2,0.0,-10,deltaR,2,3, ,-1e+18,0.0
train_0076,238,0,1,S,20,0,False,fallback,0.13333333333333333,1.0,6.510144927536232,2,1,3,T,-1e+18,-30,3.5999999999999996,0.0,3,0.0,-10,deltaR,2,3, ,-1e+18,0.0
train_0076,239,1,1,G,20,0,False,fallback,0.13333333333333333,1.0,6.510144927536232,2,1,3,T,-1e+18,-30,3.5999999999999996,0.0,2,0.0,-10,deltaR,2,3, ,-1e+18,0.0
train_0076,240,0,1,S,20,0,False,fallback,0.13333333333333333,1.0,6.510144927536232,2,1,3,T,-1e+18,-30,3.5999999999999996,0.0,3,0.0,-10,deltaR,2,3, ,-1e+18,0.0
train_0076,241,1,1,G,20,0,False,fallback,0.13333333333333333,1.0,6.510144927536232,2,1,3,T,-1e+18,-30,3.5999999999999996,0.0,2,0.0,-10,deltaR,2,3, ,-1e+18,0.0
train_0076,242,0,1,S,20,0,False,fallback,0.13333333333333333,1.0,6.510144927536232,2,1,3,T,-1e+18,-30,3.5999999999999996,0.0,3,0.0,-10,deltaR,2,3, ,-1e+18,0.0
train_0076,243,1,1,G,20,0,False,fallback,0.13333333333333333,1.0,6.510144927536232,2,1,3,T,-1e+18,-30,3.5999999999999996,0.0,2,0.0,-10,deltaR,2,3, ,-1e+18,0.0
train_0076,244,0,1,S,20,0,False,fallback,0.13333333333333333,1.0,6.510144927536232,2,1,3,T,-1e+18,-30,3.5999999999999996,0.0,3,0.0,-10,deltaR,2,3, ,-1e+18,0.0
train_0076,245,1,1,G,20,0,False,fallback,0.13333333333333333,1.0,6.510144927536232,2,1,3,T,-1e+18,-30,3.5999999999999996,0.0,2,0.0,-10,deltaR,2,3, ,-1e+18,0.0
train_0076,246,0,1,S,20,0,False,fallback,0.13333333333333333,1.0,6.510144927536232,2,1,3,T,-1e+18,-30,3.5999999999999996,0.0,3,0.0,-10,deltaR,2,3, ,-1e+18,0.0
train_0076,247,1,1,G,20,0,False,fallback,0.13333333333333333,1.0,6.510144927536232,2,1,3,T,-1e+18,-30,3.5999999999999996,0.0,2,0.0,-10,deltaR,2,3, ,-1e+18,0.0
train_0076,248,0,1,S,20,0,False,fallback,0.13333333333333333,1.0,6.510144927536232,2,1,3,T,-1e+18,-30,3.5999999999999996,0.0,3,0.0,-10,deltaR,2,3, ,-1e+18,0.0
train_0076,249,1,1,G,20,0,False,fallback,0.13333333333333333,1.0,6.510144927536232,2,1,3,T,-1e+18,-30,3.5999999999999996,0.0,2,0.0,-10,deltaR,2,3, ,-1e+18,0.0
train_0076,250,0,1,S,20,0,False,fallback,0.13333333333333333,1.0,6.510144927536232,2,1,3,T,-1e+18,-30,3.5999999999999996,0.0,3,0.0,-10,deltaR,2,3, ,-1e+18,0.0
train_0076,251,1,1,G,20,0,False,fallback,0.13333333333333333,1.0,6.510144927536232,2,1,3,T,-1e+18,-30,3.5999999999999996,0.0,2,0.0,-10,deltaR,2,3, ,-1e+18,0.0
train_0076,252,0,1,S,20,0,False,fallback,0.13333333333333333,1.0,6.510144927536232,2,1,3,T,-1e+18,-30,3.5999999999999996,0.0,3,0.0,-10,deltaR,2,3, ,-1e+18,0.0
train_0076,253,1,1,G,20,0,False,fallback,0.13333333333333333,1.0,6.510144927536232,2,1,3,T,-1e+18,-30,3.5999999999999996,0.0,2,0.0,-10,deltaR,2,3, ,-1e+18,0.0
train_0076,254,0,1,S,20,0,False,fallback,0.13333333333333333,1.0,6.510144927536232,2,1,3,T,-1e+18,-30,3.5999999999999996,0.0,3,0.0,-10,deltaR,2,3, ,-1e+18,0.0
train_0076,255,1,1,G,20,0,False,fallback,0.13333333333333333,1.0,6.510144927536232,2,1,3,T,-1e+18,-30,3.5999999999999996,0.0,2,0.0,-10,deltaR,2,3, ,-1e+18,0.0
train_0076,256,0,1,S,20,0,False,fallback,0.13333333333333333,1.0,6.510144927536232,2,1,3,T,-1e+18,-30,3.5999999999999996,0.0,3,0.0,-10,deltaR,2,3, ,-1e+18,0.0
train_0076,257,1,1,G,20,0,False,fallback,0.13333333333333333,1.0,6.510144927536232,2,1,3,T,-1e+18,-30,3.5999999999999996,0.0,2,0.0,-10,deltaR,2,3, ,-1e+18,0.0
train_0076,258,0,1,S,20,0,False,fallback,0.13333333333333333,1.0,6.510144927536232,2,1,3,T,-1e+18,-30,3.5999999999999996,0.0,3,0.0,-10,deltaR,2,3, ,-1e+18,0.0
train_0076,259,1,1,G,20,0,False,fallback,0.13333333333333333,1.0,6.510144927536232,2,1,3,T,-1e+18,-30,3.5999999999999996,0.0,2,0.0,-10,deltaR,2,3, ,-1e+18,0.0
train_0076,260,0,1,S,20,0,False,fallback,0.13333333333333333,1.0,6.510144927536232,2,1,3,T,-1e+18,-30,3.5999999999999996,0.0,3,0.0,-10,deltaR,2,3, ,-1e+18,0.0
train_0076,261,1,1,G,20,0,False,fallback,0.13333333333333333,1.0,6.510144927536232,2,1,3,T,-1e+18,-30,3.5999999999999996,0.0,2,0.0,-10,deltaR,2,3, ,-1e+18,0.0
train_0076,262,0,1,S,20,0,False,fallback,0.13333333333333333,1.0,6.510144927536232,2,1,3,T,-1e+18,-30,3.5999999999999996,0.0,3,0.0,-10,deltaR,2,3, ,-1e+18,0.0
train_0076,263,1,1,G,20,0,False,fallback,0.13333333333333333,1.0,6.510144927536232,2,1,3,T,-1e+18,-30,3.5999999999999996,0.0,2,0.0,-10,deltaR,2,3, ,-1e+18,0.0
train_0076,264,0,1,S,20,0,False,fallback,0.13333333333333333,1.0,6.510144927536232,2,1,3,T,-1e+18,-30,3.5999999999999996,0.0,3,0.0,-10,deltaR,2,3, ,-1e+18,0.0
train_0076,265,1,1,G,20,0,False,fallback,0.13333333333333333,1.0,6.510144927536232,2,1,3,T,-1e+18,-30,3.5999999999999996,0.0,2,0.0,-10,deltaR,2,3, ,-1e+18,0.0
train_0076,266,0,1,S,20,0,False,fallback,0.13333333333333333,1.0,6.510144927536232,2,1,3,T,-1e+18,-30,3.5999999999999996,0.0,3,0.0,-10,deltaR,2,3, ,-1e+18,0.0
train_0076,267,1,1,G,20,0,False,fallback,0.13333333333333333,1.0,6.510144927536232,2,1,3,T,-1e+18,-30,3.5999999999999996,0.0,2,0.0,-10,deltaR,2,3, ,-1e+18,0.0
train_0076,268,0,1,S,20,0,False,fallback,0.13333333333333333,1.0,6.510144927536232,2,1,3,T,-1e+18,-30,3.5999999999999996,0.0,3,0.0,-10,deltaR,2,3, ,-1e+18,0.0
train_0076,269,1,1,G,20,0,False,fallback,0.13333333333333333,1.0,6.510144927536232,2,1,3,T,-1e+18,-30,3.5999999999999996,0.0,2,0.0,-10,deltaR,2,3, ,-1e+18,0.0
train_0076,270,0,1,S,20,0,False,fallback,0.13333333333333333,1.0,6.510144927536232,2,1,3,T,-1e+18,-30,3.5999999999999996,0.0,3,0.0,-10,deltaR,2,3, ,-1e+18,0.0
train_0076,271,1,1,G,20,0,False,fallback,0.13333333333333333,1.0,6.510144927536232,2,1,3,T,-1e+18,-30,3.5999999999999996,0.0,2,0.0,-10,deltaR,2,3, ,-1e+18,0.0
train_0076,272,0,1,S,20,0,False,fallback,0.13333333333333333,1.0,6.510144927536232,2,1,3,T,-1e+18,-30,3.5999999999999996,0.0,3,0.0,-10,deltaR,2,3, ,-1e+18,0.0
train_0076,273,1,1,G,20,0,False,fallback,0.13333333333333333,1.0,6.510144927536232,2,1,3,T,-1e+18,-30,3.5999999999999996,0.0,2,0.0,-10,deltaR,2,3, ,-1e+18,0.0
train_0076,274,0,1,S,20,0,False,fallback,0.13333333333333333,1.0,6.510144927536232,2,1,3,T,-1e+18,-30,3.5999999999999996,0.0,3,0.0,-10,deltaR,2,3, ,-1e+18,0.0
train_0076,275,1,1,G,20,0,False,fallback,0.13333333333333333,1.0,6.510144927536232,2,1,3,T,-1e+18,-30,3.5999999999999996,0.0,2,0.0,-10,deltaR,2,3, ,-1e+18,0.0
train_0076,276,0,1,S,20,0,False,fallback,0.13333333333333333,1.0,6.510144927536232,2,1,3,T,-1e+18,-30,3.5999999999999996,0.0,3,0.0,-10,deltaR,2,3, ,-1e+18,0.0
train_0076,277,1,1,G,20,0,False,fallback,0.13333333333333333,1.0,6.510144927536232,2,1,3,T,-1e+18,-30,3.5999999999999996,0.0,2,0.0,-10,deltaR,2,3, ,-1e+18,0.0
train_0076,278,0,1,S,20,0,False,fallback,0.13333333333333333,1.0,6.510144927536232,2,1,3,T,-1e+18,-30,3.5999999999999996,0.0,3,0.0,-10,deltaR,2,3, ,-1e+18,0.0
train_0076,279,1,1,G,20,0,False,fallback,0.13333333333333333,1.0,6.510144927536232,2,1,3,T,-1e+18,-30,3.5999999999999996,0.0,2,0.0,-10,deltaR,2,3, ,-1e+18,0.0
train_0076,280,0,1,S,20,0,False,fallback,0.13333333333333333,1.0,6.510144927536232,2,1,3,T,-1e+18,-30,3.5999999999999996,0.0,3,0.0,-10,deltaR,2,3, ,-1e+18,0.0
train_0076,281,1,1,G,20,0,False,fallback,0.13333333333333333,1.0,6.510144927536232,2,1,3,T,-1e+18,-30,3.5999999999999996,0.0,2,0.0,-10,deltaR,2,3, ,-1e+18,0.0
train_0076,282,0,1,S,20,0,False,fallback,0.13333333333333333,1.0,6.510144927536232,2,1,3,T,-1e+18,-30,3.5999999999999996,0.0,3,0.0,-10,deltaR,2,3, ,-1e+18,0.0
train_0076,283,1,1,G,20,0,False,fallback,0.13333333333333333,1.0,6.510144927536232,2,1,3,T,-1e+18,-30,3.5999999999999996,0.0,2,0.0,-10,deltaR,2,3, ,-1e+18,0.0
train_0076,284,0,1,S,20,0,False,fallback,0.13333333333333333,1.0,6.510144927536232,2,1,3,T,-1e+18,-30,3.5999999999999996,0.0,3,0.0,-10,deltaR,2,3, ,-1e+18,0.0
train_0076,285,1,1,G,20,0,False,fallback,0.13333333333333333,1.0,6.510144927536232,2,1,3,T,-1e+18,-30,3.5999999999999996,0.0,2,0.0,-10,deltaR,2,3, ,-1e+18,0.0
train_0076,286,0,1,S,20,0,False,fallback,0.13333333333333333,1.0,6.510144927536232,2,1,3,T,-1e+18,-30,3.5999999999999996,0.0,3,0.0,-10,deltaR,2,3, ,-1e+18,0.0
train_0076,287,1,1,G,20,0,False,fallback,0.13333333333333333,1.0,6.510144927536232,2,1,3,T,-1e+18,-30,3.5999999999999996,0.0,2,0.0,-10,deltaR,2,3, ,-1e+18,0.0
train_0076,288,0,1,S,20,0,False,fallback,0.13333333333333333,1.0,6.510144927536232,2,1,3,T,-1e+18,-30,3.5999999999999996,0.0,3,0.0,-10,deltaR,2,3, ,-1e+18,0.0
train_0076,289,1,1,G,20,0,False,fallback,0.13333333333333333,1.0,6.510144927536232,2,1,3,T,-1e+18,-30,3.5999999999999996,0.0,2,0.0,-10,deltaR,2,3, ,-1e+18,0.0
train_0076,290,0,1,S,20,0,False,fallback,0.13333333333333333,1.0,6.510144927536232,2,1,3,T,-1e+18,-30,3.5999999999999996,0.0,3,0.0,-10,deltaR,2,3, ,-1e+18,0.0
train_0076,291,1,1,G,20,0,False,fallback,0.13333333333333333,1.0,6.510144927536232,2,1,3,T,-1e+18,-30,3.5999999999999996,0.0,2,0.0,-10,deltaR,2,3, ,-1e+18,0.0
train_0076,292,0,1,S,20,0,False,fallback,0.13333333333333333,1.0,6.510144927536232,2,1,3,T,-1e+18,-30,3.5999999999999996,0.0,3,0.0,-10,deltaR,2,3, ,-1e+18,0.0
train_0076,293,1,1,G,20,0,False,fallback,0.13333333333333333,1.0,6.510144927536232,2,1,3,T,-1e+18,-30,3.5999999999999996,0.0,2,0.0,-10,deltaR,2,3, ,-1e+18,0.0
train_0076,294,0,1,S,20,0,False,fallback,0.13333333333333333,1.0,6.510144927536232,2,1,3,T,-1e+18,-30,3.5999999999999996,0.0,3,0.0,-10,deltaR,2,3, ,-1e+18,0.0
train_0076,295,1,1,G,20,0,False,fallback,0.13333333333333333,1.0,6.510144927536232,2,1,3,T,-1e+18,-30,3.5999999999999996,0.0,2,0.0,-10,deltaR,2,3, ,-1e+18,0.0
train_0076,296,0,1,S,20,0,False,fallback,0.13333333333333333,1.0,6.510144927536232,2,1,3,T,-1e+18,-30,3.5999999999999996,0.0,3,0.0,-10,deltaR,2,3, ,-1e+18,0.0
train_0076,297,1,1,G,20,0,False,fallback,0.13333333333333333,1.0,6.510144927536232,2,1,3,T,-1e+18,-30,3.5999999999999996,0.0,2,0.0,-10,deltaR,2,3, ,-1e+18,0.0
train_0076,298,0,1,S,20,0,False,fallback,0.13333333333333333,1.0,6.510144927536232,2,1,3,T,-1e+18,-30,3.5999999999999996,0.0,3,0.0,-10,deltaR,2,3, ,-1e+18,0.0
train_0076,299,1,1,G,20,0,False,fallback,0.13333333333333333,1.0,6.510144927536232,2,1,3,T,-1e+18,-30,3.5999999999999996,0.0,2,0.0,-10,deltaR,2,3, ,-1e+18,0.0
train_0076,300,0,1,S,20,0,False,fallback,0.13333333333333333,1.0,6.510144927536232,2,1,3,T,-1e+18,-30,3.5999999999999996,0.0,3,0.0,-10,deltaR,2,3, ,-1e+18,0.0
train_0076,301,1,1,G,20,0,False,fallback,0.13333333333333333,1.0,6.510144927536232,2,1,3,T,-1e+18,-30,3.5999999999999996,0.0,2,0.0,-10,deltaR,2,3, ,-1e+18,0.0
train_0076,302,0,1,S,20,0,False,fallback,0.13333333333333333,1.0,6.510144927536232,2,1,3,T,-1e+18,-30,3.5999999999999996,0.0,3,0.0,-10,deltaR,2,3, ,-1e+18,0.0
train_0076,303,1,1,G,20,0,False,fallback,0.13333333333333333,1.0,6.510144927536232,2,1,3,T,-1e+18,-30,3.5999999999999996,0.0,2,0.0,-10,deltaR,2,3, ,-1e+18,0.0
train_0076,304,0,1,S,20,0,False,fallback,0.13333333333333333,1.0,6.510144927536232,2,1,3,T,-1e+18,-30,3.5999999999999996,0.0,3,0.0,-10,deltaR,2,3, ,-1e+18,0.0
train_0076,305,1,1,G,20,0,False,fallback,0.13333333333333333,1.0,6.510144927536232,2,1,3,T,-1e+18,-30,3.5999999999999996,0.0,2,0.0,-10,deltaR,2,3, ,-1e+18,0.0
train_0076,306,0,1,S,20,0,False,fallback,0.13333333333333333,1.0,6.510144927536232,2,1,3,T,-1e+18,-30,3.5999999999999996,0.0,3,0.0,-10,deltaR,2,3, ,-1e+18,0.0
train_0076,307,1,1,G,20,0,False,fallback,0.13333333333333333,1.0,6.510144927536232,2,1,3,T,-1e+18,-30,3.5999999999999996,0.0,2,0.0,-10,deltaR,2,3, ,-1e+18,0.0
train_0076,308,0,1,S,20,0,False,fallback,0.13333333333333333,1.0,6.510144927536232,2,1,3,T,-1e+18,-30,3.5999999999999996,0.0,3,0.0,-10,deltaR,2,3, ,-1e+18,0.0
train_0076,309,1,1,G,20,0,False,fallback,0.13333333333333333,1.0,6.510144927536232,2,1,3,T,-1e+18,-30,3.5999999999999996,0.0,2,0.0,-10,deltaR,2,3, ,-1e+18,0.0
train_0076,310,0,1,S,20,0,False,fallback,0.13333333333333333,1.0,6.510144927536232,2,1,3,T,-1e+18,-30,3.5999999999999996,0.0,3,0.0,-10,deltaR,2,3, ,-1e+18,0.0
train_0076,311,1,1,G,20,0,False,fallback,0.13333333333333333,1.0,6.510144927536232,2,1,3,T,-1e+18,-30,3.5999999999999996,0.0,2,0.0,-10,deltaR,2,3, ,-1e+18,0.0
train_0076,312,0,1,S,20,0,False,fallback,0.13333333333333333,1.0,6.510144927536232,2,1,3,T,-1e+18,-30,3.5999999999999996,0.0,3,0.0,-10,deltaR,2,3, ,-1e+18,0.0
train_0076,313,1,1,G,20,0,False,fallback,0.13333333333333333,1.0,6.510144927536232,2,1,3,T,-1e+18,-30,3.5999999999999996,0.0,2,0.0,-10,deltaR,2,3, ,-1e+18,0.0
train_0076,314,0,1,S,20,0,False,fallback,0.13333333333333333,1.0,6.510144927536232,2,1,3,T,-1e+18,-30,3.5999999999999996,0.0,3,0.0,-10,deltaR,2,3, ,-1e+18,0.0
train_0076,315,1,1,G,20,0,False,fallback,0.13333333333333333,1.0,6.510144927536232,2,1,3,T,-1e+18,-30,3.5999999999999996,0.0,2,0.0,-10,deltaR,2,3, ,-1e+18,0.0
train_0076,316,0,1,S,20,0,False,fallback,0.13333333333333333,1.0,6.510144927536232,2,1,3,T,-1e+18,-30,3.5999999999999996,0.0,3,0.0,-10,deltaR,2,3, ,-1e+18,0.0
train_0076,317,1,1,G,20,0,False,fallback,0.13333333333333333,1.0,6.510144927536232,2,1,3,T,-1e+18,-30,3.5999999999999996,0.0,2,0.0,-10,deltaR,2,3, ,-1e+18,0.0
train_0076,318,0,1,S,20,0,False,fallback,0.13333333333333333,1.0,6.510144927536232,2,1,3,T,-1e+18,-30,3.5999999999999996,0.0,3,0.0,-10,deltaR,2,3, ,-1e+18,0.0
train_0076,319,1,1,G,20,0,False,fallback,0.13333333333333333,1.0,6.510144927536232,2,1,3,T,-1e+18,-30,3.5999999999999996,0.0,2,0.0,-10,deltaR,2,3, ,-1e+18,0.0
train_0076,320,0,1,S,20,0,False,fallback,0.13333333333333333,1.0,6.510144927536232,2,1,3,T,-1e+18,-30,3.5999999999999996,0.0,3,0.0,-10,deltaR,2,3, ,-1e+18,0.0
train_0076,321,1,1,G,20,0,False,fallback,0.13333333333333333,1.0,6.510144927536232,2,1,3,T,-1e+18,-30,3.5999999999999996,0.0,2,0.0,-10,deltaR,2,3, ,-1e+18,0.0
train_0076,322,0,1,S,20,0,False,fallback,0.13333333333333333,1.0,6.510144927536232,2,1,3,T,-1e+18,-30,3.5999999999999996,0.0,3,0.0,-10,deltaR,2,3, ,-1e+18,0.0
train_0076,323,1,1,G,20,0,False,fallback,0.13333333333333333,1.0,6.510144927536232,2,1,3,T,-1e+18,-30,3.5999999999999996,0.0,2,0.0,-10,deltaR,2,3, ,-1e+18,0.0
train_0076,324,0,1,S,20,0,False,fallback,0.13333333333333333,1.0,6.510144927536232,2,1,3,T,-1e+18,-30,3.5999999999999996,0.0,3,0.0,-10,deltaR,2,3, ,-1e+18,0.0
train_0076,325,1,1,G,20,0,False,fallback,0.13333333333333333,1.0,6.510144927536232,2,1,3,T,-1e+18,-30,3.5999999999999996,0.0,2,0.0,-10,deltaR,2,3, ,-1e+18,0.0
train_0076,326,0,1,S,20,0,False,fallback,0.13333333333333333,1.0,6.510144927536232,2,1,3,T,-1e+18,-30,3.5999999999999996,0.0,3,0.0,-10,deltaR,2,3, ,-1e+18,0.0
train_0076,327,1,1,G,20,0,False,fallback,0.13333333333333333,1.0,6.510144927536232,2,1,3,T,-1e+18,-30,3.5999999999999996,0.0,2,0.0,-10,deltaR,2,3, ,-1e+18,0.0
train_0076,328,0,1,S,20,0,False,fallback,0.13333333333333333,1.0,6.510144927536232,2,1,3,T,-1e+18,-30,3.5999999999999996,0.0,3,0.0,-10,deltaR,2,3, ,-1e+18,0.0
train_0076,329,1,1,G,20,0,False,fallback,0.13333333333333333,1.0,6.510144927536232,2,1,3,T,-1e+18,-30,3.5999999999999996,0.0,2,0.0,-10,deltaR,2,3, ,-1e+18,0.0
train_0076,330,0,1,S,20,0,False,fallback,0.13333333333333333,1.0,6.510144927536232,2,1,3,T,-1e+18,-30,3.5999999999999996,0.0,3,0.0,-10,deltaR,2,3, ,-1e+18,0.0
train_0076,331,1,1,G,20,0,False,fallback,0.13333333333333333,1.0,6.510144927536232,2,1,3,T,-1e+18,-30,3.5999999999999996,0.0,2,0.0,-10,deltaR,2,3, ,-1e+18,0.0
train_0076,332,0,1,S,20,0,False,fallback,0.13333333333333333,1.0,6.510144927536232,2,1,3,T,-1e+18,-30,3.5999999999999996,0.0,3,0.0,-10,deltaR,2,3, ,-1e+18,0.0
train_0076,333,1,1,G,20,0,False,fallback,0.13333333333333333,1.0,6.510144927536232,2,1,3,T,-1e+18,-30,3.5999999999999996,0.0,2,0.0,-10,deltaR,2,3, ,-1e+18,0.0
train_0076,334,0,1,S,20,0,False,fallback,0.13333333333333333,1.0,6.510144927536232,2,1,3,T,-1e+18,-30,3.5999999999999996,0.0,3,0.0,-10,deltaR,2,3, ,-1e+18,0.0
train_0076,335,1,1,G,20,0,False,fallback,0.13333333333333333,1.0,6.510144927536232,2,1,3,T,-1e+18,-30,3.5999999999999996,0.0,2,0.0,-10,deltaR,2,3, ,-1e+18,0.0
train_0076,336,0,1,S,20,0,False,fallback,0.13333333333333333,1.0,6.510144927536232,2,1,3,T,-1e+18,-30,3.5999999999999996,0.0,3,0.0,-10,deltaR,2,3, ,-1e+18,0.0
train_0076,337,1,1,G,20,0,False,fallback,0.13333333333333333,1.0,6.510144927536232,2,1,3,T,-1e+18,-30,3.5999999999999996,0.0,2,0.0,-10,deltaR,2,3, ,-1e+18,0.0
train_0076,338,0,1,S,20,0,False,fallback,0.13333333333333333,1.0,6.510144927536232,2,1,3,T,-1e+18,-30,3.5999999999999996,0.0,3,0.0,-10,deltaR,2,3, ,-1e+18,0.0
train_0076,339,1,1,G,20,0,False,fallback,0.13333333333333333,1.0,6.510144927536232,2,1,3,T,-1e+18,-30,3.5999999999999996,0.0,2,0.0,-10,deltaR,2,3, ,-1e+18,0.0
train_0076,340,0,1,S,20,0,False,fallback,0.13333333333333333,1.0,6.510144927536232,2,1,3,T,-1e+18,-30,3.5999999999999996,0.0,3,0.0,-10,deltaR,2,3, ,-1e+18,0.0
train_0076,341,1,1,G,20,0,False,fallback,0.13333333333333333,1.0,6.510144927536232,2,1,3,T,-1e+18,-30,3.5999999999999996,0.0,2,0.0,-10,deltaR,2,3, ,-1e+18,0.0
train_0076,342,0,1,S,20,0,False,fallback,0.13333333333333333,1.0,6.510144927536232,2,1,3,T,-1e+18,-30,3.5999999999999996,0.0,3,0.0,-10,deltaR,2,3, ,-1e+18,0.0
train_0076,343,1,1,G,20,0,False,fallback,0.13333333333333333,1.0,6.510144927536232,2,1,3,T,-1e+18,-30,3.5999999999999996,0.0,2,0.0,-10,deltaR,2,3, ,-1e+18,0.0
train_0076,344,0,1,S,20,0,False,fallback,0.13333333333333333,1.0,6.510144927536232,2,1,3,T,-1e+18,-30,3.5999999999999996,0.0,3,0.0,-10,deltaR,2,3, ,-1e+18,0.0
train_0076,345,1,1,G,20,0,False,fallback,0.13333333333333333,1.0,6.510144927536232,2,1,3,T,-1e+18,-30,3.5999999999999996,0.0,2,0.0,-10,deltaR,2,3, ,-1e+18,0.0
train_0076,346,0,1,S,20,0,False,fallback,0.13333333333333333,1.0,6.510144927536232,2,1,3,T,-1e+18,-30,3.5999999999999996,0.0,3,0.0,-10,deltaR,2,3, ,-1e+18,0.0
train_0076,347,1,1,G,20,0,False,fallback,0.13333333333333333,1.0,6.510144927536232,2,1,3,T,-1e+18,-30,3.5999999999999996,0.0,2,0.0,-10,deltaR,2,3, ,-1e+18,0.0
train_0076,348,0,1,S,20,0,False,fallback,0.13333333333333333,1.0,6.510144927536232,2,1,3,T,-1e+18,-30,3.5999999999999996,0.0,3,0.0,-10,deltaR,2,3, ,-1e+18,0.0
train_0076,349,1,1,G,20,0,False,fallback,0.13333333333333333,1.0,6.510144927536232,2,1,3,T,-1e+18,-30,3.5999999999999996,0.0,2,0.0,-10,deltaR,2,3, ,-1e+18,0.0
train_0076,350,0,1,S,20,0,False,fallback,0.13333333333333333,1.0,6.510144927536232,2,1,3,T,-1e+18,-30,3.5999999999999996,0.0,3,0.0,-10,deltaR,2,3, ,-1e+18,0.0
train_0076,351,1,1,G,20,0,False,fallback,0.13333333333333333,1.0,6.510144927536232,2,1,3,T,-1e+18,-30,3.5999999999999996,0.0,2,0.0,-10,deltaR,2,3, ,-1e+18,0.0
train_0076,352,0,1,S,20,0,False,fallback,0.13333333333333333,1.0,6.510144927536232,2,1,3,T,-1e+18,-30,3.5999999999999996,0.0,3,0.0,-10,deltaR,2,3, ,-1e+18,0.0
train_0076,353,1,1,G,20,0,False,fallback,0.13333333333333333,1.0,6.510144927536232,2,1,3,T,-1e+18,-30,3.5999999999999996,0.0,2,0.0,-10,deltaR,2,3, ,-1e+18,0.0
train_0076,354,0,1,S,20,0,False,fallback,0.13333333333333333,1.0,6.510144927536232,2,1,3,T,-1e+18,-30,3.5999999999999996,0.0,3,0.0,-10,deltaR,2,3, ,-1e+18,0.0
train_0076,355,1,1,G,20,0,False,fallback,0.13333333333333333,1.0,6.510144927536232,2,1,3,T,-1e+18,-30,3.5999999999999996,0.0,2,0.0,-10,deltaR,2,3, ,-1e+18,0.0
train_0076,356,0,1,S,20,0,False,fallback,0.13333333333333333,1.0,6.510144927536232,2,1,3,T,-1e+18,-30,3.5999999999999996,0.0,3,0.0,-10,deltaR,2,3, ,-1e+18,0.0
train_0076,357,1,1,G,20,0,False,fallback,0.13333333333333333,1.0,6.510144927536232,2,1,3,T,-1e+18,-30,3.5999999999999996,0.0,2,0.0,-10,deltaR,2,3, ,-1e+18,0.0
train_0076,358,0,1,S,20,0,False,fallback,0.13333333333333333,1.0,6.510144927536232,2,1,3,T,-1e+18,-30,3.5999999999999996,0.0,3,0.0,-10,deltaR,2,3, ,-1e+18,0.0
train_0076,359,1,1,G,20,0,False,fallback,0.13333333333333333,1.0,6.510144927536232,2,1,3,T,-1e+18,-30,3.5999999999999996,0.0,2,0.0,-10,deltaR,2,3, ,-1e+18,0.0
train_0076,360,0,1,S,20,0,False,fallback,0.13333333333333333,1.0,6.510144927536232,2,1,3,T,-1e+18,-30,3.5999999999999996,0.0,3,0.0,-10,deltaR,2,3, ,-1e+18,0.0
train_0076,361,1,1,G,20,0,False,fallback,0.13333333333333333,1.0,6.510144927536232,2,1,3,T,-1e+18,-30,3.5999999999999996,0.0,2,0.0,-10,deltaR,2,3, ,-1e+18,0.0
train_0076,362,0,1,S,20,0,False,fallback,0.13333333333333333,1.0,6.510144927536232,2,1,3,T,-1e+18,-30,3.5999999999999996,0.0,3,0.0,-10,deltaR,2,3, ,-1e+18,0.0
train_0076,363,1,1,G,20,0,False,fallback,0.13333333333333333,1.0,6.510144927536232,2,1,3,T,-1e+18,-30,3.5999999999999996,0.0,2,0.0,-10,deltaR,2,3, ,-1e+18,0.0
train_0076,364,0,1,S,20,0,False,fallback,0.13333333333333333,1.0,6.510144927536232,2,1,3,T,-1e+18,-30,3.5999999999999996,0.0,3,0.0,-10,deltaR,2,3, ,-1e+18,0.0
train_0076,365,1,1,G,20,0,False,fallback,0.13333333333333333,1.0,6.510144927536232,2,1,3,T,-1e+18,-30,3.5999999999999996,0.0,2,0.0,-10,deltaR,2,3, ,-1e+18,0.0
train_0076,366,0,1,S,20,0,False,fallback,0.13333333333333333,1.0,6.510144927536232,2,1,3,T,-1e+18,-30,3.5999999999999996,0.0,3,0.0,-10,deltaR,2,3, ,-1e+18,0.0
train_0076,367,1,1,G,20,0,False,fallback,0.13333333333333333,1.0,6.510144927536232,2,1,3,T,-1e+18,-30,3.5999999999999996,0.0,2,0.0,-10,deltaR,2,3, ,-1e+18,0.0
train_0076,368,0,1,S,20,0,False,fallback,0.13333333333333333,1.0,6.510144927536232,2,1,3,T,-1e+18,-30,3.5999999999999996,0.0,3,0.0,-10,deltaR,2,3, ,-1e+18,0.0
train_0076,369,1,1,G,20,0,False,fallback,0.13333333333333333,1.0,6.510144927536232,2,1,3,T,-1e+18,-30,3.5999999999999996,0.0,2,0.0,-10,deltaR,2,3, ,-1e+18,0.0
train_0076,370,0,1,S,20,0,False,fallback,0.13333333333333333,1.0,6.510144927536232,2,1,3,T,-1e+18,-30,3.5999999999999996,0.0,3,0.0,-10,deltaR,2,3, ,-1e+18,0.0
train_0076,371,1,1,G,20,0,False,fallback,0.13333333333333333,1.0,6.510144927536232,2,1,3,T,-1e+18,-30,3.5999999999999996,0.0,2,0.0,-10,deltaR,2,3, ,-1e+18,0.0
train_0076,372,0,1,S,20,0,False,fallback,0.13333333333333333,1.0,6.510144927536232,2,1,3,T,-1e+18,-30,3.5999999999999996,0.0,3,0.0,-10,deltaR,2,3, ,-1e+18,0.0
train_0076,373,1,1,G,20,0,False,fallback,0.13333333333333333,1.0,6.510144927536232,2,1,3,T,-1e+18,-30,3.5999999999999996,0.0,2,0.0,-10,deltaR,2,3, ,-1e+18,0.0
train_0076,374,0,1,S,20,0,False,fallback,0.13333333333333333,1.0,6.510144927536232,2,1,3,T,-1e+18,-30,3.5999999999999996,0.0,3,0.0,-10,deltaR,2,3, ,-1e+18,0.0
train_0076,375,1,1,G,20,0,False,fallback,0.13333333333333333,1.0,6.510144927536232,2,1,3,T,-1e+18,-30,3.5999999999999996,0.0,2,0.0,-10,deltaR,2,3, ,-1e+18,0.0
train_0076,376,0,1,S,20,0,False,fallback,0.13333333333333333,1.0,6.510144927536232,2,1,3,T,-1e+18,-30,3.5999999999999996,0.0,3,0.0,-10,deltaR,2,3, ,-1e+18,0.0
train_0076,377,1,1,G,20,0,False,fallback,0.13333333333333333,1.0,6.510144927536232,2,1,3,T,-1e+18,-30,3.5999999999999996,0.0,2,0.0,-10,deltaR,2,3, ,-1e+18,0.0
train_0076,378,0,1,S,20,0,False,fallback,0.13333333333333333,1.0,6.510144927536232,2,1,3,T,-1e+18,-30,3.5999999999999996,0.0,3,0.0,-10,deltaR,2,3, ,-1e+18,0.0
train_0076,379,1,1,G,20,0,False,fallback,0.13333333333333333,1.0,6.510144927536232,2,1,3,T,-1e+18,-30,3.5999999999999996,0.0,2,0.0,-10,deltaR,2,3, ,-1e+18,0.0
train_0076,380,0,1,S,20,0,False,fallback,0.13333333333333333,1.0,6.510144927536232,2,1,3,T,-1e+18,-30,3.5999999999999996,0.0,3,0.0,-10,deltaR,2,3, ,-1e+18,0.0
train_0076,381,1,1,G,20,0,False,fallback,0.13333333333333333,1.0,6.510144927536232,2,1,3,T,-1e+18,-30,3.5999999999999996,0.0,2,0.0,-10,deltaR,2,3, ,-1e+18,0.0
train_0076,382,0,1,S,20,0,False,fallback,0.13333333333333333,1.0,6.510144927536232,2,1,3,T,-1e+18,-30,3.5999999999999996,0.0,3,0.0,-10,deltaR,2,3, ,-1e+18,0.0
train_0076,383,1,1,G,20,0,False,fallback,0.13333333333333333,1.0,6.510144927536232,2,1,3,T,-1e+18,-30,3.5999999999999996,0.0,2,0.0,-10,deltaR,2,3, ,-1e+18,0.0
train_0076,384,0,1,S,20,0,False,fallback,0.13333333333333333,1.0,6.510144927536232,2,1,3,T,-1e+18,-30,3.5999999999999996,0.0,3,0.0,-10,deltaR,2,3, ,-1e+18,0.0
train_0076,385,1,1,G,20,0,False,fallback,0.13333333333333333,1.0,6.510144927536232,2,1,3,T,-1e+18,-30,3.5999999999999996,0.0,2,0.0,-10,deltaR,2,3, ,-1e+18,0.0
train_0076,386,0,1,S,20,0,False,fallback,0.13333333333333333,1.0,6.510144927536232,2,1,3,T,-1e+18,-30,3.5999999999999996,0.0,3,0.0,-10,deltaR,2,3, ,-1e+18,0.0
train_0076,387,1,1,G,20,0,False,fallback,0.13333333333333333,1.0,6.510144927536232,2,1,3,T,-1e+18,-30,3.5999999999999996,0.0,2,0.0,-10,deltaR,2,3, ,-1e+18,0.0
train_0076,388,0,1,S,20,0,False,fallback,0.13333333333333333,1.0,6.510144927536232,2,1,3,T,-1e+18,-30,3.5999999999999996,0.0,3,0.0,-10,deltaR,2,3, ,-1e+18,0.0
train_0076,389,1,1,G,20,0,False,fallback,0.13333333333333333,1.0,6.510144927536232,2,1,3,T,-1e+18,-30,3.5999999999999996,0.0,2,0.0,-10,deltaR,2,3, ,-1e+18,0.0
train_0076,390,0,1,S,20,0,False,fallback,0.13333333333333333,1.0,6.510144927536232,2,1,3,T,-1e+18,-30,3.5999999999999996,0.0,3,0.0,-10,deltaR,2,3, ,-1e+18,0.0
train_0076,391,1,1,G,20,0,False,fallback,0.13333333333333333,1.0,6.510144927536232,2,1,3,T,-1e+18,-30,3.5999999999999996,0.0,2,0.0,-10,deltaR,2,3, ,-1e+18,0.0
train_0076,392,0,1,S,20,0,False,fallback,0.13333333333333333,1.0,6.510144927536232,2,1,3,T,-1e+18,-30,3.5999999999999996,0.0,3,0.0,-10,deltaR,2,3, ,-1e+18,0.0
train_0076,393,1,1,G,20,0,False,fallback,0.13333333333333333,1.0,6.510144927536232,2,1,3,T,-1e+18,-30,3.5999999999999996,0.0,2,0.0,-10,deltaR,2,3, ,-1e+18,0.0
train_0076,394,0,1,S,20,0,False,fallback,0.13333333333333333,1.0,6.510144927536232,2,1,3,T,-1e+18,-30,3.5999999999999996,0.0,3,0.0,-10,deltaR,2,3, ,-1e+18,0.0
train_0076,395,1,1,G,20,0,False,fallback,0.13333333333333333,1.0,6.510144927536232,2,1,3,T,-1e+18,-30,3.5999999999999996,0.0,2,0.0,-10,deltaR,2,3, ,-1e+18,0.0
train_0076,396,0,1,S,20,0,False,fallback,0.13333333333333333,1.0,6.510144927536232,2,1,3,T,-1e+18,-30,3.5999999999999996,0.0,3,0.0,-10,deltaR,2,3, ,-1e+18,0.0
train_0076,397,1,1,G,20,0,False,fallback,0.13333333333333333,1.0,6.510144927536232,2,1,3,T,-1e+18,-30,3.5999999999999996,0.0,2,0.0,-10,deltaR,2,3, ,-1e+18,0.0
train_0076,398,0,1,S,20,0,False,fallback,0.13333333333333333,1.0,6.510144927536232,2,1,3,T,-1e+18,-30,3.5999999999999996,0.0,3,0.0,-10,deltaR,2,3, ,-1e+18,0.0
train_0076,399,1,1,G,20,0,False,fallback,0.13333333333333333,1.0,6.510144927536232,2,1,3,T,-1e+18,-30,3.5999999999999996,0.0,2,0.0,-10,deltaR,2,3, ,-1e+18,0.0
train_0076,400,0,1,S,20,0,False,fallback,0.13333333333333333,1.0,6.510144927536232,2,1,3,T,-1e+18,-30,3.5999999999999996,0.0,3,0.0,-10,deltaR,2,3, ,-1e+18,0.0
train_0076,401,1,1,G,20,0,False,fallback,0.13333333333333333,1.0,6.510144927536232,2,1,3,T,-1e+18,-30,3.5999999999999996,0.0,2,0.0,-10,deltaR,2,3, ,-1e+18,0.0
train_0076,402,0,1,S,20,0,False,fallback,0.13333333333333333,1.0,6.510144927536232,2,1,3,T,-1e+18,-30,3.5999999999999996,0.0,3,0.0,-10,deltaR,2,3, ,-1e+18,0.0
train_0076,403,1,1,G,20,0,False,fallback,0.13333333333333333,1.0,6.510144927536232,2,1,3,T,-1e+18,-30,3.5999999999999996,0.0,2,0.0,-10,deltaR,2,3, ,-1e+18,0.0
train_0076,404,0,1,S,20,0,False,fallback,0.13333333333333333,1.0,6.510144927536232,2,1,3,T,-1e+18,-30,3.5999999999999996,0.0,3,0.0,-10,deltaR,2,3, ,-1e+18,0.0
train_0076,405,1,1,G,20,0,False,fallback,0.13333333333333333,1.0,6.510144927536232,2,1,3,T,-1e+18,-30,3.5999999999999996,0.0,2,0.0,-10,deltaR,2,3, ,-1e+18,0.0
train_0076,406,0,1,S,20,0,False,fallback,0.13333333333333333,1.0,6.510144927536232,2,1,3,T,-1e+18,-30,3.5999999999999996,0.0,3,0.0,-10,deltaR,2,3, ,-1e+18,0.0
train_0076,407,1,1,G,20,0,False,fallback,0.13333333333333333,1.0,6.510144927536232,2,1,3,T,-1e+18,-30,3.5999999999999996,0.0,2,0.0,-10,deltaR,2,3, ,-1e+18,0.0
train_0076,408,0,1,S,20,0,False,fallback,0.13333333333333333,1.0,6.510144927536232,2,1,3,T,-1e+18,-30,3.5999999999999996,0.0,3,0.0,-10,deltaR,2,3, ,-1e+18,0.0
train_0076,409,1,1,G,20,0,False,fallback,0.13333333333333333,1.0,6.510144927536232,2,1,3,T,-1e+18,-30,3.5999999999999996,0.0,2,0.0,-10,deltaR,2,3, ,-1e+18,0.0
train_0076,410,0,1,S,20,0,False,fallback,0.13333333333333333,1.0,6.510144927536232,2,1,3,T,-1e+18,-30,3.5999999999999996,0.0,3,0.0,-10,deltaR,2,3, ,-1e+18,0.0
train_0076,411,1,1,G,20,0,False,fallback,0.13333333333333333,1.0,6.510144927536232,2,1,3,T,-1e+18,-30,3.5999999999999996,0.0,2,0.0,-10,deltaR,2,3, ,-1e+18,0.0
train_0076,412,0,1,S,20,0,False,fallback,0.13333333333333333,1.0,6.510144927536232,2,1,3,T,-1e+18,-30,3.5999999999999996,0.0,3,0.0,-10,deltaR,2,3, ,-1e+18,0.0
train_0076,413,1,1,G,20,0,False,fallback,0.13333333333333333,1.0,6.510144927536232,2,1,3,T,-1e+18,-30,3.5999999999999996,0.0,2,0.0,-10,deltaR,2,3, ,-1e+18,0.0
train_0076,414,0,1,S,20,0,False,fallback,0.13333333333333333,1.0,6.510144927536232,2,1,3,T,-1e+18,-30,3.5999999999999996,0.0,3,0.0,-10,deltaR,2,3, ,-1e+18,0.0
train_0076,415,1,1,G,20,0,False,fallback,0.13333333333333333,1.0,6.510144927536232,2,1,3,T,-1e+18,-30,3.5999999999999996,0.0,2,0.0,-10,deltaR,2,3, ,-1e+18,0.0
train_0076,416,0,1,S,20,0,False,fallback,0.13333333333333333,1.0,6.510144927536232,2,1,3,T,-1e+18,-30,3.5999999999999996,0.0,3,0.0,-10,deltaR,2,3, ,-1e+18,0.0
train_0076,417,1,1,G,20,0,False,fallback,0.13333333333333333,1.0,6.510144927536232,2,1,3,T,-1e+18,-30,3.5999999999999996,0.0,2,0.0,-10,deltaR,2,3, ,-1e+18,0.0
train_0076,418,0,1,S,20,0,False,fallback,0.13333333333333333,1.0,6.510144927536232,2,1,3,T,-1e+18,-30,3.5999999999999996,0.0,3,0.0,-10,deltaR,2,3, ,-1e+18,0.0
train_0076,419,1,1,G,20,0,False,fallback,0.13333333333333333,1.0,6.510144927536232,2,1,3,T,-1e+18,-30,3.5999999999999996,0.0,2,0.0,-10,deltaR,2,3, ,-1e+18,0.0
train_0076,420,0,1,S,20,0,False,fallback,0.13333333333333333,1.0,6.510144927536232,2,1,3,T,-1e+18,-30,3.5999999999999996,0.0,3,0.0,-10,deltaR,2,3, ,-1e+18,0.0
train_0076,421,1,1,G,20,0,False,fallback,0.13333333333333333,1.0,6.510144927536232,2,1,3,T,-1e+18,-30,3.5999999999999996,0.0,2,0.0,-10,deltaR,2,3, ,-1e+18,0.0
train_0076,422,0,1,S,20,0,False,fallback,0.13333333333333333,1.0,6.510144927536232,2,1,3,T,-1e+18,-30,3.5999999999999996,0.0,3,0.0,-10,deltaR,2,3, ,-1e+18,0.0
train_0076,423,1,1,G,20,0,False,fallback,0.13333333333333333,1.0,6.510144927536232,2,1,3,T,-1e+18,-30,3.5999999999999996,0.0,2,0.0,-10,deltaR,2,3, ,-1e+18,0.0
train_0076,424,0,1,S,20,0,False,fallback,0.13333333333333333,1.0,6.510144927536232,2,1,3,T,-1e+18,-30,3.5999999999999996,0.0,3,0.0,-10,deltaR,2,3, ,-1e+18,0.0
train_0076,425,1,1,G,20,0,False,fallback,0.13333333333333333,1.0,6.510144927536232,2,1,3,T,-1e+18,-30,3.5999999999999996,0.0,2,0.0,-10,deltaR,2,3, ,-1e+18,0.0
train_0076,426,0,1,S,20,0,False,fallback,0.13333333333333333,1.0,6.510144927536232,2,1,3,T,-1e+18,-30,3.5999999999999996,0.0,3,0.0,-10,deltaR,2,3, ,-1e+18,0.0
train_0076,427,1,1,G,20,0,False,fallback,0.13333333333333333,1.0,6.510144927536232,2,1,3,T,-1e+18,-30,3.5999999999999996,0.0,2,0.0,-10,deltaR,2,3, ,-1e+18,0.0
train_0076,428,0,1,S,20,0,False,fallback,0.13333333333333333,1.0,6.510144927536232,2,1,3,T,-1e+18,-30,3.5999999999999996,0.0,3,0.0,-10,deltaR,2,3, ,-1e+18,0.0
train_0076,429,1,1,G,20,0,False,fallback,0.13333333333333333,1.0,6.510144927536232,2,1,3,T,-1e+18,-30,3.5999999999999996,0.0,2,0.0,-10,deltaR,2,3, ,-1e+18,0.0
train_0076,430,0,1,S,20,0,False,fallback,0.13333333333333333,1.0,6.510144927536232,2,1,3,T,-1e+18,-30,3.5999999999999996,0.0,3,0.0,-10,deltaR,2,3, ,-1e+18,0.0
train_0076,431,1,1,G,20,0,False,fallback,0.13333333333333333,1.0,6.510144927536232,2,1,3,T,-1e+18,-30,3.5999999999999996,0.0,2,0.0,-10,deltaR,2,3, ,-1e+18,0.0
train_0076,432,0,1,S,20,0,False,fallback,0.13333333333333333,1.0,6.510144927536232,2,1,3,T,-1e+18,-30,3.5999999999999996,0.0,3,0.0,-10,deltaR,2,3, ,-1e+18,0.0
train_0076,433,1,1,G,20,0,False,fallback,0.13333333333333333,1.0,6.510144927536232,2,1,3,T,-1e+18,-30,3.5999999999999996,0.0,2,0.0,-10,deltaR,2,3, ,-1e+18,0.0
train_0076,434,0,1,S,20,0,False,fallback,0.13333333333333333,1.0,6.510144927536232,2,1,3,T,-1e+18,-30,3.5999999999999996,0.0,3,0.0,-10,deltaR,2,3, ,-1e+18,0.0
train_0076,435,1,1,G,20,0,False,fallback,0.13333333333333333,1.0,6.510144927536232,2,1,3,T,-1e+18,-30,3.5999999999999996,0.0,2,0.0,-10,deltaR,2,3, ,-1e+18,0.0
train_0076,436,0,1,S,20,0,False,fallback,0.13333333333333333,1.0,6.510144927536232,2,1,3,T,-1e+18,-30,3.5999999999999996,0.0,3,0.0,-10,deltaR,2,3, ,-1e+18,0.0
train_0076,437,1,1,G,20,0,False,fallback,0.13333333333333333,1.0,6.510144927536232,2,1,3,T,-1e+18,-30,3.5999999999999996,0.0,2,0.0,-10,deltaR,2,3, ,-1e+18,0.0
train_0076,438,0,1,S,20,0,False,fallback,0.13333333333333333,1.0,6.510144927536232,2,1,3,T,-1e+18,-30,3.5999999999999996,0.0,3,0.0,-10,deltaR,2,3, ,-1e+18,0.0
train_0076,439,1,1,G,20,0,False,fallback,0.13333333333333333,1.0,6.510144927536232,2,1,3,T,-1e+18,-30,3.5999999999999996,0.0,2,0.0,-10,deltaR,2,3, ,-1e+18,0.0
train_0076,440,0,1,S,20,0,False,fallback,0.13333333333333333,1.0,6.510144927536232,2,1,3,T,-1e+18,-30,3.5999999999999996,0.0,3,0.0,-10,deltaR,2,3, ,-1e+18,0.0
train_0076,441,1,1,G,20,0,False,fallback,0.13333333333333333,1.0,6.510144927536232,2,1,3,T,-1e+18,-30,3.5999999999999996,0.0,2,0.0,-10,deltaR,2,3, ,-1e+18,0.0
train_0076,442,0,1,S,20,0,False,fallback,0.13333333333333333,1.0,6.510144927536232,2,1,3,T,-1e+18,-30,3.5999999999999996,0.0,3,0.0,-10,deltaR,2,3, ,-1e+18,0.0
train_0076,443,1,1,G,20,0,False,fallback,0.13333333333333333,1.0,6.510144927536232,2,1,3,T,-1e+18,-30,3.5999999999999996,0.0,2,0.0,-10,deltaR,2,3, ,-1e+18,0.0
train_0076,444,0,1,S,20,0,False,fallback,0.13333333333333333,1.0,6.510144927536232,2,1,3,T,-1e+18,-30,3.5999999999999996,0.0,3,0.0,-10,deltaR,2,3, ,-1e+18,0.0
train_0076,445,1,1,G,20,0,False,fallback,0.13333333333333333,1.0,6.510144927536232,2,1,3,T,-1e+18,-30,3.5999999999999996,0.0,2,0.0,-10,deltaR,2,3, ,-1e+18,0.0
train_0076,446,0,1,S,20,0,False,fallback,0.13333333333333333,1.0,6.510144927536232,2,1,3,T,-1e+18,-30,3.5999999999999996,0.0,3,0.0,-10,deltaR,2,3, ,-1e+18,0.0
train_0076,447,1,1,G,20,0,False,fallback,0.13333333333333333,1.0,6.510144927536232,2,1,3,T,-1e+18,-30,3.5999999999999996,0.0,2,0.0,-10,deltaR,2,3, ,-1e+18,0.0
train_0076,448,0,1,S,20,0,False,fallback,0.13333333333333333,1.0,6.510144927536232,2,1,3,T,-1e+18,-30,3.5999999999999996,0.0,3,0.0,-10,deltaR,2,3, ,-1e+18,0.0
train_0076,449,1,1,G,20,0,False,fallback,0.13333333333333333,1.0,6.510144927536232,2,1,3,T,-1e+18,-30,3.5999999999999996,0.0,2,0.0,-10,deltaR,2,3, ,-1e+18,0.0
train_0076,450,0,1,S,20,0,False,fallback,0.13333333333333333,1.0,6.510144927536232,2,1,3,T,-1e+18,-30,3.5999999999999996,0.0,3,0.0,-10,deltaR,2,3, ,-1e+18,0.0
train_0076,451,1,1,G,20,0,False,fallback,0.13333333333333333,1.0,6.510144927536232,2,1,3,T,-1e+18,-30,3.5999999999999996,0.0,2,0.0,-10,deltaR,2,3, ,-1e+18,0.0
train_0076,452,0,1,S,20,0,False,fallback,0.13333333333333333,1.0,6.510144927536232,2,1,3,T,-1e+18,-30,3.5999999999999996,0.0,3,0.0,-10,deltaR,2,3, ,-1e+18,0.0
train_0076,453,1,1,G,20,0,False,fallback,0.13333333333333333,1.0,6.510144927536232,2,1,3,T,-1e+18,-30,3.5999999999999996,0.0,2,0.0,-10,deltaR,2,3, ,-1e+18,0.0
train_0076,454,0,1,S,20,0,False,fallback,0.13333333333333333,1.0,6.510144927536232,2,1,3,T,-1e+18,-30,3.5999999999999996,0.0,3,0.0,-10,deltaR,2,3, ,-1e+18,0.0
train_0076,455,1,1,G,20,0,False,fallback,0.13333333333333333,1.0,6.510144927536232,2,1,3,T,-1e+18,-30,3.5999999999999996,0.0,2,0.0,-10,deltaR,2,3, ,-1e+18,0.0
train_0076,456,0,1,S,20,0,False,fallback,0.13333333333333333,1.0,6.510144927536232,2,1,3,T,-1e+18,-30,3.5999999999999996,0.0,3,0.0,-10,deltaR,2,3, ,-1e+18,0.0
train_0076,457,1,1,G,20,0,False,fallback,0.13333333333333333,1.0,6.510144927536232,2,1,3,T,-1e+18,-30,3.5999999999999996,0.0,2,0.0,-10,deltaR,2,3, ,-1e+18,0.0
train_0076,458,0,1,S,20,0,False,fallback,0.13333333333333333,1.0,6.510144927536232,2,1,3,T,-1e+18,-30,3.5999999999999996,0.0,3,0.0,-10,deltaR,2,3, ,-1e+18,0.0
train_0076,459,1,1,G,20,0,False,fallback,0.13333333333333333,1.0,6.510144927536232,2,1,3,T,-1e+18,-30,3.5999999999999996,0.0,2,0.0,-10,deltaR,2,3, ,-1e+18,0.0
train_0076,460,0,1,S,20,0,False,fallback,0.13333333333333333,1.0,6.510144927536232,2,1,3,T,-1e+18,-30,3.5999999999999996,0.0,3,0.0,-10,deltaR,2,3, ,-1e+18,0.0
train_0076,461,1,1,G,20,0,False,fallback,0.13333333333333333,1.0,6.510144927536232,2,1,3,T,-1e+18,-30,3.5999999999999996,0.0,2,0.0,-10,deltaR,2,3, ,-1e+18,0.0
train_0076,462,0,1,S,20,0,False,fallback,0.13333333333333333,1.0,6.510144927536232,2,1,3,T,-1e+18,-30,3.5999999999999996,0.0,3,0.0,-10,deltaR,2,3, ,-1e+18,0.0
train_0076,463,1,1,G,20,0,False,fallback,0.13333333333333333,1.0,6.510144927536232,2,1,3,T,-1e+18,-30,3.5999999999999996,0.0,2,0.0,-10,deltaR,2,3, ,-1e+18,0.0
train_0076,464,0,1,S,20,0,False,fallback,0.13333333333333333,1.0,6.510144927536232,2,1,3,T,-1e+18,-30,3.5999999999999996,0.0,3,0.0,-10,deltaR,2,3, ,-1e+18,0.0
train_0076,465,1,1,G,20,0,False,fallback,0.13333333333333333,1.0,6.510144927536232,2,1,3,T,-1e+18,-30,3.5999999999999996,0.0,2,0.0,-10,deltaR,2,3, ,-1e+18,0.0
train_0076,466,0,1,S,20,0,False,fallback,0.13333333333333333,1.0,6.510144927536232,2,1,3,T,-1e+18,-30,3.5999999999999996,0.0,3,0.0,-10,deltaR,2,3, ,-1e+18,0.0
train_0076,467,1,1,G,20,0,False,fallback,0.13333333333333333,1.0,6.510144927536232,2,1,3,T,-1e+18,-30,3.5999999999999996,0.0,2,0.0,-10,deltaR,2,3, ,-1e+18,0.0
train_0076,468,0,1,S,20,0,False,fallback,0.13333333333333333,1.0,6.510144927536232,2,1,3,T,-1e+18,-30,3.5999999999999996,0.0,3,0.0,-10,deltaR,2,3, ,-1e+18,0.0
train_0076,469,1,1,G,20,0,False,fallback,0.13333333333333333,1.0,6.510144927536232,2,1,3,T,-1e+18,-30,3.5999999999999996,0.0,2,0.0,-10,deltaR,2,3, ,-1e+18,0.0
train_0076,470,0,1,S,20,0,False,fallback,0.13333333333333333,1.0,6.510144927536232,2,1,3,T,-1e+18,-30,3.5999999999999996,0.0,3,0.0,-10,deltaR,2,3, ,-1e+18,0.0
train_0076,471,1,1,G,20,0,False,fallback,0.13333333333333333,1.0,6.510144927536232,2,1,3,T,-1e+18,-30,3.5999999999999996,0.0,2,0.0,-10,deltaR,2,3, ,-1e+18,0.0
train_0076,472,0,1,S,20,0,False,fallback,0.13333333333333333,1.0,6.510144927536232,2,1,3,T,-1e+18,-30,3.5999999999999996,0.0,3,0.0,-10,deltaR,2,3, ,-1e+18,0.0
train_0076,473,1,1,G,20,0,False,fallback,0.13333333333333333,1.0,6.510144927536232,2,1,3,T,-1e+18,-30,3.5999999999999996,0.0,2,0.0,-10,deltaR,2,3, ,-1e+18,0.0
train_0076,474,0,1,S,20,0,False,fallback,0.13333333333333333,1.0,6.510144927536232,2,1,3,T,-1e+18,-30,3.5999999999999996,0.0,3,0.0,-10,deltaR,2,3, ,-1e+18,0.0
train_0076,475,1,1,G,20,0,False,fallback,0.13333333333333333,1.0,6.510144927536232,2,1,3,T,-1e+18,-30,3.5999999999999996,0.0,2,0.0,-10,deltaR,2,3, ,-1e+18,0.0
train_0076,476,0,1,S,20,0,False,fallback,0.13333333333333333,1.0,6.510144927536232,2,1,3,T,-1e+18,-30,3.5999999999999996,0.0,3,0.0,-10,deltaR,2,3, ,-1e+18,0.0
train_0076,477,1,1,G,20,0,False,fallback,0.13333333333333333,1.0,6.510144927536232,2,1,3,T,-1e+18,-30,3.5999999999999996,0.0,2,0.0,-10,deltaR,2,3, ,-1e+18,0.0
train_0076,478,0,1,S,20,0,False,fallback,0.13333333333333333,1.0,6.510144927536232,2,1,3,T,-1e+18,-30,3.5999999999999996,0.0,3,0.0,-10,deltaR,2,3, ,-1e+18,0.0
train_0076,479,1,1,G,20,0,False,fallback,0.13333333333333333,1.0,6.510144927536232,2,1,3,T,-1e+18,-30,3.5999999999999996,0.0,2,0.0,-10,deltaR,2,3, ,-1e+18,0.0
train_0076,480,0,1,S,20,0,False,fallback,0.13333333333333333,1.0,6.510144927536232,2,1,3,T,-1e+18,-30,3.5999999999999996,0.0,3,0.0,-10,deltaR,2,3, ,-1e+18,0.0
train_0076,481,1,1,G,20,0,False,fallback,0.13333333333333333,1.0,6.510144927536232,2,1,3,T,-1e+18,-30,3.5999999999999996,0.0,2,0.0,-10,deltaR,2,3, ,-1e+18,0.0
train_0076,482,0,1,S,20,0,False,fallback,0.13333333333333333,1.0,6.510144927536232,2,1,3,T,-1e+18,-30,3.5999999999999996,0.0,3,0.0,-10,deltaR,2,3, ,-1e+18,0.0
train_0076,483,1,1,G,20,0,False,fallback,0.13333333333333333,1.0,6.510144927536232,2,1,3,T,-1e+18,-30,3.5999999999999996,0.0,2,0.0,-10,deltaR,2,3, ,-1e+18,0.0
train_0076,484,0,1,S,20,0,False,fallback,0.13333333333333333,1.0,6.510144927536232,2,1,3,T,-1e+18,-30,3.5999999999999996,0.0,3,0.0,-10,deltaR,2,3, ,-1e+18,0.0
train_0076,485,1,1,G,20,0,False,fallback,0.13333333333333333,1.0,6.510144927536232,2,1,3,T,-1e+18,-30,3.5999999999999996,0.0,2,0.0,-10,deltaR,2,3, ,-1e+18,0.0
train_0076,486,0,1,S,20,0,False,fallback,0.13333333333333333,1.0,6.510144927536232,2,1,3,T,-1e+18,-30,3.5999999999999996,0.0,3,0.0,-10,deltaR,2,3, ,-1e+18,0.0
train_0076,487,1,1,G,20,0,False,fallback,0.13333333333333333,1.0,6.510144927536232,2,1,3,T,-1e+18,-30,3.5999999999999996,0.0,2,0.0,-10,deltaR,2,3, ,-1e+18,0.0
train_0076,488,0,1,S,20,0,False,fallback,0.13333333333333333,1.0,6.510144927536232,2,1,3,T,-1e+18,-30,3.5999999999999996,0.0,3,0.0,-10,deltaR,2,3, ,-1e+18,0.0
train_0076,489,1,1,G,20,0,False,fallback,0.13333333333333333,1.0,6.510144927536232,2,1,3,T,-1e+18,-30,3.5999999999999996,0.0,2,0.0,-10,deltaR,2,3, ,-1e+18,0.0
train_0076,490,0,1,S,20,0,False,fallback,0.13333333333333333,1.0,6.510144927536232,2,1,3,T,-1e+18,-30,3.5999999999999996,0.0,3,0.0,-10,deltaR,2,3, ,-1e+18,0.0
train_0076,491,1,1,G,20,0,False,fallback,0.13333333333333333,1.0,6.510144927536232,2,1,3,T,-1e+18,-30,3.5999999999999996,0.0,2,0.0,-10,deltaR,2,3, ,-1e+18,0.0
train_0076,492,0,1,S,20,0,False,fallback,0.13333333333333333,1.0,6.510144927536232,2,1,3,T,-1e+18,-30,3.5999999999999996,0.0,3,0.0,-10,deltaR,2,3, ,-1e+18,0.0
train_0076,493,1,1,G,20,0,False,fallback,0.13333333333333333,1.0,6.510144927536232,2,1,3,T,-1e+18,-30,3.5999999999999996,0.0,2,0.0,-10,deltaR,2,3, ,-1e+18,0.0
train_0076,494,0,1,S,20,0,False,fallback,0.13333333333333333,1.0,6.510144927536232,2,1,3,T,-1e+18,-30,3.5999999999999996,0.0,3,0.0,-10,deltaR,2,3, ,-1e+18,0.0
train_0076,495,1,1,G,20,0,False,fallback,0.13333333333333333,1.0,6.510144927536232,2,1,3,T,-1e+18,-30,3.5999999999999996,0.0,2,0.0,-10,deltaR,2,3, ,-1e+18,0.0
train_0076,496,0,1,S,20,0,False,fallback,0.13333333333333333,1.0,6.510144927536232,2,1,3,T,-1e+18,-30,3.5999999999999996,0.0,3,0.0,-10,deltaR,2,3, ,-1e+18,0.0
train_0076,497,1,1,G,20,0,False,fallback,0.13333333333333333,1.0,6.510144927536232,2,1,3,T,-1e+18,-30,3.5999999999999996,0.0,2,0.0,-10,deltaR,2,3, ,-1e+18,0.0
train_0076,498,0,1,S,20,0,False,fallback,0.13333333333333333,1.0,6.510144927536232,2,1,3,T,-1e+18,-30,3.5999999999999996,0.0,3,0.0,-10,deltaR,2,3, ,-1e+18,0.0
train_0076,499,1,1,G,20,0,False,fallback,0.13333333333333333,1.0,6.510144927536232,2,1,3,T,-1e+18,-30,3.5999999999999996,0.0,2,0.0,-10,deltaR,2,3, ,-1e+18,0.0
train_0076,500,0,1,S,20,0,False,fallback,0.13333333333333333,1.0,6.510144927536232,2,1,3,T,-1e+18,-30,3.5999999999999996,0.0,3,0.0,-10,deltaR,2,3, ,-1e+18,0.0
train_0076,501,1,1,G,20,0,False,fallback,0.13333333333333333,1.0,6.510144927536232,2,1,3,T,-1e+18,-30,3.5999999999999996,0.0,2,0.0,-10,deltaR,2,3, ,-1e+18,0.0
train_0076,502,0,1,S,20,0,False,fallback,0.13333333333333333,1.0,6.510144927536232,2,1,3,T,-1e+18,-30,3.5999999999999996,0.0,3,0.0,-10,deltaR,2,3, ,-1e+18,0.0
train_0076,503,1,1,G,20,0,False,fallback,0.13333333333333333,1.0,6.510144927536232,2,1,3,T,-1e+18,-30,3.5999999999999996,0.0,2,0.0,-10,deltaR,2,3, ,-1e+18,0.0
train_0076,504,0,1,S,20,0,False,fallback,0.13333333333333333,1.0,6.510144927536232,2,1,3,T,-1e+18,-30,3.5999999999999996,0.0,3,0.0,-10,deltaR,2,3, ,-1e+18,0.0
train_0076,505,1,1,G,20,0,False,fallback,0.13333333333333333,1.0,6.510144927536232,2,1,3,T,-1e+18,-30,3.5999999999999996,0.0,2,0.0,-10,deltaR,2,3, ,-1e+18,0.0
train_0076,506,0,1,S,20,0,False,fallback,0.13333333333333333,1.0,6.510144927536232,2,1,3,T,-1e+18,-30,3.5999999999999996,0.0,3,0.0,-10,deltaR,2,3, ,-1e+18,0.0
train_0076,507,1,1,G,20,0,False,fallback,0.13333333333333333,1.0,6.510144927536232,2,1,3,T,-1e+18,-30,3.5999999999999996,0.0,2,0.0,-10,deltaR,2,3, ,-1e+18,0.0
train_0076,508,0,1,S,20,0,False,fallback,0.13333333333333333,1.0,6.510144927536232,2,1,3,T,-1e+18,-30,3.5999999999999996,0.0,3,0.0,-10,deltaR,2,3, ,-1e+18,0.0
train_0076,509,1,1,G,20,0,False,fallback,0.13333333333333333,1.0,6.510144927536232,2,1,3,T,-1e+18,-30,3.5999999999999996,0.0,2,0.0,-10,deltaR,2,3, ,-1e+18,0.0
train_0076,510,0,1,S,20,0,False,fallback,0.13333333333333333,1.0,6.510144927536232,2,1,3,T,-1e+18,-30,3.5999999999999996,0.0,3,0.0,-10,deltaR,2,3, ,-1e+18,0.0
train_0076,511,1,1,G,20,0,False,fallback,0.13333333333333333,1.0,6.510144927536232,2,1,3,T,-1e+18,-30,3.5999999999999996,0.0,2,0.0,-10,deltaR,2,3, ,-1e+18,0.0
train_0076,512,0,1,S,20,0,False,fallback,0.13333333333333333,1.0,6.510144927536232,2,1,3,T,-1e+18,-30,3.5999999999999996,0.0,3,0.0,-10,deltaR,2,3, ,-1e+18,0.0
train_0076,513,1,1,G,20,0,False,fallback,0.13333333333333333,1.0,6.510144927536232,2,1,3,T,-1e+18,-30,3.5999999999999996,0.0,2,0.0,-10,deltaR,2,3, ,-1e+18,0.0
train_0076,514,0,1,S,20,0,False,fallback,0.13333333333333333,1.0,6.510144927536232,2,1,3,T,-1e+18,-30,3.5999999999999996,0.0,3,0.0,-10,deltaR,2,3, ,-1e+18,0.0
train_0076,515,1,1,G,20,0,False,fallback,0.13333333333333333,1.0,6.510144927536232,2,1,3,T,-1e+18,-30,3.5999999999999996,0.0,2,0.0,-10,deltaR,2,3, ,-1e+18,0.0
train_0076,516,0,1,S,20,0,False,fallback,0.13333333333333333,1.0,6.510144927536232,2,1,3,T,-1e+18,-30,3.5999999999999996,0.0,3,0.0,-10,deltaR,2,3, ,-1e+18,0.0
train_0076,517,1,1,G,20,0,False,fallback,0.13333333333333333,1.0,6.510144927536232,2,1,3,T,-1e+18,-30,3.5999999999999996,0.0,2,0.0,-10,deltaR,2,3, ,-1e+18,0.0
train_0076,518,0,1,S,20,0,False,fallback,0.13333333333333333,1.0,6.510144927536232,2,1,3,T,-1e+18,-30,3.5999999999999996,0.0,3,0.0,-10,deltaR,2,3, ,-1e+18,0.0
train_0076,519,1,1,G,20,0,False,fallback,0.13333333333333333,1.0,6.510144927536232,2,1,3,T,-1e+18,-30,3.5999999999999996,0.0,2,0.0,-10,deltaR,2,3, ,-1e+18,0.0
train_0076,520,0,1,S,20,0,False,fallback,0.13333333333333333,1.0,6.510144927536232,2,1,3,T,-1e+18,-30,3.5999999999999996,0.0,3,0.0,-10,deltaR,2,3, ,-1e+18,0.0
train_0076,521,1,1,G,20,0,False,fallback,0.13333333333333333,1.0,6.510144927536232,2,1,3,T,-1e+18,-30,3.5999999999999996,0.0,2,0.0,-10,deltaR,2,3, ,-1e+18,0.0
train_0076,522,0,1,S,20,0,False,fallback,0.13333333333333333,1.0,6.510144927536232,2,1,3,T,-1e+18,-30,3.5999999999999996,0.0,3,0.0,-10,deltaR,2,3, ,-1e+18,0.0
train_0076,523,1,1,G,20,0,False,fallback,0.13333333333333333,1.0,6.510144927536232,2,1,3,T,-1e+18,-30,3.5999999999999996,0.0,2,0.0,-10,deltaR,2,3, ,-1e+18,0.0
train_0076,524,0,1,S,20,0,False,fallback,0.13333333333333333,1.0,6.510144927536232,2,1,3,T,-1e+18,-30,3.5999999999999996,0.0,3,0.0,-10,deltaR,2,3, ,-1e+18,0.0
train_0076,525,1,1,G,20,0,False,fallback,0.13333333333333333,1.0,6.510144927536232,2,1,3,T,-1e+18,-30,3.5999999999999996,0.0,2,0.0,-10,deltaR,2,3, ,-1e+18,0.0
train_0076,526,0,1,S,20,0,False,fallback,0.13333333333333333,1.0,6.510144927536232,2,1,3,T,-1e+18,-30,3.5999999999999996,0.0,3,0.0,-10,deltaR,2,3, ,-1e+18,0.0
train_0076,527,1,1,G,20,0,False,fallback,0.13333333333333333,1.0,6.510144927536232,2,1,3,T,-1e+18,-30,3.5999999999999996,0.0,2,0.0,-10,deltaR,2,3, ,-1e+18,0.0
train_0076,528,0,1,S,20,0,False,fallback,0.13333333333333333,1.0,6.510144927536232,2,1,3,T,-1e+18,-30,3.5999999999999996,0.0,3,0.0,-10,deltaR,2,3, ,-1e+18,0.0
train_0076,529,1,1,G,20,0,False,fallback,0.13333333333333333,1.0,6.510144927536232,2,1,3,T,-1e+18,-30,3.5999999999999996,0.0,2,0.0,-10,deltaR,2,3, ,-1e+18,0.0
train_0076,530,0,1,S,20,0,False,fallback,0.13333333333333333,1.0,6.510144927536232,2,1,3,T,-1e+18,-30,3.5999999999999996,0.0,3,0.0,-10,deltaR,2,3, ,-1e+18,0.0
train_0076,531,1,1,G,20,0,False,fallback,0.13333333333333333,1.0,6.510144927536232,2,1,3,T,-1e+18,-30,3.5999999999999996,0.0,2,0.0,-10,deltaR,2,3, ,-1e+18,0.0
train_0076,532,0,1,S,20,0,False,fallback,0.13333333333333333,1.0,6.510144927536232,2,1,3,T,-1e+18,-30,3.5999999999999996,0.0,3,0.0,-10,deltaR,2,3, ,-1e+18,0.0
train_0076,533,1,1,G,20,0,False,fallback,0.13333333333333333,1.0,6.510144927536232,2,1,3,T,-1e+18,-30,3.5999999999999996,0.0,2,0.0,-10,deltaR,2,3, ,-1e+18,0.0
train_0076,534,0,1,S,20,0,False,fallback,0.13333333333333333,1.0,6.510144927536232,2,1,3,T,-1e+18,-30,3.5999999999999996,0.0,3,0.0,-10,deltaR,2,3, ,-1e+18,0.0
train_0076,535,1,1,G,20,0,False,fallback,0.13333333333333333,1.0,6.510144927536232,2,1,3,T,-1e+18,-30,3.5999999999999996,0.0,2,0.0,-10,deltaR,2,3, ,-1e+18,0.0
train_0076,536,0,1,S,20,0,False,fallback,0.13333333333333333,1.0,6.510144927536232,2,1,3,T,-1e+18,-30,3.5999999999999996,0.0,3,0.0,-10,deltaR,2,3, ,-1e+18,0.0
train_0076,537,1,1,G,20,0,False,fallback,0.13333333333333333,1.0,6.510144927536232,2,1,3,T,-1e+18,-30,3.5999999999999996,0.0,2,0.0,-10,deltaR,2,3, ,-1e+18,0.0
train_0076,538,0,1,S,20,0,False,fallback,0.13333333333333333,1.0,6.510144927536232,2,1,3,T,-1e+18,-30,3.5999999999999996,0.0,3,0.0,-10,deltaR,2,3, ,-1e+18,0.0
train_0076,539,1,1,G,20,0,False,fallback,0.13333333333333333,1.0,6.510144927536232,2,1,3,T,-1e+18,-30,3.5999999999999996,0.0,2,0.0,-10,deltaR,2,3, ,-1e+18,0.0
train_0076,540,0,1,S,20,0,False,fallback,0.13333333333333333,1.0,6.510144927536232,2,1,3,T,-1e+18,-30,3.5999999999999996,0.0,3,0.0,-10,deltaR,2,3, ,-1e+18,0.0
train_0076,541,1,1,G,20,0,False,fallback,0.13333333333333333,1.0,6.510144927536232,2,1,3,T,-1e+18,-30,3.5999999999999996,0.0,2,0.0,-10,deltaR,2,3, ,-1e+18,0.0
train_0076,542,0,1,S,20,0,False,fallback,0.13333333333333333,1.0,6.510144927536232,2,1,3,T,-1e+18,-30,3.5999999999999996,0.0,3,0.0,-10,deltaR,2,3, ,-1e+18,0.0
train_0076,543,1,1,G,20,0,False,fallback,0.13333333333333333,1.0,6.510144927536232,2,1,3,T,-1e+18,-30,3.5999999999999996,0.0,2,0.0,-10,deltaR,2,3, ,-1e+18,0.0
train_0076,544,0,1,S,20,0,False,fallback,0.13333333333333333,1.0,6.510144927536232,2,1,3,T,-1e+18,-30,3.5999999999999996,0.0,3,0.0,-10,deltaR,2,3, ,-1e+18,0.0
train_0076,545,1,1,G,20,0,False,fallback,0.13333333333333333,1.0,6.510144927536232,2,1,3,T,-1e+18,-30,3.5999999999999996,0.0,2,0.0,-10,deltaR,2,3, ,-1e+18,0.0
train_0076,546,0,1,S,20,0,False,fallback,0.13333333333333333,1.0,6.510144927536232,2,1,3,T,-1e+18,-30,3.5999999999999996,0.0,3,0.0,-10,deltaR,2,3, ,-1e+18,0.0
train_0076,547,1,1,G,20,0,False,fallback,0.13333333333333333,1.0,6.510144927536232,2,1,3,T,-1e+18,-30,3.5999999999999996,0.0,2,0.0,-10,deltaR,2,3, ,-1e+18,0.0
train_0076,548,0,1,S,20,0,False,fallback,0.13333333333333333,1.0,6.510144927536232,2,1,3,T,-1e+18,-30,3.5999999999999996,0.0,3,0.0,-10,deltaR,2,3, ,-1e+18,0.0
train_0076,549,1,1,G,20,0,False,fallback,0.13333333333333333,1.0,6.510144927536232,2,1,3,T,-1e+18,-30,3.5999999999999996,0.0,2,0.0,-10,deltaR,2,3, ,-1e+18,0.0
train_0076,550,0,1,S,20,0,False,fallback,0.13333333333333333,1.0,6.510144927536232,2,1,3,T,-1e+18,-30,3.5999999999999996,0.0,3,0.0,-10,deltaR,2,3, ,-1e+18,0.0
train_0076,551,1,1,G,20,0,False,fallback,0.13333333333333333,1.0,6.510144927536232,2,1,3,T,-1e+18,-30,3.5999999999999996,0.0,2,0.0,-10,deltaR,2,3, ,-1e+18,0.0
train_0076,552,0,1,S,20,0,False,fallback,0.13333333333333333,1.0,6.510144927536232,2,1,3,T,-1e+18,-30,3.5999999999999996,0.0,3,0.0,-10,deltaR,2,3, ,-1e+18,0.0
train_0076,553,1,1,G,20,0,False,fallback,0.13333333333333333,1.0,6.510144927536232,2,1,3,T,-1e+18,-30,3.5999999999999996,0.0,2,0.0,-10,deltaR,2,3, ,-1e+18,0.0
train_0076,554,0,1,S,20,0,False,fallback,0.13333333333333333,1.0,6.510144927536232,2,1,3,T,-1e+18,-30,3.5999999999999996,0.0,3,0.0,-10,deltaR,2,3, ,-1e+18,0.0
train_0076,555,1,1,G,20,0,False,fallback,0.13333333333333333,1.0,6.510144927536232,2,1,3,T,-1e+18,-30,3.5999999999999996,0.0,2,0.0,-10,deltaR,2,3, ,-1e+18,0.0
train_0076,556,0,1,S,20,0,False,fallback,0.13333333333333333,1.0,6.510144927536232,2,1,3,T,-1e+18,-30,3.5999999999999996,0.0,3,0.0,-10,deltaR,2,3, ,-1e+18,0.0
train_0076,557,1,1,G,20,0,False,fallback,0.13333333333333333,1.0,6.510144927536232,2,1,3,T,-1e+18,-30,3.5999999999999996,0.0,2,0.0,-10,deltaR,2,3, ,-1e+18,0.0
train_0076,558,0,1,S,20,0,False,fallback,0.13333333333333333,1.0,6.510144927536232,2,1,3,T,-1e+18,-30,3.5999999999999996,0.0,3,0.0,-10,deltaR,2,3, ,-1e+18,0.0
train_0076,559,1,1,G,20,0,False,fallback,0.13333333333333333,1.0,6.510144927536232,2,1,3,T,-1e+18,-30,3.5999999999999996,0.0,2,0.0,-10,deltaR,2,3, ,-1e+18,0.0
train_0076,560,0,1,S,20,0,False,fallback,0.13333333333333333,1.0,6.510144927536232,2,1,3,T,-1e+18,-30,3.5999999999999996,0.0,3,0.0,-10,deltaR,2,3, ,-1e+18,0.0
train_0076,561,1,1,G,20,0,False,fallback,0.13333333333333333,1.0,6.510144927536232,2,1,3,T,-1e+18,-30,3.5999999999999996,0.0,2,0.0,-10,deltaR,2,3, ,-1e+18,0.0
train_0076,562,0,1,S,20,0,False,fallback,0.13333333333333333,1.0,6.510144927536232,2,1,3,T,-1e+18,-30,3.5999999999999996,0.0,3,0.0,-10,deltaR,2,3, ,-1e+18,0.0
train_0076,563,1,1,G,20,0,False,fallback,0.13333333333333333,1.0,6.510144927536232,2,1,3,T,-1e+18,-30,3.5999999999999996,0.0,2,0.0,-10,deltaR,2,3, ,-1e+18,0.0
train_0076,564,0,1,S,20,0,False,fallback,0.13333333333333333,1.0,6.510144927536232,2,1,3,T,-1e+18,-30,3.5999999999999996,0.0,3,0.0,-10,deltaR,2,3, ,-1e+18,0.0
train_0076,565,1,1,G,20,0,False,fallback,0.13333333333333333,1.0,6.510144927536232,2,1,3,T,-1e+18,-30,3.5999999999999996,0.0,2,0.0,-10,deltaR,2,3, ,-1e+18,0.0
train_0076,566,0,1,S,20,0,False,fallback,0.13333333333333333,1.0,6.510144927536232,2,1,3,T,-1e+18,-30,3.5999999999999996,0.0,3,0.0,-10,deltaR,2,3, ,-1e+18,0.0
train_0076,567,1,1,G,20,0,False,fallback,0.13333333333333333,1.0,6.510144927536232,2,1,3,T,-1e+18,-30,3.5999999999999996,0.0,2,0.0,-10,deltaR,2,3, ,-1e+18,0.0
train_0076,568,0,1,S,20,0,False,fallback,0.13333333333333333,1.0,6.510144927536232,2,1,3,T,-1e+18,-30,3.5999999999999996,0.0,3,0.0,-10,deltaR,2,3, ,-1e+18,0.0
train_0076,569,1,1,G,20,0,False,fallback,0.13333333333333333,1.0,6.510144927536232,2,1,3,T,-1e+18,-30,3.5999999999999996,0.0,2,0.0,-10,deltaR,2,3, ,-1e+18,0.0
train_0076,570,0,1,S,20,0,False,fallback,0.13333333333333333,1.0,6.510144927536232,2,1,3,T,-1e+18,-30,3.5999999999999996,0.0,3,0.0,-10,deltaR,2,3, ,-1e+18,0.0
train_0076,571,1,1,G,20,0,False,fallback,0.13333333333333333,1.0,6.510144927536232,2,1,3,T,-1e+18,-30,3.5999999999999996,0.0,2,0.0,-10,deltaR,2,3, ,-1e+18,0.0
train_0076,572,0,1,S,20,0,False,fallback,0.13333333333333333,1.0,6.510144927536232,2,1,3,T,-1e+18,-30,3.5999999999999996,0.0,3,0.0,-10,deltaR,2,3, ,-1e+18,0.0
train_0076,573,1,1,G,20,0,False,fallback,0.13333333333333333,1.0,6.510144927536232,2,1,3,T,-1e+18,-30,3.5999999999999996,0.0,2,0.0,-10,deltaR,2,3, ,-1e+18,0.0
train_0076,574,0,1,S,20,0,False,fallback,0.13333333333333333,1.0,6.510144927536232,2,1,3,T,-1e+18,-30,3.5999999999999996,0.0,3,0.0,-10,deltaR,2,3, ,-1e+18,0.0
train_0076,575,1,1,G,20,0,False,fallback,0.13333333333333333,1.0,6.510144927536232,2,1,3,T,-1e+18,-30,3.5999999999999996,0.0,2,0.0,-10,deltaR,2,3, ,-1e+18,0.0
train_0076,576,0,1,S,20,0,False,fallback,0.13333333333333333,1.0,6.510144927536232,2,1,3,T,-1e+18,-30,3.5999999999999996,0.0,3,0.0,-10,deltaR,2,3, ,-1e+18,0.0
train_0076,577,1,1,G,20,0,False,fallback,0.13333333333333333,1.0,6.510144927536232,2,1,3,T,-1e+18,-30,3.5999999999999996,0.0,2,0.0,-10,deltaR,2,3, ,-1e+18,0.0
train_0076,578,0,1,S,20,0,False,fallback,0.13333333333333333,1.0,6.510144927536232,2,1,3,T,-1e+18,-30,3.5999999999999996,0.0,3,0.0,-10,deltaR,2,3, ,-1e+18,0.0
train_0076,579,1,1,G,20,0,False,fallback,0.13333333333333333,1.0,6.510144927536232,2,1,3,T,-1e+18,-30,3.5999999999999996,0.0,2,0.0,-10,deltaR,2,3, ,-1e+18,0.0
train_0076,580,0,1,S,20,0,False,fallback,0.13333333333333333,1.0,6.510144927536232,2,1,3,T,-1e+18,-30,3.5999999999999996,0.0,3,0.0,-10,deltaR,2,3, ,-1e+18,0.0
train_0076,581,1,1,G,20,0,False,fallback,0.13333333333333333,1.0,6.510144927536232,2,1,3,T,-1e+18,-30,3.5999999999999996,0.0,2,0.0,-10,deltaR,2,3, ,-1e+18,0.0
train_0076,582,0,1,S,20,0,False,fallback,0.13333333333333333,1.0,6.510144927536232,2,1,3,T,-1e+18,-30,3.5999999999999996,0.0,3,0.0,-10,deltaR,2,3, ,-1e+18,0.0
train_0076,583,1,1,G,20,0,False,fallback,0.13333333333333333,1.0,6.510144927536232,2,1,3,T,-1e+18,-30,3.5999999999999996,0.0,2,0.0,-10,deltaR,2,3, ,-1e+18,0.0
train_0076,584,0,1,S,20,0,False,fallback,0.13333333333333333,1.0,6.510144927536232,2,1,3,T,-1e+18,-30,3.5999999999999996,0.0,3,0.0,-10,deltaR,2,3, ,-1e+18,0.0
train_0076,585,1,1,G,20,0,False,fallback,0.13333333333333333,1.0,6.510144927536232,2,1,3,T,-1e+18,-30,3.5999999999999996,0.0,2,0.0,-10,deltaR,2,3, ,-1e+18,0.0
train_0076,586,0,1,S,20,0,False,fallback,0.13333333333333333,1.0,6.510144927536232,2,1,3,T,-1e+18,-30,3.5999999999999996,0.0,3,0.0,-10,deltaR,2,3, ,-1e+18,0.0
train_0076,587,1,1,G,20,0,False,fallback,0.13333333333333333,1.0,6.510144927536232,2,1,3,T,-1e+18,-30,3.5999999999999996,0.0,2,0.0,-10,deltaR,2,3, ,-1e+18,0.0
train_0076,588,0,1,S,20,0,False,fallback,0.13333333333333333,1.0,6.510144927536232,2,1,3,T,-1e+18,-30,3.5999999999999996,0.0,3,0.0,-10,deltaR,2,3, ,-1e+18,0.0
train_0076,589,1,1,G,20,0,False,fallback,0.13333333333333333,1.0,6.510144927536232,2,1,3,T,-1e+18,-30,3.5999999999999996,0.0,2,0.0,-10,deltaR,2,3, ,-1e+18,0.0
train_0076,590,0,1,S,20,0,False,fallback,0.13333333333333333,1.0,6.510144927536232,2,1,3,T,-1e+18,-30,3.5999999999999996,0.0,3,0.0,-10,deltaR,2,3, ,-1e+18,0.0
train_0076,591,1,1,G,20,0,False,fallback,0.13333333333333333,1.0,6.510144927536232,2,1,3,T,-1e+18,-30,3.5999999999999996,0.0,2,0.0,-10,deltaR,2,3, ,-1e+18,0.0
train_0076,592,0,1,S,20,0,False,fallback,0.13333333333333333,1.0,6.510144927536232,2,1,3,T,-1e+18,-30,3.5999999999999996,0.0,3,0.0,-10,deltaR,2,3, ,-1e+18,0.0
train_0076,593,1,1,G,20,0,False,fallback,0.13333333333333333,1.0,6.510144927536232,2,1,3,T,-1e+18,-30,3.5999999999999996,0.0,2,0.0,-10,deltaR,2,3, ,-1e+18,0.0
train_0076,594,0,1,S,20,0,False,fallback,0.13333333333333333,1.0,6.510144927536232,2,1,3,T,-1e+18,-30,3.5999999999999996,0.0,3,0.0,-10,deltaR,2,3, ,-1e+18,0.0
train_0076,595,1,1,G,20,0,False,fallback,0.13333333333333333,1.0,6.510144927536232,2,1,3,T,-1e+18,-30,3.5999999999999996,0.0,2,0.0,-10,deltaR,2,3, ,-1e+18,0.0
train_0076,596,0,1,S,20,0,False,fallback,0.13333333333333333,1.0,6.510144927536232,2,1,3,T,-1e+18,-30,3.5999999999999996,0.0,3,0.0,-10,deltaR,2,3, ,-1e+18,0.0
train_0076,597,1,1,G,20,0,False,fallback,0.13333333333333333,1.0,6.510144927536232,2,1,3,T,-1e+18,-30,3.5999999999999996,0.0,2,0.0,-10,deltaR,2,3, ,-1e+18,0.0
train_0076,598,0,1,S,20,0,False,fallback,0.13333333333333333,1.0,6.510144927536232,2,1,3,T,-1e+18,-30,3.5999999999999996,0.0,3,0.0,-10,deltaR,2,3, ,-1e+18,0.0
train_0076,599,1,1,G,20,0,False,fallback,0.13333333333333333,1.0,6.510144927536232,2,1,3,T,-1e+18,-30,3.5999999999999996,0.0,2,0.0,-10,deltaR,2,3, ,-1e+18,0.0
train_0076,600,0,1,S,20,0,False,fallback,0.13333333333333333,1.0,6.510144927536232,2,1,3,T,-1e+18,-30,3.5999999999999996,0.0,3,0.0,-10,deltaR,2,3, ,-1e+18,0.0
train_0076,601,1,1,G,20,0,False,fallback,0.13333333333333333,1.0,6.510144927536232,2,1,3,T,-1e+18,-30,3.5999999999999996,0.0,2,0.0,-10,deltaR,2,3, ,-1e+18,0.0
train_0076,602,0,1,S,20,0,False,fallback,0.13333333333333333,1.0,6.510144927536232,2,1,3,T,-1e+18,-30,3.5999999999999996,0.0,3,0.0,-10,deltaR,2,3, ,-1e+18,0.0
train_0076,603,1,1,G,20,0,False,fallback,0.13333333333333333,1.0,6.510144927536232,2,1,3,T,-1e+18,-30,3.5999999999999996,0.0,2,0.0,-10,deltaR,2,3, ,-1e+18,0.0
train_0076,604,0,1,S,20,0,False,fallback,0.13333333333333333,1.0,6.510144927536232,2,1,3,T,-1e+18,-30,3.5999999999999996,0.0,3,0.0,-10,deltaR,2,3, ,-1e+18,0.0
train_0076,605,1,1,G,20,0,False,fallback,0.13333333333333333,1.0,6.510144927536232,2,1,3,T,-1e+18,-30,3.5999999999999996,0.0,2,0.0,-10,deltaR,2,3, ,-1e+18,0.0
train_0076,606,0,1,S,20,0,False,fallback,0.13333333333333333,1.0,6.510144927536232,2,1,3,T,-1e+18,-30,3.5999999999999996,0.0,3,0.0,-10,deltaR,2,3, ,-1e+18,0.0
train_0076,607,1,1,G,20,0,False,fallback,0.13333333333333333,1.0,6.510144927536232,2,1,3,T,-1e+18,-30,3.5999999999999996,0.0,2,0.0,-10,deltaR,2,3, ,-1e+18,0.0
train_0076,608,0,1,S,20,0,False,fallback,0.13333333333333333,1.0,6.510144927536232,2,1,3,T,-1e+18,-30,3.5999999999999996,0.0,3,0.0,-10,deltaR,2,3, ,-1e+18,0.0
train_0076,609,1,1,G,20,0,False,fallback,0.13333333333333333,1.0,6.510144927536232,2,1,3,T,-1e+18,-30,3.5999999999999996,0.0,2,0.0,-10,deltaR,2,3, ,-1e+18,0.0
train_0076,610,0,1,S,20,0,False,fallback,0.13333333333333333,1.0,6.510144927536232,2,1,3,T,-1e+18,-30,3.5999999999999996,0.0,3,0.0,-10,deltaR,2,3, ,-1e+18,0.0
train_0076,611,1,1,G,20,0,False,fallback,0.13333333333333333,1.0,6.510144927536232,2,1,3,T,-1e+18,-30,3.5999999999999996,0.0,2,0.0,-10,deltaR,2,3, ,-1e+18,0.0
train_0076,612,0,1,S,20,0,False,fallback,0.13333333333333333,1.0,6.510144927536232,2,1,3,T,-1e+18,-30,3.5999999999999996,0.0,3,0.0,-10,deltaR,2,3, ,-1e+18,0.0
train_0076,613,1,1,G,20,0,False,fallback,0.13333333333333333,1.0,6.510144927536232,2,1,3,T,-1e+18,-30,3.5999999999999996,0.0,2,0.0,-10,deltaR,2,3, ,-1e+18,0.0
train_0076,614,0,1,S,20,0,False,fallback,0.13333333333333333,1.0,6.510144927536232,2,1,3,T,-1e+18,-30,3.5999999999999996,0.0,3,0.0,-10,deltaR,2,3, ,-1e+18,0.0
train_0076,615,1,1,G,20,0,False,fallback,0.13333333333333333,1.0,6.510144927536232,2,1,3,T,-1e+18,-30,3.5999999999999996,0.0,2,0.0,-10,deltaR,2,3, ,-1e+18,0.0
train_0076,616,0,1,S,20,0,False,fallback,0.13333333333333333,1.0,6.510144927536232,2,1,3,T,-1e+18,-30,3.5999999999999996,0.0,3,0.0,-10,deltaR,2,3, ,-1e+18,0.0
train_0076,617,1,1,G,20,0,False,fallback,0.13333333333333333,1.0,6.510144927536232,2,1,3,T,-1e+18,-30,3.5999999999999996,0.0,2,0.0,-10,deltaR,2,3, ,-1e+18,0.0
train_0076,618,0,1,S,20,0,False,fallback,0.13333333333333333,1.0,6.510144927536232,2,1,3,T,-1e+18,-30,3.5999999999999996,0.0,3,0.0,-10,deltaR,2,3, ,-1e+18,0.0
train_0076,619,1,1,G,20,0,False,fallback,0.13333333333333333,1.0,6.510144927536232,2,1,3,T,-1e+18,-30,3.5999999999999996,0.0,2,0.0,-10,deltaR,2,3, ,-1e+18,0.0
train_0076,620,0,1,S,20,0,False,fallback,0.13333333333333333,1.0,6.510144927536232,2,1,3,T,-1e+18,-30,3.5999999999999996,0.0,3,0.0,-10,deltaR,2,3, ,-1e+18,0.0
train_0076,621,1,1,G,20,0,False,fallback,0.13333333333333333,1.0,6.510144927536232,2,1,3,T,-1e+18,-30,3.5999999999999996,0.0,2,0.0,-10,deltaR,2,3, ,-1e+18,0.0
train_0076,622,0,1,S,20,0,False,fallback,0.13333333333333333,1.0,6.510144927536232,2,1,3,T,-1e+18,-30,3.5999999999999996,0.0,3,0.0,-10,deltaR,2,3, ,-1e+18,0.0
train_0076,623,1,1,G,20,0,False,fallback,0.13333333333333333,1.0,6.510144927536232,2,1,3,T,-1e+18,-30,3.5999999999999996,0.0,2,0.0,-10,deltaR,2,3, ,-1e+18,0.0
train_0076,624,0,1,S,20,0,False,fallback,0.13333333333333333,1.0,6.510144927536232,2,1,3,T,-1e+18,-30,3.5999999999999996,0.0,3,0.0,-10,deltaR,2,3, ,-1e+18,0.0
train_0076,625,1,1,G,20,0,False,fallback,0.13333333333333333,1.0,6.510144927536232,2,1,3,T,-1e+18,-30,3.5999999999999996,0.0,2,0.0,-10,deltaR,2,3, ,-1e+18,0.0
train_0076,626,0,1,S,20,0,False,fallback,0.13333333333333333,1.0,6.510144927536232,2,1,3,T,-1e+18,-30,3.5999999999999996,0.0,3,0.0,-10,deltaR,2,3, ,-1e+18,0.0
train_0076,627,1,1,G,20,0,False,fallback,0.13333333333333333,1.0,6.510144927536232,2,1,3,T,-1e+18,-30,3.5999999999999996,0.0,2,0.0,-10,deltaR,2,3, ,-1e+18,0.0
train_0076,628,0,1,S,20,0,False,fallback,0.13333333333333333,1.0,6.510144927536232,2,1,3,T,-1e+18,-30,3.5999999999999996,0.0,3,0.0,-10,deltaR,2,3, ,-1e+18,0.0
train_0076,629,1,1,G,20,0,False,fallback,0.13333333333333333,1.0,6.510144927536232,2,1,3,T,-1e+18,-30,3.5999999999999996,0.0,2,0.0,-10,deltaR,2,3, ,-1e+18,0.0
train_0076,630,0,1,S,20,0,False,fallback,0.13333333333333333,1.0,6.510144927536232,2,1,3,T,-1e+18,-30,3.5999999999999996,0.0,3,0.0,-10,deltaR,2,3, ,-1e+18,0.0
train_0076,631,1,1,G,20,0,False,fallback,0.13333333333333333,1.0,6.510144927536232,2,1,3,T,-1e+18,-30,3.5999999999999996,0.0,2,0.0,-10,deltaR,2,3, ,-1e+18,0.0
train_0076,632,0,1,S,20,0,False,fallback,0.13333333333333333,1.0,6.510144927536232,2,1,3,T,-1e+18,-30,3.5999999999999996,0.0,3,0.0,-10,deltaR,2,3, ,-1e+18,0.0
train_0076,633,1,1,G,20,0,False,fallback,0.13333333333333333,1.0,6.510144927536232,2,1,3,T,-1e+18,-30,3.5999999999999996,0.0,2,0.0,-10,deltaR,2,3, ,-1e+18,0.0
train_0076,634,0,1,S,20,0,False,fallback,0.13333333333333333,1.0,6.510144927536232,2,1,3,T,-1e+18,-30,3.5999999999999996,0.0,3,0.0,-10,deltaR,2,3, ,-1e+18,0.0
train_0076,635,1,1,G,20,0,False,fallback,0.13333333333333333,1.0,6.510144927536232,2,1,3,T,-1e+18,-30,3.5999999999999996,0.0,2,0.0,-10,deltaR,2,3, ,-1e+18,0.0
train_0076,636,0,1,S,20,0,False,fallback,0.13333333333333333,1.0,6.510144927536232,2,1,3,T,-1e+18,-30,3.5999999999999996,0.0,3,0.0,-10,deltaR,2,3, ,-1e+18,0.0
train_0076,637,1,1,G,20,0,False,fallback,0.13333333333333333,1.0,6.510144927536232,2,1,3,T,-1e+18,-30,3.5999999999999996,0.0,2,0.0,-10,deltaR,2,3, ,-1e+18,0.0
train_0076,638,0,1,S,20,0,False,fallback,0.13333333333333333,1.0,6.510144927536232,2,1,3,T,-1e+18,-30,3.5999999999999996,0.0,3,0.0,-10,deltaR,2,3, ,-1e+18,0.0
train_0076,639,1,1,G,20,0,False,fallback,0.13333333333333333,1.0,6.510144927536232,2,1,3,T,-1e+18,-30,3.5999999999999996,0.0,2,0.0,-10,deltaR,2,3, ,-1e+18,0.0
train_0076,640,0,1,S,20,0,False,fallback,0.13333333333333333,1.0,6.510144927536232,2,1,3,T,-1e+18,-30,3.5999999999999996,0.0,3,0.0,-10,deltaR,2,3, ,-1e+18,0.0
train_0076,641,1,1,G,20,0,False,fallback,0.13333333333333333,1.0,6.510144927536232,2,1,3,T,-1e+18,-30,3.5999999999999996,0.0,2,0.0,-10,deltaR,2,3, ,-1e+18,0.0
train_0076,642,0,1,S,20,0,False,fallback,0.13333333333333333,1.0,6.510144927536232,2,1,3,T,-1e+18,-30,3.5999999999999996,0.0,3,0.0,-10,deltaR,2,3, ,-1e+18,0.0
train_0076,643,1,1,G,20,0,False,fallback,0.13333333333333333,1.0,6.510144927536232,2,1,3,T,-1e+18,-30,3.5999999999999996,0.0,2,0.0,-10,deltaR,2,3, ,-1e+18,0.0
train_0076,644,0,1,S,20,0,False,fallback,0.13333333333333333,1.0,6.510144927536232,2,1,3,T,-1e+18,-30,3.5999999999999996,0.0,3,0.0,-10,deltaR,2,3, ,-1e+18,0.0
train_0076,645,1,1,G,20,0,False,fallback,0.13333333333333333,1.0,6.510144927536232,2,1,3,T,-1e+18,-30,3.5999999999999996,0.0,2,0.0,-10,deltaR,2,3, ,-1e+18,0.0
train_0076,646,0,1,S,20,0,False,fallback,0.13333333333333333,1.0,6.510144927536232,2,1,3,T,-1e+18,-30,3.5999999999999996,0.0,3,0.0,-10,deltaR,2,3, ,-1e+18,0.0
train_0076,647,1,1,G,20,0,False,fallback,0.13333333333333333,1.0,6.510144927536232,2,1,3,T,-1e+18,-30,3.5999999999999996,0.0,2,0.0,-10,deltaR,2,3, ,-1e+18,0.0
train_0076,648,0,1,S,20,0,False,fallback,0.13333333333333333,1.0,6.510144927536232,2,1,3,T,-1e+18,-30,3.5999999999999996,0.0,3,0.0,-10,deltaR,2,3, ,-1e+18,0.0
train_0076,649,1,1,G,20,0,False,fallback,0.13333333333333333,1.0,6.510144927536232,2,1,3,T,-1e+18,-30,3.5999999999999996,0.0,2,0.0,-10,deltaR,2,3, ,-1e+18,0.0
train_0076,650,0,1,S,20,0,False,fallback,0.13333333333333333,1.0,6.510144927536232,2,1,3,T,-1e+18,-30,3.5999999999999996,0.0,3,0.0,-10,deltaR,2,3, ,-1e+18,0.0
train_0076,651,1,1,G,20,0,False,fallback,0.13333333333333333,1.0,6.510144927536232,2,1,3,T,-1e+18,-30,3.5999999999999996,0.0,2,0.0,-10,deltaR,2,3, ,-1e+18,0.0
train_0076,652,0,1,S,20,0,False,fallback,0.13333333333333333,1.0,6.510144927536232,2,1,3,T,-1e+18,-30,3.5999999999999996,0.0,3,0.0,-10,deltaR,2,3, ,-1e+18,0.0
train_0076,653,1,1,G,20,0,False,fallback,0.13333333333333333,1.0,6.510144927536232,2,1,3,T,-1e+18,-30,3.5999999999999996,0.0,2,0.0,-10,deltaR,2,3, ,-1e+18,0.0
train_0076,654,0,1,S,20,0,False,fallback,0.13333333333333333,1.0,6.510144927536232,2,1,3,T,-1e+18,-30,3.5999999999999996,0.0,3,0.0,-10,deltaR,2,3, ,-1e+18,0.0
train_0076,655,1,1,G,20,0,False,fallback,0.13333333333333333,1.0,6.510144927536232,2,1,3,T,-1e+18,-30,3.5999999999999996,0.0,2,0.0,-10,deltaR,2,3, ,-1e+18,0.0
train_0076,656,0,1,S,20,0,False,fallback,0.13333333333333333,1.0,6.510144927536232,2,1,3,T,-1e+18,-30,3.5999999999999996,0.0,3,0.0,-10,deltaR,2,3, ,-1e+18,0.0
train_0076,657,1,1,G,20,0,False,fallback,0.13333333333333333,1.0,6.510144927536232,2,1,3,T,-1e+18,-30,3.5999999999999996,0.0,2,0.0,-10,deltaR,2,3, ,-1e+18,0.0
train_0076,658,0,1,S,20,0,False,fallback,0.13333333333333333,1.0,6.510144927536232,2,1,3,T,-1e+18,-30,3.5999999999999996,0.0,3,0.0,-10,deltaR,2,3, ,-1e+18,0.0
train_0076,659,1,1,G,20,0,False,fallback,0.13333333333333333,1.0,6.510144927536232,2,1,3,T,-1e+18,-30,3.5999999999999996,0.0,2,0.0,-10,deltaR,2,3, ,-1e+18,0.0
train_0076,660,0,1,S,20,0,False,fallback,0.13333333333333333,1.0,6.510144927536232,2,1,3,T,-1e+18,-30,3.5999999999999996,0.0,3,0.0,-10,deltaR,2,3, ,-1e+18,0.0
train_0076,661,1,1,G,20,0,False,fallback,0.13333333333333333,1.0,6.510144927536232,2,1,3,T,-1e+18,-30,3.5999999999999996,0.0,2,0.0,-10,deltaR,2,3, ,-1e+18,0.0
train_0076,662,0,1,S,20,0,False,fallback,0.13333333333333333,1.0,6.510144927536232,2,1,3,T,-1e+18,-30,3.5999999999999996,0.0,3,0.0,-10,deltaR,2,3, ,-1e+18,0.0
train_0076,663,1,1,G,20,0,False,fallback,0.13333333333333333,1.0,6.510144927536232,2,1,3,T,-1e+18,-30,3.5999999999999996,0.0,2,0.0,-10,deltaR,2,3, ,-1e+18,0.0
train_0076,664,0,1,S,20,0,False,fallback,0.13333333333333333,1.0,6.510144927536232,2,1,3,T,-1e+18,-30,3.5999999999999996,0.0,3,0.0,-10,deltaR,2,3, ,-1e+18,0.0
train_0076,665,1,1,G,20,0,False,fallback,0.13333333333333333,1.0,6.510144927536232,2,1,3,T,-1e+18,-30,3.5999999999999996,0.0,2,0.0,-10,deltaR,2,3, ,-1e+18,0.0
train_0076,666,0,1,S,20,0,False,fallback,0.13333333333333333,1.0,6.510144927536232,2,1,3,T,-1e+18,-30,3.5999999999999996,0.0,3,0.0,-10,deltaR,2,3, ,-1e+18,0.0
train_0076,667,1,1,G,20,0,False,fallback,0.13333333333333333,1.0,6.510144927536232,2,1,3,T,-1e+18,-30,3.5999999999999996,0.0,2,0.0,-10,deltaR,2,3, ,-1e+18,0.0
train_0076,668,0,1,S,20,0,False,fallback,0.13333333333333333,1.0,6.510144927536232,2,1,3,T,-1e+18,-30,3.5999999999999996,0.0,3,0.0,-10,deltaR,2,3, ,-1e+18,0.0
train_0076,669,1,1,G,20,0,False,fallback,0.13333333333333333,1.0,6.510144927536232,2,1,3,T,-1e+18,-30,3.5999999999999996,0.0,2,0.0,-10,deltaR,2,3, ,-1e+18,0.0
train_0076,670,0,1,S,20,0,False,fallback,0.13333333333333333,1.0,6.510144927536232,2,1,3,T,-1e+18,-30,3.5999999999999996,0.0,3,0.0,-10,deltaR,2,3, ,-1e+18,0.0
train_0076,671,1,1,G,20,0,False,fallback,0.13333333333333333,1.0,6.510144927536232,2,1,3,T,-1e+18,-30,3.5999999999999996,0.0,2,0.0,-10,deltaR,2,3, ,-1e+18,0.0
train_0076,672,0,1,S,20,0,False,fallback,0.13333333333333333,1.0,6.510144927536232,2,1,3,T,-1e+18,-30,3.5999999999999996,0.0,3,0.0,-10,deltaR,2,3, ,-1e+18,0.0
train_0076,673,1,1,G,20,0,False,fallback,0.13333333333333333,1.0,6.510144927536232,2,1,3,T,-1e+18,-30,3.5999999999999996,0.0,2,0.0,-10,deltaR,2,3, ,-1e+18,0.0
train_0076,674,0,1,S,20,0,False,fallback,0.13333333333333333,1.0,6.510144927536232,2,1,3,T,-1e+18,-30,3.5999999999999996,0.0,3,0.0,-10,deltaR,2,3, ,-1e+18,0.0
train_0076,675,1,1,G,20,0,False,fallback,0.13333333333333333,1.0,6.510144927536232,2,1,3,T,-1e+18,-30,3.5999999999999996,0.0,2,0.0,-10,deltaR,2,3, ,-1e+18,0.0
train_0076,676,0,1,S,20,0,False,fallback,0.13333333333333333,1.0,6.510144927536232,2,1,3,T,-1e+18,-30,3.5999999999999996,0.0,3,0.0,-10,deltaR,2,3, ,-1e+18,0.0
train_0076,677,1,1,G,20,0,False,fallback,0.13333333333333333,1.0,6.510144927536232,2,1,3,T,-1e+18,-30,3.5999999999999996,0.0,2,0.0,-10,deltaR,2,3, ,-1e+18,0.0
train_0076,678,0,1,S,20,0,False,fallback,0.13333333333333333,1.0,6.510144927536232,2,1,3,T,-1e+18,-30,3.5999999999999996,0.0,3,0.0,-10,deltaR,2,3, ,-1e+18,0.0
train_0076,679,1,1,G,20,0,False,fallback,0.13333333333333333,1.0,6.510144927536232,2,1,3,T,-1e+18,-30,3.5999999999999996,0.0,2,0.0,-10,deltaR,2,3, ,-1e+18,0.0
train_0076,680,0,1,S,20,0,False,fallback,0.13333333333333333,1.0,6.510144927536232,2,1,3,T,-1e+18,-30,3.5999999999999996,0.0,3,0.0,-10,deltaR,2,3, ,-1e+18,0.0
train_0076,681,1,1,G,20,0,False,fallback,0.13333333333333333,1.0,6.510144927536232,2,1,3,T,-1e+18,-30,3.5999999999999996,0.0,2,0.0,-10,deltaR,2,3, ,-1e+18,0.0
train_0076,682,0,1,S,20,0,False,fallback,0.13333333333333333,1.0,6.510144927536232,2,1,3,T,-1e+18,-30,3.5999999999999996,0.0,3,0.0,-10,deltaR,2,3, ,-1e+18,0.0
train_0076,683,1,1,G,20,0,False,fallback,0.13333333333333333,1.0,6.510144927536232,2,1,3,T,-1e+18,-30,3.5999999999999996,0.0,2,0.0,-10,deltaR,2,3, ,-1e+18,0.0
train_0076,684,0,1,S,20,0,False,fallback,0.13333333333333333,1.0,6.510144927536232,2,1,3,T,-1e+18,-30,3.5999999999999996,0.0,3,0.0,-10,deltaR,2,3, ,-1e+18,0.0
train_0076,685,1,1,G,20,0,False,fallback,0.13333333333333333,1.0,6.510144927536232,2,1,3,T,-1e+18,-30,3.5999999999999996,0.0,2,0.0,-10,deltaR,2,3, ,-1e+18,0.0
train_0076,686,0,1,S,20,0,False,fallback,0.13333333333333333,1.0,6.510144927536232,2,1,3,T,-1e+18,-30,3.5999999999999996,0.0,3,0.0,-10,deltaR,2,3, ,-1e+18,0.0
train_0076,687,1,1,G,20,0,False,fallback,0.13333333333333333,1.0,6.510144927536232,2,1,3,T,-1e+18,-30,3.5999999999999996,0.0,2,0.0,-10,deltaR,2,3, ,-1e+18,0.0
train_0076,688,0,1,S,20,0,False,fallback,0.13333333333333333,1.0,6.510144927536232,2,1,3,T,-1e+18,-30,3.5999999999999996,0.0,3,0.0,-10,deltaR,2,3, ,-1e+18,0.0
train_0076,689,1,1,G,20,0,False,fallback,0.13333333333333333,1.0,6.510144927536232,2,1,3,T,-1e+18,-30,3.5999999999999996,0.0,2,0.0,-10,deltaR,2,3, ,-1e+18,0.0
train_0076,690,0,1,S,20,0,False,fallback,0.13333333333333333,1.0,6.510144927536232,2,1,3,T,-1e+18,-30,3.5999999999999996,0.0,3,0.0,-10,deltaR,2,3, ,-1e+18,0.0
train_0076,691,1,1,G,20,0,False,fallback,0.13333333333333333,1.0,6.510144927536232,2,1,3,T,-1e+18,-30,3.5999999999999996,0.0,2,0.0,-10,deltaR,2,3, ,-1e+18,0.0
train_0076,692,0,1,S,20,0,False,fallback,0.13333333333333333,1.0,6.510144927536232,2,1,3,T,-1e+18,-30,3.5999999999999996,0.0,3,0.0,-10,deltaR,2,3, ,-1e+18,0.0
train_0076,693,1,1,G,20,0,False,fallback,0.13333333333333333,1.0,6.510144927536232,2,1,3,T,-1e+18,-30,3.5999999999999996,0.0,2,0.0,-10,deltaR,2,3, ,-1e+18,0.0
train_0076,694,0,1,S,20,0,False,fallback,0.13333333333333333,1.0,6.510144927536232,2,1,3,T,-1e+18,-30,3.5999999999999996,0.0,3,0.0,-10,deltaR,2,3, ,-1e+18,0.0
train_0076,695,1,1,G,20,0,False,fallback,0.13333333333333333,1.0,6.510144927536232,2,1,3,T,-1e+18,-30,3.5999999999999996,0.0,2,0.0,-10,deltaR,2,3, ,-1e+18,0.0
train_0076,696,0,1,S,20,0,False,fallback,0.13333333333333333,1.0,6.510144927536232,2,1,3,T,-1e+18,-30,3.5999999999999996,0.0,3,0.0,-10,deltaR,2,3, ,-1e+18,0.0
train_0076,697,1,1,G,20,0,False,fallback,0.13333333333333333,1.0,6.510144927536232,2,1,3,T,-1e+18,-30,3.5999999999999996,0.0,2,0.0,-10,deltaR,2,3, ,-1e+18,0.0
train_0076,698,0,1,S,20,0,False,fallback,0.13333333333333333,1.0,6.510144927536232,2,1,3,T,-1e+18,-30,3.5999999999999996,0.0,3,0.0,-10,deltaR,2,3, ,-1e+18,0.0
train_0076,699,1,1,G,20,0,False,fallback,0.13333333333333333,1.0,6.510144927536232,2,1,3,T,-1e+18,-30,3.5999999999999996,0.0,2,0.0,-10,deltaR,2,3, ,-1e+18,0.0
train_0076,700,0,1,S,20,0,False,fallback,0.13333333333333333,1.0,6.510144927536232,2,1,3,T,-1e+18,-30,3.5999999999999996,0.0,3,0.0,-10,deltaR,2,3, ,-1e+18,0.0
train_0076,701,1,1,G,20,0,False,fallback,0.13333333333333333,1.0,6.510144927536232,2,1,3,T,-1e+18,-30,3.5999999999999996,0.0,2,0.0,-10,deltaR,2,3, ,-1e+18,0.0
train_0076,702,0,1,S,20,0,False,fallback,0.13333333333333333,1.0,6.510144927536232,2,1,3,T,-1e+18,-30,3.5999999999999996,0.0,3,0.0,-10,deltaR,2,3, ,-1e+18,0.0
train_0076,703,1,1,G,20,0,False,fallback,0.13333333333333333,1.0,6.510144927536232,2,1,3,T,-1e+18,-30,3.5999999999999996,0.0,2,0.0,-10,deltaR,2,3, ,-1e+18,0.0
train_0076,704,0,1,S,20,0,False,fallback,0.13333333333333333,1.0,6.510144927536232,2,1,3,T,-1e+18,-30,3.5999999999999996,0.0,3,0.0,-10,deltaR,2,3, ,-1e+18,0.0
train_0076,705,1,1,G,20,0,False,fallback,0.13333333333333333,1.0,6.510144927536232,2,1,3,T,-1e+18,-30,3.5999999999999996,0.0,2,0.0,-10,deltaR,2,3, ,-1e+18,0.0
train_0076,706,0,1,S,20,0,False,fallback,0.13333333333333333,1.0,6.510144927536232,2,1,3,T,-1e+18,-30,3.5999999999999996,0.0,3,0.0,-10,deltaR,2,3, ,-1e+18,0.0
train_0076,707,1,1,G,20,0,False,fallback,0.13333333333333333,1.0,6.510144927536232,2,1,3,T,-1e+18,-30,3.5999999999999996,0.0,2,0.0,-10,deltaR,2,3, ,-1e+18,0.0
train_0076,708,0,1,S,20,0,False,fallback,0.13333333333333333,1.0,6.510144927536232,2,1,3,T,-1e+18,-30,3.5999999999999996,0.0,3,0.0,-10,deltaR,2,3, ,-1e+18,0.0
train_0076,709,1,1,G,20,0,False,fallback,0.13333333333333333,1.0,6.510144927536232,2,1,3,T,-1e+18,-30,3.5999999999999996,0.0,2,0.0,-10,deltaR,2,3, ,-1e+18,0.0
train_0076,710,0,1,S,20,0,False,fallback,0.13333333333333333,1.0,6.510144927536232,2,1,3,T,-1e+18,-30,3.5999999999999996,0.0,3,0.0,-10,deltaR,2,3, ,-1e+18,0.0
train_0076,711,1,1,G,20,0,False,fallback,0.13333333333333333,1.0,6.510144927536232,2,1,3,T,-1e+18,-30,3.5999999999999996,0.0,2,0.0,-10,deltaR,2,3, ,-1e+18,0.0
train_0076,712,0,1,S,20,0,False,fallback,0.13333333333333333,1.0,6.510144927536232,2,1,3,T,-1e+18,-30,3.5999999999999996,0.0,3,0.0,-10,deltaR,2,3, ,-1e+18,0.0
train_0076,713,1,1,G,20,0,False,fallback,0.13333333333333333,1.0,6.510144927536232,2,1,3,T,-1e+18,-30,3.5999999999999996,0.0,2,0.0,-10,deltaR,2,3, ,-1e+18,0.0
train_0076,714,0,1,S,20,0,False,fallback,0.13333333333333333,1.0,6.510144927536232,2,1,3,T,-1e+18,-30,3.5999999999999996,0.0,3,0.0,-10,deltaR,2,3, ,-1e+18,0.0
train_0076,715,1,1,G,20,0,False,fallback,0.13333333333333333,1.0,6.510144927536232,2,1,3,T,-1e+18,-30,3.5999999999999996,0.0,2,0.0,-10,deltaR,2,3, ,-1e+18,0.0
train_0076,716,0,1,S,20,0,False,fallback,0.13333333333333333,1.0,6.510144927536232,2,1,3,T,-1e+18,-30,3.5999999999999996,0.0,3,0.0,-10,deltaR,2,3, ,-1e+18,0.0
train_0076,717,1,1,G,20,0,False,fallback,0.13333333333333333,1.0,6.510144927536232,2,1,3,T,-1e+18,-30,3.5999999999999996,0.0,2,0.0,-10,deltaR,2,3, ,-1e+18,0.0
train_0076,718,0,1,S,20,0,False,fallback,0.13333333333333333,1.0,6.510144927536232,2,1,3,T,-1e+18,-30,3.5999999999999996,0.0,3,0.0,-10,deltaR,2,3, ,-1e+18,0.0
train_0076,719,1,1,G,20,0,False,fallback,0.13333333333333333,1.0,6.510144927536232,2,1,3,T,-1e+18,-30,3.5999999999999996,0.0,2,0.0,-10,deltaR,2,3, ,-1e+18,0.0
train_0076,720,0,1,S,20,0,False,fallback,0.13333333333333333,1.0,6.510144927536232,2,1,3,T,-1e+18,-30,3.5999999999999996,0.0,3,0.0,-10,deltaR,2,3, ,-1e+18,0.0
train_0076,721,1,1,G,20,0,False,fallback,0.13333333333333333,1.0,6.510144927536232,2,1,3,T,-1e+18,-30,3.5999999999999996,0.0,2,0.0,-10,deltaR,2,3, ,-1e+18,0.0
train_0076,722,0,1,S,20,0,False,fallback,0.13333333333333333,1.0,6.510144927536232,2,1,3,T,-1e+18,-30,3.5999999999999996,0.0,3,0.0,-10,deltaR,2,3, ,-1e+18,0.0
train_0076,723,1,1,G,20,0,False,fallback,0.13333333333333333,1.0,6.510144927536232,2,1,3,T,-1e+18,-30,3.5999999999999996,0.0,2,0.0,-10,deltaR,2,3, ,-1e+18,0.0
train_0076,724,0,1,S,20,0,False,fallback,0.13333333333333333,1.0,6.510144927536232,2,1,3,T,-1e+18,-30,3.5999999999999996,0.0,3,0.0,-10,deltaR,2,3, ,-1e+18,0.0
train_0076,725,1,1,G,20,0,False,fallback,0.13333333333333333,1.0,6.510144927536232,2,1,3,T,-1e+18,-30,3.5999999999999996,0.0,2,0.0,-10,deltaR,2,3, ,-1e+18,0.0
train_0076,726,0,1,S,20,0,False,fallback,0.13333333333333333,1.0,6.510144927536232,2,1,3,T,-1e+18,-30,3.5999999999999996,0.0,3,0.0,-10,deltaR,2,3, ,-1e+18,0.0
train_0076,727,1,1,G,20,0,False,fallback,0.13333333333333333,1.0,6.510144927536232,2,1,3,T,-1e+18,-30,3.5999999999999996,0.0,2,0.0,-10,deltaR,2,3, ,-1e+18,0.0
train_0076,728,0,1,S,20,0,False,fallback,0.13333333333333333,1.0,6.510144927536232,2,1,3,T,-1e+18,-30,3.5999999999999996,0.0,3,0.0,-10,deltaR,2,3, ,-1e+18,0.0
train_0076,729,1,1,G,20,0,False,fallback,0.13333333333333333,1.0,6.510144927536232,2,1,3,T,-1e+18,-30,3.5999999999999996,0.0,2,0.0,-10,deltaR,2,3, ,-1e+18,0.0
train_0076,730,0,1,S,20,0,False,fallback,0.13333333333333333,1.0,6.510144927536232,2,1,3,T,-1e+18,-30,3.5999999999999996,0.0,3,0.0,-10,deltaR,2,3, ,-1e+18,0.0
train_0076,731,1,1,G,20,0,False,fallback,0.13333333333333333,1.0,6.510144927536232,2,1,3,T,-1e+18,-30,3.5999999999999996,0.0,2,0.0,-10,deltaR,2,3, ,-1e+18,0.0
train_0076,732,0,1,S,20,0,False,fallback,0.13333333333333333,1.0,6.510144927536232,2,1,3,T,-1e+18,-30,3.5999999999999996,0.0,3,0.0,-10,deltaR,2,3, ,-1e+18,0.0
train_0076,733,1,1,G,20,0,False,fallback,0.13333333333333333,1.0,6.510144927536232,2,1,3,T,-1e+18,-30,3.5999999999999996,0.0,2,0.0,-10,deltaR,2,3, ,-1e+18,0.0
train_0076,734,0,1,S,20,0,False,fallback,0.13333333333333333,1.0,6.510144927536232,2,1,3,T,-1e+18,-30,3.5999999999999996,0.0,3,0.0,-10,deltaR,2,3, ,-1e+18,0.0
train_0076,735,1,1,G,20,0,False,fallback,0.13333333333333333,1.0,6.510144927536232,2,1,3,T,-1e+18,-30,3.5999999999999996,0.0,2,0.0,-10,deltaR,2,3, ,-1e+18,0.0
train_0076,736,0,1,S,20,0,False,fallback,0.13333333333333333,1.0,6.510144927536232,2,1,3,T,-1e+18,-30,3.5999999999999996,0.0,3,0.0,-10,deltaR,2,3, ,-1e+18,0.0
train_0076,737,1,1,G,20,0,False,fallback,0.13333333333333333,1.0,6.510144927536232,2,1,3,T,-1e+18,-30,3.5999999999999996,0.0,2,0.0,-10,deltaR,2,3, ,-1e+18,0.0
train_0076,738,0,1,S,20,0,False,fallback,0.13333333333333333,1.0,6.510144927536232,2,1,3,T,-1e+18,-30,3.5999999999999996,0.0,3,0.0,-10,deltaR,2,3, ,-1e+18,0.0
train_0076,739,1,1,G,20,0,False,fallback,0.13333333333333333,1.0,6.510144927536232,2,1,3,T,-1e+18,-30,3.5999999999999996,0.0,2,0.0,-10,deltaR,2,3, ,-1e+18,0.0
train_0076,740,0,1,S,20,0,False,fallback,0.13333333333333333,1.0,6.510144927536232,2,1,3,T,-1e+18,-30,3.5999999999999996,0.0,3,0.0,-10,deltaR,2,3, ,-1e+18,0.0
train_0076,741,1,1,G,20,0,False,fallback,0.13333333333333333,1.0,6.510144927536232,2,1,3,T,-1e+18,-30,3.5999999999999996,0.0,2,0.0,-10,deltaR,2,3, ,-1e+18,0.0
train_0076,742,0,1,S,20,0,False,fallback,0.13333333333333333,1.0,6.510144927536232,2,1,3,T,-1e+18,-30,3.5999999999999996,0.0,3,0.0,-10,deltaR,2,3, ,-1e+18,0.0
train_0076,743,1,1,G,20,0,False,fallback,0.13333333333333333,1.0,6.510144927536232,2,1,3,T,-1e+18,-30,3.5999999999999996,0.0,2,0.0,-10,deltaR,2,3, ,-1e+18,0.0
train_0076,744,0,1,S,20,0,False,fallback,0.13333333333333333,1.0,6.510144927536232,2,1,3,T,-1e+18,-30,3.5999999999999996,0.0,3,0.0,-10,deltaR,2,3, ,-1e+18,0.0
train_0076,745,1,1,G,20,0,False,fallback,0.13333333333333333,1.0,6.510144927536232,2,1,3,T,-1e+18,-30,3.5999999999999996,0.0,2,0.0,-10,deltaR,2,3, ,-1e+18,0.0
train_0076,746,0,1,S,20,0,False,fallback,0.13333333333333333,1.0,6.510144927536232,2,1,3,T,-1e+18,-30,3.5999999999999996,0.0,3,0.0,-10,deltaR,2,3, ,-1e+18,0.0
train_0076,747,1,1,G,20,0,False,fallback,0.13333333333333333,1.0,6.510144927536232,2,1,3,T,-1e+18,-30,3.5999999999999996,0.0,2,0.0,-10,deltaR,2,3, ,-1e+18,0.0
train_0076,748,0,1,S,20,0,False,fallback,0.13333333333333333,1.0,6.510144927536232,2,1,3,T,-1e+18,-30,3.5999999999999996,0.0,3,0.0,-10,deltaR,2,3, ,-1e+18,0.0
train_0076,749,1,1,G,20,0,False,fallback,0.13333333333333333,1.0,6.510144927536232,2,1,3,T,-1e+18,-30,3.5999999999999996,0.0,2,0.0,-10,deltaR,2,3, ,-1e+18,0.0
train_0076,750,0,1,S,20,0,False,fallback,0.13333333333333333,1.0,6.510144927536232,2,1,3,T,-1e+18,-30,3.5999999999999996,0.0,3,0.0,-10,deltaR,2,3, ,-1e+18,0.0
train_0076,751,1,1,G,20,0,False,fallback,0.13333333333333333,1.0,6.510144927536232,2,1,3,T,-1e+18,-30,3.5999999999999996,0.0,2,0.0,-10,deltaR,2,3, ,-1e+18,0.0
train_0076,752,0,1,S,20,0,False,fallback,0.13333333333333333,1.0,6.510144927536232,2,1,3,T,-1e+18,-30,3.5999999999999996,0.0,3,0.0,-10,deltaR,2,3, ,-1e+18,0.0
train_0076,753,1,1,G,20,0,False,fallback,0.13333333333333333,1.0,6.510144927536232,2,1,3,T,-1e+18,-30,3.5999999999999996,0.0,2,0.0,-10,deltaR,2,3, ,-1e+18,0.0
train_0076,754,0,1,S,20,0,False,fallback,0.13333333333333333,1.0,6.510144927536232,2,1,3,T,-1e+18,-30,3.5999999999999996,0.0,3,0.0,-10,deltaR,2,3, ,-1e+18,0.0
train_0076,755,1,1,G,20,0,False,fallback,0.13333333333333333,1.0,6.510144927536232,2,1,3,T,-1e+18,-30,3.5999999999999996,0.0,2,0.0,-10,deltaR,2,3, ,-1e+18,0.0
train_0076,756,0,1,S,20,0,False,fallback,0.13333333333333333,1.0,6.510144927536232,2,1,3,T,-1e+18,-30,3.5999999999999996,0.0,3,0.0,-10,deltaR,2,3, ,-1e+18,0.0
train_0076,757,1,1,G,20,0,False,fallback,0.13333333333333333,1.0,6.510144927536232,2,1,3,T,-1e+18,-30,3.5999999999999996,0.0,2,0.0,-10,deltaR,2,3, ,-1e+18,0.0
train_0076,758,0,1,S,20,0,False,fallback,0.13333333333333333,1.0,6.510144927536232,2,1,3,T,-1e+18,-30,3.5999999999999996,0.0,3,0.0,-10,deltaR,2,3, ,-1e+18,0.0
train_0076,759,1,1,G,20,0,False,fallback,0.13333333333333333,1.0,6.510144927536232,2,1,3,T,-1e+18,-30,3.5999999999999996,0.0,2,0.0,-10,deltaR,2,3, ,-1e+18,0.0
train_0076,760,0,1,S,20,0,False,fallback,0.13333333333333333,1.0,6.510144927536232,2,1,3,T,-1e+18,-30,3.5999999999999996,0.0,3,0.0,-10,deltaR,2,3, ,-1e+18,0.0
train_0076,761,1,1,G,20,0,False,fallback,0.13333333333333333,1.0,6.510144927536232,2,1,3,T,-1e+18,-30,3.5999999999999996,0.0,2,0.0,-10,deltaR,2,3, ,-1e+18,0.0
train_0076,762,0,1,S,20,0,False,fallback,0.13333333333333333,1.0,6.510144927536232,2,1,3,T,-1e+18,-30,3.5999999999999996,0.0,3,0.0,-10,deltaR,2,3, ,-1e+18,0.0
train_0076,763,1,1,G,20,0,False,fallback,0.13333333333333333,1.0,6.510144927536232,2,1,3,T,-1e+18,-30,3.5999999999999996,0.0,2,0.0,-10,deltaR,2,3, ,-1e+18,0.0
train_0076,764,0,1,S,20,0,False,fallback,0.13333333333333333,1.0,6.510144927536232,2,1,3,T,-1e+18,-30,3.5999999999999996,0.0,3,0.0,-10,deltaR,2,3, ,-1e+18,0.0
train_0076,765,1,1,G,20,0,False,fallback,0.13333333333333333,1.0,6.510144927536232,2,1,3,T,-1e+18,-30,3.5999999999999996,0.0,2,0.0,-10,deltaR,2,3, ,-1e+18,0.0
train_0076,766,0,1,S,20,0,False,fallback,0.13333333333333333,1.0,6.510144927536232,2,1,3,T,-1e+18,-30,3.5999999999999996,0.0,3,0.0,-10,deltaR,2,3, ,-1e+18,0.0
train_0076,767,1,1,G,20,0,False,fallback,0.13333333333333333,1.0,6.510144927536232,2,1,3,T,-1e+18,-30,3.5999999999999996,0.0,2,0.0,-10,deltaR,2,3, ,-1e+18,0.0
train_0076,768,0,1,S,20,0,False,fallback,0.13333333333333333,1.0,6.510144927536232,2,1,3,T,-1e+18,-30,3.5999999999999996,0.0,3,0.0,-10,deltaR,2,3, ,-1e+18,0.0
train_0076,769,1,1,G,20,0,False,fallback,0.13333333333333333,1.0,6.510144927536232,2,1,3,T,-1e+18,-30,3.5999999999999996,0.0,2,0.0,-10,deltaR,2,3, ,-1e+18,0.0
train_0076,770,0,1,S,20,0,False,fallback,0.13333333333333333,1.0,6.510144927536232,2,1,3,T,-1e+18,-30,3.5999999999999996,0.0,3,0.0,-10,deltaR,2,3, ,-1e+18,0.0
train_0076,771,1,1,G,20,0,False,fallback,0.13333333333333333,1.0,6.510144927536232,2,1,3,T,-1e+18,-30,3.5999999999999996,0.0,2,0.0,-10,deltaR,2,3, ,-1e+18,0.0
train_0076,772,0,1,S,20,0,False,fallback,0.13333333333333333,1.0,6.510144927536232,2,1,3,T,-1e+18,-30,3.5999999999999996,0.0,3,0.0,-10,deltaR,2,3, ,-1e+18,0.0
train_0076,773,1,1,G,20,0,False,fallback,0.13333333333333333,1.0,6.510144927536232,2,1,3,T,-1e+18,-30,3.5999999999999996,0.0,2,0.0,-10,deltaR,2,3, ,-1e+18,0.0
train_0076,774,0,1,S,20,0,False,fallback,0.13333333333333333,1.0,6.510144927536232,2,1,3,T,-1e+18,-30,3.5999999999999996,0.0,3,0.0,-10,deltaR,2,3, ,-1e+18,0.0
train_0076,775,1,1,G,20,0,False,fallback,0.13333333333333333,1.0,6.510144927536232,2,1,3,T,-1e+18,-30,3.5999999999999996,0.0,2,0.0,-10,deltaR,2,3, ,-1e+18,0.0
train_0076,776,0,1,S,20,0,False,fallback,0.13333333333333333,1.0,6.510144927536232,2,1,3,T,-1e+18,-30,3.5999999999999996,0.0,3,0.0,-10,deltaR,2,3, ,-1e+18,0.0
train_0076,777,1,1,G,20,0,False,fallback,0.13333333333333333,1.0,6.510144927536232,2,1,3,T,-1e+18,-30,3.5999999999999996,0.0,2,0.0,-10,deltaR,2,3, ,-1e+18,0.0
train_0076,778,0,1,S,20,0,False,fallback,0.13333333333333333,1.0,6.510144927536232,2,1,3,T,-1e+18,-30,3.5999999999999996,0.0,3,0.0,-10,deltaR,2,3, ,-1e+18,0.0
train_0076,779,1,1,G,20,0,False,fallback,0.13333333333333333,1.0,6.510144927536232,2,1,3,T,-1e+18,-30,3.5999999999999996,0.0,2,0.0,-10,deltaR,2,3, ,-1e+18,0.0
train_0076,780,0,1,S,20,0,False,fallback,0.13333333333333333,1.0,6.510144927536232,2,1,3,T,-1e+18,-30,3.5999999999999996,0.0,3,0.0,-10,deltaR,2,3, ,-1e+18,0.0
train_0076,781,1,1,G,20,0,False,fallback,0.13333333333333333,1.0,6.510144927536232,2,1,3,T,-1e+18,-30,3.5999999999999996,0.0,2,0.0,-10,deltaR,2,3, ,-1e+18,0.0
train_0076,782,0,1,S,20,0,False,fallback,0.13333333333333333,1.0,6.510144927536232,2,1,3,T,-1e+18,-30,3.5999999999999996,0.0,3,0.0,-10,deltaR,2,3, ,-1e+18,0.0
train_0076,783,1,1,G,20,0,False,fallback,0.13333333333333333,1.0,6.510144927536232,2,1,3,T,-1e+18,-30,3.5999999999999996,0.0,2,0.0,-10,deltaR,2,3, ,-1e+18,0.0
train_0076,784,0,1,S,20,0,False,fallback,0.13333333333333333,1.0,6.510144927536232,2,1,3,T,-1e+18,-30,3.5999999999999996,0.0,3,0.0,-10,deltaR,2,3, ,-1e+18,0.0
train_0076,785,1,1,G,20,0,False,fallback,0.13333333333333333,1.0,6.510144927536232,2,1,3,T,-1e+18,-30,3.5999999999999996,0.0,2,0.0,-10,deltaR,2,3, ,-1e+18,0.0
train_0076,786,0,1,S,20,0,False,fallback,0.13333333333333333,1.0,6.510144927536232,2,1,3,T,-1e+18,-30,3.5999999999999996,0.0,3,0.0,-10,deltaR,2,3, ,-1e+18,0.0
train_0076,787,1,1,G,20,0,False,fallback,0.13333333333333333,1.0,6.510144927536232,2,1,3,T,-1e+18,-30,3.5999999999999996,0.0,2,0.0,-10,deltaR,2,3, ,-1e+18,0.0
train_0076,788,0,1,S,20,0,False,fallback,0.13333333333333333,1.0,6.510144927536232,2,1,3,T,-1e+18,-30,3.5999999999999996,0.0,3,0.0,-10,deltaR,2,3, ,-1e+18,0.0
train_0076,789,1,1,G,20,0,False,fallback,0.13333333333333333,1.0,6.510144927536232,2,1,3,T,-1e+18,-30,3.5999999999999996,0.0,2,0.0,-10,deltaR,2,3, ,-1e+18,0.0
train_0076,790,0,1,S,20,0,False,fallback,0.13333333333333333,1.0,6.510144927536232,2,1,3,T,-1e+18,-30,3.5999999999999996,0.0,3,0.0,-10,deltaR,2,3, ,-1e+18,0.0
train_0076,791,1,1,G,20,0,False,fallback,0.13333333333333333,1.0,6.510144927536232,2,1,3,T,-1e+18,-30,3.5999999999999996,0.0,2,0.0,-10,deltaR,2,3, ,-1e+18,0.0
train_0076,792,0,1,S,20,0,False,fallback,0.13333333333333333,1.0,6.510144927536232,2,1,3,T,-1e+18,-30,3.5999999999999996,0.0,3,0.0,-10,deltaR,2,3, ,-1e+18,0.0
train_0076,793,1,1,G,20,0,False,fallback,0.13333333333333333,1.0,6.510144927536232,2,1,3,T,-1e+18,-30,3.5999999999999996,0.0,2,0.0,-10,deltaR,2,3, ,-1e+18,0.0
train_0076,794,0,1,S,20,0,False,fallback,0.13333333333333333,1.0,6.510144927536232,2,1,3,T,-1e+18,-30,3.5999999999999996,0.0,3,0.0,-10,deltaR,2,3, ,-1e+18,0.0
train_0076,795,1,1,G,20,0,False,fallback,0.13333333333333333,1.0,6.510144927536232,2,1,3,T,-1e+18,-30,3.5999999999999996,0.0,2,0.0,-10,deltaR,2,3, ,-1e+18,0.0
train_0076,796,0,1,S,20,0,False,fallback,0.13333333333333333,1.0,6.510144927536232,2,1,3,T,-1e+18,-30,3.5999999999999996,0.0,3,0.0,-10,deltaR,2,3, ,-1e+18,0.0
train_0076,797,1,1,G,20,0,False,fallback,0.13333333333333333,1.0,6.510144927536232,2,1,3,T,-1e+18,-30,3.5999999999999996,0.0,2,0.0,-10,deltaR,2,3, ,-1e+18,0.0
train_0076,798,0,1,S,20,0,False,fallback,0.13333333333333333,1.0,6.510144927536232,2,1,3,T,-1e+18,-30,3.5999999999999996,0.0,3,0.0,-10,deltaR,2,3, ,-1e+18,0.0
train_0076,799,1,1,G,20,0,False,fallback,0.13333333333333333,1.0,6.510144927536232,2,1,3,T,-1e+18,-30,3.5999999999999996,0.0,2,0.0,-10,deltaR,2,3, ,-1e+18,0.0
train_0076,800,0,1,S,20,0,False,fallback,0.13333333333333333,1.0,6.510144927536232,2,1,3,T,-1e+18,-30,3.5999999999999996,0.0,3,0.0,-10,deltaR,2,3, ,-1e+18,0.0
train_0076,801,1,1,G,20,0,False,fallback,0.13333333333333333,1.0,6.510144927536232,2,1,3,T,-1e+18,-30,3.5999999999999996,0.0,2,0.0,-10,deltaR,2,3, ,-1e+18,0.0
train_0076,802,0,1,S,20,0,False,fallback,0.13333333333333333,1.0,6.510144927536232,2,1,3,T,-1e+18,-30,3.5999999999999996,0.0,3,0.0,-10,deltaR,2,3, ,-1e+18,0.0
train_0076,803,1,1,G,20,0,False,fallback,0.13333333333333333,1.0,6.510144927536232,2,1,3,T,-1e+18,-30,3.5999999999999996,0.0,2,0.0,-10,deltaR,2,3, ,-1e+18,0.0
train_0076,804,0,1,S,20,0,False,fallback,0.13333333333333333,1.0,6.510144927536232,2,1,3,T,-1e+18,-30,3.5999999999999996,0.0,3,0.0,-10,deltaR,2,3, ,-1e+18,0.0
train_0076,805,1,1,G,20,0,False,fallback,0.13333333333333333,1.0,6.510144927536232,2,1,3,T,-1e+18,-30,3.5999999999999996,0.0,2,0.0,-10,deltaR,2,3, ,-1e+18,0.0
train_0076,806,0,1,S,20,0,False,fallback,0.13333333333333333,1.0,6.510144927536232,2,1,3,T,-1e+18,-30,3.5999999999999996,0.0,3,0.0,-10,deltaR,2,3, ,-1e+18,0.0
train_0076,807,1,1,G,20,0,False,fallback,0.13333333333333333,1.0,6.510144927536232,2,1,3,T,-1e+18,-30,3.5999999999999996,0.0,2,0.0,-10,deltaR,2,3, ,-1e+18,0.0
train_0076,808,0,1,S,20,0,False,fallback,0.13333333333333333,1.0,6.510144927536232,2,1,3,T,-1e+18,-30,3.5999999999999996,0.0,3,0.0,-10,deltaR,2,3, ,-1e+18,0.0
train_0076,809,1,1,G,20,0,False,fallback,0.13333333333333333,1.0,6.510144927536232,2,1,3,T,-1e+18,-30,3.5999999999999996,0.0,2,0.0,-10,deltaR,2,3, ,-1e+18,0.0
train_0076,810,0,1,S,20,0,False,fallback,0.13333333333333333,1.0,6.510144927536232,2,1,3,T,-1e+18,-30,3.5999999999999996,0.0,3,0.0,-10,deltaR,2,3, ,-1e+18,0.0
train_0076,811,1,1,G,20,0,False,fallback,0.13333333333333333,1.0,6.510144927536232,2,1,3,T,-1e+18,-30,3.5999999999999996,0.0,2,0.0,-10,deltaR,2,3, ,-1e+18,0.0
train_0076,812,0,1,S,20,0,False,fallback,0.13333333333333333,1.0,6.510144927536232,2,1,3,T,-1e+18,-30,3.5999999999999996,0.0,3,0.0,-10,deltaR,2,3, ,-1e+18,0.0
train_0076,813,1,1,G,20,0,False,fallback,0.13333333333333333,1.0,6.510144927536232,2,1,3,T,-1e+18,-30,3.5999999999999996,0.0,2,0.0,-10,deltaR,2,3, ,-1e+18,0.0
train_0076,814,0,1,S,20,0,False,fallback,0.13333333333333333,1.0,6.510144927536232,2,1,3,T,-1e+18,-30,3.5999999999999996,0.0,3,0.0,-10,deltaR,2,3, ,-1e+18,0.0
train_0076,815,1,1,G,20,0,False,fallback,0.13333333333333333,1.0,6.510144927536232,2,1,3,T,-1e+18,-30,3.5999999999999996,0.0,2,0.0,-10,deltaR,2,3, ,-1e+18,0.0
train_0076,816,0,1,S,20,0,False,fallback,0.13333333333333333,1.0,6.510144927536232,2,1,3,T,-1e+18,-30,3.5999999999999996,0.0,3,0.0,-10,deltaR,2,3, ,-1e+18,0.0
train_0076,817,1,1,G,20,0,False,fallback,0.13333333333333333,1.0,6.510144927536232,2,1,3,T,-1e+18,-30,3.5999999999999996,0.0,2,0.0,-10,deltaR,2,3, ,-1e+18,0.0
train_0076,818,0,1,S,20,0,False,fallback,0.13333333333333333,1.0,6.510144927536232,2,1,3,T,-1e+18,-30,3.5999999999999996,0.0,3,0.0,-10,deltaR,2,3, ,-1e+18,0.0
train_0076,819,1,1,G,20,0,False,fallback,0.13333333333333333,1.0,6.510144927536232,2,1,3,T,-1e+18,-30,3.5999999999999996,0.0,2,0.0,-10,deltaR,2,3, ,-1e+18,0.0
train_0076,820,0,1,S,20,0,False,fallback,0.13333333333333333,1.0,6.510144927536232,2,1,3,T,-1e+18,-30,3.5999999999999996,0.0,3,0.0,-10,deltaR,2,3, ,-1e+18,0.0
train_0076,821,1,1,G,20,0,False,fallback,0.13333333333333333,1.0,6.510144927536232,2,1,3,T,-1e+18,-30,3.5999999999999996,0.0,2,0.0,-10,deltaR,2,3, ,-1e+18,0.0
train_0076,822,0,1,S,20,0,False,fallback,0.13333333333333333,1.0,6.510144927536232,2,1,3,T,-1e+18,-30,3.5999999999999996,0.0,3,0.0,-10,deltaR,2,3, ,-1e+18,0.0
train_0076,823,1,1,G,20,0,False,fallback,0.13333333333333333,1.0,6.510144927536232,2,1,3,T,-1e+18,-30,3.5999999999999996,0.0,2,0.0,-10,deltaR,2,3, ,-1e+18,0.0
train_0076,824,0,1,S,20,0,False,fallback,0.13333333333333333,1.0,6.510144927536232,2,1,3,T,-1e+18,-30,3.5999999999999996,0.0,3,0.0,-10,deltaR,2,3, ,-1e+18,0.0
train_0076,825,1,1,G,20,0,False,fallback,0.13333333333333333,1.0,6.510144927536232,2,1,3,T,-1e+18,-30,3.5999999999999996,0.0,2,0.0,-10,deltaR,2,3, ,-1e+18,0.0
train_0076,826,0,1,S,20,0,False,fallback,0.13333333333333333,1.0,6.510144927536232,2,1,3,T,-1e+18,-30,3.5999999999999996,0.0,3,0.0,-10,deltaR,2,3, ,-1e+18,0.0
train_0076,827,1,1,G,20,0,False,fallback,0.13333333333333333,1.0,6.510144927536232,2,1,3,T,-1e+18,-30,3.5999999999999996,0.0,2,0.0,-10,deltaR,2,3, ,-1e+18,0.0
train_0076,828,0,1,S,20,0,False,fallback,0.13333333333333333,1.0,6.510144927536232,2,1,3,T,-1e+18,-30,3.5999999999999996,0.0,3,0.0,-10,deltaR,2,3, ,-1e+18,0.0
train_0076,829,1,1,G,20,0,False,fallback,0.13333333333333333,1.0,6.510144927536232,2,1,3,T,-1e+18,-30,3.5999999999999996,0.0,2,0.0,-10,deltaR,2,3, ,-1e+18,0.0
train_0076,830,0,1,S,20,0,False,fallback,0.13333333333333333,1.0,6.510144927536232,2,1,3,T,-1e+18,-30,3.5999999999999996,0.0,3,0.0,-10,deltaR,2,3, ,-1e+18,0.0
train_0076,831,1,1,G,20,0,False,fallback,0.13333333333333333,1.0,6.510144927536232,2,1,3,T,-1e+18,-30,3.5999999999999996,0.0,2,0.0,-10,deltaR,2,3, ,-1e+18,0.0
train_0076,832,0,1,S,20,0,False,fallback,0.13333333333333333,1.0,6.510144927536232,2,1,3,T,-1e+18,-30,3.5999999999999996,0.0,3,0.0,-10,deltaR,2,3, ,-1e+18,0.0
train_0076,833,1,1,G,20,0,False,fallback,0.13333333333333333,1.0,6.510144927536232,2,1,3,T,-1e+18,-30,3.5999999999999996,0.0,2,0.0,-10,deltaR,2,3, ,-1e+18,0.0
train_0076,834,0,1,S,20,0,False,fallback,0.13333333333333333,1.0,6.510144927536232,2,1,3,T,-1e+18,-30,3.5999999999999996,0.0,3,0.0,-10,deltaR,2,3, ,-1e+18,0.0
train_0076,835,1,1,G,20,0,False,fallback,0.13333333333333333,1.0,6.510144927536232,2,1,3,T,-1e+18,-30,3.5999999999999996,0.0,2,0.0,-10,deltaR,2,3, ,-1e+18,0.0
train_0076,836,0,1,S,20,0,False,fallback,0.13333333333333333,1.0,6.510144927536232,2,1,3,T,-1e+18,-30,3.5999999999999996,0.0,3,0.0,-10,deltaR,2,3, ,-1e+18,0.0
train_0076,837,1,1,G,20,0,False,fallback,0.13333333333333333,1.0,6.510144927536232,2,1,3,T,-1e+18,-30,3.5999999999999996,0.0,2,0.0,-10,deltaR,2,3, ,-1e+18,0.0
train_0076,838,0,1,S,20,0,False,fallback,0.13333333333333333,1.0,6.510144927536232,2,1,3,T,-1e+18,-30,3.5999999999999996,0.0,3,0.0,-10,deltaR,2,3, ,-1e+18,0.0
train_0076,839,1,1,G,20,0,False,fallback,0.13333333333333333,1.0,6.510144927536232,2,1,3,T,-1e+18,-30,3.5999999999999996,0.0,2,0.0,-10,deltaR,2,3, ,-1e+18,0.0
train_0076,840,0,1,S,20,0,False,fallback,0.13333333333333333,1.0,6.510144927536232,2,1,3,T,-1e+18,-30,3.5999999999999996,0.0,3,0.0,-10,deltaR,2,3, ,-1e+18,0.0
train_0076,841,1,1,G,20,0,False,fallback,0.13333333333333333,1.0,6.510144927536232,2,1,3,T,-1e+18,-30,3.5999999999999996,0.0,2,0.0,-10,deltaR,2,3, ,-1e+18,0.0
train_0076,842,0,1,S,20,0,False,fallback,0.13333333333333333,1.0,6.510144927536232,2,1,3,T,-1e+18,-30,3.5999999999999996,0.0,3,0.0,-10,deltaR,2,3, ,-1e+18,0.0
train_0076,843,1,1,G,20,0,False,fallback,0.13333333333333333,1.0,6.510144927536232,2,1,3,T,-1e+18,-30,3.5999999999999996,0.0,2,0.0,-10,deltaR,2,3, ,-1e+18,0.0
train_0076,844,0,1,S,20,0,False,fallback,0.13333333333333333,1.0,6.510144927536232,2,1,3,T,-1e+18,-30,3.5999999999999996,0.0,3,0.0,-10,deltaR,2,3, ,-1e+18,0.0
train_0076,845,1,1,G,20,0,False,fallback,0.13333333333333333,1.0,6.510144927536232,2,1,3,T,-1e+18,-30,3.5999999999999996,0.0,2,0.0,-10,deltaR,2,3, ,-1e+18,0.0
train_0076,846,0,1,S,20,0,False,fallback,0.13333333333333333,1.0,6.510144927536232,2,1,3,T,-1e+18,-30,3.5999999999999996,0.0,3,0.0,-10,deltaR,2,3, ,-1e+18,0.0
train_0076,847,1,1,G,20,0,False,fallback,0.13333333333333333,1.0,6.510144927536232,2,1,3,T,-1e+18,-30,3.5999999999999996,0.0,2,0.0,-10,deltaR,2,3, ,-1e+18,0.0
train_0076,848,0,1,S,20,0,False,fallback,0.13333333333333333,1.0,6.510144927536232,2,1,3,T,-1e+18,-30,3.5999999999999996,0.0,3,0.0,-10,deltaR,2,3, ,-1e+18,0.0
train_0076,849,1,1,G,20,0,False,fallback,0.13333333333333333,1.0,6.510144927536232,2,1,3,T,-1e+18,-30,3.5999999999999996,0.0,2,0.0,-10,deltaR,2,3, ,-1e+18,0.0
train_0076,850,0,1,S,20,0,False,fallback,0.13333333333333333,1.0,6.510144927536232,2,1,3,T,-1e+18,-30,3.5999999999999996,0.0,3,0.0,-10,deltaR,2,3, ,-1e+18,0.0
train_0076,851,1,1,G,20,0,False,fallback,0.13333333333333333,1.0,6.510144927536232,2,1,3,T,-1e+18,-30,3.5999999999999996,0.0,2,0.0,-10,deltaR,2,3, ,-1e+18,0.0
train_0076,852,0,1,S,20,0,False,fallback,0.13333333333333333,1.0,6.510144927536232,2,1,3,T,-1e+18,-30,3.5999999999999996,0.0,3,0.0,-10,deltaR,2,3, ,-1e+18,0.0
train_0076,853,1,1,G,20,0,False,fallback,0.13333333333333333,1.0,6.510144927536232,2,1,3,T,-1e+18,-30,3.5999999999999996,0.0,2,0.0,-10,deltaR,2,3, ,-1e+18,0.0
train_0076,854,0,1,S,20,0,False,fallback,0.13333333333333333,1.0,6.510144927536232,2,1,3,T,-1e+18,-30,3.5999999999999996,0.0,3,0.0,-10,deltaR,2,3, ,-1e+18,0.0
train_0076,855,1,1,G,20,0,False,fallback,0.13333333333333333,1.0,6.510144927536232,2,1,3,T,-1e+18,-30,3.5999999999999996,0.0,2,0.0,-10,deltaR,2,3, ,-1e+18,0.0
train_0076,856,0,1,S,20,0,False,fallback,0.13333333333333333,1.0,6.510144927536232,2,1,3,T,-1e+18,-30,3.5999999999999996,0.0,3,0.0,-10,deltaR,2,3, ,-1e+18,0.0
train_0076,857,1,1,G,20,0,False,fallback,0.13333333333333333,1.0,6.510144927536232,2,1,3,T,-1e+18,-30,3.5999999999999996,0.0,2,0.0,-10,deltaR,2,3, ,-1e+18,0.0
train_0076,858,0,1,S,20,0,False,fallback,0.13333333333333333,1.0,6.510144927536232,2,1,3,T,-1e+18,-30,3.5999999999999996,0.0,3,0.0,-10,deltaR,2,3, ,-1e+18,0.0
train_0076,859,1,1,G,20,0,False,fallback,0.13333333333333333,1.0,6.510144927536232,2,1,3,T,-1e+18,-30,3.5999999999999996,0.0,2,0.0,-10,deltaR,2,3, ,-1e+18,0.0
train_0076,860,0,1,S,20,0,False,fallback,0.13333333333333333,1.0,6.510144927536232,2,1,3,T,-1e+18,-30,3.5999999999999996,0.0,3,0.0,-10,deltaR,2,3, ,-1e+18,0.0
train_0076,861,1,1,G,20,0,False,fallback,0.13333333333333333,1.0,6.510144927536232,2,1,3,T,-1e+18,-30,3.5999999999999996,0.0,2,0.0,-10,deltaR,2,3, ,-1e+18,0.0
train_0076,862,0,1,S,20,0,False,fallback,0.13333333333333333,1.0,6.510144927536232,2,1,3,T,-1e+18,-30,3.5999999999999996,0.0,3,0.0,-10,deltaR,2,3, ,-1e+18,0.0
train_0076,863,1,1,G,20,0,False,fallback,0.13333333333333333,1.0,6.510144927536232,2,1,3,T,-1e+18,-30,3.5999999999999996,0.0,2,0.0,-10,deltaR,2,3, ,-1e+18,0.0
train_0076,864,0,1,S,20,0,False,fallback,0.13333333333333333,1.0,6.510144927536232,2,1,3,T,-1e+18,-30,3.5999999999999996,0.0,3,0.0,-10,deltaR,2,3, ,-1e+18,0.0
train_0076,865,1,1,G,20,0,False,fallback,0.13333333333333333,1.0,6.510144927536232,2,1,3,T,-1e+18,-30,3.5999999999999996,0.0,2,0.0,-10,deltaR,2,3, ,-1e+18,0.0
train_0076,866,0,1,S,20,0,False,fallback,0.13333333333333333,1.0,6.510144927536232,2,1,3,T,-1e+18,-30,3.5999999999999996,0.0,3,0.0,-10,deltaR,2,3, ,-1e+18,0.0
train_0076,867,1,1,G,20,0,False,fallback,0.13333333333333333,1.0,6.510144927536232,2,1,3,T,-1e+18,-30,3.5999999999999996,0.0,2,0.0,-10,deltaR,2,3, ,-1e+18,0.0
train_0076,868,0,1,S,20,0,False,fallback,0.13333333333333333,1.0,6.510144927536232,2,1,3,T,-1e+18,-30,3.5999999999999996,0.0,3,0.0,-10,deltaR,2,3, ,-1e+18,0.0
train_0076,869,1,1,G,20,0,False,fallback,0.13333333333333333,1.0,6.510144927536232,2,1,3,T,-1e+18,-30,3.5999999999999996,0.0,2,0.0,-10,deltaR,2,3, ,-1e+18,0.0
train_0076,870,0,1,S,20,0,False,fallback,0.13333333333333333,1.0,6.510144927536232,2,1,3,T,-1e+18,-30,3.5999999999999996,0.0,3,0.0,-10,deltaR,2,3, ,-1e+18,0.0
train_0076,871,1,1,G,20,0,False,fallback,0.13333333333333333,1.0,6.510144927536232,2,1,3,T,-1e+18,-30,3.5999999999999996,0.0,2,0.0,-10,deltaR,2,3, ,-1e+18,0.0
train_0076,872,0,1,S,20,0,False,fallback,0.13333333333333333,1.0,6.510144927536232,2,1,3,T,-1e+18,-30,3.5999999999999996,0.0,3,0.0,-10,deltaR,2,3, ,-1e+18,0.0
train_0076,873,1,1,G,20,0,False,fallback,0.13333333333333333,1.0,6.510144927536232,2,1,3,T,-1e+18,-30,3.5999999999999996,0.0,2,0.0,-10,deltaR,2,3, ,-1e+18,0.0
train_0076,874,0,1,S,20,0,False,fallback,0.13333333333333333,1.0,6.510144927536232,2,1,3,T,-1e+18,-30,3.5999999999999996,0.0,3,0.0,-10,deltaR,2,3, ,-1e+18,0.0
train_0076,875,1,1,G,20,0,False,fallback,0.13333333333333333,1.0,6.510144927536232,2,1,3,T,-1e+18,-30,3.5999999999999996,0.0,2,0.0,-10,deltaR,2,3, ,-1e+18,0.0
train_0076,876,0,1,S,20,0,False,fallback,0.13333333333333333,1.0,6.510144927536232,2,1,3,T,-1e+18,-30,3.5999999999999996,0.0,3,0.0,-10,deltaR,2,3, ,-1e+18,0.0
train_0076,877,1,1,G,20,0,False,fallback,0.13333333333333333,1.0,6.510144927536232,2,1,3,T,-1e+18,-30,3.5999999999999996,0.0,2,0.0,-10,deltaR,2,3, ,-1e+18,0.0
train_0076,878,0,1,S,20,0,False,fallback,0.13333333333333333,1.0,6.510144927536232,2,1,3,T,-1e+18,-30,3.5999999999999996,0.0,3,0.0,-10,deltaR,2,3, ,-1e+18,0.0
train_0076,879,1,1,G,20,0,False,fallback,0.13333333333333333,1.0,6.510144927536232,2,1,3,T,-1e+18,-30,3.5999999999999996,0.0,2,0.0,-10,deltaR,2,3, ,-1e+18,0.0
train_0076,880,0,1,S,20,0,False,fallback,0.13333333333333333,1.0,6.510144927536232,2,1,3,T,-1e+18,-30,3.5999999999999996,0.0,3,0.0,-10,deltaR,2,3, ,-1e+18,0.0
train_0076,881,1,1,G,20,0,False,fallback,0.13333333333333333,1.0,6.510144927536232,2,1,3,T,-1e+18,-30,3.5999999999999996,0.0,2,0.0,-10,deltaR,2,3, ,-1e+18,0.0
train_0076,882,0,1,S,20,0,False,fallback,0.13333333333333333,1.0,6.510144927536232,2,1,3,T,-1e+18,-30,3.5999999999999996,0.0,3,0.0,-10,deltaR,2,3, ,-1e+18,0.0
train_0076,883,1,1,G,20,0,False,fallback,0.13333333333333333,1.0,6.510144927536232,2,1,3,T,-1e+18,-30,3.5999999999999996,0.0,2,0.0,-10,deltaR,2,3, ,-1e+18,0.0
train_0076,884,0,1,S,20,0,False,fallback,0.13333333333333333,1.0,6.510144927536232,2,1,3,T,-1e+18,-30,3.5999999999999996,0.0,3,0.0,-10,deltaR,2,3, ,-1e+18,0.0
train_0076,885,1,1,G,20,0,False,fallback,0.13333333333333333,1.0,6.510144927536232,2,1,3,T,-1e+18,-30,3.5999999999999996,0.0,2,0.0,-10,deltaR,2,3, ,-1e+18,0.0
train_0076,886,0,1,S,20,0,False,fallback,0.13333333333333333,1.0,6.510144927536232,2,1,3,T,-1e+18,-30,3.5999999999999996,0.0,3,0.0,-10,deltaR,2,3, ,-1e+18,0.0
train_0076,887,1,1,G,20,0,False,fallback,0.13333333333333333,1.0,6.510144927536232,2,1,3,T,-1e+18,-30,3.5999999999999996,0.0,2,0.0,-10,deltaR,2,3, ,-1e+18,0.0
train_0076,888,0,1,S,20,0,False,fallback,0.13333333333333333,1.0,6.510144927536232,2,1,3,T,-1e+18,-30,3.5999999999999996,0.0,3,0.0,-10,deltaR,2,3, ,-1e+18,0.0
train_0076,889,1,1,G,20,0,False,fallback,0.13333333333333333,1.0,6.510144927536232,2,1,3,T,-1e+18,-30,3.5999999999999996,0.0,2,0.0,-10,deltaR,2,3, ,-1e+18,0.0
train_0076,890,0,1,S,20,0,False,fallback,0.13333333333333333,1.0,6.510144927536232,2,1,3,T,-1e+18,-30,3.5999999999999996,0.0,3,0.0,-10,deltaR,2,3, ,-1e+18,0.0
train_0076,891,1,1,G,20,0,False,fallback,0.13333333333333333,1.0,6.510144927536232,2,1,3,T,-1e+18,-30,3.5999999999999996,0.0,2,0.0,-10,deltaR,2,3, ,-1e+18,0.0
train_0076,892,0,1,S,20,0,False,fallback,0.13333333333333333,1.0,6.510144927536232,2,1,3,T,-1e+18,-30,3.5999999999999996,0.0,3,0.0,-10,deltaR,2,3, ,-1e+18,0.0
train_0076,893,1,1,G,20,0,False,fallback,0.13333333333333333,1.0,6.510144927536232,2,1,3,T,-1e+18,-30,3.5999999999999996,0.0,2,0.0,-10,deltaR,2,3, ,-1e+18,0.0
train_0076,894,0,1,S,20,0,False,fallback,0.13333333333333333,1.0,6.510144927536232,2,1,3,T,-1e+18,-30,3.5999999999999996,0.0,3,0.0,-10,deltaR,2,3, ,-1e+18,0.0
train_0076,895,1,1,G,20,0,False,fallback,0.13333333333333333,1.0,6.510144927536232,2,1,3,T,-1e+18,-30,3.5999999999999996,0.0,2,0.0,-10,deltaR,2,3, ,-1e+18,0.0
train_0076,896,0,1,S,20,0,False,fallback,0.13333333333333333,1.0,6.510144927536232,2,1,3,T,-1e+18,-30,3.5999999999999996,0.0,3,0.0,-10,deltaR,2,3, ,-1e+18,0.0
train_0076,897,1,1,G,20,0,False,fallback,0.13333333333333333,1.0,6.510144927536232,2,1,3,T,-1e+18,-30,3.5999999999999996,0.0,2,0.0,-10,deltaR,2,3, ,-1e+18,0.0
train_0076,898,0,1,S,20,0,False,fallback,0.13333333333333333,1.0,6.510144927536232,2,1,3,T,-1e+18,-30,3.5999999999999996,0.0,3,0.0,-10,deltaR,2,3, ,-1e+18,0.0
train_0076,899,1,1,G,20,0,False,fallback,0.13333333333333333,1.0,6.510144927536232,2,1,3,T,-1e+18,-30,3.5999999999999996,0.0,2,0.0,-10,deltaR,2,3, ,-1e+18,0.0
