case_id,maze_file,step,rank,selected,real_r,real_c,local_r,local_c,tile,score,deltaR,Iproxy,tailGain,qEff,pathLen,margin,projectedR,unknownCompSum,dominant_term
train_0261,C:\Users\tao20\Desktop\Algorithm\AIPlayerDesktop\data\蔡扬的\train\train_0261.json,0,1,True,1,1,1,0, ,5.736266666666669,0,18.000000000000004,0.0,1.0,1,8.0,0,12,Iproxy
train_0261,C:\Users\tao20\Desktop\Algorithm\AIPlayerDesktop\data\蔡扬的\train\train_0261.json,1,1,True,2,1,2,0, ,4.789948070175434,0,15.157894736842103,0.0,1.0,1,8.0,0,12,Iproxy
train_0261,C:\Users\tao20\Desktop\Algorithm\AIPlayerDesktop\data\蔡扬的\train\train_0261.json,2,1,True,3,1,3,0, ,3.884182303030302,0,13.090909090909092,0.0,1.0,1,8.0,0,12,Iproxy
train_0261,C:\Users\tao20\Desktop\Algorithm\AIPlayerDesktop\data\蔡扬的\train\train_0261.json,2,2,False,3,2,3,1, ,3.064182303030302,0,13.090909090909092,0.0,1.0,2,8.0,0,12,Iproxy
train_0261,C:\Users\tao20\Desktop\Algorithm\AIPlayerDesktop\data\蔡扬的\train\train_0261.json,3,1,True,3,2,3,1, ,3.0347487857777757,0,11.52,0.0,1.0,1,8.0,0,12,Iproxy
train_0261,C:\Users\tao20\Desktop\Algorithm\AIPlayerDesktop\data\蔡扬的\train\train_0261.json,3,2,False,4,1,4,0, ,3.0347487857777757,0,11.52,0.0,1.0,1,8.0,0,12,Iproxy
train_0261,C:\Users\tao20\Desktop\Algorithm\AIPlayerDesktop\data\蔡扬的\train\train_0261.json,4,1,True,3,3,3,2, ,2.2473577041269834,0,10.285714285714285,0.0,1.0,1,8.0,0,12,Iproxy
train_0261,C:\Users\tao20\Desktop\Algorithm\AIPlayerDesktop\data\蔡扬的\train\train_0261.json,4,2,False,2,3,2,2, ,1.4273577041269832,0,10.285714285714285,0.0,1.0,2,8.0,0,12,Iproxy
train_0261,C:\Users\tao20\Desktop\Algorithm\AIPlayerDesktop\data\蔡扬的\train\train_0261.json,4,3,False,4,1,4,0, ,1.4273577041269832,0,10.285714285714285,0.0,1.0,2,8.0,0,12,Iproxy
train_0261,C:\Users\tao20\Desktop\Algorithm\AIPlayerDesktop\data\蔡扬的\train\train_0261.json,5,1,True,2,3,2,2, ,1.5224238659732787,0,9.29032258064516,0.0,1.0,1,8.0,0,12,Iproxy
train_0261,C:\Users\tao20\Desktop\Algorithm\AIPlayerDesktop\data\蔡扬的\train\train_0261.json,5,2,False,3,4,3,3, ,1.5224238659732787,0,9.29032258064516,0.0,1.0,1,8.0,0,12,Iproxy
train_0261,C:\Users\tao20\Desktop\Algorithm\AIPlayerDesktop\data\蔡扬的\train\train_0261.json,5,3,False,4,1,4,0, ,-0.11757613402672096,0,9.29032258064516,0.0,1.0,3,8.0,0,12,Iproxy
train_0261,C:\Users\tao20\Desktop\Algorithm\AIPlayerDesktop\data\蔡扬的\train\train_0261.json,6,1,True,1,3,1,2,G,84.20660338080245,50,30.545454545454543,0.0,1.0,1,0.0,50,12,deltaR
train_0261,C:\Users\tao20\Desktop\Algorithm\AIPlayerDesktop\data\蔡扬的\train\train_0261.json,6,2,False,3,4,3,3, ,40.76160338080245,0,30.545454545454543,12.5,1.0,2,8.0,0,12,Iproxy
train_0261,C:\Users\tao20\Desktop\Algorithm\AIPlayerDesktop\data\蔡扬的\train\train_0261.json,6,3,False,4,1,4,0, ,33.99660338080245,0,30.545454545454543,8.333333333333334,1.0,4,8.0,0,12,Iproxy
train_0261,C:\Users\tao20\Desktop\Algorithm\AIPlayerDesktop\data\蔡扬的\train\train_0261.json,7,1,True,3,4,3,3, ,18.401954958452237,0,28.799999999999997,0.0,6.249999218750098,3,0.0,50,12,Iproxy
train_0261,C:\Users\tao20\Desktop\Algorithm\AIPlayerDesktop\data\蔡扬的\train\train_0261.json,7,2,False,4,1,4,0, ,8.151956239702074,0,28.799999999999997,0.0,6.249999218750098,5,0.0,50,12,pathLen
train_0261,C:\Users\tao20\Desktop\Algorithm\AIPlayerDesktop\data\蔡扬的\train\train_0261.json,8,1,True,3,4,3,3, ,25.26733881698292,0,28.799999999999997,0.0,5.555554938271674,2,0.0,50,12,Iproxy
train_0261,C:\Users\tao20\Desktop\Algorithm\AIPlayerDesktop\data\蔡扬的\train\train_0261.json,8,2,False,4,1,4,0, ,16.156228718217378,0,28.799999999999997,0.0,5.555554938271674,4,0.0,50,12,Iproxy
train_0261,C:\Users\tao20\Desktop\Algorithm\AIPlayerDesktop\data\蔡扬的\train\train_0261.json,9,1,True,3,4,3,3, ,30.759646029085214,0,28.799999999999997,0.0,4.99999950000005,1,0.0,50,12,Iproxy
train_0261,C:\Users\tao20\Desktop\Algorithm\AIPlayerDesktop\data\蔡扬的\train\train_0261.json,9,2,False,4,1,4,0, ,22.559646849085134,0,28.799999999999997,0.0,4.99999950000005,3,0.0,50,12,Iproxy
train_0261,C:\Users\tao20\Desktop\Algorithm\AIPlayerDesktop\data\蔡扬的\train\train_0261.json,10,1,True,3,5,3,4, ,28.70572122563304,0,26.52631578947368,0.0,4.545454132231443,1,0.0,50,12,Iproxy
train_0261,C:\Users\tao20\Desktop\Algorithm\AIPlayerDesktop\data\蔡扬的\train\train_0261.json,10,2,False,2,5,2,4, ,24.978448837203256,0,26.52631578947368,0.0,4.545454132231443,2,0.0,50,12,Iproxy
train_0261,C:\Users\tao20\Desktop\Algorithm\AIPlayerDesktop\data\蔡扬的\train\train_0261.json,10,3,False,4,1,4,0, ,17.52390406034369,0,26.52631578947368,0.0,4.545454132231443,4,0.0,50,12,Iproxy
train_0261,C:\Users\tao20\Desktop\Algorithm\AIPlayerDesktop\data\蔡扬的\train\train_0261.json,11,1,True,2,5,2,4, ,26.854828826395256,0,24.585365853658537,0.0,4.166666319444474,1,0.0,50,12,Iproxy
train_0261,C:\Users\tao20\Desktop\Algorithm\AIPlayerDesktop\data\蔡扬的\train\train_0261.json,11,2,False,3,6,3,5, ,26.854828826395256,0,24.585365853658537,0.0,4.166666319444474,1,0.0,50,12,Iproxy
train_0261,C:\Users\tao20\Desktop\Algorithm\AIPlayerDesktop\data\蔡扬的\train\train_0261.json,11,3,False,4,1,4,0, ,13.188163298617386,0,24.585365853658537,0.0,4.166666319444474,5,0.0,50,12,Iproxy
train_0261,C:\Users\tao20\Desktop\Algorithm\AIPlayerDesktop\data\蔡扬的\train\train_0261.json,12,1,True,1,5,1,4, ,25.851124697289382,0,23.44186046511628,0.0,3.846153550295881,1,0.0,50,12,Iproxy
train_0261,C:\Users\tao20\Desktop\Algorithm\AIPlayerDesktop\data\蔡扬的\train\train_0261.json,12,2,False,3,6,3,5, ,22.69727878604676,0,23.44186046511628,0.0,3.846153550295881,2,0.0,50,12,Iproxy
train_0261,C:\Users\tao20\Desktop\Algorithm\AIPlayerDesktop\data\蔡扬的\train\train_0261.json,12,3,False,4,1,4,0, ,10.081895141076274,0,23.44186046511628,0.0,3.846153550295881,6,0.0,50,12,Iproxy
train_0261,C:\Users\tao20\Desktop\Algorithm\AIPlayerDesktop\data\蔡扬的\train\train_0261.json,13,1,True,3,6,3,5, ,19.018430303952314,0,22.4,0.0,3.571428316326549,3,0.0,50,12,Iproxy
train_0261,C:\Users\tao20\Desktop\Algorithm\AIPlayerDesktop\data\蔡扬的\train\train_0261.json,13,2,False,4,1,4,0, ,7.304145426401234,0,22.4,0.0,3.571428316326549,7,0.0,50,12,pathLen
train_0261,C:\Users\tao20\Desktop\Algorithm\AIPlayerDesktop\data\蔡扬的\train\train_0261.json,14,1,True,3,6,3,5, ,22.408104186619187,0,22.4,0.0,3.333333111111126,2,0.0,50,12,Iproxy
train_0261,C:\Users\tao20\Desktop\Algorithm\AIPlayerDesktop\data\蔡扬的\train\train_0261.json,14,2,False,4,1,4,0, ,11.474771582174697,0,22.4,0.0,3.333333111111126,6,0.0,50,12,Iproxy
train_0261,C:\Users\tao20\Desktop\Algorithm\AIPlayerDesktop\data\蔡扬的\train\train_0261.json,15,1,True,3,6,3,5, ,25.36877187037832,0,22.4,0.0,3.124999804687512,1,0.0,50,12,Iproxy
train_0261,C:\Users\tao20\Desktop\Algorithm\AIPlayerDesktop\data\蔡扬的\train\train_0261.json,15,2,False,4,1,4,0, ,15.118772511003282,0,22.4,0.0,3.124999804687512,5,0.0,50,12,Iproxy
train_0261,C:\Users\tao20\Desktop\Algorithm\AIPlayerDesktop\data\蔡扬的\train\train_0261.json,16,1,True,2,7,2,6,G,48.63021254858755,20,26.999999999999996,0.0,2.9411762975778646,2,0.0,70,12,Iproxy
train_0261,C:\Users\tao20\Desktop\Algorithm\AIPlayerDesktop\data\蔡扬的\train\train_0261.json,16,2,False,3,7,3,6,T,30.903088223712512,-30,26.999999999999996,25.0,2.9411762975778646,1,0.8888888888888888,20,12,deltaR
train_0261,C:\Users\tao20\Desktop\Algorithm\AIPlayerDesktop\data\蔡扬的\train\train_0261.json,16,3,False,4,1,4,0, ,25.816487625865495,0,26.999999999999996,5.555555555555555,2.9411762975778646,6,0.0,50,12,Iproxy
train_0261,C:\Users\tao20\Desktop\Algorithm\AIPlayerDesktop\data\蔡扬的\train\train_0261.json,17,1,True,2,7,2,6,G,80.39070427676515,50,25.411764705882348,0.0,1.1111110493827194,1,0.0,70,12,deltaR
train_0261,C:\Users\tao20\Desktop\Algorithm\AIPlayerDesktop\data\蔡扬的\train\train_0261.json,17,2,False,4,1,4,0, ,30.868482358246602,0,25.411764705882348,5.555555555555555,1.1111110493827194,7,0.8888888888888888,20,12,Iproxy
train_0261,C:\Users\tao20\Desktop\Algorithm\AIPlayerDesktop\data\蔡扬的\train\train_0261.json,18,1,True,1,7,1,6, ,26.941525530843037,0,24.45283018867925,0.0,3.6842103324099824,1,0.0,70,12,Iproxy
train_0261,C:\Users\tao20\Desktop\Algorithm\AIPlayerDesktop\data\蔡扬的\train\train_0261.json,18,2,False,1,8,1,7, ,23.920473058266854,0,24.45283018867925,0.0,3.6842103324099824,2,0.0,70,12,Iproxy
train_0261,C:\Users\tao20\Desktop\Algorithm\AIPlayerDesktop\data\蔡扬的\train\train_0261.json,18,3,False,4,1,4,0, ,5.794158222809742,0,24.45283018867925,0.0,3.6842103324099824,8,0.0,70,12,pathLen
train_0261,C:\Users\tao20\Desktop\Algorithm\AIPlayerDesktop\data\蔡扬的\train\train_0261.json,19,1,True,1,8,1,7, ,25.8645262246567,0,23.563636363636363,0.0,3.4999998250000086,1,0.0,70,12,Iproxy
train_0261,C:\Users\tao20\Desktop\Algorithm\AIPlayerDesktop\data\蔡扬的\train\train_0261.json,19,2,False,4,1,4,0, ,2.904527372656645,0,23.563636363636363,0.0,3.4999998250000086,9,0.0,70,12,pathLen
train_0261,C:\Users\tao20\Desktop\Algorithm\AIPlayerDesktop\data\蔡扬的\train\train_0261.json,20,1,True,1,9,1,8, ,24.384687249938708,0,22.344827586206893,0.0,3.333333174603182,1,0.0,70,12,Iproxy
train_0261,C:\Users\tao20\Desktop\Algorithm\AIPlayerDesktop\data\蔡扬的\train\train_0261.json,20,2,False,4,1,4,0, ,-0.21531157863277173,0,22.344827586206893,0.0,3.333333174603182,10,0.0,70,12,pathLen
train_0261,C:\Users\tao20\Desktop\Algorithm\AIPlayerDesktop\data\蔡扬的\train\train_0261.json,21,1,True,4,1,4,0, ,-3.0400967316236382,0,21.24590163934426,0.0,3.181818037190089,11,0.0,70,12,pathLen
train_0261,C:\Users\tao20\Desktop\Algorithm\AIPlayerDesktop\data\蔡扬的\train\train_0261.json,22,1,True,4,1,4,0, ,0.6038250279714461,0,21.24590163934426,0.0,3.0434781285444292,10,0.0,70,12,pathLen
train_0261,C:\Users\tao20\Desktop\Algorithm\AIPlayerDesktop\data\蔡扬的\train\train_0261.json,23,1,True,4,1,4,0, ,3.955701553474583,0,21.24590163934426,0.0,2.916666545138894,9,0.0,70,12,pathLen
train_0261,C:\Users\tao20\Desktop\Algorithm\AIPlayerDesktop\data\蔡扬的\train\train_0261.json,24,1,True,4,1,4,0, ,7.048985370970659,0,21.24590163934426,0.0,2.7999998880000043,8,0.0,70,12,pathLen
train_0261,C:\Users\tao20\Desktop\Algorithm\AIPlayerDesktop\data\蔡扬的\train\train_0261.json,25,1,True,4,1,4,0, ,9.91216626050407,0,21.24590163934426,0.0,2.6923075887574,7,0.0,70,12,Iproxy
train_0261,C:\Users\tao20\Desktop\Algorithm\AIPlayerDesktop\data\蔡扬的\train\train_0261.json,26,1,True,4,1,4,0, ,12.569678483820642,0,21.24590163934426,0.0,2.5925924965706484,6,0.0,70,12,Iproxy
train_0261,C:\Users\tao20\Desktop\Algorithm\AIPlayerDesktop\data\蔡扬的\train\train_0261.json,27,1,True,4,1,4,0, ,15.042611330601,0,21.24590163934426,0.0,2.4999999107142887,5,0.0,70,12,Iproxy
train_0261,C:\Users\tao20\Desktop\Algorithm\AIPlayerDesktop\data\蔡扬的\train\train_0261.json,28,1,True,4,1,4,0, ,17.349271776292635,0,21.24590163934426,0.0,2.4137930202140336,4,0.0,70,12,Iproxy
train_0261,C:\Users\tao20\Desktop\Algorithm\AIPlayerDesktop\data\蔡扬的\train\train_0261.json,29,1,True,4,1,4,0, ,19.505634608380056,0,21.24590163934426,0.0,2.333333255555558,3,0.0,70,12,Iproxy
train_0261,C:\Users\tao20\Desktop\Algorithm\AIPlayerDesktop\data\蔡扬的\train\train_0261.json,30,1,True,4,1,4,0, ,21.525705957615656,0,21.24590163934426,0.0,2.2580644432882435,2,0.0,70,12,Iproxy
train_0261,C:\Users\tao20\Desktop\Algorithm\AIPlayerDesktop\data\蔡扬的\train\train_0261.json,31,1,True,4,1,4,0, ,23.421819482712387,0,21.24590163934426,0.0,2.187499931640627,1,0.0,70,12,Iproxy
train_0261,C:\Users\tao20\Desktop\Algorithm\AIPlayerDesktop\data\蔡扬的\train\train_0261.json,32,1,True,5,1,5,0, ,22.25861603643558,0,20.25,0.0,2.121212056932968,1,0.0,70,12,Iproxy
train_0261,C:\Users\tao20\Desktop\Algorithm\AIPlayerDesktop\data\蔡扬的\train\train_0261.json,32,2,False,5,2,5,1, ,20.519222149750547,0,20.25,0.0,2.121212056932968,2,0.0,70,12,Iproxy
train_0261,C:\Users\tao20\Desktop\Algorithm\AIPlayerDesktop\data\蔡扬的\train\train_0261.json,33,1,True,5,2,5,1, ,21.182791888714387,0,19.343283582089548,0.0,2.0588234688581335,1,0.0,70,12,Iproxy
train_0261,C:\Users\tao20\Desktop\Algorithm\AIPlayerDesktop\data\蔡扬的\train\train_0261.json,33,2,False,6,1,6,0, ,21.182791888714387,0,19.343283582089548,0.0,2.0588234688581335,1,0.0,70,12,Iproxy
train_0261,C:\Users\tao20\Desktop\Algorithm\AIPlayerDesktop\data\蔡扬的\train\train_0261.json,34,1,True,5,3,5,2, ,20.510528648544483,0,18.782608695652176,0.0,1.9999999428571447,1,0.0,70,12,Iproxy
train_0261,C:\Users\tao20\Desktop\Algorithm\AIPlayerDesktop\data\蔡扬的\train\train_0261.json,34,2,False,6,1,6,0, ,18.870528695401624,0,18.782608695652176,0.0,1.9999999428571447,2,0.0,70,12,Iproxy
train_0261,C:\Users\tao20\Desktop\Algorithm\AIPlayerDesktop\data\蔡扬的\train\train_0261.json,35,1,True,5,4,5,3, ,19.870671470453296,0,18.253521126760564,0.0,1.9444443904321005,1,0.0,70,12,Iproxy
train_0261,C:\Users\tao20\Desktop\Algorithm\AIPlayerDesktop\data\蔡扬的\train\train_0261.json,35,2,False,6,1,6,0, ,16.681782670144653,0,18.253521126760564,0.0,1.9444443904321005,3,0.0,70,12,Iproxy
train_0261,C:\Users\tao20\Desktop\Algorithm\AIPlayerDesktop\data\蔡扬的\train\train_0261.json,36,1,True,5,5,5,4, ,19.261320665615216,0,17.753424657534243,0.0,1.89189184075968,1,0.0,70,12,Iproxy
train_0261,C:\Users\tao20\Desktop\Algorithm\AIPlayerDesktop\data\蔡扬的\train\train_0261.json,36,2,False,6,5,6,4, ,17.70996935619228,0,17.753424657534243,0.0,1.89189184075968,2,0.0,70,12,Iproxy
train_0261,C:\Users\tao20\Desktop\Algorithm\AIPlayerDesktop\data\蔡扬的\train\train_0261.json,36,3,False,6,1,6,0, ,14.607266737346404,0,17.753424657534243,0.0,1.89189184075968,4,0.0,70,12,Iproxy
train_0261,C:\Users\tao20\Desktop\Algorithm\AIPlayerDesktop\data\蔡扬的\train\train_0261.json,37,1,True,6,5,6,4, ,18.68065269848207,0,17.28,0.0,1.8421052146814418,1,0.0,70,12,Iproxy
train_0261,C:\Users\tao20\Desktop\Algorithm\AIPlayerDesktop\data\蔡扬的\train\train_0261.json,37,2,False,6,1,6,0, ,12.63854759432694,0,17.28,0.0,1.8421052146814418,5,0.0,70,12,Iproxy
train_0261,C:\Users\tao20\Desktop\Algorithm\AIPlayerDesktop\data\蔡扬的\train\train_0261.json,38,1,True,7,5,7,4, ,17.867587116325357,0,16.615384615384617,0.0,1.7948717488494426,1,0.0,70,12,Iproxy
train_0261,C:\Users\tao20\Desktop\Algorithm\AIPlayerDesktop\data\蔡扬的\train\train_0261.json,38,2,False,7,6,7,5, ,16.395792282268815,0,16.615384615384617,0.0,1.7948717488494426,2,0.0,70,12,Iproxy
train_0261,C:\Users\tao20\Desktop\Algorithm\AIPlayerDesktop\data\蔡扬的\train\train_0261.json,38,3,False,6,1,6,0, ,10.508612946042643,0,16.615384615384617,0.0,1.7948717488494426,6,0.0,70,12,Iproxy
train_0261,C:\Users\tao20\Desktop\Algorithm\AIPlayerDesktop\data\蔡扬的\train\train_0261.json,39,1,True,7,6,7,5, ,17.106517459960045,0,15.999999999999996,0.0,1.7499999562500013,1,0.0,70,12,Iproxy
train_0261,C:\Users\tao20\Desktop\Algorithm\AIPlayerDesktop\data\蔡扬的\train\train_0261.json,39,2,False,6,1,6,0, ,8.496517675210042,0,15.999999999999996,0.0,1.7499999562500013,7,0.0,70,12,Iproxy
train_0261,C:\Users\tao20\Desktop\Algorithm\AIPlayerDesktop\data\蔡扬的\train\train_0261.json,40,1,True,7,7,7,6, ,16.393165423635324,0,15.428571428571427,0.0,1.707317031528853,1,0.0,70,12,Iproxy
train_0261,C:\Users\tao20\Desktop\Algorithm\AIPlayerDesktop\data\蔡扬的\train\train_0261.json,40,2,False,6,7,6,6, ,14.993165457781664,0,15.428571428571427,0.0,1.707317031528853,2,0.0,70,12,Iproxy
train_0261,C:\Users\tao20\Desktop\Algorithm\AIPlayerDesktop\data\蔡扬的\train\train_0261.json,40,3,False,8,7,8,6, ,14.993165457781664,0,15.428571428571427,0.0,1.707317031528853,2,0.0,70,12,Iproxy
train_0261,C:\Users\tao20\Desktop\Algorithm\AIPlayerDesktop\data\蔡扬的\train\train_0261.json,40,4,False,6,1,6,0, ,6.5931656626597075,0,15.428571428571427,0.0,1.707317031528853,8,0.0,70,12,Iproxy
train_0261,C:\Users\tao20\Desktop\Algorithm\AIPlayerDesktop\data\蔡扬的\train\train_0261.json,41,1,True,6,7,6,6, ,15.723625571228963,0,14.896551724137927,0.0,1.666666626984128,1,0.0,70,12,Iproxy
train_0261,C:\Users\tao20\Desktop\Algorithm\AIPlayerDesktop\data\蔡扬的\train\train_0261.json,41,2,False,7,8,7,7, ,15.723625571228963,0,14.896551724137927,0.0,1.666666626984128,1,0.0,70,12,Iproxy
train_0261,C:\Users\tao20\Desktop\Algorithm\AIPlayerDesktop\data\蔡扬的\train\train_0261.json,41,3,False,8,7,8,6, ,15.723625571228963,0,14.896551724137927,0.0,1.666666626984128,1,0.0,70,12,Iproxy
train_0261,C:\Users\tao20\Desktop\Algorithm\AIPlayerDesktop\data\蔡扬的\train\train_0261.json,41,4,False,6,1,6,0, ,4.790292498213084,0,14.896551724137927,0.0,1.666666626984128,9,0.0,70,12,pathLen
train_0261,C:\Users\tao20\Desktop\Algorithm\AIPlayerDesktop\data\蔡扬的\train\train_0261.json,42,1,True,5,7,5,6,G,48.665116310113575,50,0.0,0.0,1.6279069388858853,1,0.0,120,0,deltaR
train_0261,C:\Users\tao20\Desktop\Algorithm\AIPlayerDesktop\data\蔡扬的\train\train_0261.json,42,2,False,7,8,7,7, ,38.59481094054708,0,22.651685393258433,12.5,1.6279069388858853,2,0.0,70,12,Iproxy
train_0261,C:\Users\tao20\Desktop\Algorithm\AIPlayerDesktop\data\蔡扬的\train\train_0261.json,42,3,False,8,7,8,6, ,38.59481094054708,0,22.651685393258433,12.5,1.6279069388858853,2,0.0,70,12,Iproxy
train_0261,C:\Users\tao20\Desktop\Algorithm\AIPlayerDesktop\data\蔡扬的\train\train_0261.json,42,4,False,6,1,6,0, ,17.66574142145567,0,22.651685393258433,4.166666666666667,1.6279069388858853,10,0.0,70,12,Iproxy
train_0261,C:\Users\tao20\Desktop\Algorithm\AIPlayerDesktop\data\蔡扬的\train\train_0261.json,43,1,True,7,8,7,7, ,19.102161799366492,0,22.651685393258433,0.0,2.7272726652892576,3,0.0,120,12,Iproxy
train_0261,C:\Users\tao20\Desktop\Algorithm\AIPlayerDesktop\data\蔡扬的\train\train_0261.json,43,2,False,8,7,8,6, ,19.102161799366492,0,22.651685393258433,0.0,2.7272726652892576,3,0.0,120,12,Iproxy
train_0261,C:\Users\tao20\Desktop\Algorithm\AIPlayerDesktop\data\蔡扬的\train\train_0261.json,43,3,False,6,1,6,0, ,1.2112531150689634,0,22.651685393258433,0.0,2.7272726652892576,11,0.0,120,12,pathLen
train_0261,C:\Users\tao20\Desktop\Algorithm\AIPlayerDesktop\data\蔡扬的\train\train_0261.json,44,1,True,7,8,7,7, ,21.37525870835642,0,22.651685393258433,0.0,2.666666607407409,2,0.0,120,12,Iproxy
train_0261,C:\Users\tao20\Desktop\Algorithm\AIPlayerDesktop\data\蔡扬的\train\train_0261.json,44,2,False,8,7,8,6, ,21.37525870835642,0,22.651685393258433,0.0,2.666666607407409,2,0.0,120,12,Iproxy
train_0261,C:\Users\tao20\Desktop\Algorithm\AIPlayerDesktop\data\蔡扬的\train\train_0261.json,44,3,False,6,1,6,0, ,3.881925763763821,0,22.651685393258433,0.0,2.666666607407409,10,0.0,120,12,pathLen
train_0261,C:\Users\tao20\Desktop\Algorithm\AIPlayerDesktop\data\蔡扬的\train\train_0261.json,45,1,True,7,8,7,7, ,23.55933306704601,0,22.651685393258433,0.0,2.6086955954631392,1,0.0,120,12,Iproxy
train_0261,C:\Users\tao20\Desktop\Algorithm\AIPlayerDesktop\data\蔡扬的\train\train_0261.json,45,2,False,8,7,8,6, ,23.55933306704601,0,22.651685393258433,0.0,2.6086955954631392,1,0.0,120,12,Iproxy
train_0261,C:\Users\tao20\Desktop\Algorithm\AIPlayerDesktop\data\蔡扬的\train\train_0261.json,45,3,False,6,1,6,0, ,6.4462899608078175,0,22.651685393258433,0.0,2.6086955954631392,9,0.0,120,12,pathLen
train_0261,C:\Users\tao20\Desktop\Algorithm\AIPlayerDesktop\data\蔡扬的\train\train_0261.json,46,1,True,7,9,7,8, ,22.692770682897383,0,21.91304347826087,0.0,2.5531914350384803,1,0.0,120,12,Iproxy
train_0261,C:\Users\tao20\Desktop\Algorithm\AIPlayerDesktop\data\蔡扬的\train\train_0261.json,46,2,False,6,9,6,8, ,20.59915370616583,0,21.91304347826087,0.0,2.5531914350384803,2,0.0,120,12,Iproxy
train_0261,C:\Users\tao20\Desktop\Algorithm\AIPlayerDesktop\data\蔡扬的\train\train_0261.json,46,3,False,8,7,8,6, ,20.59915370616583,0,21.91304347826087,0.0,2.5531914350384803,2,0.0,120,12,Iproxy
train_0261,C:\Users\tao20\Desktop\Algorithm\AIPlayerDesktop\data\蔡扬的\train\train_0261.json,46,4,False,6,1,6,0, ,3.850217892313399,0,21.91304347826087,0.0,2.5531914350384803,10,0.0,120,12,pathLen
train_0261,C:\Users\tao20\Desktop\Algorithm\AIPlayerDesktop\data\蔡扬的\train\train_0261.json,47,1,True,6,9,6,8, ,21.86176262039257,0,21.221052631578946,0.0,2.4999999479166677,1,0.0,120,12,Iproxy
train_0261,C:\Users\tao20\Desktop\Algorithm\AIPlayerDesktop\data\蔡扬的\train\train_0261.json,47,2,False,8,7,8,6, ,17.76176270580924,0,21.221052631578946,0.0,2.4999999479166677,3,0.0,120,12,Iproxy
train_0261,C:\Users\tao20\Desktop\Algorithm\AIPlayerDesktop\data\蔡扬的\train\train_0261.json,47,3,False,6,1,6,0, ,1.3617630474758968,0,21.221052631578946,0.0,2.4999999479166677,11,0.0,120,12,pathLen
train_0261,C:\Users\tao20\Desktop\Algorithm\AIPlayerDesktop\data\蔡扬的\train\train_0261.json,48,1,True,5,9,5,8, ,21.31587882388586,0,20.783505154639172,0.0,2.4489795418575606,1,0.0,120,12,Iproxy
train_0261,C:\Users\tao20\Desktop\Algorithm\AIPlayerDesktop\data\蔡扬的\train\train_0261.json,48,2,False,5,10,5,9, ,19.307715599562663,0,20.783505154639172,0.0,2.4489795418575606,2,0.0,120,12,Iproxy
train_0261,C:\Users\tao20\Desktop\Algorithm\AIPlayerDesktop\data\蔡扬的\train\train_0261.json,48,3,False,8,7,8,6, ,15.291389150916263,0,20.783505154639172,0.0,2.4489795418575606,4,0.0,120,12,Iproxy
train_0261,C:\Users\tao20\Desktop\Algorithm\AIPlayerDesktop\data\蔡扬的\train\train_0261.json,48,4,False,6,1,6,0, ,-0.7739166436693345,0,20.783505154639172,0.0,2.4489795418575606,12,0.0,120,12,pathLen
train_0261,C:\Users\tao20\Desktop\Algorithm\AIPlayerDesktop\data\蔡扬的\train\train_0261.json,49,1,True,4,9,4,8, ,20.78826922470132,0,20.363636363636367,0.0,2.3999999520000013,1,0.0,120,12,Iproxy
train_0261,C:\Users\tao20\Desktop\Algorithm\AIPlayerDesktop\data\蔡扬的\train\train_0261.json,49,2,False,5,10,5,9, ,20.78826922470132,0,20.363636363636367,0.0,2.3999999520000013,1,0.0,120,12,Iproxy
train_0261,C:\Users\tao20\Desktop\Algorithm\AIPlayerDesktop\data\蔡扬的\train\train_0261.json,49,3,False,8,7,8,6, ,12.916269382141316,0,20.363636363636367,0.0,2.3999999520000013,5,0.0,120,12,Iproxy
train_0261,C:\Users\tao20\Desktop\Algorithm\AIPlayerDesktop\data\蔡扬的\train\train_0261.json,49,4,False,6,1,6,0, ,-2.82773030297869,0,20.363636363636367,0.0,2.3999999520000013,13,0.0,120,12,pathLen
train_0261,C:\Users\tao20\Desktop\Algorithm\AIPlayerDesktop\data\蔡扬的\train\train_0261.json,50,1,True,5,10,5,9, ,18.349068686307863,0,19.960396039603957,0.0,2.3529411303344876,2,0.0,120,12,Iproxy
train_0261,C:\Users\tao20\Desktop\Algorithm\AIPlayerDesktop\data\蔡扬的\train\train_0261.json,50,2,False,8,7,8,6, ,10.631421778810745,0,19.960396039603957,0.0,2.3529411303344876,6,0.0,120,12,Iproxy
train_0261,C:\Users\tao20\Desktop\Algorithm\AIPlayerDesktop\data\蔡扬的\train\train_0261.json,50,3,False,6,1,6,0, ,-4.803872036183492,0,19.960396039603957,0.0,2.3529411303344876,14,0.0,120,12,pathLen
train_0261,C:\Users\tao20\Desktop\Algorithm\AIPlayerDesktop\data\蔡扬的\train\train_0261.json,50,4,False,3,9,3,8, ,-1e+18,0,0.0,0.0,2.3529411303344876,1,0.0,120,0,pathLen
train_0261,C:\Users\tao20\Desktop\Algorithm\AIPlayerDesktop\data\蔡扬的\train\train_0261.json,51,1,True,5,10,5,9, ,20.237378201342498,0,19.960396039603957,0.0,2.3076922633136103,1,0.0,120,12,Iproxy
train_0261,C:\Users\tao20\Desktop\Algorithm\AIPlayerDesktop\data\蔡扬的\train\train_0261.json,51,2,False,8,7,8,6, ,12.668147577673857,0,19.960396039603957,0.0,2.3076922633136103,5,0.0,120,12,Iproxy
train_0261,C:\Users\tao20\Desktop\Algorithm\AIPlayerDesktop\data\蔡扬的\train\train_0261.json,51,3,False,6,1,6,0, ,-2.470313669663426,0,19.960396039603957,0.0,2.3076922633136103,13,0.0,120,12,pathLen
train_0261,C:\Users\tao20\Desktop\Algorithm\AIPlayerDesktop\data\蔡扬的\train\train_0261.json,51,4,False,3,9,3,8, ,-1e+18,0,0.0,0.0,2.3076922633136103,2,0.0,120,0,pathLen
train_0261,C:\Users\tao20\Desktop\Algorithm\AIPlayerDesktop\data\蔡扬的\train\train_0261.json,52,1,True,5,11,5,10, ,19.541692937441677,0,19.384615384615387,0.0,2.2641509006763982,1,0.0,120,12,Iproxy
train_0261,C:\Users\tao20\Desktop\Algorithm\AIPlayerDesktop\data\蔡扬的\train\train_0261.json,52,2,False,8,7,8,6, ,10.258674244668445,0,19.384615384615387,0.0,2.2641509006763982,6,0.0,120,12,Iproxy
train_0261,C:\Users\tao20\Desktop\Algorithm\AIPlayerDesktop\data\蔡扬的\train\train_0261.json,52,3,False,6,1,6,0, ,-4.594155663768728,0,19.384615384615387,0.0,2.2641509006763982,14,0.0,120,12,pathLen
train_0261,C:\Users\tao20\Desktop\Algorithm\AIPlayerDesktop\data\蔡扬的\train\train_0261.json,52,4,False,3,9,3,8, ,-1e+18,0,0.0,0.0,2.2641509006763982,3,0.0,120,0,pathLen
train_0261,C:\Users\tao20\Desktop\Algorithm\AIPlayerDesktop\data\蔡扬的\train\train_0261.json,53,1,True,5,12,5,11, ,18.872209390386082,0,18.841121495327098,0.0,2.22222218106996,1,0.0,120,12,Iproxy
train_0261,C:\Users\tao20\Desktop\Algorithm\AIPlayerDesktop\data\蔡扬的\train\train_0261.json,53,2,False,8,7,8,6, ,7.938876259521878,0,18.841121495327098,0.0,2.22222218106996,7,0.0,120,12,Iproxy
train_0261,C:\Users\tao20\Desktop\Algorithm\AIPlayerDesktop\data\蔡扬的\train\train_0261.json,53,3,False,6,1,6,0, ,-6.638901248297056,0,18.841121495327098,0.0,2.22222218106996,15,0.0,120,12,pathLen
train_0261,C:\Users\tao20\Desktop\Algorithm\AIPlayerDesktop\data\蔡扬的\train\train_0261.json,53,4,False,3,9,3,8, ,-1e+18,0,0.0,0.0,2.22222218106996,4,0.0,120,0,pathLen
train_0261,C:\Users\tao20\Desktop\Algorithm\AIPlayerDesktop\data\蔡扬的\train\train_0261.json,54,1,True,5,13,5,12, ,18.22918768158643,0,18.327272727272728,0.0,2.181818142148761,1,0.0,120,12,Iproxy
train_0261,C:\Users\tao20\Desktop\Algorithm\AIPlayerDesktop\data\蔡扬的\train\train_0261.json,54,2,False,4,13,4,12, ,16.44009680502445,0,18.327272727272728,0.0,2.181818142148761,2,0.0,120,12,Iproxy
train_0261,C:\Users\tao20\Desktop\Algorithm\AIPlayerDesktop\data\蔡扬的\train\train_0261.json,54,3,False,8,7,8,6, ,5.705551545652545,0,18.327272727272728,0.0,2.181818142148761,8,0.0,120,12,Iproxy
train_0261,C:\Users\tao20\Desktop\Algorithm\AIPlayerDesktop\data\蔡扬的\train\train_0261.json,54,4,False,6,1,6,0, ,-8.607175466843326,0,18.327272727272728,0.0,2.181818142148761,16,0.0,120,12,pathLen
train_0261,C:\Users\tao20\Desktop\Algorithm\AIPlayerDesktop\data\蔡扬的\train\train_0261.json,54,5,False,3,9,3,8, ,-1e+18,0,0.0,0.0,2.181818142148761,5,0.0,120,0,pathLen
train_0261,C:\Users\tao20\Desktop\Algorithm\AIPlayerDesktop\data\蔡扬的\train\train_0261.json,55,1,True,4,13,4,12, ,17.612401568357388,0,17.840707964601773,0.0,2.1428571045918376,1,0.0,120,12,Iproxy
train_0261,C:\Users\tao20\Desktop\Algorithm\AIPlayerDesktop\data\蔡扬的\train\train_0261.json,55,2,False,8,7,8,6, ,3.5552589622349338,0,17.840707964601773,0.0,2.1428571045918376,9,0.0,120,12,pathLen
train_0261,C:\Users\tao20\Desktop\Algorithm\AIPlayerDesktop\data\蔡扬的\train\train_0261.json,55,3,False,6,1,6,0, ,-10.50188364388752,0,17.840707964601773,0.0,2.1428571045918376,17,0.0,120,12,pathLen
train_0261,C:\Users\tao20\Desktop\Algorithm\AIPlayerDesktop\data\蔡扬的\train\train_0261.json,55,4,False,3,9,3,8, ,-1e+18,0,0.0,0.0,2.1428571045918376,6,0.0,120,0,pathLen
train_0261,C:\Users\tao20\Desktop\Algorithm\AIPlayerDesktop\data\蔡扬的\train\train_0261.json,56,1,True,3,13,3,12, ,17.02128964220932,0,17.379310344827587,0.0,2.1052631209602963,1,0.0,120,12,Iproxy
train_0261,C:\Users\tao20\Desktop\Algorithm\AIPlayerDesktop\data\蔡扬的\train\train_0261.json,56,2,False,3,12,3,11, ,15.294973883021878,0,17.379310344827587,0.0,2.1052631209602963,2,0.0,120,12,Iproxy
train_0261,C:\Users\tao20\Desktop\Algorithm\AIPlayerDesktop\data\蔡扬的\train\train_0261.json,56,3,False,8,7,8,6, ,1.4844478095223366,0,17.379310344827587,0.0,2.1052631209602963,10,0.0,120,12,pathLen
train_0261,C:\Users\tao20\Desktop\Algorithm\AIPlayerDesktop\data\蔡扬的\train\train_0261.json,56,4,False,6,1,6,0, ,-12.326078263977209,0,17.379310344827587,0.0,2.1052631209602963,18,0.0,120,12,pathLen
train_0261,C:\Users\tao20\Desktop\Algorithm\AIPlayerDesktop\data\蔡扬的\train\train_0261.json,56,5,False,3,9,3,8, ,-1e+18,0,0.0,0.0,2.1052631209602963,7,0.0,120,0,pathLen
train_0261,C:\Users\tao20\Desktop\Algorithm\AIPlayerDesktop\data\蔡扬的\train\train_0261.json,57,1,True,3,12,3,11, ,16.45506658028569,0,16.941176470588236,0.0,2.0689654815695606,1,0.0,120,12,Iproxy
train_0261,C:\Users\tao20\Desktop\Algorithm\AIPlayerDesktop\data\蔡扬的\train\train_0261.json,57,2,False,8,7,8,6, ,-0.5104503685847099,0,16.941176470588236,0.0,2.0689654815695606,11,0.0,120,12,pathLen
train_0261,C:\Users\tao20\Desktop\Algorithm\AIPlayerDesktop\data\蔡扬的\train\train_0261.json,57,3,False,6,1,6,0, ,-14.082863927681029,0,16.941176470588236,0.0,2.0689654815695606,19,0.0,120,12,pathLen
train_0261,C:\Users\tao20\Desktop\Algorithm\AIPlayerDesktop\data\蔡扬的\train\train_0261.json,57,4,False,3,9,3,8, ,-1e+18,0,0.0,0.0,2.0689654815695606,8,0.0,120,0,pathLen
train_0261,C:\Users\tao20\Desktop\Algorithm\AIPlayerDesktop\data\蔡扬的\train\train_0261.json,58,1,True,8,7,8,6, ,-6.129957019729293,0,13.090909090909092,0.0,2.033898270611894,12,0.0,120,12,pathLen
train_0261,C:\Users\tao20\Desktop\Algorithm\AIPlayerDesktop\data\蔡扬的\train\train_0261.json,58,2,False,2,11,2,10,T,-19.45199120071176,-30,13.090909090909092,0.0,2.033898270611894,2,0.0,90,12,deltaR
train_0261,C:\Users\tao20\Desktop\Algorithm\AIPlayerDesktop\data\蔡扬的\train\train_0261.json,58,3,False,6,1,6,0, ,-19.472329674943314,0,13.090909090909092,0.0,2.033898270611894,20,0.0,120,12,pathLen
train_0261,C:\Users\tao20\Desktop\Algorithm\AIPlayerDesktop\data\蔡扬的\train\train_0261.json,58,4,False,3,9,3,8, ,-1e+18,0,0.0,0.0,2.033898270611894,9,0.0,120,0,pathLen
train_0261,C:\Users\tao20\Desktop\Algorithm\AIPlayerDesktop\data\蔡扬的\train\train_0261.json,58,5,False,3,11,3,10, ,-1e+18,0,0.0,0.0,2.033898270611894,1,0.0,120,0,pathLen
train_0261,C:\Users\tao20\Desktop\Algorithm\AIPlayerDesktop\data\蔡扬的\train\train_0261.json,59,1,True,8,7,8,6, ,-4.27051655405679,0,13.090909090909092,0.0,1.9999999666666672,11,0.0,120,12,pathLen
train_0261,C:\Users\tao20\Desktop\Algorithm\AIPlayerDesktop\data\蔡扬的\train\train_0261.json,59,2,False,6,1,6,0, ,-17.390516335390128,0,13.090909090909092,0.0,1.9999999666666672,19,0.0,120,12,pathLen
train_0261,C:\Users\tao20\Desktop\Algorithm\AIPlayerDesktop\data\蔡扬的\train\train_0261.json,59,3,False,2,11,2,10,T,-21.150516772723456,-30,13.090909090909092,0.0,1.9999999666666672,3,0.0,90,12,deltaR
train_0261,C:\Users\tao20\Desktop\Algorithm\AIPlayerDesktop\data\蔡扬的\train\train_0261.json,59,4,False,3,9,3,8, ,-1e+18,0,0.0,0.0,1.9999999666666672,8,0.0,120,0,pathLen
train_0261,C:\Users\tao20\Desktop\Algorithm\AIPlayerDesktop\data\蔡扬的\train\train_0261.json,59,5,False,3,11,3,10, ,-1e+18,0,0.0,0.0,1.9999999666666672,2,0.0,120,0,pathLen
train_0261,C:\Users\tao20\Desktop\Algorithm\AIPlayerDesktop\data\蔡扬的\train\train_0261.json,60,1,True,8,7,8,6, ,-2.452959185514187,0,13.090909090909092,0.0,1.9672130825047036,10,0.0,120,12,pathLen
train_0261,C:\Users\tao20\Desktop\Algorithm\AIPlayerDesktop\data\蔡扬的\train\train_0261.json,60,2,False,6,1,6,0, ,-15.35787700674504,0,13.090909090909092,0.0,1.9672130825047036,18,0.0,120,12,pathLen
train_0261,C:\Users\tao20\Desktop\Algorithm\AIPlayerDesktop\data\蔡扬的\train\train_0261.json,60,3,False,2,11,2,10,T,-22.774270819591045,-30,13.090909090909092,0.0,1.9672130825047036,4,0.0,90,12,deltaR
train_0261,C:\Users\tao20\Desktop\Algorithm\AIPlayerDesktop\data\蔡扬的\train\train_0261.json,60,4,False,3,9,3,8, ,-1e+18,0,0.0,0.0,1.9672130825047036,7,0.0,120,0,pathLen
train_0261,C:\Users\tao20\Desktop\Algorithm\AIPlayerDesktop\data\蔡扬的\train\train_0261.json,60,5,False,3,11,3,10, ,-1e+18,0,0.0,0.0,1.9672130825047036,3,0.0,120,0,pathLen
train_0261,C:\Users\tao20\Desktop\Algorithm\AIPlayerDesktop\data\蔡扬的\train\train_0261.json,61,1,True,8,7,8,6, ,-0.6787186897342661,0,13.090909090909092,0.0,1.9354838397502607,9,0.0,120,12,pathLen
train_0261,C:\Users\tao20\Desktop\Algorithm\AIPlayerDesktop\data\蔡扬的\train\train_0261.json,61,2,False,6,1,6,0, ,-13.375492678495977,0,13.090909090909092,0.0,1.9354838397502607,17,0.0,120,12,pathLen
train_0261,C:\Users\tao20\Desktop\Algorithm\AIPlayerDesktop\data\蔡扬的\train\train_0261.json,61,3,False,2,11,2,10,T,-24.33033169535341,-30,13.090909090909092,0.0,1.9354838397502607,5,0.0,90,12,deltaR
train_0261,C:\Users\tao20\Desktop\Algorithm\AIPlayerDesktop\data\蔡扬的\train\train_0261.json,61,4,False,3,9,3,8, ,-1e+18,0,0.0,0.0,1.9354838397502607,6,0.0,120,0,pathLen
train_0261,C:\Users\tao20\Desktop\Algorithm\AIPlayerDesktop\data\蔡扬的\train\train_0261.json,61,5,False,3,11,3,10, ,-1e+18,0,0.0,0.0,1.9354838397502607,4,0.0,120,0,pathLen
train_0261,C:\Users\tao20\Desktop\Algorithm\AIPlayerDesktop\data\蔡扬的\train\train_0261.json,62,1,True,8,7,8,6, ,1.0514853160002904,0,13.090909090909092,0.0,1.9047618745275894,8,0.0,120,12,pathLen
train_0261,C:\Users\tao20\Desktop\Algorithm\AIPlayerDesktop\data\蔡扬的\train\train_0261.json,62,2,False,6,1,6,0, ,-11.443752580900695,0,13.090909090909092,0.0,1.9047618745275894,16,0.0,120,12,pathLen
train_0261,C:\Users\tao20\Desktop\Algorithm\AIPlayerDesktop\data\蔡扬的\train\train_0261.json,62,3,False,2,11,2,10,T,-25.82470520977446,-30,13.090909090909092,0.0,1.9047618745275894,6,0.0,90,12,deltaR
train_0261,C:\Users\tao20\Desktop\Algorithm\AIPlayerDesktop\data\蔡扬的\train\train_0261.json,62,4,False,3,9,3,8, ,-1e+18,0,0.0,0.0,1.9047618745275894,5,0.0,120,0,pathLen
train_0261,C:\Users\tao20\Desktop\Algorithm\AIPlayerDesktop\data\蔡扬的\train\train_0261.json,62,5,False,3,11,3,10, ,-1e+18,0,0.0,0.0,1.9047618745275894,5,0.0,120,0,pathLen
train_0261,C:\Users\tao20\Desktop\Algorithm\AIPlayerDesktop\data\蔡扬的\train\train_0261.json,63,1,True,8,7,8,6, ,2.737480313288229,0,13.090909090909092,0.0,1.8749999707031255,7,0.0,120,12,pathLen
train_0261,C:\Users\tao20\Desktop\Algorithm\AIPlayerDesktop\data\蔡扬的\train\train_0261.json,63,2,False,6,1,6,0, ,-9.562519494524274,0,13.090909090909092,0.0,1.8749999707031255,15,0.0,120,12,pathLen
train_0261,C:\Users\tao20\Desktop\Algorithm\AIPlayerDesktop\data\蔡扬的\train\train_0261.json,63,3,False,2,11,2,10,T,-27.26251968671177,-30,13.090909090909092,0.0,1.8749999707031255,7,0.0,90,12,deltaR
train_0261,C:\Users\tao20\Desktop\Algorithm\AIPlayerDesktop\data\蔡扬的\train\train_0261.json,63,4,False,3,9,3,8, ,-1e+18,0,0.0,0.0,1.8749999707031255,4,0.0,120,0,pathLen
train_0261,C:\Users\tao20\Desktop\Algorithm\AIPlayerDesktop\data\蔡扬的\train\train_0261.json,63,5,False,3,11,3,10, ,-1e+18,0,0.0,0.0,1.8749999707031255,6,0.0,120,0,pathLen
train_0261,C:\Users\tao20\Desktop\Algorithm\AIPlayerDesktop\data\蔡扬的\train\train_0261.json,64,1,True,8,7,8,6, ,4.379508907565205,0,13.090909090909092,0.0,1.8461538177514798,6,0.0,120,12,Iproxy
train_0261,C:\Users\tao20\Desktop\Algorithm\AIPlayerDesktop\data\蔡扬的\train\train_0261.json,64,2,False,6,1,6,0, ,-7.731260136884503,0,13.090909090909092,0.0,1.8461538177514798,14,0.0,120,12,pathLen
train_0261,C:\Users\tao20\Desktop\Algorithm\AIPlayerDesktop\data\蔡扬的\train\train_0261.json,64,3,False,2,11,2,10,T,-28.64818335354722,-30,13.090909090909092,0.0,1.8461538177514798,8,0.0,90,12,deltaR
train_0261,C:\Users\tao20\Desktop\Algorithm\AIPlayerDesktop\data\蔡扬的\train\train_0261.json,64,4,False,3,9,3,8, ,-1e+18,0,0.0,0.0,1.8461538177514798,3,0.0,120,0,pathLen
train_0261,C:\Users\tao20\Desktop\Algorithm\AIPlayerDesktop\data\蔡扬的\train\train_0261.json,64,5,False,3,11,3,10, ,-1e+18,0,0.0,0.0,1.8461538177514798,7,0.0,120,0,pathLen
train_0261,C:\Users\tao20\Desktop\Algorithm\AIPlayerDesktop\data\蔡扬的\train\train_0261.json,65,1,True,8,7,8,6, ,5.9781247859273385,0,13.090909090909092,0.0,1.8181817906336093,5,0.0,120,12,Iproxy
train_0261,C:\Users\tao20\Desktop\Algorithm\AIPlayerDesktop\data\蔡扬的\train\train_0261.json,65,2,False,6,1,6,0, ,-5.9491477606291365,0,13.090909090909092,0.0,1.8181817906336093,13,0.0,120,12,pathLen
train_0261,C:\Users\tao20\Desktop\Algorithm\AIPlayerDesktop\data\蔡扬的\train\train_0261.json,65,3,False,2,11,2,10,T,-29.9855114873509,-30,13.090909090909092,0.0,1.8181817906336093,9,0.0,90,12,deltaR
train_0261,C:\Users\tao20\Desktop\Algorithm\AIPlayerDesktop\data\蔡扬的\train\train_0261.json,65,4,False,3,9,3,8, ,-1e+18,0,0.0,0.0,1.8181817906336093,2,0.0,120,0,pathLen
train_0261,C:\Users\tao20\Desktop\Algorithm\AIPlayerDesktop\data\蔡扬的\train\train_0261.json,65,5,False,3,11,3,10, ,-1e+18,0,0.0,0.0,1.8181817906336093,8,0.0,120,0,pathLen
train_0261,C:\Users\tao20\Desktop\Algorithm\AIPlayerDesktop\data\蔡扬的\train\train_0261.json,66,1,True,8,7,8,6, ,7.534110898832615,0,13.090909090909092,0.0,1.7910447493873918,4,0.0,120,12,Iproxy
train_0261,C:\Users\tao20\Desktop\Algorithm\AIPlayerDesktop\data\蔡扬的\train\train_0261.json,66,2,False,6,1,6,0, ,-4.215142657148673,0,13.090909090909092,0.0,1.7910447493873918,12,0.0,120,12,pathLen
train_0261,C:\Users\tao20\Desktop\Algorithm\AIPlayerDesktop\data\蔡扬的\train\train_0261.json,66,3,False,2,11,2,10,T,-31.277829268153354,-30,13.090909090909092,0.0,1.7910447493873918,10,0.0,90,12,deltaR
train_0261,C:\Users\tao20\Desktop\Algorithm\AIPlayerDesktop\data\蔡扬的\train\train_0261.json,66,4,False,3,9,3,8, ,-1e+18,0,0.0,0.0,1.7910447493873918,3,0.0,120,0,pathLen
train_0261,C:\Users\tao20\Desktop\Algorithm\AIPlayerDesktop\data\蔡扬的\train\train_0261.json,66,5,False,3,11,3,10, ,-1e+18,0,0.0,0.0,1.7910447493873918,9,0.0,120,0,pathLen
train_0261,C:\Users\tao20\Desktop\Algorithm\AIPlayerDesktop\data\蔡扬的\train\train_0261.json,67,1,True,8,7,8,6, ,9.04841530951435,0,13.090909090909092,0.0,1.7647058564013844,3,0.0,120,12,Iproxy
train_0261,C:\Users\tao20\Desktop\Algorithm\AIPlayerDesktop\data\蔡扬的\train\train_0261.json,67,2,False,6,1,6,0, ,-2.5280551084787284,0,13.090909090909092,0.0,1.7647058564013844,11,0.0,120,12,pathLen
train_0261,C:\Users\tao20\Desktop\Algorithm\AIPlayerDesktop\data\蔡扬的\train\train_0261.json,67,3,False,2,11,2,10,T,-32.52805510847873,-30,13.090909090909092,0.0,1.7647058564013844,11,0.0,90,12,deltaR
train_0261,C:\Users\tao20\Desktop\Algorithm\AIPlayerDesktop\data\蔡扬的\train\train_0261.json,67,4,False,3,9,3,8, ,-1e+18,0,0.0,0.0,1.7647058564013844,4,0.0,120,0,pathLen
train_0261,C:\Users\tao20\Desktop\Algorithm\AIPlayerDesktop\data\蔡扬的\train\train_0261.json,67,5,False,3,11,3,10, ,-1e+18,0,0.0,0.0,1.7647058564013844,10,0.0,120,0,pathLen
train_0261,C:\Users\tao20\Desktop\Algorithm\AIPlayerDesktop\data\蔡扬的\train\train_0261.json,68,1,True,8,7,8,6, ,10.522101076104928,0,13.090909090909092,0.0,1.7391304095778202,2,0.0,120,12,Iproxy
train_0261,C:\Users\tao20\Desktop\Algorithm\AIPlayerDesktop\data\蔡扬的\train\train_0261.json,68,2,False,6,1,6,0, ,-0.8865944107255697,0,13.090909090909092,0.0,1.7391304095778202,10,0.0,120,12,pathLen
train_0261,C:\Users\tao20\Desktop\Algorithm\AIPlayerDesktop\data\蔡扬的\train\train_0261.json,68,3,False,2,11,2,10,T,-33.7387682824332,-30,13.090909090909092,0.0,1.7391304095778202,12,0.0,90,12,deltaR
train_0261,C:\Users\tao20\Desktop\Algorithm\AIPlayerDesktop\data\蔡扬的\train\train_0261.json,68,4,False,3,9,3,8, ,-1e+18,0,0.0,0.0,1.7391304095778202,5,0.0,120,0,pathLen
train_0261,C:\Users\tao20\Desktop\Algorithm\AIPlayerDesktop\data\蔡扬的\train\train_0261.json,68,5,False,3,11,3,10, ,-1e+18,0,0.0,0.0,1.7391304095778202,11,0.0,120,0,pathLen
train_0261,C:\Users\tao20\Desktop\Algorithm\AIPlayerDesktop\data\蔡扬的\train\train_0261.json,69,1,True,8,7,8,6, ,11.956307267420538,0,13.090909090909092,0.0,1.7142856897959189,1,0.0,120,12,Iproxy
train_0261,C:\Users\tao20\Desktop\Algorithm\AIPlayerDesktop\data\蔡扬的\train\train_0261.json,69,2,False,6,1,6,0, ,0.7105931423593113,0,13.090909090909092,0.0,1.7142856897959189,9,0.0,120,12,pathLen
train_0261,C:\Users\tao20\Desktop\Algorithm\AIPlayerDesktop\data\蔡扬的\train\train_0261.json,69,3,False,2,11,2,10,T,-34.9122639201713,-30,13.090909090909092,0.0,1.7142856897959189,13,0.0,90,12,deltaR
train_0261,C:\Users\tao20\Desktop\Algorithm\AIPlayerDesktop\data\蔡扬的\train\train_0261.json,69,4,False,3,9,3,8, ,-1e+18,0,0.0,0.0,1.7142856897959189,6,0.0,120,0,pathLen
train_0261,C:\Users\tao20\Desktop\Algorithm\AIPlayerDesktop\data\蔡扬的\train\train_0261.json,69,5,False,3,11,3,10, ,-1e+18,0,0.0,0.0,1.7142856897959189,12,0.0,120,0,pathLen
train_0261,C:\Users\tao20\Desktop\Algorithm\AIPlayerDesktop\data\蔡扬的\train\train_0261.json,70,1,True,9,7,9,6, ,11.622743916881129,0,12.774193548387094,0.0,1.6901408212656224,1,0.0,120,12,Iproxy
train_0261,C:\Users\tao20\Desktop\Algorithm\AIPlayerDesktop\data\蔡扬的\train\train_0261.json,70,2,False,9,6,9,5, ,10.236828443443319,0,12.774193548387094,0.0,1.6901408212656224,2,0.0,120,12,Iproxy
train_0261,C:\Users\tao20\Desktop\Algorithm\AIPlayerDesktop\data\蔡扬的\train\train_0261.json,70,3,False,9,8,9,7, ,10.236828443443319,0,12.774193548387094,0.0,1.6901408212656224,2,0.0,120,12,Iproxy
train_0261,C:\Users\tao20\Desktop\Algorithm\AIPlayerDesktop\data\蔡扬的\train\train_0261.json,70,4,False,6,1,6,0, ,-0.8504953440591638,0,12.774193548387094,0.0,1.6901408212656224,10,0.0,120,12,pathLen
train_0261,C:\Users\tao20\Desktop\Algorithm\AIPlayerDesktop\data\蔡扬的\train\train_0261.json,70,5,False,2,11,2,10,T,-36.394157237810404,-30,12.774193548387094,0.0,1.6901408212656224,14,0.0,90,12,deltaR
train_0261,C:\Users\tao20\Desktop\Algorithm\AIPlayerDesktop\data\蔡扬的\train\train_0261.json,70,6,False,3,9,3,8, ,-1e+18,0,0.0,0.0,1.6901408212656224,7,0.0,120,0,pathLen
train_0261,C:\Users\tao20\Desktop\Algorithm\AIPlayerDesktop\data\蔡扬的\train\train_0261.json,70,7,False,3,11,3,10, ,-1e+18,0,0.0,0.0,1.6901408212656224,13,0.0,120,0,pathLen
train_0261,C:\Users\tao20\Desktop\Algorithm\AIPlayerDesktop\data\蔡扬的\train\train_0261.json,71,1,True,9,6,9,5, ,11.291016741818808,0,12.472440944881889,0.0,1.666666643518519,1,0.0,120,12,Iproxy
train_0261,C:\Users\tao20\Desktop\Algorithm\AIPlayerDesktop\data\蔡扬的\train\train_0261.json,71,2,False,9,8,9,7, ,11.291016741818808,0,12.472440944881889,0.0,1.666666643518519,1,0.0,120,12,Iproxy
train_0261,C:\Users\tao20\Desktop\Algorithm\AIPlayerDesktop\data\蔡扬的\train\train_0261.json,71,3,False,6,1,6,0, ,-2.375649735033045,0,12.472440944881889,0.0,1.666666643518519,11,0.0,120,12,pathLen
train_0261,C:\Users\tao20\Desktop\Algorithm\AIPlayerDesktop\data\蔡扬的\train\train_0261.json,71,4,False,2,11,2,10,T,-37.84231632577379,-30,12.472440944881889,0.0,1.666666643518519,15,0.0,90,12,deltaR
train_0261,C:\Users\tao20\Desktop\Algorithm\AIPlayerDesktop\data\蔡扬的\train\train_0261.json,71,5,False,3,9,3,8, ,-1e+18,0,0.0,0.0,1.666666643518519,8,0.0,120,0,pathLen
train_0261,C:\Users\tao20\Desktop\Algorithm\AIPlayerDesktop\data\蔡扬的\train\train_0261.json,71,6,False,3,11,3,10, ,-1e+18,0,0.0,0.0,1.666666643518519,14,0.0,120,0,pathLen
train_0261,C:\Users\tao20\Desktop\Algorithm\AIPlayerDesktop\data\蔡扬的\train\train_0261.json,72,1,True,9,5,9,4, ,11.065766657397653,0,12.279069767441861,0.0,1.6438355939200604,1,0.0,120,12,Iproxy
train_0261,C:\Users\tao20\Desktop\Algorithm\AIPlayerDesktop\data\蔡扬的\train\train_0261.json,72,2,False,9,8,9,7, ,9.717821470383203,0,12.279069767441861,0.0,1.6438355939200604,2,0.0,120,12,Iproxy
train_0261,C:\Users\tao20\Desktop\Algorithm\AIPlayerDesktop\data\蔡扬的\train\train_0261.json,72,3,False,10,5,10,4, ,9.717821470383203,0,12.279069767441861,0.0,1.6438355939200604,2,0.0,120,12,Iproxy
train_0261,C:\Users\tao20\Desktop\Algorithm\AIPlayerDesktop\data\蔡扬的\train\train_0261.json,72,4,False,6,1,6,0, ,-3.761630399761291,0,12.279069767441861,0.0,1.6438355939200604,12,0.0,120,12,pathLen
train_0261,C:\Users\tao20\Desktop\Algorithm\AIPlayerDesktop\data\蔡扬的\train\train_0261.json,72,5,False,2,11,2,10,T,-39.153411147819085,-30,12.279069767441861,0.0,1.6438355939200604,16,0.0,90,12,deltaR
train_0261,C:\Users\tao20\Desktop\Algorithm\AIPlayerDesktop\data\蔡扬的\train\train_0261.json,72,6,False,3,9,3,8, ,-1e+18,0,0.0,0.0,1.6438355939200604,9,0.0,120,0,pathLen
train_0261,C:\Users\tao20\Desktop\Algorithm\AIPlayerDesktop\data\蔡扬的\train\train_0261.json,72,7,False,3,11,3,10, ,-1e+18,0,0.0,0.0,1.6438355939200604,15,0.0,120,0,pathLen
train_0261,C:\Users\tao20\Desktop\Algorithm\AIPlayerDesktop\data\蔡扬的\train\train_0261.json,73,1,True,10,5,10,4, ,10.843684783198974,0,12.091603053435113,0.0,1.6216215997078163,1,0.0,120,12,Iproxy
train_0261,C:\Users\tao20\Desktop\Algorithm\AIPlayerDesktop\data\蔡扬的\train\train_0261.json,73,2,False,9,8,9,7, ,8.184225359678155,0,12.091603053435113,0.0,1.6216215997078163,3,0.0,120,12,Iproxy
train_0261,C:\Users\tao20\Desktop\Algorithm\AIPlayerDesktop\data\蔡扬的\train\train_0261.json,73,3,False,6,1,6,0, ,-5.113071757925935,0,12.091603053435113,0.0,1.6216215997078163,13,0.0,120,12,pathLen
train_0261,C:\Users\tao20\Desktop\Algorithm\AIPlayerDesktop\data\蔡扬的\train\train_0261.json,73,4,False,2,11,2,10,T,-40.431990604967574,-30,12.091603053435113,0.0,1.6216215997078163,17,0.0,90,12,deltaR
train_0261,C:\Users\tao20\Desktop\Algorithm\AIPlayerDesktop\data\蔡扬的\train\train_0261.json,73,5,False,3,9,3,8, ,-1e+18,0,0.0,0.0,1.6216215997078163,10,0.0,120,0,pathLen
train_0261,C:\Users\tao20\Desktop\Algorithm\AIPlayerDesktop\data\蔡扬的\train\train_0261.json,73,6,False,3,11,3,10, ,-1e+18,0,0.0,0.0,1.6216215997078163,16,0.0,120,0,pathLen
train_0261,C:\Users\tao20\Desktop\Algorithm\AIPlayerDesktop\data\蔡扬的\train\train_0261.json,74,1,True,11,5,11,4, ,10.529746279222762,0,11.820895522388058,0.0,1.599999978666667,1,0.0,120,12,Iproxy
train_0261,C:\Users\tao20\Desktop\Algorithm\AIPlayerDesktop\data\蔡扬的\train\train_0261.json,74,2,False,11,6,11,5, ,9.217746296716093,0,11.820895522388058,0.0,1.599999978666667,2,0.0,120,12,Iproxy
train_0261,C:\Users\tao20\Desktop\Algorithm\AIPlayerDesktop\data\蔡扬的\train\train_0261.json,74,3,False,9,8,9,7, ,6.593746331702761,0,11.820895522388058,0.0,1.599999978666667,4,0.0,120,12,Iproxy
train_0261,C:\Users\tao20\Desktop\Algorithm\AIPlayerDesktop\data\蔡扬的\train\train_0261.json,74,4,False,6,1,6,0, ,-6.5262534933639085,0,11.820895522388058,0.0,1.599999978666667,14,0.0,120,12,pathLen
train_0261,C:\Users\tao20\Desktop\Algorithm\AIPlayerDesktop\data\蔡扬的\train\train_0261.json,74,5,False,2,11,2,10,T,-41.774253423390576,-30,11.820895522388058,0.0,1.599999978666667,18,0.0,90,12,deltaR
train_0261,C:\Users\tao20\Desktop\Algorithm\AIPlayerDesktop\data\蔡扬的\train\train_0261.json,74,6,False,3,9,3,8, ,-1e+18,0,0.0,0.0,1.599999978666667,11,0.0,120,0,pathLen
train_0261,C:\Users\tao20\Desktop\Algorithm\AIPlayerDesktop\data\蔡扬的\train\train_0261.json,74,7,False,3,11,3,10, ,-1e+18,0,0.0,0.0,1.599999978666667,17,0.0,120,0,pathLen
train_0261,C:\Users\tao20\Desktop\Algorithm\AIPlayerDesktop\data\蔡扬的\train\train_0261.json,75,1,True,11,6,11,5, ,10.222331782648954,0,11.562043795620436,0.0,1.5789473476454297,1,0.0,120,12,Iproxy
train_0261,C:\Users\tao20\Desktop\Algorithm\AIPlayerDesktop\data\蔡扬的\train\train_0261.json,75,2,False,9,8,9,7, ,5.043384482371946,0,11.562043795620436,0.0,1.5789473476454297,5,0.0,120,12,Iproxy
train_0261,C:\Users\tao20\Desktop\Algorithm\AIPlayerDesktop\data\蔡扬的\train\train_0261.json,75,3,False,6,1,6,0, ,-7.903983768320577,0,11.562043795620436,0.0,1.5789473476454297,15,0.0,120,12,pathLen
train_0261,C:\Users\tao20\Desktop\Algorithm\AIPlayerDesktop\data\蔡扬的\train\train_0261.json,75,4,False,2,11,2,10,T,-43.08293106859758,-30,11.562043795620436,0.0,1.5789473476454297,19,0.0,90,12,deltaR
train_0261,C:\Users\tao20\Desktop\Algorithm\AIPlayerDesktop\data\蔡扬的\train\train_0261.json,75,5,False,3,9,3,8, ,-1e+18,0,0.0,0.0,1.5789473476454297,12,0.0,120,0,pathLen
train_0261,C:\Users\tao20\Desktop\Algorithm\AIPlayerDesktop\data\蔡扬的\train\train_0261.json,75,6,False,3,11,3,10, ,-1e+18,0,0.0,0.0,1.5789473476454297,18,0.0,120,0,pathLen
train_0261,C:\Users\tao20\Desktop\Algorithm\AIPlayerDesktop\data\蔡扬的\train\train_0261.json,76,1,True,11,7,11,6, ,10.009282737178792,0,11.39568345323741,0.0,1.558441538202058,1,0.0,120,12,Iproxy
train_0261,C:\Users\tao20\Desktop\Algorithm\AIPlayerDesktop\data\蔡扬的\train\train_0261.json,76,2,False,12,7,12,6, ,8.731360675853104,0,11.39568345323741,0.0,1.558441538202058,2,0.0,120,12,Iproxy
train_0261,C:\Users\tao20\Desktop\Algorithm\AIPlayerDesktop\data\蔡扬的\train\train_0261.json,76,3,False,9,8,9,7, ,3.619672430550355,0,11.39568345323741,0.0,1.558441538202058,6,0.0,120,12,Iproxy
train_0261,C:\Users\tao20\Desktop\Algorithm\AIPlayerDesktop\data\蔡扬的\train\train_0261.json,76,4,False,6,1,6,0, ,-9.15954818270652,0,11.39568345323741,0.0,1.558441538202058,16,0.0,120,12,pathLen
train_0261,C:\Users\tao20\Desktop\Algorithm\AIPlayerDesktop\data\蔡扬的\train\train_0261.json,76,5,False,2,11,2,10,T,-44.271236428009274,-30,11.39568345323741,0.0,1.558441538202058,20,0.0,90,12,pathLen
train_0261,C:\Users\tao20\Desktop\Algorithm\AIPlayerDesktop\data\蔡扬的\train\train_0261.json,76,6,False,3,9,3,8, ,-1e+18,0,0.0,0.0,1.558441538202058,13,0.0,120,0,pathLen
train_0261,C:\Users\tao20\Desktop\Algorithm\AIPlayerDesktop\data\蔡扬的\train\train_0261.json,76,7,False,3,11,3,10, ,-1e+18,0,0.0,0.0,1.558441538202058,19,0.0,120,0,pathLen
train_0261,C:\Users\tao20\Desktop\Algorithm\AIPlayerDesktop\data\蔡扬的\train\train_0261.json,77,1,True,12,7,12,6, ,9.802500678399937,0,11.23404255319149,0.0,1.538461518737673,1,0.0,120,12,Iproxy
train_0261,C:\Users\tao20\Desktop\Algorithm\AIPlayerDesktop\data\蔡扬的\train\train_0261.json,77,2,False,9,8,9,7, ,2.233270006210587,0,11.23404255319149,0.0,1.538461518737673,7,0.0,120,12,Iproxy
train_0261,C:\Users\tao20\Desktop\Algorithm\AIPlayerDesktop\data\蔡扬的\train\train_0261.json,77,3,False,6,1,6,0, ,-10.38211444743833,0,11.23404255319149,0.0,1.538461518737673,17,0.0,120,12,pathLen
train_0261,C:\Users\tao20\Desktop\Algorithm\AIPlayerDesktop\data\蔡扬的\train\train_0261.json,77,4,False,2,11,2,10,T,-45.42826822889789,-30,11.23404255319149,0.0,1.538461518737673,21,0.0,90,12,pathLen
train_0261,C:\Users\tao20\Desktop\Algorithm\AIPlayerDesktop\data\蔡扬的\train\train_0261.json,77,5,False,3,9,3,8, ,-1e+18,0,0.0,0.0,1.538461518737673,14,0.0,120,0,pathLen
train_0261,C:\Users\tao20\Desktop\Algorithm\AIPlayerDesktop\data\蔡扬的\train\train_0261.json,77,6,False,3,11,3,10, ,-1e+18,0,0.0,0.0,1.538461518737673,20,0.0,120,0,pathLen
train_0261,C:\Users\tao20\Desktop\Algorithm\AIPlayerDesktop\data\蔡扬的\train\train_0261.json,78,1,True,13,7,13,6, ,6.559558904299499,0,8.0,0.0,1.5189873225444643,1,0.0,120,12,Iproxy
train_0261,C:\Users\tao20\Desktop\Algorithm\AIPlayerDesktop\data\蔡扬的\train\train_0261.json,78,2,False,9,8,9,7, ,-2.159428327105725,0,8.0,0.0,1.5189873225444643,8,0.0,120,12,pathLen
train_0261,C:\Users\tao20\Desktop\Algorithm\AIPlayerDesktop\data\蔡扬的\train\train_0261.json,78,3,False,6,1,6,0, ,-14.615124371970332,0,8.0,0.0,1.5189873225444643,18,0.0,120,12,pathLen
train_0261,C:\Users\tao20\Desktop\Algorithm\AIPlayerDesktop\data\蔡扬的\train\train_0261.json,78,4,False,13,6,13,5,T,-24.686010700186962,-30,8.0,0.0,1.5189873225444643,2,0.0,90,12,deltaR
train_0261,C:\Users\tao20\Desktop\Algorithm\AIPlayerDesktop\data\蔡扬的\train\train_0261.json,78,5,False,2,11,2,10,T,-49.597402789916174,-30,8.0,0.0,1.5189873225444643,22,0.0,90,12,pathLen
train_0261,C:\Users\tao20\Desktop\Algorithm\AIPlayerDesktop\data\蔡扬的\train\train_0261.json,78,6,False,3,9,3,8, ,-1e+18,0,0.0,0.0,1.5189873225444643,15,0.0,120,0,pathLen
train_0261,C:\Users\tao20\Desktop\Algorithm\AIPlayerDesktop\data\蔡扬的\train\train_0261.json,78,7,False,3,11,3,10, ,-1e+18,0,0.0,0.0,1.5189873225444643,21,0.0,120,0,pathLen
train_0261,C:\Users\tao20\Desktop\Algorithm\AIPlayerDesktop\data\蔡扬的\train\train_0261.json,79,1,True,9,8,9,7, ,-3.494528830118216,0,7.83673469387755,0.0,1.4999999812500002,9,0.0,120,12,pathLen
train_0261,C:\Users\tao20\Desktop\Algorithm\AIPlayerDesktop\data\蔡扬的\train\train_0261.json,79,2,False,6,1,6,0, ,-15.794528676368216,0,7.83673469387755,0.0,1.4999999812500002,19,0.0,120,12,pathLen
train_0261,C:\Users\tao20\Desktop\Algorithm\AIPlayerDesktop\data\蔡扬的\train\train_0261.json,79,3,False,13,6,13,5,T,-23.654528953118216,-30,7.83673469387755,0.0,1.4999999812500002,1,0.0,90,12,deltaR
train_0261,C:\Users\tao20\Desktop\Algorithm\AIPlayerDesktop\data\蔡扬的\train\train_0261.json,79,4,False,2,11,2,10,T,-50.714528614868215,-30,7.83673469387755,0.0,1.4999999812500002,23,0.0,90,12,pathLen
train_0261,C:\Users\tao20\Desktop\Algorithm\AIPlayerDesktop\data\蔡扬的\train\train_0261.json,79,5,False,3,9,3,8, ,-1e+18,0,0.0,0.0,1.4999999812500002,16,0.0,120,0,pathLen
train_0261,C:\Users\tao20\Desktop\Algorithm\AIPlayerDesktop\data\蔡扬的\train\train_0261.json,79,6,False,3,11,3,10, ,-1e+18,0,0.0,0.0,1.4999999812500002,22,0.0,120,0,pathLen
train_0261,C:\Users\tao20\Desktop\Algorithm\AIPlayerDesktop\data\蔡扬的\train\train_0261.json,80,1,True,9,8,9,7, ,-2.199342679322166,0,7.83673469387755,0.0,1.481481463191587,8,0.0,120,12,pathLen
train_0261,C:\Users\tao20\Desktop\Algorithm\AIPlayerDesktop\data\蔡扬的\train\train_0261.json,80,2,False,6,1,6,0, ,-14.34749067749318,0,7.83673469387755,0.0,1.481481463191587,18,0.0,120,12,pathLen
train_0261,C:\Users\tao20\Desktop\Algorithm\AIPlayerDesktop\data\蔡扬的\train\train_0261.json,80,3,False,13,6,13,5,T,-24.91045388041956,-30,7.83673469387755,0.0,1.481481463191587,2,0.0,90,12,deltaR
train_0261,C:\Users\tao20\Desktop\Algorithm\AIPlayerDesktop\data\蔡扬的\train\train_0261.json,80,4,False,2,11,2,10,T,-49.206749876761585,-30,7.83673469387755,0.0,1.481481463191587,22,0.0,90,12,pathLen
train_0261,C:\Users\tao20\Desktop\Algorithm\AIPlayerDesktop\data\蔡扬的\train\train_0261.json,80,5,False,3,9,3,8, ,-1e+18,0,0.0,0.0,1.481481463191587,15,0.0,120,0,pathLen
train_0261,C:\Users\tao20\Desktop\Algorithm\AIPlayerDesktop\data\蔡扬的\train\train_0261.json,80,6,False,3,11,3,10, ,-1e+18,0,0.0,0.0,1.481481463191587,21,0.0,120,0,pathLen
train_0261,C:\Users\tao20\Desktop\Algorithm\AIPlayerDesktop\data\蔡扬的\train\train_0261.json,81,1,True,9,8,9,7, ,-0.9258604281800453,0,7.83673469387755,0.0,1.4634146162998218,7,0.0,120,12,pathLen
train_0261,C:\Users\tao20\Desktop\Algorithm\AIPlayerDesktop\data\蔡扬的\train\train_0261.json,81,2,False,6,1,6,0, ,-12.925860281838581,0,7.83673469387755,0.0,1.4634146162998218,17,0.0,120,12,pathLen
train_0261,C:\Users\tao20\Desktop\Algorithm\AIPlayerDesktop\data\蔡扬的\train\train_0261.json,81,3,False,13,6,13,5,T,-26.12586048671663,-30,7.83673469387755,0.0,1.4634146162998218,3,0.0,90,12,deltaR
train_0261,C:\Users\tao20\Desktop\Algorithm\AIPlayerDesktop\data\蔡扬的\train\train_0261.json,81,4,False,2,11,2,10,T,-47.72586022330199,-30,7.83673469387755,0.0,1.4634146162998218,21,0.0,90,12,pathLen
train_0261,C:\Users\tao20\Desktop\Algorithm\AIPlayerDesktop\data\蔡扬的\train\train_0261.json,81,5,False,3,9,3,8, ,-1e+18,0,0.0,0.0,1.4634146162998218,14,0.0,120,0,pathLen
train_0261,C:\Users\tao20\Desktop\Algorithm\AIPlayerDesktop\data\蔡扬的\train\train_0261.json,81,6,False,3,11,3,10, ,-1e+18,0,0.0,0.0,1.4634146162998218,20,0.0,120,0,pathLen
train_0261,C:\Users\tao20\Desktop\Algorithm\AIPlayerDesktop\data\蔡扬的\train\train_0261.json,82,1,True,9,8,9,7, ,0.32485754316761195,0,7.83673469387755,0.0,1.445783115111047,6,0.0,120,12,pathLen
train_0261,C:\Users\tao20\Desktop\Algorithm\AIPlayerDesktop\data\蔡扬的\train\train_0261.json,82,2,False,6,1,6,0, ,-11.530564000742974,0,7.83673469387755,0.0,1.445783115111047,16,0.0,120,12,pathLen
train_0261,C:\Users\tao20\Desktop\Algorithm\AIPlayerDesktop\data\蔡扬的\train\train_0261.json,82,3,False,13,6,13,5,T,-27.304058148050274,-30,7.83673469387755,0.0,1.445783115111047,4,0.0,90,12,deltaR
train_0261,C:\Users\tao20\Desktop\Algorithm\AIPlayerDesktop\data\蔡扬的\train\train_0261.json,82,4,False,2,11,2,10,T,-46.2727326183072,-30,7.83673469387755,0.0,1.445783115111047,20,0.0,90,12,deltaR
train_0261,C:\Users\tao20\Desktop\Algorithm\AIPlayerDesktop\data\蔡扬的\train\train_0261.json,82,5,False,3,9,3,8, ,-1e+18,0,0.0,0.0,1.445783115111047,13,0.0,120,0,pathLen
train_0261,C:\Users\tao20\Desktop\Algorithm\AIPlayerDesktop\data\蔡扬的\train\train_0261.json,82,6,False,3,11,3,10, ,-1e+18,0,0.0,0.0,1.445783115111047,19,0.0,120,0,pathLen
train_0261,C:\Users\tao20\Desktop\Algorithm\AIPlayerDesktop\data\蔡扬的\train\train_0261.json,83,1,True,9,8,9,7, ,1.552144482205419,0,7.83673469387755,0.0,1.4285714115646262,5,0.0,120,12,Iproxy
train_0261,C:\Users\tao20\Desktop\Algorithm\AIPlayerDesktop\data\蔡扬的\train\train_0261.json,83,2,False,6,1,6,0, ,-10.162141092624516,0,7.83673469387755,0.0,1.4285714115646262,15,0.0,120,12,pathLen
train_0261,C:\Users\tao20\Desktop\Algorithm\AIPlayerDesktop\data\蔡扬的\train\train_0261.json,83,3,False,13,6,13,5,T,-28.447855517794583,-30,7.83673469387755,0.0,1.4285714115646262,5,0.0,90,12,deltaR
train_0261,C:\Users\tao20\Desktop\Algorithm\AIPlayerDesktop\data\蔡扬的\train\train_0261.json,83,4,False,2,11,2,10,T,-44.84785532255649,-30,7.83673469387755,0.0,1.4285714115646262,19,0.0,90,12,deltaR
train_0261,C:\Users\tao20\Desktop\Algorithm\AIPlayerDesktop\data\蔡扬的\train\train_0261.json,83,5,False,3,9,3,8, ,-1e+18,0,0.0,0.0,1.4285714115646262,12,0.0,120,0,pathLen
train_0261,C:\Users\tao20\Desktop\Algorithm\AIPlayerDesktop\data\蔡扬的\train\train_0261.json,83,6,False,3,11,3,10, ,-1e+18,0,0.0,0.0,1.4285714115646262,18,0.0,120,0,pathLen
train_0261,C:\Users\tao20\Desktop\Algorithm\AIPlayerDesktop\data\蔡扬的\train\train_0261.json,84,1,True,9,8,9,7, ,2.755640528888917,0,7.83673469387755,0.0,1.4117646892733566,4,0.0,120,12,Iproxy
train_0261,C:\Users\tao20\Desktop\Algorithm\AIPlayerDesktop\data\蔡扬的\train\train_0261.json,84,2,False,6,1,6,0, ,-8.820829923152605,0,7.83673469387755,0.0,1.4117646892733566,14,0.0,120,12,pathLen
train_0261,C:\Users\tao20\Desktop\Algorithm\AIPlayerDesktop\data\蔡扬的\train\train_0261.json,84,3,False,13,6,13,5,T,-29.559653561519386,-30,7.83673469387755,0.0,1.4117646892733566,6,0.0,90,12,deltaR
train_0261,C:\Users\tao20\Desktop\Algorithm\AIPlayerDesktop\data\蔡扬的\train\train_0261.json,84,4,False,2,11,2,10,T,-43.45141810396922,-30,7.83673469387755,0.0,1.4117646892733566,18,0.0,90,12,deltaR
train_0261,C:\Users\tao20\Desktop\Algorithm\AIPlayerDesktop\data\蔡扬的\train\train_0261.json,84,5,False,3,9,3,8, ,-1e+18,0,0.0,0.0,1.4117646892733566,11,0.0,120,0,pathLen
train_0261,C:\Users\tao20\Desktop\Algorithm\AIPlayerDesktop\data\蔡扬的\train\train_0261.json,84,6,False,3,11,3,10, ,-1e+18,0,0.0,0.0,1.4117646892733566,17,0.0,120,0,pathLen
train_0261,C:\Users\tao20\Desktop\Algorithm\AIPlayerDesktop\data\蔡扬的\train\train_0261.json,85,1,True,9,8,9,7, ,3.9352237621522197,0,7.83673469387755,0.0,1.3953488209843161,3,0.0,120,12,Iproxy
train_0261,C:\Users\tao20\Desktop\Algorithm\AIPlayerDesktop\data\蔡扬的\train\train_0261.json,85,2,False,6,1,6,0, ,-7.506636569919173,0,7.83673469387755,0.0,1.3953488209843161,13,0.0,120,12,pathLen
train_0261,C:\Users\tao20\Desktop\Algorithm\AIPlayerDesktop\data\蔡扬的\train\train_0261.json,85,3,False,13,6,13,5,T,-30.64152037067634,-30,7.83673469387755,0.0,1.3953488209843161,7,0.0,90,12,deltaR
train_0261,C:\Users\tao20\Desktop\Algorithm\AIPlayerDesktop\data\蔡扬的\train\train_0261.json,85,4,False,2,11,2,10,T,-42.08338070274773,-30,7.83673469387755,0.0,1.3953488209843161,17,0.0,90,12,deltaR
train_0261,C:\Users\tao20\Desktop\Algorithm\AIPlayerDesktop\data\蔡扬的\train\train_0261.json,85,5,False,3,9,3,8, ,-1e+18,0,0.0,0.0,1.3953488209843161,10,0.0,120,0,pathLen
train_0261,C:\Users\tao20\Desktop\Algorithm\AIPlayerDesktop\data\蔡扬的\train\train_0261.json,85,6,False,3,11,3,10, ,-1e+18,0,0.0,0.0,1.3953488209843161,16,0.0,120,0,pathLen
train_0261,C:\Users\tao20\Desktop\Algorithm\AIPlayerDesktop\data\蔡扬的\train\train_0261.json,86,1,True,9,8,9,7, ,5.090955443911678,0,7.83673469387755,0.0,1.3793103289734445,2,0.0,120,12,Iproxy
train_0261,C:\Users\tao20\Desktop\Algorithm\AIPlayerDesktop\data\蔡扬的\train\train_0261.json,86,2,False,6,1,6,0, ,-6.219389253670566,0,7.83673469387755,0.0,1.3793103289734445,12,0.0,120,12,pathLen
train_0261,C:\Users\tao20\Desktop\Algorithm\AIPlayerDesktop\data\蔡扬的\train\train_0261.json,86,3,False,13,6,13,5,T,-31.695251374637667,-30,7.83673469387755,0.0,1.3793103289734445,8,0.0,90,12,deltaR
train_0261,C:\Users\tao20\Desktop\Algorithm\AIPlayerDesktop\data\蔡扬的\train\train_0261.json,86,4,False,2,11,2,10,T,-40.74352713270346,-30,7.83673469387755,0.0,1.3793103289734445,16,0.0,90,12,deltaR
train_0261,C:\Users\tao20\Desktop\Algorithm\AIPlayerDesktop\data\蔡扬的\train\train_0261.json,86,5,False,3,9,3,8, ,-1e+18,0,0.0,0.0,1.3793103289734445,9,0.0,120,0,pathLen
train_0261,C:\Users\tao20\Desktop\Algorithm\AIPlayerDesktop\data\蔡扬的\train\train_0261.json,86,6,False,3,11,3,10, ,-1e+18,0,0.0,0.0,1.3793103289734445,15,0.0,120,0,pathLen
train_0261,C:\Users\tao20\Desktop\Algorithm\AIPlayerDesktop\data\蔡扬的\train\train_0261.json,87,1,True,9,8,9,7, ,6.223036595276511,0,7.83673469387755,0.0,1.363636348140496,1,0.0,120,12,Iproxy
train_0261,C:\Users\tao20\Desktop\Algorithm\AIPlayerDesktop\data\蔡扬的\train\train_0261.json,87,2,False,6,1,6,0, ,-4.958781459475555,0,7.83673469387755,0.0,1.363636348140496,11,0.0,120,12,pathLen
train_0261,C:\Users\tao20\Desktop\Algorithm\AIPlayerDesktop\data\蔡扬的\train\train_0261.json,87,3,False,13,6,13,5,T,-32.72241784852514,-30,7.83673469387755,0.0,1.363636348140496,9,0.0,90,12,deltaR
train_0261,C:\Users\tao20\Desktop\Algorithm\AIPlayerDesktop\data\蔡扬的\train\train_0261.json,87,4,False,2,11,2,10,T,-39.431508681376386,-30,7.83673469387755,0.0,1.363636348140496,15,0.0,90,12,deltaR
train_0261,C:\Users\tao20\Desktop\Algorithm\AIPlayerDesktop\data\蔡扬的\train\train_0261.json,87,5,False,3,9,3,8, ,-1e+18,0,0.0,0.0,1.363636348140496,8,0.0,120,0,pathLen
train_0261,C:\Users\tao20\Desktop\Algorithm\AIPlayerDesktop\data\蔡扬的\train\train_0261.json,87,6,False,3,11,3,10, ,-1e+18,0,0.0,0.0,1.363636348140496,14,0.0,120,0,pathLen
train_0261,C:\Users\tao20\Desktop\Algorithm\AIPlayerDesktop\data\蔡扬的\train\train_0261.json,88,1,True,9,9,9,8,G,60.64633554715182,50,12.563758389261746,0.0,1.348314591591971,1,0.0,170,12,deltaR
train_0261,C:\Users\tao20\Desktop\Algorithm\AIPlayerDesktop\data\蔡扬的\train\train_0261.json,88,2,False,10,9,10,8, ,59.540717582046405,50,12.563758389261746,0.0,1.348314591591971,2,0.0,170,12,deltaR
train_0261,C:\Users\tao20\Desktop\Algorithm\AIPlayerDesktop\data\蔡扬的\train\train_0261.json,88,3,False,6,1,6,0, ,2.8773950738493905,0,12.563758389261746,3.5714285714285716,1.348314591591971,12,0.0,120,12,pathLen
train_0261,C:\Users\tao20\Desktop\Algorithm\AIPlayerDesktop\data\蔡扬的\train\train_0261.json,88,4,False,3,9,3,8, ,-4.359652595039654,0,0.0,4.545454545454546,1.348314591591971,9,0.0,120,0,pathLen
train_0261,C:\Users\tao20\Desktop\Algorithm\AIPlayerDesktop\data\蔡扬的\train\train_0261.json,88,5,False,3,11,3,10, ,-12.966622417757712,0,0.0,2.9411764705882355,1.348314591591971,15,0.0,120,0,pathLen
train_0261,C:\Users\tao20\Desktop\Algorithm\AIPlayerDesktop\data\蔡扬的\train\train_0261.json,88,6,False,13,6,13,5,T,-24.179226138796924,-30,12.563758389261746,4.166666666666667,1.348314591591971,10,0.0,90,12,deltaR
train_0261,C:\Users\tao20\Desktop\Algorithm\AIPlayerDesktop\data\蔡扬的\train\train_0261.json,88,7,False,2,11,2,10,T,-32.521267262762755,-30,12.563758389261746,2.7777777777777777,1.348314591591971,16,0.0,90,12,deltaR
train_0261,C:\Users\tao20\Desktop\Algorithm\AIPlayerDesktop\data\蔡扬的\train\train_0261.json,89,1,True,9,10,9,9, ,10.020199208920303,0,12.397350993377486,0.0,1.8888888679012348,1,0.0,170,12,Iproxy
train_0261,C:\Users\tao20\Desktop\Algorithm\AIPlayerDesktop\data\蔡扬的\train\train_0261.json,89,2,False,10,9,10,8, ,10.020199208920303,0,12.397350993377486,0.0,1.8888888679012348,1,0.0,170,12,Iproxy
train_0261,C:\Users\tao20\Desktop\Algorithm\AIPlayerDesktop\data\蔡扬的\train\train_0261.json,89,3,False,6,1,6,0, ,-8.566467251227843,0,12.397350993377486,0.0,1.8888888679012348,13,0.0,170,12,pathLen
train_0261,C:\Users\tao20\Desktop\Algorithm\AIPlayerDesktop\data\蔡扬的\train\train_0261.json,89,4,False,13,6,13,5,T,-35.468689507869826,-30,12.397350993377486,0.0,1.8888888679012348,11,0.0,140,12,deltaR
train_0261,C:\Users\tao20\Desktop\Algorithm\AIPlayerDesktop\data\蔡扬的\train\train_0261.json,89,5,False,2,11,2,10,T,-44.762022737943894,-30,12.397350993377486,0.0,1.8888888679012348,17,0.0,140,12,pathLen
train_0261,C:\Users\tao20\Desktop\Algorithm\AIPlayerDesktop\data\蔡扬的\train\train_0261.json,89,6,False,3,9,3,8, ,-1e+18,0,0.0,0.0,1.8888888679012348,10,0.0,170,0,pathLen
train_0261,C:\Users\tao20\Desktop\Algorithm\AIPlayerDesktop\data\蔡扬的\train\train_0261.json,89,7,False,3,11,3,10, ,-1e+18,0,0.0,0.0,1.8888888679012348,16,0.0,170,0,pathLen
train_0261,C:\Users\tao20\Desktop\Algorithm\AIPlayerDesktop\data\蔡扬的\train\train_0261.json,90,1,True,9,11,9,10,G,64.13224273534279,50,16.83116883116883,0.0,1.8681318476029467,1,0.0,220,12,deltaR
train_0261,C:\Users\tao20\Desktop\Algorithm\AIPlayerDesktop\data\蔡扬的\train\train_0261.json,90,2,False,8,11,8,10, ,62.600374620308365,50,16.83116883116883,0.0,1.8681318476029467,2,0.0,220,12,deltaR
train_0261,C:\Users\tao20\Desktop\Algorithm\AIPlayerDesktop\data\蔡扬的\train\train_0261.json,90,3,False,10,11,10,10, ,62.600374620308365,50,16.83116883116883,0.0,1.8681318476029467,2,0.0,220,12,deltaR
train_0261,C:\Users\tao20\Desktop\Algorithm\AIPlayerDesktop\data\蔡扬的\train\train_0261.json,90,4,False,10,9,10,8, ,27.97537462030836,0,16.83116883116883,12.5,1.8681318476029467,2,0.0,170,12,Iproxy
train_0261,C:\Users\tao20\Desktop\Algorithm\AIPlayerDesktop\data\蔡扬的\train\train_0261.json,90,5,False,6,1,6,0, ,-1.9382927601046305,0,16.83116883116883,3.125,1.8681318476029467,14,0.0,170,12,pathLen
train_0261,C:\Users\tao20\Desktop\Algorithm\AIPlayerDesktop\data\蔡扬的\train\train_0261.json,90,6,False,3,9,3,8, ,-12.119780034609349,0,0.0,3.8461538461538463,1.8681318476029467,11,0.0,170,0,pathLen
train_0261,C:\Users\tao20\Desktop\Algorithm\AIPlayerDesktop\data\蔡扬的\train\train_0261.json,90,7,False,3,11,3,10, ,-22.80491585032192,0,0.0,2.6315789473684212,1.8681318476029467,17,0.0,170,0,pathLen
train_0261,C:\Users\tao20\Desktop\Algorithm\AIPlayerDesktop\data\蔡扬的\train\train_0261.json,90,8,False,13,6,13,5,T,-28.325449387178658,-30,16.83116883116883,3.5714285714285716,1.8681318476029467,12,0.0,140,12,deltaR
train_0261,C:\Users\tao20\Desktop\Algorithm\AIPlayerDesktop\data\蔡扬的\train\train_0261.json,90,9,False,2,11,2,10,T,-38.834515220242295,-30,16.83116883116883,2.5,1.8681318476029467,18,0.0,140,12,pathLen
train_0261,C:\Users\tao20\Desktop\Algorithm\AIPlayerDesktop\data\蔡扬的\train\train_0261.json,91,1,True,8,11,8,10, ,13.343084216624018,0,16.50955414012739,0.0,2.391304321833649,1,0.0,220,12,Iproxy
train_0261,C:\Users\tao20\Desktop\Algorithm\AIPlayerDesktop\data\蔡扬的\train\train_0261.json,91,2,False,9,12,9,11, ,13.343084216624018,0,16.50955414012739,0.0,2.391304321833649,1,0.0,220,12,Iproxy
train_0261,C:\Users\tao20\Desktop\Algorithm\AIPlayerDesktop\data\蔡扬的\train\train_0261.json,91,3,False,10,11,10,10, ,13.343084216624018,0,16.50955414012739,0.0,2.391304321833649,1,0.0,220,12,Iproxy
train_0261,C:\Users\tao20\Desktop\Algorithm\AIPlayerDesktop\data\蔡扬的\train\train_0261.json,91,4,False,10,9,10,8, ,9.421345128816833,0,16.50955414012739,0.0,2.391304321833649,3,0.0,220,12,Iproxy
train_0261,C:\Users\tao20\Desktop\Algorithm\AIPlayerDesktop\data\蔡扬的\train\train_0261.json,91,5,False,6,1,6,0, ,-14.10908939802627,0,16.50955414012739,0.0,2.391304321833649,15,0.0,220,12,pathLen
train_0261,C:\Users\tao20\Desktop\Algorithm\AIPlayerDesktop\data\蔡扬的\train\train_0261.json,91,6,False,13,6,13,5,T,-40.18735031021909,-30,16.50955414012739,0.0,2.391304321833649,13,0.0,190,12,pathLen
train_0261,C:\Users\tao20\Desktop\Algorithm\AIPlayerDesktop\data\蔡扬的\train\train_0261.json,91,7,False,2,11,2,10,T,-51.952567573640636,-30,16.50955414012739,0.0,2.391304321833649,19,0.0,190,12,pathLen
train_0261,C:\Users\tao20\Desktop\Algorithm\AIPlayerDesktop\data\蔡扬的\train\train_0261.json,91,8,False,3,9,3,8, ,-1e+18,0,0.0,0.0,2.391304321833649,12,0.0,220,0,pathLen
train_0261,C:\Users\tao20\Desktop\Algorithm\AIPlayerDesktop\data\蔡扬的\train\train_0261.json,91,9,False,3,11,3,10, ,-1e+18,0,0.0,0.0,2.391304321833649,18,0.0,220,0,pathLen
train_0261,C:\Users\tao20\Desktop\Algorithm\AIPlayerDesktop\data\蔡扬的\train\train_0261.json,92,1,True,7,12,7,11, ,11.165692609899436,0,16.30188679245283,0.0,2.365591372412996,2,0.0,220,12,Iproxy
train_0261,C:\Users\tao20\Desktop\Algorithm\AIPlayerDesktop\data\蔡扬的\train\train_0261.json,92,2,False,9,12,9,11, ,11.165692609899436,0,16.30188679245283,0.0,2.365591372412996,2,0.0,220,12,Iproxy
train_0261,C:\Users\tao20\Desktop\Algorithm\AIPlayerDesktop\data\蔡扬的\train\train_0261.json,92,3,False,10,11,10,10, ,11.165692609899436,0,16.30188679245283,0.0,2.365591372412996,2,0.0,220,12,Iproxy
train_0261,C:\Users\tao20\Desktop\Algorithm\AIPlayerDesktop\data\蔡扬的\train\train_0261.json,92,4,False,10,9,10,8, ,7.286122759142122,0,16.30188679245283,0.0,2.365591372412996,4,0.0,220,12,Iproxy
train_0261,C:\Users\tao20\Desktop\Algorithm\AIPlayerDesktop\data\蔡扬的\train\train_0261.json,92,5,False,6,1,6,0, ,-15.991296345401759,0,16.30188679245283,0.0,2.365591372412996,16,0.0,220,12,pathLen
train_0261,C:\Users\tao20\Desktop\Algorithm\AIPlayerDesktop\data\蔡扬的\train\train_0261.json,92,6,False,13,6,13,5,T,-42.111726494644444,-30,16.30188679245283,0.0,2.365591372412996,14,0.0,190,12,pathLen
train_0261,C:\Users\tao20\Desktop\Algorithm\AIPlayerDesktop\data\蔡扬的\train\train_0261.json,92,7,False,2,11,2,10,T,-53.750436046916384,-30,16.30188679245283,0.0,2.365591372412996,20,0.0,190,12,pathLen
train_0261,C:\Users\tao20\Desktop\Algorithm\AIPlayerDesktop\data\蔡扬的\train\train_0261.json,92,8,False,3,9,3,8, ,-1e+18,0,0.0,0.0,2.365591372412996,13,0.0,220,0,pathLen
train_0261,C:\Users\tao20\Desktop\Algorithm\AIPlayerDesktop\data\蔡扬的\train\train_0261.json,92,9,False,3,11,3,10, ,-1e+18,0,0.0,0.0,2.365591372412996,19,0.0,220,0,pathLen
train_0261,C:\Users\tao20\Desktop\Algorithm\AIPlayerDesktop\data\蔡扬的\train\train_0261.json,92,10,False,7,11,7,10, ,-1e+18,0,0.0,0.0,2.365591372412996,1,0.0,220,0,pathLen
train_0261,C:\Users\tao20\Desktop\Algorithm\AIPlayerDesktop\data\蔡扬的\train\train_0261.json,93,1,True,7,12,7,11, ,13.07316255542673,0,16.30188679245283,0.0,2.34042550701675,1,0.0,220,12,Iproxy
train_0261,C:\Users\tao20\Desktop\Algorithm\AIPlayerDesktop\data\蔡扬的\train\train_0261.json,93,2,False,9,12,9,11, ,9.234864723919262,0,16.30188679245283,0.0,2.34042550701675,3,0.0,220,12,Iproxy
train_0261,C:\Users\tao20\Desktop\Algorithm\AIPlayerDesktop\data\蔡扬的\train\train_0261.json,93,3,False,10,11,10,10, ,9.234864723919262,0,16.30188679245283,0.0,2.34042550701675,3,0.0,220,12,Iproxy
train_0261,C:\Users\tao20\Desktop\Algorithm\AIPlayerDesktop\data\蔡扬的\train\train_0261.json,93,4,False,10,9,10,8, ,5.396566892411792,0,16.30188679245283,0.0,2.34042550701675,5,0.0,220,12,Iproxy
train_0261,C:\Users\tao20\Desktop\Algorithm\AIPlayerDesktop\data\蔡扬的\train\train_0261.json,93,5,False,6,1,6,0, ,-17.633220096633032,0,16.30188679245283,0.0,2.34042550701675,17,0.0,220,12,pathLen
train_0261,C:\Users\tao20\Desktop\Algorithm\AIPlayerDesktop\data\蔡扬的\train\train_0261.json,93,6,False,13,6,13,5,T,-43.79492226512556,-30,16.30188679245283,0.0,2.34042550701675,15,0.0,190,12,pathLen
train_0261,C:\Users\tao20\Desktop\Algorithm\AIPlayerDesktop\data\蔡扬的\train\train_0261.json,93,7,False,2,11,2,10,T,-55.30981575964797,-30,16.30188679245283,0.0,2.34042550701675,21,0.0,190,12,pathLen
train_0261,C:\Users\tao20\Desktop\Algorithm\AIPlayerDesktop\data\蔡扬的\train\train_0261.json,93,8,False,3,9,3,8, ,-1e+18,0,0.0,0.0,2.34042550701675,14,0.0,220,0,pathLen
train_0261,C:\Users\tao20\Desktop\Algorithm\AIPlayerDesktop\data\蔡扬的\train\train_0261.json,93,9,False,3,11,3,10, ,-1e+18,0,0.0,0.0,2.34042550701675,20,0.0,220,0,pathLen
train_0261,C:\Users\tao20\Desktop\Algorithm\AIPlayerDesktop\data\蔡扬的\train\train_0261.json,94,1,True,7,13,7,12, ,12.847337646741236,0,16.099378881987576,0.0,2.3157894493074798,1,0.0,220,12,Iproxy
train_0261,C:\Users\tao20\Desktop\Algorithm\AIPlayerDesktop\data\蔡扬的\train\train_0261.json,94,2,False,9,12,9,11, ,7.1504956014448355,0,16.099378881987576,0.0,2.3157894493074798,4,0.0,220,12,Iproxy
train_0261,C:\Users\tao20\Desktop\Algorithm\AIPlayerDesktop\data\蔡扬的\train\train_0261.json,94,3,False,10,11,10,10, ,7.1504956014448355,0,16.099378881987576,0.0,2.3157894493074798,4,0.0,220,12,Iproxy
train_0261,C:\Users\tao20\Desktop\Algorithm\AIPlayerDesktop\data\蔡扬的\train\train_0261.json,94,4,False,10,9,10,8, ,3.3526009045805694,0,16.099378881987576,0.0,2.3157894493074798,6,0.0,220,12,Iproxy
train_0261,C:\Users\tao20\Desktop\Algorithm\AIPlayerDesktop\data\蔡扬的\train\train_0261.json,94,5,False,6,1,6,0, ,-19.43476727660503,0,16.099378881987576,0.0,2.3157894493074798,18,0.0,220,12,pathLen
train_0261,C:\Users\tao20\Desktop\Algorithm\AIPlayerDesktop\data\蔡扬的\train\train_0261.json,94,6,False,13,6,13,5,T,-45.63687257974077,-30,16.099378881987576,0.0,2.3157894493074798,16,0.0,190,12,pathLen
train_0261,C:\Users\tao20\Desktop\Algorithm\AIPlayerDesktop\data\蔡扬的\train\train_0261.json,94,7,False,2,11,2,10,T,-57.03055667033357,-30,16.099378881987576,0.0,2.3157894493074798,22,0.0,190,12,pathLen
train_0261,C:\Users\tao20\Desktop\Algorithm\AIPlayerDesktop\data\蔡扬的\train\train_0261.json,94,8,False,3,9,3,8, ,-1e+18,0,0.0,0.0,2.3157894493074798,15,0.0,220,0,pathLen
train_0261,C:\Users\tao20\Desktop\Algorithm\AIPlayerDesktop\data\蔡扬的\train\train_0261.json,94,9,False,3,11,3,10, ,-1e+18,0,0.0,0.0,2.3157894493074798,21,0.0,220,0,pathLen
train_0261,C:\Users\tao20\Desktop\Algorithm\AIPlayerDesktop\data\蔡扬的\train\train_0261.json,95,1,True,9,12,9,11, ,5.10449348077767,0,15.901840490797547,0.0,2.291666642795139,5,0.0,220,12,Iproxy
train_0261,C:\Users\tao20\Desktop\Algorithm\AIPlayerDesktop\data\蔡扬的\train\train_0261.json,95,2,False,10,11,10,10, ,5.10449348077767,0,15.901840490797547,0.0,2.291666642795139,5,0.0,220,12,Iproxy
train_0261,C:\Users\tao20\Desktop\Algorithm\AIPlayerDesktop\data\蔡扬的\train\train_0261.json,95,3,False,10,9,10,8, ,1.3461601865936412,0,15.901840490797547,0.0,2.291666642795139,7,0.0,220,12,pathLen
train_0261,C:\Users\tao20\Desktop\Algorithm\AIPlayerDesktop\data\蔡扬的\train\train_0261.json,95,4,False,6,1,6,0, ,-21.203839578510525,0,15.901840490797547,0.0,2.291666642795139,19,0.0,220,12,pathLen
train_0261,C:\Users\tao20\Desktop\Algorithm\AIPlayerDesktop\data\蔡扬的\train\train_0261.json,95,5,False,13,6,13,5,T,-47.4455062843265,-30,15.901840490797547,0.0,2.291666642795139,17,0.0,190,12,pathLen
train_0261,C:\Users\tao20\Desktop\Algorithm\AIPlayerDesktop\data\蔡扬的\train\train_0261.json,95,6,False,2,11,2,10,T,-58.72050616687858,-30,15.901840490797547,0.0,2.291666642795139,23,0.0,190,12,pathLen
train_0261,C:\Users\tao20\Desktop\Algorithm\AIPlayerDesktop\data\蔡扬的\train\train_0261.json,95,7,False,3,9,3,8, ,-1e+18,0,0.0,0.0,2.291666642795139,16,0.0,220,0,pathLen
train_0261,C:\Users\tao20\Desktop\Algorithm\AIPlayerDesktop\data\蔡扬的\train\train_0261.json,95,8,False,3,11,3,10, ,-1e+18,0,0.0,0.0,2.291666642795139,22,0.0,220,0,pathLen
train_0261,C:\Users\tao20\Desktop\Algorithm\AIPlayerDesktop\data\蔡扬的\train\train_0261.json,96,1,True,9,12,9,11, ,7.0091337218183725,0,15.901840490797547,0.0,2.268041213731534,4,0.0,220,12,Iproxy
train_0261,C:\Users\tao20\Desktop\Algorithm\AIPlayerDesktop\data\蔡扬的\train\train_0261.json,96,2,False,10,11,10,10, ,7.0091337218183725,0,15.901840490797547,0.0,2.268041213731534,4,0.0,220,12,Iproxy
train_0261,C:\Users\tao20\Desktop\Algorithm\AIPlayerDesktop\data\蔡扬的\train\train_0261.json,96,3,False,10,9,10,8, ,3.289546131298657,0,15.901840490797547,0.0,2.268041213731534,6,0.0,220,12,Iproxy
train_0261,C:\Users\tao20\Desktop\Algorithm\AIPlayerDesktop\data\蔡扬的\train\train_0261.json,96,4,False,6,1,6,0, ,-19.027979411819636,0,15.901840490797547,0.0,2.268041213731534,18,0.0,220,12,pathLen
train_0261,C:\Users\tao20\Desktop\Algorithm\AIPlayerDesktop\data\蔡扬的\train\train_0261.json,96,5,False,13,6,13,5,T,-45.30839182129992,-30,15.901840490797547,0.0,2.268041213731534,16,0.0,190,12,pathLen
train_0261,C:\Users\tao20\Desktop\Algorithm\AIPlayerDesktop\data\蔡扬的\train\train_0261.json,96,6,False,2,11,2,10,T,-56.46715459285907,-30,15.901840490797547,0.0,2.268041213731534,22,0.0,190,12,pathLen
train_0261,C:\Users\tao20\Desktop\Algorithm\AIPlayerDesktop\data\蔡扬的\train\train_0261.json,96,7,False,3,9,3,8, ,-1e+18,0,0.0,0.0,2.268041213731534,15,0.0,220,0,pathLen
train_0261,C:\Users\tao20\Desktop\Algorithm\AIPlayerDesktop\data\蔡扬的\train\train_0261.json,96,8,False,3,11,3,10, ,-1e+18,0,0.0,0.0,2.268041213731534,21,0.0,220,0,pathLen
train_0261,C:\Users\tao20\Desktop\Algorithm\AIPlayerDesktop\data\蔡扬的\train\train_0261.json,97,1,True,9,12,9,11, ,8.88424572891354,0,15.901840490797547,0.0,2.2448979362765518,3,0.0,220,12,Iproxy
train_0261,C:\Users\tao20\Desktop\Algorithm\AIPlayerDesktop\data\蔡扬的\train\train_0261.json,97,2,False,10,11,10,10, ,8.88424572891354,0,15.901840490797547,0.0,2.2448979362765518,3,0.0,220,12,Iproxy
train_0261,C:\Users\tao20\Desktop\Algorithm\AIPlayerDesktop\data\蔡扬的\train\train_0261.json,97,3,False,10,9,10,8, ,5.202613113419995,0,15.901840490797547,0.0,2.2448979362765518,5,0.0,220,12,Iproxy
train_0261,C:\Users\tao20\Desktop\Algorithm\AIPlayerDesktop\data\蔡扬的\train\train_0261.json,97,4,False,6,1,6,0, ,-16.88718257954127,0,15.901840490797547,0.0,2.2448979362765518,17,0.0,220,12,pathLen
train_0261,C:\Users\tao20\Desktop\Algorithm\AIPlayerDesktop\data\蔡扬的\train\train_0261.json,97,5,False,13,6,13,5,T,-43.205549964047734,-30,15.901840490797547,0.0,2.2448979362765518,15,0.0,190,12,pathLen
train_0261,C:\Users\tao20\Desktop\Algorithm\AIPlayerDesktop\data\蔡扬的\train\train_0261.json,97,6,False,2,11,2,10,T,-54.25044781052836,-30,15.901840490797547,0.0,2.2448979362765518,21,0.0,190,12,pathLen
train_0261,C:\Users\tao20\Desktop\Algorithm\AIPlayerDesktop\data\蔡扬的\train\train_0261.json,97,7,False,3,9,3,8, ,-1e+18,0,0.0,0.0,2.2448979362765518,14,0.0,220,0,pathLen
train_0261,C:\Users\tao20\Desktop\Algorithm\AIPlayerDesktop\data\蔡扬的\train\train_0261.json,97,8,False,3,11,3,10, ,-1e+18,0,0.0,0.0,2.2448979362765518,20,0.0,220,0,pathLen
train_0261,C:\Users\tao20\Desktop\Algorithm\AIPlayerDesktop\data\蔡扬的\train\train_0261.json,98,1,True,9,12,9,11, ,10.728958843958823,0,15.901840490797547,0.0,2.2222221997755334,2,0.0,220,12,Iproxy
train_0261,C:\Users\tao20\Desktop\Algorithm\AIPlayerDesktop\data\蔡扬的\train\train_0261.json,98,2,False,10,11,10,10, ,10.728958843958823,0,15.901840490797547,0.0,2.2222221997755334,2,0.0,220,12,Iproxy
train_0261,C:\Users\tao20\Desktop\Algorithm\AIPlayerDesktop\data\蔡扬的\train\train_0261.json,98,3,False,10,9,10,8, ,7.084514436326949,0,15.901840490797547,0.0,2.2222221997755334,4,0.0,220,12,Iproxy
train_0261,C:\Users\tao20\Desktop\Algorithm\AIPlayerDesktop\data\蔡扬的\train\train_0261.json,98,4,False,6,1,6,0, ,-14.782152009464298,0,15.901840490797547,0.0,2.2222221997755334,16,0.0,220,12,pathLen
train_0261,C:\Users\tao20\Desktop\Algorithm\AIPlayerDesktop\data\蔡扬的\train\train_0261.json,98,5,False,13,6,13,5,T,-41.137707601832425,-30,15.901840490797547,0.0,2.2222221997755334,14,0.0,190,12,pathLen
train_0261,C:\Users\tao20\Desktop\Algorithm\AIPlayerDesktop\data\蔡扬的\train\train_0261.json,98,6,False,2,11,2,10,T,-52.071040824728044,-30,15.901840490797547,0.0,2.2222221997755334,20,0.0,190,12,pathLen
train_0261,C:\Users\tao20\Desktop\Algorithm\AIPlayerDesktop\data\蔡扬的\train\train_0261.json,98,7,False,3,9,3,8, ,-1e+18,0,0.0,0.0,2.2222221997755334,13,0.0,220,0,pathLen
train_0261,C:\Users\tao20\Desktop\Algorithm\AIPlayerDesktop\data\蔡扬的\train\train_0261.json,98,8,False,3,11,3,10, ,-1e+18,0,0.0,0.0,2.2222221997755334,19,0.0,220,0,pathLen
train_0261,C:\Users\tao20\Desktop\Algorithm\AIPlayerDesktop\data\蔡扬的\train\train_0261.json,99,1,True,9,12,9,11, ,12.542770149180171,0,15.901840490797547,0.0,2.199999978,1,0.0,220,12,Iproxy
train_0261,C:\Users\tao20\Desktop\Algorithm\AIPlayerDesktop\data\蔡扬的\train\train_0261.json,99,2,False,10,11,10,10, ,12.542770149180171,0,15.901840490797547,0.0,2.199999978,1,0.0,220,12,Iproxy
train_0261,C:\Users\tao20\Desktop\Algorithm\AIPlayerDesktop\data\蔡扬的\train\train_0261.json,99,3,False,10,9,10,8, ,8.934770185260172,0,15.901840490797547,0.0,2.199999978,3,0.0,220,12,Iproxy
train_0261,C:\Users\tao20\Desktop\Algorithm\AIPlayerDesktop\data\蔡扬的\train\train_0261.json,99,4,False,6,1,6,0, ,-12.71322959825983,0,15.901840490797547,0.0,2.199999978,15,0.0,220,12,pathLen
train_0261,C:\Users\tao20\Desktop\Algorithm\AIPlayerDesktop\data\蔡扬的\train\train_0261.json,99,5,False,13,6,13,5,T,-39.10522963433983,-30,15.901840490797547,0.0,2.199999978,13,0.0,190,12,deltaR
train_0261,C:\Users\tao20\Desktop\Algorithm\AIPlayerDesktop\data\蔡扬的\train\train_0261.json,99,6,False,2,11,2,10,T,-49.92922952609983,-30,15.901840490797547,0.0,2.199999978,19,0.0,190,12,pathLen
train_0261,C:\Users\tao20\Desktop\Algorithm\AIPlayerDesktop\data\蔡扬的\train\train_0261.json,99,7,False,3,9,3,8, ,-1e+18,0,0.0,0.0,2.199999978,12,0.0,220,0,pathLen
train_0261,C:\Users\tao20\Desktop\Algorithm\AIPlayerDesktop\data\蔡扬的\train\train_0261.json,99,8,False,3,11,3,10, ,-1e+18,0,0.0,0.0,2.199999978,18,0.0,220,0,pathLen
train_0261,C:\Users\tao20\Desktop\Algorithm\AIPlayerDesktop\data\蔡扬的\train\train_0261.json,100,1,True,9,13,9,12,G,66.29048647744104,50,20.072727272727274,0.0,2.1782178002156654,1,0.0,270,12,deltaR
train_0261,C:\Users\tao20\Desktop\Algorithm\AIPlayerDesktop\data\蔡扬的\train\train_0261.json,100,2,False,10,11,10,10, ,29.879347881264184,0,20.072727272727274,12.5,2.1782178002156654,2,0.0,220,12,Iproxy
train_0261,C:\Users\tao20\Desktop\Algorithm\AIPlayerDesktop\data\蔡扬的\train\train_0261.json,100,3,False,10,9,10,8, ,21.182070688910493,0,20.072727272727274,8.333333333333334,2.1782178002156654,4,0.0,220,12,Iproxy
train_0261,C:\Users\tao20\Desktop\Algorithm\AIPlayerDesktop\data\蔡扬的\train\train_0261.json,100,4,False,6,1,6,0, ,-7.084925798544987,0,20.072727272727274,2.7777777777777777,2.1782178002156654,16,0.0,220,12,pathLen
train_0261,C:\Users\tao20\Desktop\Algorithm\AIPlayerDesktop\data\蔡扬的\train\train_0261.json,100,5,False,3,9,3,8, ,-19.11980175029899,0,0.0,3.3333333333333335,2.1782178002156654,13,0.0,220,0,pathLen
train_0261,C:\Users\tao20\Desktop\Algorithm\AIPlayerDesktop\data\蔡扬的\train\train_0261.json,100,6,False,3,11,3,10, ,-31.008061898788636,0,0.0,2.380952380952381,2.1782178002156654,19,0.0,220,0,pathLen
train_0261,C:\Users\tao20\Desktop\Algorithm\AIPlayerDesktop\data\蔡扬的\train\train_0261.json,100,7,False,13,6,13,5,T,-33.08556527285796,-30,20.072727272727274,3.125,2.1782178002156654,14,0.0,190,12,pathLen
train_0261,C:\Users\tao20\Desktop\Algorithm\AIPlayerDesktop\data\蔡扬的\train\train_0261.json,100,8,False,2,11,2,10,T,-44.85069230446449,-30,20.072727272727274,2.272727272727273,2.1782178002156654,20,0.0,190,12,pathLen
train_0261,C:\Users\tao20\Desktop\Algorithm\AIPlayerDesktop\data\蔡扬的\train\train_0261.json,101,1,True,10,11,10,10, ,11.299697188602543,0,19.832335329341316,0.0,2.647058797577855,3,0.0,270,12,Iproxy
train_0261,C:\Users\tao20\Desktop\Algorithm\AIPlayerDesktop\data\蔡扬的\train\train_0261.json,101,2,False,10,9,10,8, ,6.958520760574864,0,19.832335329341316,0.0,2.647058797577855,5,0.0,270,12,Iproxy
train_0261,C:\Users\tao20\Desktop\Algorithm\AIPlayerDesktop\data\蔡扬的\train\train_0261.json,101,3,False,6,1,6,0, ,-19.088537807591226,0,19.832335329341316,0.0,2.647058797577855,17,0.0,270,12,pathLen
train_0261,C:\Users\tao20\Desktop\Algorithm\AIPlayerDesktop\data\蔡扬的\train\train_0261.json,101,4,False,13,6,13,5,T,-44.74736137956354,-30,19.832335329341316,0.0,2.647058797577855,15,0.0,240,12,pathLen
train_0261,C:\Users\tao20\Desktop\Algorithm\AIPlayerDesktop\data\蔡扬的\train\train_0261.json,101,5,False,2,11,2,10,T,-57.7708906636466,-30,19.832335329341316,0.0,2.647058797577855,21,0.0,240,12,pathLen
train_0261,C:\Users\tao20\Desktop\Algorithm\AIPlayerDesktop\data\蔡扬的\train\train_0261.json,101,6,False,3,9,3,8, ,-1e+18,0,0.0,0.0,2.647058797577855,14,0.0,270,0,pathLen
train_0261,C:\Users\tao20\Desktop\Algorithm\AIPlayerDesktop\data\蔡扬的\train\train_0261.json,101,7,False,3,11,3,10, ,-1e+18,0,0.0,0.0,2.647058797577855,20,0.0,270,0,pathLen
train_0261,C:\Users\tao20\Desktop\Algorithm\AIPlayerDesktop\data\蔡扬的\train\train_0261.json,102,1,True,10,11,10,10, ,13.473491374051783,0,19.832335329341316,0.0,2.6213591978508815,2,0.0,270,12,Iproxy
train_0261,C:\Users\tao20\Desktop\Algorithm\AIPlayerDesktop\data\蔡扬的\train\train_0261.json,102,2,False,10,9,10,8, ,9.174462289576338,0,19.832335329341316,0.0,2.6213591978508815,4,0.0,270,12,Iproxy
train_0261,C:\Users\tao20\Desktop\Algorithm\AIPlayerDesktop\data\蔡扬的\train\train_0261.json,102,3,False,6,1,6,0, ,-16.619712217276334,0,19.832335329341316,0.0,2.6213591978508815,16,0.0,270,12,pathLen
train_0261,C:\Users\tao20\Desktop\Algorithm\AIPlayerDesktop\data\蔡扬的\train\train_0261.json,102,4,False,13,6,13,5,T,-42.32068313280089,-30,19.832335329341316,0.0,2.6213591978508815,14,0.0,240,12,pathLen
train_0261,C:\Users\tao20\Desktop\Algorithm\AIPlayerDesktop\data\蔡扬的\train\train_0261.json,102,5,False,2,11,2,10,T,-55.21777038622723,-30,19.832335329341316,0.0,2.6213591978508815,20,0.0,240,12,pathLen
train_0261,C:\Users\tao20\Desktop\Algorithm\AIPlayerDesktop\data\蔡扬的\train\train_0261.json,102,6,False,3,9,3,8, ,-1e+18,0,0.0,0.0,2.6213591978508815,13,0.0,270,0,pathLen
train_0261,C:\Users\tao20\Desktop\Algorithm\AIPlayerDesktop\data\蔡扬的\train\train_0261.json,102,7,False,3,11,3,10, ,-1e+18,0,0.0,0.0,2.6213591978508815,19,0.0,270,0,pathLen
train_0261,C:\Users\tao20\Desktop\Algorithm\AIPlayerDesktop\data\蔡扬的\train\train_0261.json,103,1,True,10,11,10,10, ,15.61252122745728,0,19.832335329341316,0.0,2.596153821190829,1,0.0,270,12,Iproxy
train_0261,C:\Users\tao20\Desktop\Algorithm\AIPlayerDesktop\data\蔡扬的\train\train_0261.json,103,2,False,10,9,10,8, ,11.354828960704321,0,19.832335329341316,0.0,2.596153821190829,3,0.0,270,12,Iproxy
train_0261,C:\Users\tao20\Desktop\Algorithm\AIPlayerDesktop\data\蔡扬的\train\train_0261.json,103,3,False,6,1,6,0, ,-14.19132463981343,0,19.832335329341316,0.0,2.596153821190829,15,0.0,270,12,pathLen
train_0261,C:\Users\tao20\Desktop\Algorithm\AIPlayerDesktop\data\蔡扬的\train\train_0261.json,103,4,False,13,6,13,5,T,-39.933632373060476,-30,19.832335329341316,0.0,2.596153821190829,13,0.0,240,12,pathLen
train_0261,C:\Users\tao20\Desktop\Algorithm\AIPlayerDesktop\data\蔡扬的\train\train_0261.json,103,5,False,2,11,2,10,T,-52.706709173319354,-30,19.832335329341316,0.0,2.596153821190829,19,0.0,240,12,pathLen
train_0261,C:\Users\tao20\Desktop\Algorithm\AIPlayerDesktop\data\蔡扬的\train\train_0261.json,103,6,False,3,9,3,8, ,-1e+18,0,0.0,0.0,2.596153821190829,12,0.0,270,0,pathLen
train_0261,C:\Users\tao20\Desktop\Algorithm\AIPlayerDesktop\data\蔡扬的\train\train_0261.json,103,7,False,3,11,3,10, ,-1e+18,0,0.0,0.0,2.596153821190829,18,0.0,270,0,pathLen
train_0261,C:\Users\tao20\Desktop\Algorithm\AIPlayerDesktop\data\蔡扬的\train\train_0261.json,104,1,True,11,11,11,10, ,12.955269520561924,0,16.941176470588232,0.0,2.5714285469387756,1,0.0,270,12,Iproxy
train_0261,C:\Users\tao20\Desktop\Algorithm\AIPlayerDesktop\data\蔡扬的\train\train_0261.json,104,2,False,10,9,10,8, ,6.629555295092537,0,16.941176470588232,0.0,2.5714285469387756,4,0.0,270,12,Iproxy
train_0261,C:\Users\tao20\Desktop\Algorithm\AIPlayerDesktop\data\蔡扬的\train\train_0261.json,104,3,False,6,1,6,0, ,-18.67330160678501,0,16.941176470588232,0.0,2.5714285469387756,16,0.0,270,12,pathLen
train_0261,C:\Users\tao20\Desktop\Algorithm\AIPlayerDesktop\data\蔡扬的\train\train_0261.json,104,4,False,11,12,11,11,T,-19.15330188792787,-30,16.941176470588232,0.0,2.5714285469387756,2,0.0,240,12,deltaR
train_0261,C:\Users\tao20\Desktop\Algorithm\AIPlayerDesktop\data\蔡扬的\train\train_0261.json,104,5,False,13,6,13,5,T,-44.45615878980542,-30,16.941176470588232,0.0,2.5714285469387756,14,0.0,240,12,pathLen
train_0261,C:\Users\tao20\Desktop\Algorithm\AIPlayerDesktop\data\蔡扬的\train\train_0261.json,104,6,False,2,11,2,10,T,-57.107587240744195,-30,16.941176470588232,0.0,2.5714285469387756,20,0.0,240,12,pathLen
train_0261,C:\Users\tao20\Desktop\Algorithm\AIPlayerDesktop\data\蔡扬的\train\train_0261.json,104,7,False,3,9,3,8, ,-1e+18,0,0.0,0.0,2.5714285469387756,13,0.0,270,0,pathLen
train_0261,C:\Users\tao20\Desktop\Algorithm\AIPlayerDesktop\data\蔡扬的\train\train_0261.json,104,8,False,3,11,3,10, ,-1e+18,0,0.0,0.0,2.5714285469387756,19,0.0,270,0,pathLen
train_0261,C:\Users\tao20\Desktop\Algorithm\AIPlayerDesktop\data\蔡扬的\train\train_0261.json,105,1,True,10,9,10,8, ,4.2600457067276665,0,16.64739884393064,0.0,2.547169787290851,5,0.0,270,12,Iproxy
train_0261,C:\Users\tao20\Desktop\Algorithm\AIPlayerDesktop\data\蔡扬的\train\train_0261.json,105,2,False,11,12,11,11,T,-17.385237390958345,-30,16.64739884393064,0.0,2.547169787290851,1,0.0,240,12,deltaR
train_0261,C:\Users\tao20\Desktop\Algorithm\AIPlayerDesktop\data\蔡扬的\train\train_0261.json,105,3,False,6,1,6,0, ,-20.804105000214303,0,16.64739884393064,0.0,2.547169787290851,17,0.0,270,12,pathLen
train_0261,C:\Users\tao20\Desktop\Algorithm\AIPlayerDesktop\data\蔡扬的\train\train_0261.json,105,4,False,13,6,13,5,T,-46.62674654905731,-30,16.64739884393064,0.0,2.547169787290851,15,0.0,240,12,pathLen
train_0261,C:\Users\tao20\Desktop\Algorithm\AIPlayerDesktop\data\蔡扬的\train\train_0261.json,105,5,False,2,11,2,10,T,-59.1588219025283,-30,16.64739884393064,0.0,2.547169787290851,21,0.0,240,12,pathLen
train_0261,C:\Users\tao20\Desktop\Algorithm\AIPlayerDesktop\data\蔡扬的\train\train_0261.json,105,6,False,3,9,3,8, ,-1e+18,0,0.0,0.0,2.547169787290851,14,0.0,270,0,pathLen
train_0261,C:\Users\tao20\Desktop\Algorithm\AIPlayerDesktop\data\蔡扬的\train\train_0261.json,105,7,False,3,11,3,10, ,-1e+18,0,0.0,0.0,2.547169787290851,20,0.0,270,0,pathLen
train_0261,C:\Users\tao20\Desktop\Algorithm\AIPlayerDesktop\data\蔡扬的\train\train_0261.json,106,1,True,10,9,10,8, ,6.347465262464144,0,16.64739884393064,0.0,2.523364462398463,4,0.0,270,12,Iproxy
train_0261,C:\Users\tao20\Desktop\Algorithm\AIPlayerDesktop\data\蔡扬的\train\train_0261.json,106,2,False,6,1,6,0, ,-18.482441047536728,0,16.64739884393064,0.0,2.523364462398463,16,0.0,270,12,pathLen
train_0261,C:\Users\tao20\Desktop\Algorithm\AIPlayerDesktop\data\蔡扬的\train\train_0261.json,106,3,False,11,12,11,11,T,-19.514217019202377,-30,16.64739884393064,0.0,2.523364462398463,2,0.0,240,12,deltaR
train_0261,C:\Users\tao20\Desktop\Algorithm\AIPlayerDesktop\data\蔡扬的\train\train_0261.json,106,4,False,13,6,13,5,T,-44.34412332920325,-30,16.64739884393064,0.0,2.523364462398463,14,0.0,240,12,pathLen
train_0261,C:\Users\tao20\Desktop\Algorithm\AIPlayerDesktop\data\蔡扬的\train\train_0261.json,106,5,False,2,11,2,10,T,-56.75907648420369,-30,16.64739884393064,0.0,2.523364462398463,20,0.0,240,12,pathLen
train_0261,C:\Users\tao20\Desktop\Algorithm\AIPlayerDesktop\data\蔡扬的\train\train_0261.json,106,6,False,3,9,3,8, ,-1e+18,0,0.0,0.0,2.523364462398463,13,0.0,270,0,pathLen
train_0261,C:\Users\tao20\Desktop\Algorithm\AIPlayerDesktop\data\蔡扬的\train\train_0261.json,106,7,False,3,11,3,10, ,-1e+18,0,0.0,0.0,2.523364462398463,19,0.0,270,0,pathLen
train_0261,C:\Users\tao20\Desktop\Algorithm\AIPlayerDesktop\data\蔡扬的\train\train_0261.json,107,1,True,10,9,10,8, ,8.410627847684307,0,16.64739884393064,0.0,2.499999976851852,3,0.0,270,12,Iproxy
train_0261,C:\Users\tao20\Desktop\Algorithm\AIPlayerDesktop\data\蔡扬的\train\train_0261.json,107,2,False,6,1,6,0, ,-16.189371924537916,0,16.64739884393064,0.0,2.499999976851852,15,0.0,270,12,pathLen
train_0261,C:\Users\tao20\Desktop\Algorithm\AIPlayerDesktop\data\蔡扬的\train\train_0261.json,107,3,False,11,12,11,11,T,-21.589372152315693,-30,16.64739884393064,0.0,2.499999976851852,3,0.0,240,12,deltaR
train_0261,C:\Users\tao20\Desktop\Algorithm\AIPlayerDesktop\data\蔡扬的\train\train_0261.json,107,4,False,13,6,13,5,T,-42.08937196250088,-30,16.64739884393064,0.0,2.499999976851852,13,0.0,240,12,pathLen
train_0261,C:\Users\tao20\Desktop\Algorithm\AIPlayerDesktop\data\蔡扬的\train\train_0261.json,107,5,False,2,11,2,10,T,-54.38937184861199,-30,16.64739884393064,0.0,2.499999976851852,19,0.0,240,12,pathLen
train_0261,C:\Users\tao20\Desktop\Algorithm\AIPlayerDesktop\data\蔡扬的\train\train_0261.json,107,6,False,3,9,3,8, ,-1e+18,0,0.0,0.0,2.499999976851852,12,0.0,270,0,pathLen
train_0261,C:\Users\tao20\Desktop\Algorithm\AIPlayerDesktop\data\蔡扬的\train\train_0261.json,107,7,False,3,11,3,10, ,-1e+18,0,0.0,0.0,2.499999976851852,18,0.0,270,0,pathLen
train_0261,C:\Users\tao20\Desktop\Algorithm\AIPlayerDesktop\data\蔡扬的\train\train_0261.json,108,1,True,10,9,10,8, ,10.447464180195542,0,16.64739884393064,0.0,2.4770641974581267,2,0.0,270,12,Iproxy
train_0261,C:\Users\tao20\Desktop\Algorithm\AIPlayerDesktop\data\蔡扬的\train\train_0261.json,108,2,False,6,1,6,0, ,-13.926847522792423,0,16.64739884393064,0.0,2.4770641974581267,14,0.0,270,12,pathLen
train_0261,C:\Users\tao20\Desktop\Algorithm\AIPlayerDesktop\data\蔡扬的\train\train_0261.json,108,3,False,11,12,11,11,T,-23.614921103635787,-30,16.64739884393064,0.0,2.4770641974581267,4,0.0,240,12,deltaR
train_0261,C:\Users\tao20\Desktop\Algorithm\AIPlayerDesktop\data\蔡扬的\train\train_0261.json,108,4,False,13,6,13,5,T,-39.864462238961096,-30,16.64739884393064,0.0,2.4770641974581267,12,0.0,240,12,deltaR
train_0261,C:\Users\tao20\Desktop\Algorithm\AIPlayerDesktop\data\蔡扬的\train\train_0261.json,108,5,False,2,11,2,10,T,-52.05161809045507,-30,16.64739884393064,0.0,2.4770641974581267,18,0.0,240,12,pathLen
train_0261,C:\Users\tao20\Desktop\Algorithm\AIPlayerDesktop\data\蔡扬的\train\train_0261.json,108,6,False,3,9,3,8, ,-1e+18,0,0.0,0.0,2.4770641974581267,11,0.0,270,0,pathLen
train_0261,C:\Users\tao20\Desktop\Algorithm\AIPlayerDesktop\data\蔡扬的\train\train_0261.json,108,7,False,3,11,3,10, ,-1e+18,0,0.0,0.0,2.4770641974581267,17,0.0,270,0,pathLen
train_0261,C:\Users\tao20\Desktop\Algorithm\AIPlayerDesktop\data\蔡扬的\train\train_0261.json,109,1,True,10,9,10,8, ,12.456499548226722,0,16.64739884393064,0.0,2.4545454322314053,1,0.0,270,12,Iproxy
train_0261,C:\Users\tao20\Desktop\Algorithm\AIPlayerDesktop\data\蔡扬的\train\train_0261.json,109,2,False,6,1,6,0, ,-11.696227504930308,0,16.64739884393064,0.0,2.4545454322314053,13,0.0,270,12,pathLen
train_0261,C:\Users\tao20\Desktop\Algorithm\AIPlayerDesktop\data\蔡扬的\train\train_0261.json,109,3,False,11,12,11,11,T,-25.594409469492287,-30,16.64739884393064,0.0,2.4545454322314053,5,0.0,240,12,deltaR
train_0261,C:\Users\tao20\Desktop\Algorithm\AIPlayerDesktop\data\蔡扬的\train\train_0261.json,109,4,False,13,6,13,5,T,-37.6707729960708,-30,16.64739884393064,0.0,2.4545454322314053,11,0.0,240,12,deltaR
train_0261,C:\Users\tao20\Desktop\Algorithm\AIPlayerDesktop\data\蔡扬的\train\train_0261.json,109,5,False,2,11,2,10,T,-49.74713652264932,-30,16.64739884393064,0.0,2.4545454322314053,17,0.0,240,12,pathLen
train_0261,C:\Users\tao20\Desktop\Algorithm\AIPlayerDesktop\data\蔡扬的\train\train_0261.json,109,6,False,3,9,3,8, ,-1e+18,0,0.0,0.0,2.4545454322314053,10,0.0,270,0,pathLen
train_0261,C:\Users\tao20\Desktop\Algorithm\AIPlayerDesktop\data\蔡扬的\train\train_0261.json,109,7,False,3,11,3,10, ,-1e+18,0,0.0,0.0,2.4545454322314053,16,0.0,270,0,pathLen
train_0261,C:\Users\tao20\Desktop\Algorithm\AIPlayerDesktop\data\蔡扬的\train\train_0261.json,110,1,True,11,9,11,8, ,12.350027801739564,0,16.55172413793104,0.0,2.432432410518627,1,0.0,270,12,Iproxy
train_0261,C:\Users\tao20\Desktop\Algorithm\AIPlayerDesktop\data\蔡扬的\train\train_0261.json,110,2,False,6,1,6,0, ,-13.579701694388994,0,16.55172413793104,0.0,2.432432410518627,14,0.0,270,12,pathLen
train_0261,C:\Users\tao20\Desktop\Algorithm\AIPlayerDesktop\data\蔡扬的\train\train_0261.json,110,3,False,11,12,11,11,T,-27.622945081386803,-30,16.55172413793104,0.0,2.432432410518627,6,0.0,240,12,deltaR
train_0261,C:\Users\tao20\Desktop\Algorithm\AIPlayerDesktop\data\蔡扬的\train\train_0261.json,110,4,False,13,6,13,5,T,-39.59051254113845,-30,16.55172413793104,0.0,2.432432410518627,12,0.0,240,12,deltaR
train_0261,C:\Users\tao20\Desktop\Algorithm\AIPlayerDesktop\data\蔡扬的\train\train_0261.json,110,5,False,2,11,2,10,T,-51.558080000890094,-30,16.55172413793104,0.0,2.432432410518627,18,0.0,240,12,pathLen
train_0261,C:\Users\tao20\Desktop\Algorithm\AIPlayerDesktop\data\蔡扬的\train\train_0261.json,110,6,False,3,9,3,8, ,-1e+18,0,0.0,0.0,2.432432410518627,11,0.0,270,0,pathLen
train_0261,C:\Users\tao20\Desktop\Algorithm\AIPlayerDesktop\data\蔡扬的\train\train_0261.json,110,7,False,3,11,3,10, ,-1e+18,0,0.0,0.0,2.432432410518627,17,0.0,270,0,pathLen
train_0261,C:\Users\tao20\Desktop\Algorithm\AIPlayerDesktop\data\蔡扬的\train\train_0261.json,111,1,True,12,9,12,8, ,12.24380165433408,0,16.45714285714286,0.0,2.410714264190051,1,0.0,270,12,Iproxy
train_0261,C:\Users\tao20\Desktop\Algorithm\AIPlayerDesktop\data\蔡扬的\train\train_0261.json,111,2,False,6,1,6,0, ,-15.431198098567705,0,16.45714285714286,0.0,2.410714264190051,15,0.0,270,12,pathLen
train_0261,C:\Users\tao20\Desktop\Algorithm\AIPlayerDesktop\data\蔡扬的\train\train_0261.json,111,3,False,11,12,11,11,T,-29.61691252548097,-30,16.45714285714286,0.0,2.410714264190051,7,0.0,240,12,deltaR
train_0261,C:\Users\tao20\Desktop\Algorithm\AIPlayerDesktop\data\蔡扬的\train\train_0261.json,111,4,False,13,6,13,5,T,-41.477626705296025,-30,16.45714285714286,0.0,2.410714264190051,13,0.0,240,12,pathLen
train_0261,C:\Users\tao20\Desktop\Algorithm\AIPlayerDesktop\data\蔡扬的\train\train_0261.json,111,5,False,2,11,2,10,T,-53.33834088511107,-30,16.45714285714286,0.0,2.410714264190051,19,0.0,240,12,pathLen
train_0261,C:\Users\tao20\Desktop\Algorithm\AIPlayerDesktop\data\蔡扬的\train\train_0261.json,111,6,False,3,9,3,8, ,-1e+18,0,0.0,0.0,2.410714264190051,12,0.0,270,0,pathLen
train_0261,C:\Users\tao20\Desktop\Algorithm\AIPlayerDesktop\data\蔡扬的\train\train_0261.json,111,7,False,3,11,3,10, ,-1e+18,0,0.0,0.0,2.410714264190051,18,0.0,270,0,pathLen
train_0261,C:\Users\tao20\Desktop\Algorithm\AIPlayerDesktop\data\蔡扬的\train\train_0261.json,112,1,True,13,9,13,8, ,12.049313947329097,0,16.27118644067797,0.0,2.389380509828491,1,0.0,270,12,Iproxy
train_0261,C:\Users\tao20\Desktop\Algorithm\AIPlayerDesktop\data\蔡扬的\train\train_0261.json,112,2,False,6,1,6,0, ,-17.34006632356134,0,16.27118644067797,0.0,2.389380509828491,16,0.0,270,12,pathLen
train_0261,C:\Users\tao20\Desktop\Algorithm\AIPlayerDesktop\data\蔡扬的\train\train_0261.json,112,3,False,11,12,11,11,T,-31.66573017908644,-30,16.27118644067797,0.0,2.389380509828491,8,0.0,240,12,deltaR
train_0261,C:\Users\tao20\Desktop\Algorithm\AIPlayerDesktop\data\蔡扬的\train\train_0261.json,112,4,False,13,6,13,5,T,-43.421482287442615,-30,16.27118644067797,0.0,2.389380509828491,14,0.0,240,12,pathLen
train_0261,C:\Users\tao20\Desktop\Algorithm\AIPlayerDesktop\data\蔡扬的\train\train_0261.json,112,5,False,2,11,2,10,T,-55.17723439579879,-30,16.27118644067797,0.0,2.389380509828491,20,0.0,240,12,pathLen
train_0261,C:\Users\tao20\Desktop\Algorithm\AIPlayerDesktop\data\蔡扬的\train\train_0261.json,112,6,False,3,9,3,8, ,-1e+18,0,0.0,0.0,2.389380509828491,13,0.0,270,0,pathLen
train_0261,C:\Users\tao20\Desktop\Algorithm\AIPlayerDesktop\data\蔡扬的\train\train_0261.json,112,7,False,3,11,3,10, ,-1e+18,0,0.0,0.0,2.389380509828491,19,0.0,270,0,pathLen
train_0261,C:\Users\tao20\Desktop\Algorithm\AIPlayerDesktop\data\蔡扬的\train\train_0261.json,113,1,True,6,1,6,0, ,-19.222152451840863,0,16.08938547486034,0.0,2.3684210318559558,17,0.0,270,12,pathLen
train_0261,C:\Users\tao20\Desktop\Algorithm\AIPlayerDesktop\data\蔡扬的\train\train_0261.json,113,2,False,11,12,11,11,T,-33.685310482865795,-30,16.08938547486034,0.0,2.3684210318559558,9,0.0,240,12,deltaR
train_0261,C:\Users\tao20\Desktop\Algorithm\AIPlayerDesktop\data\蔡扬的\train\train_0261.json,113,3,False,13,6,13,5,T,-45.337941959597096,-30,16.08938547486034,0.0,2.3684210318559558,15,0.0,240,12,pathLen
train_0261,C:\Users\tao20\Desktop\Algorithm\AIPlayerDesktop\data\蔡扬的\train\train_0261.json,113,4,False,2,11,2,10,T,-56.9905734363284,-30,16.08938547486034,0.0,2.3684210318559558,21,0.0,240,12,pathLen
train_0261,C:\Users\tao20\Desktop\Algorithm\AIPlayerDesktop\data\蔡扬的\train\train_0261.json,113,5,False,3,9,3,8, ,-1e+18,0,0.0,0.0,2.3684210318559558,14,0.0,270,0,pathLen
train_0261,C:\Users\tao20\Desktop\Algorithm\AIPlayerDesktop\data\蔡扬的\train\train_0261.json,113,6,False,3,11,3,10, ,-1e+18,0,0.0,0.0,2.3684210318559558,20,0.0,270,0,pathLen
train_0261,C:\Users\tao20\Desktop\Algorithm\AIPlayerDesktop\data\蔡扬的\train\train_0261.json,114,1,True,6,1,6,0, ,-17.056600057673165,0,16.08938547486034,0.0,2.3478260665406427,16,0.0,270,12,pathLen
train_0261,C:\Users\tao20\Desktop\Algorithm\AIPlayerDesktop\data\蔡扬的\train\train_0261.json,114,2,False,11,12,11,11,T,-31.65486106116655,-30,16.08938547486034,0.0,2.3478260665406427,8,0.0,240,12,deltaR
train_0261,C:\Users\tao20\Desktop\Algorithm\AIPlayerDesktop\data\蔡扬的\train\train_0261.json,114,3,False,13,6,13,5,T,-43.20616530854651,-30,16.08938547486034,0.0,2.3478260665406427,14,0.0,240,12,pathLen
train_0261,C:\Users\tao20\Desktop\Algorithm\AIPlayerDesktop\data\蔡扬的\train\train_0261.json,114,4,False,2,11,2,10,T,-54.75746955592648,-30,16.08938547486034,0.0,2.3478260665406427,20,0.0,240,12,pathLen
train_0261,C:\Users\tao20\Desktop\Algorithm\AIPlayerDesktop\data\蔡扬的\train\train_0261.json,114,5,False,3,9,3,8, ,-1e+18,0,0.0,0.0,2.3478260665406427,13,0.0,270,0,pathLen
train_0261,C:\Users\tao20\Desktop\Algorithm\AIPlayerDesktop\data\蔡扬的\train\train_0261.json,114,6,False,3,11,3,10, ,-1e+18,0,0.0,0.0,2.3478260665406427,19,0.0,270,0,pathLen
train_0261,C:\Users\tao20\Desktop\Algorithm\AIPlayerDesktop\data\蔡扬的\train\train_0261.json,115,1,True,6,1,6,0, ,-14.919839200195993,0,16.08938547486034,0.0,2.327586186831154,15,0.0,270,12,pathLen
train_0261,C:\Users\tao20\Desktop\Algorithm\AIPlayerDesktop\data\蔡扬的\train\train_0261.json,115,2,False,11,12,11,11,T,-29.650873814583626,-30,16.08938547486034,0.0,2.327586186831154,7,0.0,240,12,deltaR
train_0261,C:\Users\tao20\Desktop\Algorithm\AIPlayerDesktop\data\蔡扬的\train\train_0261.json,115,3,False,13,6,13,5,T,-41.1025978537929,-30,16.08938547486034,0.0,2.327586186831154,13,0.0,240,12,pathLen
train_0261,C:\Users\tao20\Desktop\Algorithm\AIPlayerDesktop\data\蔡扬的\train\train_0261.json,115,4,False,2,11,2,10,T,-52.55432189300218,-30,16.08938547486034,0.0,2.327586186831154,19,0.0,240,12,pathLen
train_0261,C:\Users\tao20\Desktop\Algorithm\AIPlayerDesktop\data\蔡扬的\train\train_0261.json,115,5,False,3,9,3,8, ,-1e+18,0,0.0,0.0,2.327586186831154,12,0.0,270,0,pathLen
train_0261,C:\Users\tao20\Desktop\Algorithm\AIPlayerDesktop\data\蔡扬的\train\train_0261.json,115,6,False,3,11,3,10, ,-1e+18,0,0.0,0.0,2.327586186831154,18,0.0,270,0,pathLen
train_0261,C:\Users\tao20\Desktop\Algorithm\AIPlayerDesktop\data\蔡扬的\train\train_0261.json,116,1,True,6,1,6,0, ,-12.812762198060813,0,16.08938547486034,0.0,2.307692287968442,14,0.0,270,12,pathLen
train_0261,C:\Users\tao20\Desktop\Algorithm\AIPlayerDesktop\data\蔡扬的\train\train_0261.json,116,2,False,11,12,11,11,T,-27.674300788987836,-30,16.08938547486034,0.0,2.307692287968442,6,0.0,240,12,deltaR
train_0261,C:\Users\tao20\Desktop\Algorithm\AIPlayerDesktop\data\蔡扬的\train\train_0261.json,116,3,False,13,6,13,5,T,-39.02814684579257,-30,16.08938547486034,0.0,2.307692287968442,12,0.0,240,12,deltaR
train_0261,C:\Users\tao20\Desktop\Algorithm\AIPlayerDesktop\data\蔡扬的\train\train_0261.json,116,4,False,2,11,2,10,T,-50.381992902597304,-30,16.08938547486034,0.0,2.307692287968442,18,0.0,240,12,pathLen
train_0261,C:\Users\tao20\Desktop\Algorithm\AIPlayerDesktop\data\蔡扬的\train\train_0261.json,116,5,False,3,9,3,8, ,-1e+18,0,0.0,0.0,2.307692287968442,11,0.0,270,0,pathLen
train_0261,C:\Users\tao20\Desktop\Algorithm\AIPlayerDesktop\data\蔡扬的\train\train_0261.json,116,6,False,3,11,3,10, ,-1e+18,0,0.0,0.0,2.307692287968442,17,0.0,270,0,pathLen
train_0261,C:\Users\tao20\Desktop\Algorithm\AIPlayerDesktop\data\蔡扬的\train\train_0261.json,117,1,True,6,1,6,0, ,-10.73592045321231,0,16.08938547486034,0.0,2.2881355738293596,13,0.0,270,12,pathLen
train_0261,C:\Users\tao20\Desktop\Algorithm\AIPlayerDesktop\data\蔡扬的\train\train_0261.json,117,2,False,11,12,11,11,T,-25.725751088891712,-30,16.08938547486034,0.0,2.2881355738293596,5,0.0,240,12,deltaR
train_0261,C:\Users\tao20\Desktop\Algorithm\AIPlayerDesktop\data\蔡扬的\train\train_0261.json,117,3,False,13,6,13,5,T,-36.98337811213216,-30,16.08938547486034,0.0,2.2881355738293596,11,0.0,240,12,deltaR
train_0261,C:\Users\tao20\Desktop\Algorithm\AIPlayerDesktop\data\蔡扬的\train\train_0261.json,117,4,False,2,11,2,10,T,-48.24100513537261,-30,16.08938547486034,0.0,2.2881355738293596,17,0.0,240,12,pathLen
train_0261,C:\Users\tao20\Desktop\Algorithm\AIPlayerDesktop\data\蔡扬的\train\train_0261.json,117,5,False,3,9,3,8, ,-1e+18,0,0.0,0.0,2.2881355738293596,10,0.0,270,0,pathLen
train_0261,C:\Users\tao20\Desktop\Algorithm\AIPlayerDesktop\data\蔡扬的\train\train_0261.json,117,6,False,3,11,3,10, ,-1e+18,0,0.0,0.0,2.2881355738293596,16,0.0,270,0,pathLen
train_0261,C:\Users\tao20\Desktop\Algorithm\AIPlayerDesktop\data\蔡扬的\train\train_0261.json,118,1,True,6,1,6,0, ,-8.689597871952127,0,16.08938547486034,0.0,2.2689075439587603,12,0.0,270,12,pathLen
train_0261,C:\Users\tao20\Desktop\Algorithm\AIPlayerDesktop\data\蔡扬的\train\train_0261.json,118,2,False,11,12,11,11,T,-27.526572755675026,-30,16.08938547486034,0.0,2.2689075439587603,6,0.0,240,12,deltaR
train_0261,C:\Users\tao20\Desktop\Algorithm\AIPlayerDesktop\data\蔡扬的\train\train_0261.json,118,3,False,13,6,13,5,T,-34.96858949985976,-30,16.08938547486034,0.0,2.2689075439587603,10,0.0,240,12,deltaR
train_0261,C:\Users\tao20\Desktop\Algorithm\AIPlayerDesktop\data\蔡扬的\train\train_0261.json,118,4,False,2,11,2,10,T,-46.13161461613686,-30,16.08938547486034,0.0,2.2689075439587603,16,0.0,240,12,pathLen
train_0261,C:\Users\tao20\Desktop\Algorithm\AIPlayerDesktop\data\蔡扬的\train\train_0261.json,118,5,False,3,9,3,8, ,-1e+18,0,0.0,0.0,2.2689075439587603,9,0.0,270,0,pathLen
train_0261,C:\Users\tao20\Desktop\Algorithm\AIPlayerDesktop\data\蔡扬的\train\train_0261.json,118,6,False,3,11,3,10, ,-1e+18,0,0.0,0.0,2.2689075439587603,15,0.0,270,0,pathLen
train_0261,C:\Users\tao20\Desktop\Algorithm\AIPlayerDesktop\data\蔡扬的\train\train_0261.json,119,1,True,6,1,6,0, ,-6.673869392838199,0,16.08938547486034,0.0,2.2499999812500002,11,0.0,270,12,pathLen
train_0261,C:\Users\tao20\Desktop\Algorithm\AIPlayerDesktop\data\蔡扬的\train\train_0261.json,119,2,False,11,12,11,11,T,-29.2938694543382,-30,16.08938547486034,0.0,2.2499999812500002,7,0.0,240,12,deltaR
train_0261,C:\Users\tao20\Desktop\Algorithm\AIPlayerDesktop\data\蔡扬的\train\train_0261.json,119,3,False,13,6,13,5,T,-32.9838694235882,-30,16.08938547486034,0.0,2.2499999812500002,9,0.0,240,12,deltaR
train_0261,C:\Users\tao20\Desktop\Algorithm\AIPlayerDesktop\data\蔡扬的\train\train_0261.json,119,4,False,2,11,2,10,T,-44.0538693313382,-30,16.08938547486034,0.0,2.2499999812500002,15,0.0,240,12,pathLen
train_0261,C:\Users\tao20\Desktop\Algorithm\AIPlayerDesktop\data\蔡扬的\train\train_0261.json,119,5,False,3,9,3,8, ,-1e+18,0,0.0,0.0,2.2499999812500002,8,0.0,270,0,pathLen
train_0261,C:\Users\tao20\Desktop\Algorithm\AIPlayerDesktop\data\蔡扬的\train\train_0261.json,119,6,False,3,11,3,10, ,-1e+18,0,0.0,0.0,2.2499999812500002,14,0.0,270,0,pathLen
train_0261,C:\Users\tao20\Desktop\Algorithm\AIPlayerDesktop\data\蔡扬的\train\train_0261.json,120,1,True,6,1,6,0, ,-4.688647609953264,0,16.08938547486034,0.0,2.231404940236323,10,0.0,270,12,pathLen
train_0261,C:\Users\tao20\Desktop\Algorithm\AIPlayerDesktop\data\蔡扬的\train\train_0261.json,120,2,False,11,12,11,11,T,-31.029143507965696,-30,16.08938547486034,0.0,2.231404940236323,8,0.0,240,12,deltaR
train_0261,C:\Users\tao20\Desktop\Algorithm\AIPlayerDesktop\data\蔡扬的\train\train_0261.json,120,3,False,13,6,13,5,T,-34.688647609953264,-30,16.08938547486034,0.0,2.231404940236323,10,0.0,240,12,deltaR
train_0261,C:\Users\tao20\Desktop\Algorithm\AIPlayerDesktop\data\蔡扬的\train\train_0261.json,120,4,False,2,11,2,10,T,-42.00765581392841,-30,16.08938547486034,0.0,2.231404940236323,14,0.0,240,12,pathLen
train_0261,C:\Users\tao20\Desktop\Algorithm\AIPlayerDesktop\data\蔡扬的\train\train_0261.json,120,5,False,3,9,3,8, ,-1e+18,0,0.0,0.0,2.231404940236323,7,0.0,270,0,pathLen
train_0261,C:\Users\tao20\Desktop\Algorithm\AIPlayerDesktop\data\蔡扬的\train\train_0261.json,120,6,False,3,11,3,10, ,-1e+18,0,0.0,0.0,2.231404940236323,13,0.0,270,0,pathLen
train_0261,C:\Users\tao20\Desktop\Algorithm\AIPlayerDesktop\data\蔡扬的\train\train_0261.json,121,1,True,6,1,6,0, ,-2.73371988182779,0,16.08938547486034,0.0,2.213114735958076,9,0.0,270,12,pathLen
train_0261,C:\Users\tao20\Desktop\Algorithm\AIPlayerDesktop\data\蔡扬的\train\train_0261.json,121,2,False,11,12,11,11,T,-32.73371988182779,-30,16.08938547486034,0.0,2.213114735958076,9,0.0,240,12,deltaR
train_0261,C:\Users\tao20\Desktop\Algorithm\AIPlayerDesktop\data\蔡扬的\train\train_0261.json,121,3,False,13,6,13,5,T,-36.36322804879903,-30,16.08938547486034,0.0,2.213114735958076,11,0.0,240,12,deltaR
train_0261,C:\Users\tao20\Desktop\Algorithm\AIPlayerDesktop\data\蔡扬的\train\train_0261.json,121,4,False,2,11,2,10,T,-39.99273621577028,-30,16.08938547486034,0.0,2.213114735958076,13,0.0,240,12,deltaR
train_0261,C:\Users\tao20\Desktop\Algorithm\AIPlayerDesktop\data\蔡扬的\train\train_0261.json,121,5,False,3,9,3,8, ,-1e+18,0,0.0,0.0,2.213114735958076,6,0.0,270,0,pathLen
train_0261,C:\Users\tao20\Desktop\Algorithm\AIPlayerDesktop\data\蔡扬的\train\train_0261.json,121,6,False,3,11,3,10, ,-1e+18,0,0.0,0.0,2.213114735958076,12,0.0,270,0,pathLen
train_0261,C:\Users\tao20\Desktop\Algorithm\AIPlayerDesktop\data\蔡扬的\train\train_0261.json,122,1,True,6,1,6,0, ,-0.8087778377374413,0,16.08938547486034,0.0,2.1951219333729926,8,0.0,270,12,pathLen
train_0261,C:\Users\tao20\Desktop\Algorithm\AIPlayerDesktop\data\蔡扬的\train\train_0261.json,122,2,False,11,12,11,11,T,-34.40877780846915,-30,16.08938547486034,0.0,2.1951219333729926,10,0.0,240,12,deltaR
train_0261,C:\Users\tao20\Desktop\Algorithm\AIPlayerDesktop\data\蔡扬的\train\train_0261.json,122,3,False,13,6,13,5,T,-38.008777779200855,-30,16.08938547486034,0.0,2.1951219333729926,12,0.0,240,12,deltaR
train_0261,C:\Users\tao20\Desktop\Algorithm\AIPlayerDesktop\data\蔡扬的\train\train_0261.json,122,4,False,2,11,2,10,T,-41.60877774993256,-30,16.08938547486034,0.0,2.1951219333729926,14,0.0,240,12,pathLen
train_0261,C:\Users\tao20\Desktop\Algorithm\AIPlayerDesktop\data\蔡扬的\train\train_0261.json,122,5,False,3,9,3,8, ,-1e+18,0,0.0,0.0,2.1951219333729926,7,0.0,270,0,pathLen
train_0261,C:\Users\tao20\Desktop\Algorithm\AIPlayerDesktop\data\蔡扬的\train\train_0261.json,122,6,False,3,11,3,10, ,-1e+18,0,0.0,0.0,2.1951219333729926,13,0.0,270,0,pathLen
train_0261,C:\Users\tao20\Desktop\Algorithm\AIPlayerDesktop\data\蔡扬的\train\train_0261.json,123,1,True,6,1,6,0, ,1.0865591897259002,0,16.08938547486034,0.0,2.1774193372788764,7,0.0,270,12,Iproxy
train_0261,C:\Users\tao20\Desktop\Algorithm\AIPlayerDesktop\data\蔡扬的\train\train_0261.json,123,2,False,11,12,11,11,T,-36.05537623654882,-30,16.08938547486034,0.0,2.1774193372788764,11,0.0,240,12,deltaR
train_0261,C:\Users\tao20\Desktop\Algorithm\AIPlayerDesktop\data\蔡扬的\train\train_0261.json,123,3,False,13,6,13,5,T,-39.626343949686174,-30,16.08938547486034,0.0,2.1774193372788764,13,0.0,240,12,deltaR
train_0261,C:\Users\tao20\Desktop\Algorithm\AIPlayerDesktop\data\蔡扬的\train\train_0261.json,123,4,False,2,11,2,10,T,-43.19731166282353,-30,16.08938547486034,0.0,2.1774193372788764,15,0.0,240,12,pathLen
train_0261,C:\Users\tao20\Desktop\Algorithm\AIPlayerDesktop\data\蔡扬的\train\train_0261.json,123,5,False,3,9,3,8, ,-1e+18,0,0.0,0.0,2.1774193372788764,8,0.0,270,0,pathLen
train_0261,C:\Users\tao20\Desktop\Algorithm\AIPlayerDesktop\data\蔡扬的\train\train_0261.json,123,6,False,3,11,3,10, ,-1e+18,0,0.0,0.0,2.1774193372788764,14,0.0,270,0,pathLen
train_0261,C:\Users\tao20\Desktop\Algorithm\AIPlayerDesktop\data\蔡扬的\train\train_0261.json,124,1,True,6,1,6,0, ,2.952725583138065,0,16.08938547486034,0.0,2.15999998272,6,0.0,270,12,Iproxy
train_0261,C:\Users\tao20\Desktop\Algorithm\AIPlayerDesktop\data\蔡扬的\train\train_0261.json,124,2,False,11,12,11,11,T,-37.67447433184434,-30,16.08938547486034,0.0,2.15999998272,12,0.0,240,12,deltaR
train_0261,C:\Users\tao20\Desktop\Algorithm\AIPlayerDesktop\data\蔡扬的\train\train_0261.json,124,3,False,13,6,13,5,T,-41.216874303505136,-30,16.08938547486034,0.0,2.15999998272,14,0.0,240,12,pathLen
train_0261,C:\Users\tao20\Desktop\Algorithm\AIPlayerDesktop\data\蔡扬的\train\train_0261.json,124,4,False,2,11,2,10,T,-44.759274275165936,-30,16.08938547486034,0.0,2.15999998272,16,0.0,240,12,pathLen
train_0261,C:\Users\tao20\Desktop\Algorithm\AIPlayerDesktop\data\蔡扬的\train\train_0261.json,124,5,False,3,9,3,8, ,-1e+18,0,0.0,0.0,2.15999998272,9,0.0,270,0,pathLen
train_0261,C:\Users\tao20\Desktop\Algorithm\AIPlayerDesktop\data\蔡扬的\train\train_0261.json,124,6,False,3,11,3,10, ,-1e+18,0,0.0,0.0,2.15999998272,15,0.0,270,0,pathLen
train_0261,C:\Users\tao20\Desktop\Algorithm\AIPlayerDesktop\data\蔡扬的\train\train_0261.json,125,1,True,6,1,6,0, ,4.790194732065123,0,16.08938547486034,0.0,2.14285712585034,5,0.0,270,12,Iproxy
train_0261,C:\Users\tao20\Desktop\Algorithm\AIPlayerDesktop\data\蔡扬的\train\train_0261.json,125,2,False,11,12,11,11,T,-39.26694801351311,-30,16.08938547486034,0.0,2.14285712585034,13,0.0,240,12,deltaR
train_0261,C:\Users\tao20\Desktop\Algorithm\AIPlayerDesktop\data\蔡扬的\train\train_0261.json,125,3,False,13,6,13,5,T,-42.781233699907666,-30,16.08938547486034,0.0,2.14285712585034,15,0.0,240,12,pathLen
train_0261,C:\Users\tao20\Desktop\Algorithm\AIPlayerDesktop\data\蔡扬的\train\train_0261.json,125,4,False,2,11,2,10,T,-46.295519386302225,-30,16.08938547486034,0.0,2.14285712585034,17,0.0,240,12,pathLen
train_0261,C:\Users\tao20\Desktop\Algorithm\AIPlayerDesktop\data\蔡扬的\train\train_0261.json,125,5,False,3,9,3,8, ,-1e+18,0,0.0,0.0,2.14285712585034,10,0.0,270,0,pathLen
train_0261,C:\Users\tao20\Desktop\Algorithm\AIPlayerDesktop\data\蔡扬的\train\train_0261.json,125,6,False,3,11,3,10, ,-1e+18,0,0.0,0.0,2.14285712585034,16,0.0,270,0,pathLen
train_0261,C:\Users\tao20\Desktop\Algorithm\AIPlayerDesktop\data\蔡扬的\train\train_0261.json,126,1,True,6,1,6,0, ,6.599467416446974,0,16.08938547486034,0.0,2.125984235228471,4,0.0,270,12,Iproxy
train_0261,C:\Users\tao20\Desktop\Algorithm\AIPlayerDesktop\data\蔡扬的\train\train_0261.json,126,2,False,11,12,11,11,T,-40.83360331242648,-30,16.08938547486034,0.0,2.125984235228471,14,0.0,240,12,deltaR
train_0261,C:\Users\tao20\Desktop\Algorithm\AIPlayerDesktop\data\蔡扬的\train\train_0261.json,126,3,False,13,6,13,5,T,-44.32021745820117,-30,16.08938547486034,0.0,2.125984235228471,16,0.0,240,12,pathLen
train_0261,C:\Users\tao20\Desktop\Algorithm\AIPlayerDesktop\data\蔡扬的\train\train_0261.json,126,4,False,2,11,2,10,T,-47.806831603975866,-30,16.08938547486034,0.0,2.125984235228471,18,0.0,240,12,pathLen
train_0261,C:\Users\tao20\Desktop\Algorithm\AIPlayerDesktop\data\蔡扬的\train\train_0261.json,126,5,False,3,9,3,8, ,-1e+18,0,0.0,0.0,2.125984235228471,11,0.0,270,0,pathLen
train_0261,C:\Users\tao20\Desktop\Algorithm\AIPlayerDesktop\data\蔡扬的\train\train_0261.json,126,6,False,3,11,3,10, ,-1e+18,0,0.0,0.0,2.125984235228471,17,0.0,270,0,pathLen
train_0261,C:\Users\tao20\Desktop\Algorithm\AIPlayerDesktop\data\蔡扬的\train\train_0261.json,127,1,True,6,1,6,0, ,8.381062656491778,0,16.08938547486034,0.0,2.109374983520508,3,0.0,270,12,Iproxy
train_0261,C:\Users\tao20\Desktop\Algorithm\AIPlayerDesktop\data\蔡扬的\train\train_0261.json,127,2,False,11,12,11,11,T,-42.375187181350014,-30,16.08938547486034,0.0,2.109374983520508,15,0.0,240,12,pathLen
train_0261,C:\Users\tao20\Desktop\Algorithm\AIPlayerDesktop\data\蔡扬的\train\train_0261.json,127,3,False,13,6,13,5,T,-45.83456215432365,-30,16.08938547486034,0.0,2.109374983520508,17,0.0,240,12,pathLen
train_0261,C:\Users\tao20\Desktop\Algorithm\AIPlayerDesktop\data\蔡扬的\train\train_0261.json,127,4,False,2,11,2,10,T,-49.29393712729728,-30,16.08938547486034,0.0,2.109374983520508,19,0.0,240,12,pathLen
train_0261,C:\Users\tao20\Desktop\Algorithm\AIPlayerDesktop\data\蔡扬的\train\train_0261.json,127,5,False,3,9,3,8, ,-1e+18,0,0.0,0.0,2.109374983520508,12,0.0,270,0,pathLen
train_0261,C:\Users\tao20\Desktop\Algorithm\AIPlayerDesktop\data\蔡扬的\train\train_0261.json,127,6,False,3,11,3,10, ,-1e+18,0,0.0,0.0,2.109374983520508,18,0.0,270,0,pathLen
train_0261,C:\Users\tao20\Desktop\Algorithm\AIPlayerDesktop\data\蔡扬的\train\train_0261.json,128,1,True,6,1,6,0, ,10.135510529391018,0,16.08938547486034,0.0,2.093023239588967,2,0.0,270,12,Iproxy
train_0261,C:\Users\tao20\Desktop\Algorithm\AIPlayerDesktop\data\蔡扬的\train\train_0261.json,128,2,False,11,12,11,11,T,-43.892396261090326,-30,16.08938547486034,0.0,2.093023239588967,16,0.0,240,12,pathLen
train_0261,C:\Users\tao20\Desktop\Algorithm\AIPlayerDesktop\data\蔡扬的\train\train_0261.json,128,3,False,13,6,13,5,T,-47.32495437401623,-30,16.08938547486034,0.0,2.093023239588967,18,0.0,240,12,pathLen
train_0261,C:\Users\tao20\Desktop\Algorithm\AIPlayerDesktop\data\蔡扬的\train\train_0261.json,128,4,False,2,11,2,10,T,-50.75751248694213,-30,16.08938547486034,0.0,2.093023239588967,20,0.0,240,12,pathLen
train_0261,C:\Users\tao20\Desktop\Algorithm\AIPlayerDesktop\data\蔡扬的\train\train_0261.json,128,5,False,3,9,3,8, ,-1e+18,0,0.0,0.0,2.093023239588967,13,0.0,270,0,pathLen
train_0261,C:\Users\tao20\Desktop\Algorithm\AIPlayerDesktop\data\蔡扬的\train\train_0261.json,128,6,False,3,11,3,10, ,-1e+18,0,0.0,0.0,2.093023239588967,19,0.0,270,0,pathLen
train_0261,C:\Users\tao20\Desktop\Algorithm\AIPlayerDesktop\data\蔡扬的\train\train_0261.json,129,1,True,6,1,6,0, ,11.863346553432352,0,16.08938547486034,0.0,2.0769230609467457,1,0.0,270,12,Iproxy
train_0261,C:\Users\tao20\Desktop\Algorithm\AIPlayerDesktop\data\蔡扬的\train\train_0261.json,129,2,False,11,12,11,11,T,-45.38588400618895,-30,16.08938547486034,0.0,2.0769230609467457,17,0.0,240,12,pathLen
train_0261,C:\Users\tao20\Desktop\Algorithm\AIPlayerDesktop\data\蔡扬的\train\train_0261.json,129,3,False,13,6,13,5,T,-48.792037826141616,-30,16.08938547486034,0.0,2.0769230609467457,19,0.0,240,12,pathLen
train_0261,C:\Users\tao20\Desktop\Algorithm\AIPlayerDesktop\data\蔡扬的\train\train_0261.json,129,4,False,2,11,2,10,T,-52.19819164609428,-30,16.08938547486034,0.0,2.0769230609467457,21,0.0,240,12,pathLen
train_0261,C:\Users\tao20\Desktop\Algorithm\AIPlayerDesktop\data\蔡扬的\train\train_0261.json,129,5,False,3,9,3,8, ,-1e+18,0,0.0,0.0,2.0769230609467457,14,0.0,270,0,pathLen
train_0261,C:\Users\tao20\Desktop\Algorithm\AIPlayerDesktop\data\蔡扬的\train\train_0261.json,129,6,False,3,11,3,10, ,-1e+18,0,0.0,0.0,2.0769230609467457,20,0.0,270,0,pathLen
train_0261,C:\Users\tao20\Desktop\Algorithm\AIPlayerDesktop\data\蔡扬的\train\train_0261.json,130,1,True,7,1,7,0, ,11.62498506874577,0,15.824175824175825,0.0,2.0610686865567276,1,0.0,270,12,Iproxy
train_0261,C:\Users\tao20\Desktop\Algorithm\AIPlayerDesktop\data\蔡扬的\train\train_0261.json,130,2,False,7,2,7,1, ,9.934908745769253,0,15.824175824175825,0.0,2.0610686865567276,2,0.0,270,12,Iproxy
train_0261,C:\Users\tao20\Desktop\Algorithm\AIPlayerDesktop\data\蔡扬的\train\train_0261.json,130,3,False,11,12,11,11,T,-47.10631242185501,-30,15.824175824175825,0.0,2.0610686865567276,18,0.0,240,12,pathLen
train_0261,C:\Users\tao20\Desktop\Algorithm\AIPlayerDesktop\data\蔡扬的\train\train_0261.json,130,4,False,13,6,13,5,T,-50.48646506780804,-30,15.824175824175825,0.0,2.0610686865567276,20,0.0,240,12,pathLen
train_0261,C:\Users\tao20\Desktop\Algorithm\AIPlayerDesktop\data\蔡扬的\train\train_0261.json,130,5,False,2,11,2,10,T,-53.86661771376107,-30,15.824175824175825,0.0,2.0610686865567276,22,0.0,240,12,pathLen
train_0261,C:\Users\tao20\Desktop\Algorithm\AIPlayerDesktop\data\蔡扬的\train\train_0261.json,130,6,False,3,9,3,8, ,-1e+18,0,0.0,0.0,2.0610686865567276,15,0.0,270,0,pathLen
train_0261,C:\Users\tao20\Desktop\Algorithm\AIPlayerDesktop\data\蔡扬的\train\train_0261.json,130,7,False,3,11,3,10, ,-1e+18,0,0.0,0.0,2.0610686865567276,21,0.0,270,0,pathLen
train_0261,C:\Users\tao20\Desktop\Algorithm\AIPlayerDesktop\data\蔡扬的\train\train_0261.json,131,1,True,7,2,7,1, ,11.373926815129774,0,15.567567567567568,0.0,2.0454545299586777,1,0.0,270,12,Iproxy
train_0261,C:\Users\tao20\Desktop\Algorithm\AIPlayerDesktop\data\蔡扬的\train\train_0261.json,131,2,False,8,1,8,0, ,11.373926815129774,0,15.567567567567568,0.0,2.0454545299586777,1,0.0,270,12,Iproxy
train_0261,C:\Users\tao20\Desktop\Algorithm\AIPlayerDesktop\data\蔡扬的\train\train_0261.json,131,3,False,11,12,11,11,T,-48.81698204706031,-30,15.567567567567568,0.0,2.0454545299586777,19,0.0,240,12,pathLen
train_0261,C:\Users\tao20\Desktop\Algorithm\AIPlayerDesktop\data\蔡扬的\train\train_0261.json,131,4,False,13,6,13,5,T,-52.17152747619254,-30,15.567567567567568,0.0,2.0454545299586777,21,0.0,240,12,pathLen
train_0261,C:\Users\tao20\Desktop\Algorithm\AIPlayerDesktop\data\蔡扬的\train\train_0261.json,131,5,False,2,11,2,10,T,-55.52607290532477,-30,15.567567567567568,0.0,2.0454545299586777,23,0.0,240,12,pathLen
train_0261,C:\Users\tao20\Desktop\Algorithm\AIPlayerDesktop\data\蔡扬的\train\train_0261.json,131,6,False,3,9,3,8, ,-1e+18,0,0.0,0.0,2.0454545299586777,16,0.0,270,0,pathLen
train_0261,C:\Users\tao20\Desktop\Algorithm\AIPlayerDesktop\data\蔡扬的\train\train_0261.json,131,7,False,3,11,3,10, ,-1e+18,0,0.0,0.0,2.0454545299586777,22,0.0,270,0,pathLen
train_0261,C:\Users\tao20\Desktop\Algorithm\AIPlayerDesktop\data\蔡扬的\train\train_0261.json,132,1,True,8,1,8,0, ,9.527077962393175,0,15.401069518716572,0.0,2.030075172706202,2,0.0,270,12,Iproxy
train_0261,C:\Users\tao20\Desktop\Algorithm\AIPlayerDesktop\data\蔡扬的\train\train_0261.json,132,2,False,11,12,11,11,T,-50.43683158675036,-30,15.401069518716572,0.0,2.030075172706202,20,0.0,240,12,pathLen
train_0261,C:\Users\tao20\Desktop\Algorithm\AIPlayerDesktop\data\蔡扬的\train\train_0261.json,132,3,False,13,6,13,5,T,-53.76615486998853,-30,15.401069518716572,0.0,2.030075172706202,22,0.0,240,12,pathLen
train_0261,C:\Users\tao20\Desktop\Algorithm\AIPlayerDesktop\data\蔡扬的\train\train_0261.json,132,4,False,2,11,2,10,T,-57.0954781532267,-30,15.401069518716572,0.0,2.030075172706202,24,0.0,240,12,pathLen
train_0261,C:\Users\tao20\Desktop\Algorithm\AIPlayerDesktop\data\蔡扬的\train\train_0261.json,132,5,False,3,9,3,8, ,-1e+18,0,0.0,0.0,2.030075172706202,17,0.0,270,0,pathLen
train_0261,C:\Users\tao20\Desktop\Algorithm\AIPlayerDesktop\data\蔡扬的\train\train_0261.json,132,6,False,3,11,3,10, ,-1e+18,0,0.0,0.0,2.030075172706202,23,0.0,270,0,pathLen
train_0261,C:\Users\tao20\Desktop\Algorithm\AIPlayerDesktop\data\蔡扬的\train\train_0261.json,132,7,False,7,3,7,2, ,-1e+18,0,0.0,0.0,2.030075172706202,1,0.0,270,0,pathLen
train_0261,C:\Users\tao20\Desktop\Algorithm\AIPlayerDesktop\data\蔡扬的\train\train_0261.json,133,1,True,8,1,8,0, ,11.15999184210609,0,15.401069518716572,0.0,2.014925358097572,1,0.0,270,12,Iproxy
train_0261,C:\Users\tao20\Desktop\Algorithm\AIPlayerDesktop\data\蔡扬的\train\train_0261.json,133,2,False,11,12,11,11,T,-48.580306443414074,-30,15.401069518716572,0.0,2.014925358097572,19,0.0,240,12,pathLen
train_0261,C:\Users\tao20\Desktop\Algorithm\AIPlayerDesktop\data\蔡扬的\train\train_0261.json,133,3,False,13,6,13,5,T,-51.88478403069409,-30,15.401069518716572,0.0,2.014925358097572,21,0.0,240,12,pathLen
train_0261,C:\Users\tao20\Desktop\Algorithm\AIPlayerDesktop\data\蔡扬的\train\train_0261.json,133,4,False,2,11,2,10,T,-55.18926161797411,-30,15.401069518716572,0.0,2.014925358097572,23,0.0,240,12,pathLen
train_0261,C:\Users\tao20\Desktop\Algorithm\AIPlayerDesktop\data\蔡扬的\train\train_0261.json,133,5,False,3,9,3,8, ,-1e+18,0,0.0,0.0,2.014925358097572,16,0.0,270,0,pathLen
train_0261,C:\Users\tao20\Desktop\Algorithm\AIPlayerDesktop\data\蔡扬的\train\train_0261.json,133,6,False,3,11,3,10, ,-1e+18,0,0.0,0.0,2.014925358097572,22,0.0,270,0,pathLen
train_0261,C:\Users\tao20\Desktop\Algorithm\AIPlayerDesktop\data\蔡扬的\train\train_0261.json,133,7,False,7,3,7,2, ,-1e+18,0,0.0,0.0,2.014925358097572,2,0.0,270,0,pathLen
train_0261,C:\Users\tao20\Desktop\Algorithm\AIPlayerDesktop\data\蔡扬的\train\train_0261.json,134,1,True,9,1,9,0, ,10.909587923240867,0,15.157894736842103,0.0,1.9999999851851853,1,0.0,270,12,Iproxy
train_0261,C:\Users\tao20\Desktop\Algorithm\AIPlayerDesktop\data\蔡扬的\train\train_0261.json,134,2,False,11,12,11,11,T,-50.25041184594431,-30,15.157894736842103,0.0,1.9999999851851853,20,0.0,240,12,pathLen
train_0261,C:\Users\tao20\Desktop\Algorithm\AIPlayerDesktop\data\蔡扬的\train\train_0261.json,134,3,False,13,6,13,5,T,-53.530411821648016,-30,15.157894736842103,0.0,1.9999999851851853,22,0.0,240,12,pathLen
train_0261,C:\Users\tao20\Desktop\Algorithm\AIPlayerDesktop\data\蔡扬的\train\train_0261.json,134,4,False,2,11,2,10,T,-56.81041179735173,-30,15.157894736842103,0.0,1.9999999851851853,24,0.0,240,12,pathLen
train_0261,C:\Users\tao20\Desktop\Algorithm\AIPlayerDesktop\data\蔡扬的\train\train_0261.json,134,5,False,3,9,3,8, ,-1e+18,0,0.0,0.0,1.9999999851851853,17,0.0,270,0,pathLen
train_0261,C:\Users\tao20\Desktop\Algorithm\AIPlayerDesktop\data\蔡扬的\train\train_0261.json,134,6,False,3,11,3,10, ,-1e+18,0,0.0,0.0,1.9999999851851853,23,0.0,270,0,pathLen
train_0261,C:\Users\tao20\Desktop\Algorithm\AIPlayerDesktop\data\蔡扬的\train\train_0261.json,134,7,False,7,3,7,2, ,-1e+18,0,0.0,0.0,1.9999999851851853,3,0.0,270,0,pathLen
train_0261,C:\Users\tao20\Desktop\Algorithm\AIPlayerDesktop\data\蔡扬的\train\train_0261.json,135,1,True,10,1,10,0, ,10.653802539644055,0,14.92227979274611,0.0,1.985294103049308,1,0.0,270,12,Iproxy
train_0261,C:\Users\tao20\Desktop\Algorithm\AIPlayerDesktop\data\蔡扬的\train\train_0261.json,135,2,False,11,12,11,11,T,-51.90502075036459,-30,14.92227979274611,0.0,1.985294103049308,21,0.0,240,12,pathLen
train_0261,C:\Users\tao20\Desktop\Algorithm\AIPlayerDesktop\data\蔡扬的\train\train_0261.json,135,3,False,13,6,13,5,T,-55.16090307936546,-30,14.92227979274611,0.0,1.985294103049308,23,0.0,240,12,pathLen
train_0261,C:\Users\tao20\Desktop\Algorithm\AIPlayerDesktop\data\蔡扬的\train\train_0261.json,135,4,False,2,11,2,10,T,-58.41678540836632,-30,14.92227979274611,0.0,1.985294103049308,25,0.0,240,12,pathLen
train_0261,C:\Users\tao20\Desktop\Algorithm\AIPlayerDesktop\data\蔡扬的\train\train_0261.json,135,5,False,3,9,3,8, ,-1e+18,0,0.0,0.0,1.985294103049308,18,0.0,270,0,pathLen
train_0261,C:\Users\tao20\Desktop\Algorithm\AIPlayerDesktop\data\蔡扬的\train\train_0261.json,135,6,False,3,11,3,10, ,-1e+18,0,0.0,0.0,1.985294103049308,24,0.0,270,0,pathLen
train_0261,C:\Users\tao20\Desktop\Algorithm\AIPlayerDesktop\data\蔡扬的\train\train_0261.json,135,7,False,7,3,7,2, ,-1e+18,0,0.0,0.0,1.985294103049308,4,0.0,270,0,pathLen
train_0261,C:\Users\tao20\Desktop\Algorithm\AIPlayerDesktop\data\蔡扬的\train\train_0261.json,136,1,True,11,1,11,0, ,10.395436093351265,0,14.693877551020405,0.0,1.9708029053226066,1,0.0,270,12,Iproxy
train_0261,C:\Users\tao20\Desktop\Algorithm\AIPlayerDesktop\data\蔡扬的\train\train_0261.json,136,2,False,11,2,11,1, ,8.779377710986727,0,14.693877551020405,0.0,1.9708029053226066,2,0.0,270,12,Iproxy
train_0261,C:\Users\tao20\Desktop\Algorithm\AIPlayerDesktop\data\蔡扬的\train\train_0261.json,136,3,False,11,12,11,11,T,-53.54178993630402,-30,14.693877551020405,0.0,1.9708029053226066,22,0.0,240,12,pathLen
train_0261,C:\Users\tao20\Desktop\Algorithm\AIPlayerDesktop\data\蔡扬的\train\train_0261.json,136,4,False,13,6,13,5,T,-56.7739067010331,-30,14.693877551020405,0.0,1.9708029053226066,24,0.0,240,12,pathLen
train_0261,C:\Users\tao20\Desktop\Algorithm\AIPlayerDesktop\data\蔡扬的\train\train_0261.json,136,5,False,2,11,2,10,T,-60.00602346576217,-30,14.693877551020405,0.0,1.9708029053226066,26,0.0,240,12,pathLen
train_0261,C:\Users\tao20\Desktop\Algorithm\AIPlayerDesktop\data\蔡扬的\train\train_0261.json,136,6,False,3,9,3,8, ,-1e+18,0,0.0,0.0,1.9708029053226066,19,0.0,270,0,pathLen
train_0261,C:\Users\tao20\Desktop\Algorithm\AIPlayerDesktop\data\蔡扬的\train\train_0261.json,136,7,False,3,11,3,10, ,-1e+18,0,0.0,0.0,1.9708029053226066,25,0.0,270,0,pathLen
train_0261,C:\Users\tao20\Desktop\Algorithm\AIPlayerDesktop\data\蔡扬的\train\train_0261.json,136,8,False,7,3,7,2, ,-1e+18,0,0.0,0.0,1.9708029053226066,5,0.0,270,0,pathLen
train_0261,C:\Users\tao20\Desktop\Algorithm\AIPlayerDesktop\data\蔡扬的\train\train_0261.json,137,1,True,11,2,11,1, ,10.136619600666487,0,14.472361809045223,0.0,1.9565217249527411,1,0.0,270,12,Iproxy
train_0261,C:\Users\tao20\Desktop\Algorithm\AIPlayerDesktop\data\蔡扬的\train\train_0261.json,137,2,False,11,12,11,11,T,-55.15903231748096,-30,14.472361809045223,0.0,1.9565217249527411,23,0.0,240,12,pathLen
train_0261,C:\Users\tao20\Desktop\Algorithm\AIPlayerDesktop\data\蔡扬的\train\train_0261.json,137,3,False,13,6,13,5,T,-58.367727946403456,-30,14.472361809045223,0.0,1.9565217249527411,25,0.0,240,12,pathLen
train_0261,C:\Users\tao20\Desktop\Algorithm\AIPlayerDesktop\data\蔡扬的\train\train_0261.json,137,4,False,2,11,2,10,T,-61.57642357532595,-30,14.472361809045223,0.0,1.9565217249527411,27,0.0,240,12,pathLen
train_0261,C:\Users\tao20\Desktop\Algorithm\AIPlayerDesktop\data\蔡扬的\train\train_0261.json,137,5,False,3,9,3,8, ,-1e+18,0,0.0,0.0,1.9565217249527411,20,0.0,270,0,pathLen
train_0261,C:\Users\tao20\Desktop\Algorithm\AIPlayerDesktop\data\蔡扬的\train\train_0261.json,137,6,False,3,11,3,10, ,-1e+18,0,0.0,0.0,1.9565217249527411,26,0.0,270,0,pathLen
train_0261,C:\Users\tao20\Desktop\Algorithm\AIPlayerDesktop\data\蔡扬的\train\train_0261.json,137,7,False,7,3,7,2, ,-1e+18,0,0.0,0.0,1.9565217249527411,6,0.0,270,0,pathLen
train_0261,C:\Users\tao20\Desktop\Algorithm\AIPlayerDesktop\data\蔡扬的\train\train_0261.json,138,1,True,12,3,12,2, ,8.286157114955191,0,14.25742574257426,0.0,1.9424460291910357,2,0.0,270,12,Iproxy
train_0261,C:\Users\tao20\Desktop\Algorithm\AIPlayerDesktop\data\蔡扬的\train\train_0261.json,138,2,False,10,3,10,2, ,-2.229630770970924,0,1.1881188118811883,0.0,1.9424460291910357,2,0.0,270,1,pathLen
train_0261,C:\Users\tao20\Desktop\Algorithm\AIPlayerDesktop\data\蔡扬的\train\train_0261.json,138,3,False,11,12,11,11,T,-56.75556925165109,-30,14.25742574257426,0.0,1.9424460291910357,24,0.0,240,12,pathLen
train_0261,C:\Users\tao20\Desktop\Algorithm\AIPlayerDesktop\data\蔡扬的\train\train_0261.json,138,4,False,13,6,13,5,T,-59.94118073952439,-30,14.25742574257426,0.0,1.9424460291910357,26,0.0,240,12,pathLen
train_0261,C:\Users\tao20\Desktop\Algorithm\AIPlayerDesktop\data\蔡扬的\train\train_0261.json,138,5,False,2,11,2,10,T,-63.12679222739769,-30,14.25742574257426,0.0,1.9424460291910357,28,0.0,240,12,pathLen
train_0261,C:\Users\tao20\Desktop\Algorithm\AIPlayerDesktop\data\蔡扬的\train\train_0261.json,138,6,False,3,9,3,8, ,-1e+18,0,0.0,0.0,1.9424460291910357,21,0.0,270,0,pathLen
train_0261,C:\Users\tao20\Desktop\Algorithm\AIPlayerDesktop\data\蔡扬的\train\train_0261.json,138,7,False,3,11,3,10, ,-1e+18,0,0.0,0.0,1.9424460291910357,27,0.0,270,0,pathLen
train_0261,C:\Users\tao20\Desktop\Algorithm\AIPlayerDesktop\data\蔡扬的\train\train_0261.json,138,8,False,7,3,7,2, ,-1e+18,0,0.0,0.0,1.9424460291910357,7,0.0,270,0,pathLen
train_0261,C:\Users\tao20\Desktop\Algorithm\AIPlayerDesktop\data\蔡扬的\train\train_0261.json,138,9,False,11,3,11,2, ,-1e+18,0,0.0,0.0,1.9424460291910357,1,0.0,270,0,pathLen
train_0261,C:\Users\tao20\Desktop\Algorithm\AIPlayerDesktop\data\蔡扬的\train\train_0261.json,139,1,True,12,3,12,2, ,9.81447763541241,0,14.25742574257426,0.0,1.9285714147959185,1,0.0,270,12,Iproxy
train_0261,C:\Users\tao20\Desktop\Algorithm\AIPlayerDesktop\data\蔡扬的\train\train_0261.json,139,2,False,10,3,10,2, ,-0.6317697105038979,0,1.1881188118811883,0.0,1.9285714147959185,1,0.0,270,1,pathLen
train_0261,C:\Users\tao20\Desktop\Algorithm\AIPlayerDesktop\data\蔡扬的\train\train_0261.json,139,3,False,11,12,11,11,T,-58.13980780777126,-30,14.25742574257426,0.0,1.9285714147959185,25,0.0,240,12,pathLen
train_0261,C:\Users\tao20\Desktop\Algorithm\AIPlayerDesktop\data\蔡扬的\train\train_0261.json,139,4,False,13,6,13,5,T,-61.30266492803657,-30,14.25742574257426,0.0,1.9285714147959185,27,0.0,240,12,pathLen
train_0261,C:\Users\tao20\Desktop\Algorithm\AIPlayerDesktop\data\蔡扬的\train\train_0261.json,139,5,False,2,11,2,10,T,-64.46552204830188,-30,14.25742574257426,0.0,1.9285714147959185,29,0.0,240,12,pathLen
train_0261,C:\Users\tao20\Desktop\Algorithm\AIPlayerDesktop\data\蔡扬的\train\train_0261.json,139,6,False,3,9,3,8, ,-1e+18,0,0.0,0.0,1.9285714147959185,22,0.0,270,0,pathLen
train_0261,C:\Users\tao20\Desktop\Algorithm\AIPlayerDesktop\data\蔡扬的\train\train_0261.json,139,7,False,3,11,3,10, ,-1e+18,0,0.0,0.0,1.9285714147959185,28,0.0,270,0,pathLen
train_0261,C:\Users\tao20\Desktop\Algorithm\AIPlayerDesktop\data\蔡扬的\train\train_0261.json,139,8,False,7,3,7,2, ,-1e+18,0,0.0,0.0,1.9285714147959185,8,0.0,270,0,pathLen
train_0261,C:\Users\tao20\Desktop\Algorithm\AIPlayerDesktop\data\蔡扬的\train\train_0261.json,140,1,True,13,3,13,2, ,9.57508423571807,0,14.04878048780488,0.0,1.9148936034404709,1,0.0,270,12,Iproxy
train_0261,C:\Users\tao20\Desktop\Algorithm\AIPlayerDesktop\data\蔡扬的\train\train_0261.json,140,2,False,13,2,13,1, ,8.004871480896885,0,14.04878048780488,0.0,1.9148936034404709,2,0.0,270,12,Iproxy
train_0261,C:\Users\tao20\Desktop\Algorithm\AIPlayerDesktop\data\蔡扬的\train\train_0261.json,140,3,False,10,3,10,2, ,-2.2116507604307674,0,1.1707317073170733,0.0,1.9148936034404709,2,0.0,270,1,pathLen
train_0261,C:\Users\tao20\Desktop\Algorithm\AIPlayerDesktop\data\蔡扬的\train\train_0261.json,140,4,False,11,12,11,11,T,-59.680234634811576,-30,14.04878048780488,0.0,1.9148936034404709,26,0.0,240,12,pathLen
train_0261,C:\Users\tao20\Desktop\Algorithm\AIPlayerDesktop\data\蔡扬的\train\train_0261.json,140,5,False,13,6,13,5,T,-62.820660144453946,-30,14.04878048780488,0.0,1.9148936034404709,28,0.0,240,12,pathLen
train_0261,C:\Users\tao20\Desktop\Algorithm\AIPlayerDesktop\data\蔡扬的\train\train_0261.json,140,6,False,2,11,2,10,T,-65.96108565409632,-30,14.04878048780488,0.0,1.9148936034404709,30,0.0,240,12,pathLen
train_0261,C:\Users\tao20\Desktop\Algorithm\AIPlayerDesktop\data\蔡扬的\train\train_0261.json,140,7,False,3,9,3,8, ,-1e+18,0,0.0,0.0,1.9148936034404709,23,0.0,270,0,pathLen
train_0261,C:\Users\tao20\Desktop\Algorithm\AIPlayerDesktop\data\蔡扬的\train\train_0261.json,140,8,False,3,11,3,10, ,-1e+18,0,0.0,0.0,1.9148936034404709,29,0.0,270,0,pathLen
train_0261,C:\Users\tao20\Desktop\Algorithm\AIPlayerDesktop\data\蔡扬的\train\train_0261.json,140,9,False,7,3,7,2, ,-1e+18,0,0.0,0.0,1.9148936034404709,9,0.0,270,0,pathLen
train_0261,C:\Users\tao20\Desktop\Algorithm\AIPlayerDesktop\data\蔡扬的\train\train_0261.json,141,1,True,13,2,13,1, ,9.335537433329094,0,13.846153846153847,0.0,1.9014084373140252,1,0.0,270,12,Iproxy
train_0261,C:\Users\tao20\Desktop\Algorithm\AIPlayerDesktop\data\蔡扬的\train\train_0261.json,141,2,False,10,3,10,2, ,-3.7695737264652855,0,1.153846153846154,0.0,1.9014084373140252,3,0.0,270,1,pathLen
train_0261,C:\Users\tao20\Desktop\Algorithm\AIPlayerDesktop\data\蔡扬的\train\train_0261.json,141,3,False,11,12,11,11,T,-61.20249045020592,-30,13.846153846153847,0.0,1.9014084373140252,27,0.0,240,12,pathLen
train_0261,C:\Users\tao20\Desktop\Algorithm\AIPlayerDesktop\data\蔡扬的\train\train_0261.json,141,4,False,13,6,13,5,T,-64.32080028740093,-30,13.846153846153847,0.0,1.9014084373140252,29,0.0,240,12,pathLen
train_0261,C:\Users\tao20\Desktop\Algorithm\AIPlayerDesktop\data\蔡扬的\train\train_0261.json,141,5,False,2,11,2,10,T,-67.43911012459593,-30,13.846153846153847,0.0,1.9014084373140252,31,0.0,240,12,pathLen
train_0261,C:\Users\tao20\Desktop\Algorithm\AIPlayerDesktop\data\蔡扬的\train\train_0261.json,141,6,False,3,9,3,8, ,-1e+18,0,0.0,0.0,1.9014084373140252,24,0.0,270,0,pathLen
train_0261,C:\Users\tao20\Desktop\Algorithm\AIPlayerDesktop\data\蔡扬的\train\train_0261.json,141,7,False,3,11,3,10, ,-1e+18,0,0.0,0.0,1.9014084373140252,30,0.0,270,0,pathLen
train_0261,C:\Users\tao20\Desktop\Algorithm\AIPlayerDesktop\data\蔡扬的\train\train_0261.json,141,8,False,7,3,7,2, ,-1e+18,0,0.0,0.0,1.9014084373140252,10,0.0,270,0,pathLen
train_0261,C:\Users\tao20\Desktop\Algorithm\AIPlayerDesktop\data\蔡扬的\train\train_0261.json,142,1,True,13,1,13,0, ,9.155767691564986,0,13.714285714285715,0.0,1.8881118749083086,1,0.0,270,12,Iproxy
train_0261,C:\Users\tao20\Desktop\Algorithm\AIPlayerDesktop\data\蔡扬的\train\train_0261.json,142,2,False,10,3,10,2, ,-5.301005330616769,0,1.142857142857143,0.0,1.8881118749083086,4,0.0,270,1,pathLen
train_0261,C:\Users\tao20\Desktop\Algorithm\AIPlayerDesktop\data\蔡扬的\train\train_0261.json,142,3,False,11,12,11,11,T,-62.64702921890496,-30,13.714285714285715,0.0,1.8881118749083086,28,0.0,240,12,pathLen
train_0261,C:\Users\tao20\Desktop\Algorithm\AIPlayerDesktop\data\蔡扬的\train\train_0261.json,142,4,False,13,6,13,5,T,-65.74353269375459,-30,13.714285714285715,0.0,1.8881118749083086,30,0.0,240,12,pathLen
train_0261,C:\Users\tao20\Desktop\Algorithm\AIPlayerDesktop\data\蔡扬的\train\train_0261.json,142,5,False,2,11,2,10,T,-68.84003616860421,-30,13.714285714285715,0.0,1.8881118749083086,32,0.0,240,12,pathLen
train_0261,C:\Users\tao20\Desktop\Algorithm\AIPlayerDesktop\data\蔡扬的\train\train_0261.json,142,6,False,3,9,3,8, ,-1e+18,0,0.0,0.0,1.8881118749083086,25,0.0,270,0,pathLen
train_0261,C:\Users\tao20\Desktop\Algorithm\AIPlayerDesktop\data\蔡扬的\train\train_0261.json,142,7,False,3,11,3,10, ,-1e+18,0,0.0,0.0,1.8881118749083086,31,0.0,270,0,pathLen
train_0261,C:\Users\tao20\Desktop\Algorithm\AIPlayerDesktop\data\蔡扬的\train\train_0261.json,142,8,False,7,3,7,2, ,-1e+18,0,0.0,0.0,1.8881118749083086,11,0.0,270,0,pathLen
train_0261,C:\Users\tao20\Desktop\Algorithm\AIPlayerDesktop\data\蔡扬的\train\train_0261.json,143,1,True,10,3,10,2, ,-6.810952230342409,0,1.1320754716981132,0.0,1.8749999869791667,5,0.0,270,1,pathLen
train_0261,C:\Users\tao20\Desktop\Algorithm\AIPlayerDesktop\data\蔡扬的\train\train_0261.json,143,2,False,11,12,11,11,T,-64.06892709509849,-30,13.584905660377359,0.0,1.8749999869791667,29,0.0,240,12,pathLen
train_0261,C:\Users\tao20\Desktop\Algorithm\AIPlayerDesktop\data\蔡扬的\train\train_0261.json,143,3,False,13,6,13,5,T,-67.14392707374432,-30,13.584905660377359,0.0,1.8749999869791667,31,0.0,240,12,pathLen
train_0261,C:\Users\tao20\Desktop\Algorithm\AIPlayerDesktop\data\蔡扬的\train\train_0261.json,143,4,False,2,11,2,10,T,-70.21892705239016,-30,13.584905660377359,0.0,1.8749999869791667,33,0.0,240,12,pathLen
train_0261,C:\Users\tao20\Desktop\Algorithm\AIPlayerDesktop\data\蔡扬的\train\train_0261.json,143,5,False,3,9,3,8, ,-1e+18,0,0.0,0.0,1.8749999869791667,26,0.0,270,0,pathLen
train_0261,C:\Users\tao20\Desktop\Algorithm\AIPlayerDesktop\data\蔡扬的\train\train_0261.json,143,6,False,3,11,3,10, ,-1e+18,0,0.0,0.0,1.8749999869791667,32,0.0,270,0,pathLen
train_0261,C:\Users\tao20\Desktop\Algorithm\AIPlayerDesktop\data\蔡扬的\train\train_0261.json,143,7,False,7,3,7,2, ,-1e+18,0,0.0,0.0,1.8749999869791667,12,0.0,270,0,pathLen
train_0261,C:\Users\tao20\Desktop\Algorithm\AIPlayerDesktop\data\蔡扬的\train\train_0261.json,144,1,True,10,3,10,2, ,-5.236669483060151,0,1.1320754716981132,0.0,1.8620689526753866,4,0.0,270,1,pathLen
train_0261,C:\Users\tao20\Desktop\Algorithm\AIPlayerDesktop\data\蔡扬的\train\train_0261.json,144,2,False,11,12,11,11,T,-62.302102972845475,-30,13.584905660377359,0.0,1.8620689526753866,28,0.0,240,12,pathLen
train_0261,C:\Users\tao20\Desktop\Algorithm\AIPlayerDesktop\data\蔡扬的\train\train_0261.json,144,3,False,13,6,13,5,T,-65.3558960552331,-30,13.584905660377359,0.0,1.8620689526753866,30,0.0,240,12,pathLen
train_0261,C:\Users\tao20\Desktop\Algorithm\AIPlayerDesktop\data\蔡扬的\train\train_0261.json,144,4,False,2,11,2,10,T,-68.40968913762075,-30,13.584905660377359,0.0,1.8620689526753866,32,0.0,240,12,pathLen
train_0261,C:\Users\tao20\Desktop\Algorithm\AIPlayerDesktop\data\蔡扬的\train\train_0261.json,144,5,False,3,9,3,8, ,-1e+18,0,0.0,0.0,1.8620689526753866,25,0.0,270,0,pathLen
train_0261,C:\Users\tao20\Desktop\Algorithm\AIPlayerDesktop\data\蔡扬的\train\train_0261.json,144,6,False,3,11,3,10, ,-1e+18,0,0.0,0.0,1.8620689526753866,31,0.0,270,0,pathLen
train_0261,C:\Users\tao20\Desktop\Algorithm\AIPlayerDesktop\data\蔡扬的\train\train_0261.json,144,7,False,7,3,7,2, ,-1e+18,0,0.0,0.0,1.8620689526753866,11,0.0,270,0,pathLen
train_0261,C:\Users\tao20\Desktop\Algorithm\AIPlayerDesktop\data\蔡扬的\train\train_0261.json,145,1,True,10,3,10,2, ,-3.6829031832639885,0,1.1320754716981132,0.0,1.8493150558266092,3,0.0,270,1,pathLen
train_0261,C:\Users\tao20\Desktop\Algorithm\AIPlayerDesktop\data\蔡扬的\train\train_0261.json,145,2,False,11,12,11,11,T,-60.54689308716749,-30,13.584905660377359,0.0,1.8493150558266092,27,0.0,240,12,pathLen
train_0261,C:\Users\tao20\Desktop\Algorithm\AIPlayerDesktop\data\蔡扬的\train\train_0261.json,145,3,False,13,6,13,5,T,-63.57976977872313,-30,13.584905660377359,0.0,1.8493150558266092,29,0.0,240,12,pathLen
train_0261,C:\Users\tao20\Desktop\Algorithm\AIPlayerDesktop\data\蔡扬的\train\train_0261.json,145,4,False,2,11,2,10,T,-66.61264647027876,-30,13.584905660377359,0.0,1.8493150558266092,31,0.0,240,12,pathLen
train_0261,C:\Users\tao20\Desktop\Algorithm\AIPlayerDesktop\data\蔡扬的\train\train_0261.json,145,5,False,3,9,3,8, ,-1e+18,0,0.0,0.0,1.8493150558266092,24,0.0,270,0,pathLen
train_0261,C:\Users\tao20\Desktop\Algorithm\AIPlayerDesktop\data\蔡扬的\train\train_0261.json,145,6,False,3,11,3,10, ,-1e+18,0,0.0,0.0,1.8493150558266092,30,0.0,270,0,pathLen
train_0261,C:\Users\tao20\Desktop\Algorithm\AIPlayerDesktop\data\蔡扬的\train\train_0261.json,145,7,False,7,3,7,2, ,-1e+18,0,0.0,0.0,1.8493150558266092,10,0.0,270,0,pathLen
train_0261,C:\Users\tao20\Desktop\Algorithm\AIPlayerDesktop\data\蔡扬的\train\train_0261.json,146,1,True,10,3,10,2, ,-2.1494368855147696,0,1.1320754716981132,0.0,1.8367346813827572,2,0.0,270,1,pathLen
train_0261,C:\Users\tao20\Desktop\Algorithm\AIPlayerDesktop\data\蔡扬的\train\train_0261.json,146,2,False,11,12,11,11,T,-58.805487503644954,-30,13.584905660377359,0.0,1.8367346813827572,26,0.0,240,12,pathLen
train_0261,C:\Users\tao20\Desktop\Algorithm\AIPlayerDesktop\data\蔡扬的\train\train_0261.json,146,3,False,13,6,13,5,T,-61.81773238111268,-30,13.584905660377359,0.0,1.8367346813827572,28,0.0,240,12,pathLen
train_0261,C:\Users\tao20\Desktop\Algorithm\AIPlayerDesktop\data\蔡扬的\train\train_0261.json,146,4,False,2,11,2,10,T,-64.8299772585804,-30,13.584905660377359,0.0,1.8367346813827572,30,0.0,240,12,pathLen
train_0261,C:\Users\tao20\Desktop\Algorithm\AIPlayerDesktop\data\蔡扬的\train\train_0261.json,146,5,False,3,9,3,8, ,-1e+18,0,0.0,0.0,1.8367346813827572,23,0.0,270,0,pathLen
train_0261,C:\Users\tao20\Desktop\Algorithm\AIPlayerDesktop\data\蔡扬的\train\train_0261.json,146,6,False,3,11,3,10, ,-1e+18,0,0.0,0.0,1.8367346813827572,29,0.0,270,0,pathLen
train_0261,C:\Users\tao20\Desktop\Algorithm\AIPlayerDesktop\data\蔡扬的\train\train_0261.json,146,7,False,7,3,7,2, ,-1e+18,0,0.0,0.0,1.8367346813827572,9,0.0,270,0,pathLen
train_0261,C:\Users\tao20\Desktop\Algorithm\AIPlayerDesktop\data\蔡扬的\train\train_0261.json,147,1,True,10,3,10,2, ,-0.6360210335784646,0,1.1320754716981132,0.0,1.8243243119978088,1,0.0,270,1,pathLen
train_0261,C:\Users\tao20\Desktop\Algorithm\AIPlayerDesktop\data\蔡扬的\train\train_0261.json,147,2,False,11,12,11,11,T,-57.07954956883822,-30,13.584905660377359,0.0,1.8243243119978088,25,0.0,240,12,pathLen
train_0261,C:\Users\tao20\Desktop\Algorithm\AIPlayerDesktop\data\蔡扬的\train\train_0261.json,147,3,False,13,6,13,5,T,-60.07144144051462,-30,13.584905660377359,0.0,1.8243243119978088,27,0.0,240,12,pathLen
train_0261,C:\Users\tao20\Desktop\Algorithm\AIPlayerDesktop\data\蔡扬的\train\train_0261.json,147,4,False,2,11,2,10,T,-63.06333331219103,-30,13.584905660377359,0.0,1.8243243119978088,29,0.0,240,12,pathLen
train_0261,C:\Users\tao20\Desktop\Algorithm\AIPlayerDesktop\data\蔡扬的\train\train_0261.json,147,5,False,3,9,3,8, ,-1e+18,0,0.0,0.0,1.8243243119978088,22,0.0,270,0,pathLen
train_0261,C:\Users\tao20\Desktop\Algorithm\AIPlayerDesktop\data\蔡扬的\train\train_0261.json,147,6,False,3,11,3,10, ,-1e+18,0,0.0,0.0,1.8243243119978088,28,0.0,270,0,pathLen
train_0261,C:\Users\tao20\Desktop\Algorithm\AIPlayerDesktop\data\蔡扬的\train\train_0261.json,147,7,False,7,3,7,2, ,-1e+18,0,0.0,0.0,1.8243243119978088,8,0.0,270,0,pathLen
train_0261,C:\Users\tao20\Desktop\Algorithm\AIPlayerDesktop\data\蔡扬的\train\train_0261.json,148,1,True,9,3,9,2,G,48.51409396970407,50,0.0,0.0,1.8120805247511373,1,0.0,320,0,deltaR
train_0261,C:\Users\tao20\Desktop\Algorithm\AIPlayerDesktop\data\蔡扬的\train\train_0261.json,148,2,False,7,3,7,2, ,-7.782245181754302,0,0.0,4.545454545454546,1.8120805247511373,9,0.0,270,0,pathLen
train_0261,C:\Users\tao20\Desktop\Algorithm\AIPlayerDesktop\data\蔡扬的\train\train_0261.json,148,3,False,3,9,3,8, ,-31.71583869680645,0,0.0,2.0,1.8120805247511373,23,0.0,270,0,pathLen
train_0261,C:\Users\tao20\Desktop\Algorithm\AIPlayerDesktop\data\蔡扬的\train\train_0261.json,148,4,False,3,11,3,10, ,-41.10740391084011,0,0.0,1.6129032258064515,1.8120805247511373,29,0.0,270,0,pathLen
train_0261,C:\Users\tao20\Desktop\Algorithm\AIPlayerDesktop\data\蔡扬的\train\train_0261.json,148,5,False,11,12,11,11,T,-53.632345880831735,-30,16.901408450704228,1.7857142857142858,1.8120805247511373,26,0.0,240,12,pathLen
train_0261,C:\Users\tao20\Desktop\Algorithm\AIPlayerDesktop\data\蔡扬的\train\train_0261.json,148,6,False,13,6,13,5,T,-56.750586512852166,-30,16.901408450704228,1.6666666666666667,1.8120805247511373,28,0.0,240,12,pathLen
train_0261,C:\Users\tao20\Desktop\Algorithm\AIPlayerDesktop\data\蔡扬的\train\train_0261.json,148,7,False,2,11,2,10,T,-59.850523573444036,-30,16.901408450704228,1.5625,1.8120805247511373,30,0.0,240,12,pathLen
train_0261,C:\Users\tao20\Desktop\Algorithm\AIPlayerDesktop\data\蔡扬的\train\train_0261.json,149,1,True,11,12,11,11,T,-64.45404383508902,-30,16.901408450704228,0.0,2.1333333191111112,27,0.0,290,12,pathLen
train_0261,C:\Users\tao20\Desktop\Algorithm\AIPlayerDesktop\data\蔡扬的\train\train_0261.json,149,2,False,13,6,13,5,T,-67.95271047843124,-30,16.901408450704228,0.0,2.1333333191111112,29,0.0,290,12,pathLen
train_0261,C:\Users\tao20\Desktop\Algorithm\AIPlayerDesktop\data\蔡扬的\train\train_0261.json,149,3,False,2,11,2,10,T,-71.45137712177348,-30,16.901408450704228,0.0,2.1333333191111112,31,0.0,290,12,pathLen
train_0261,C:\Users\tao20\Desktop\Algorithm\AIPlayerDesktop\data\蔡扬的\train\train_0261.json,149,4,False,3,9,3,8, ,-1e+18,0,0.0,0.0,2.1333333191111112,24,0.0,320,0,pathLen
train_0261,C:\Users\tao20\Desktop\Algorithm\AIPlayerDesktop\data\蔡扬的\train\train_0261.json,149,5,False,3,11,3,10, ,-1e+18,0,0.0,0.0,2.1333333191111112,30,0.0,320,0,pathLen
train_0261,C:\Users\tao20\Desktop\Algorithm\AIPlayerDesktop\data\蔡扬的\train\train_0261.json,149,6,False,7,3,7,2, ,-1e+18,0,0.0,0.0,2.1333333191111112,10,0.0,320,0,pathLen
train_0261,C:\Users\tao20\Desktop\Algorithm\AIPlayerDesktop\data\蔡扬的\train\train_0261.json,150,1,True,11,12,11,11,T,-62.424961992718835,-30,16.901408450704228,0.0,2.119205283978773,26,0.0,290,12,pathLen
train_0261,C:\Users\tao20\Desktop\Algorithm\AIPlayerDesktop\data\蔡扬的\train\train_0261.json,150,2,False,13,6,13,5,T,-65.90045865844402,-30,16.901408450704228,0.0,2.119205283978773,28,0.0,290,12,pathLen
train_0261,C:\Users\tao20\Desktop\Algorithm\AIPlayerDesktop\data\蔡扬的\train\train_0261.json,150,3,False,2,11,2,10,T,-69.37595532416921,-30,16.901408450704228,0.0,2.119205283978773,30,0.0,290,12,pathLen
train_0261,C:\Users\tao20\Desktop\Algorithm\AIPlayerDesktop\data\蔡扬的\train\train_0261.json,150,4,False,3,9,3,8, ,-1e+18,0,0.0,0.0,2.119205283978773,23,0.0,320,0,pathLen
train_0261,C:\Users\tao20\Desktop\Algorithm\AIPlayerDesktop\data\蔡扬的\train\train_0261.json,150,5,False,3,11,3,10, ,-1e+18,0,0.0,0.0,2.119205283978773,29,0.0,320,0,pathLen
train_0261,C:\Users\tao20\Desktop\Algorithm\AIPlayerDesktop\data\蔡扬的\train\train_0261.json,150,6,False,7,3,7,2, ,-1e+18,0,0.0,0.0,2.119205283978773,9,0.0,320,0,pathLen
train_0261,C:\Users\tao20\Desktop\Algorithm\AIPlayerDesktop\data\蔡扬的\train\train_0261.json,151,1,True,11,12,11,11,T,-60.418568741857875,-30,16.901408450704228,0.0,2.1052631440443212,25,0.0,290,12,pathLen
train_0261,C:\Users\tao20\Desktop\Algorithm\AIPlayerDesktop\data\蔡扬的\train\train_0261.json,151,2,False,13,6,13,5,T,-63.871200298090564,-30,16.901408450704228,0.0,2.1052631440443212,27,0.0,290,12,pathLen
train_0261,C:\Users\tao20\Desktop\Algorithm\AIPlayerDesktop\data\蔡扬的\train\train_0261.json,151,3,False,2,11,2,10,T,-67.32383185432325,-30,16.901408450704228,0.0,2.1052631440443212,29,0.0,290,12,pathLen
train_0261,C:\Users\tao20\Desktop\Algorithm\AIPlayerDesktop\data\蔡扬的\train\train_0261.json,151,4,False,3,9,3,8, ,-1e+18,0,0.0,0.0,2.1052631440443212,22,0.0,320,0,pathLen
train_0261,C:\Users\tao20\Desktop\Algorithm\AIPlayerDesktop\data\蔡扬的\train\train_0261.json,151,5,False,3,11,3,10, ,-1e+18,0,0.0,0.0,2.1052631440443212,28,0.0,320,0,pathLen
train_0261,C:\Users\tao20\Desktop\Algorithm\AIPlayerDesktop\data\蔡扬的\train\train_0261.json,151,6,False,7,3,7,2, ,-1e+18,0,0.0,0.0,2.1052631440443212,8,0.0,320,0,pathLen
train_0261,C:\Users\tao20\Desktop\Algorithm\AIPlayerDesktop\data\蔡扬的\train\train_0261.json,152,1,True,11,12,11,11,T,-58.435193494176374,-30,16.901408450704228,0.0,2.0915032543039005,24,0.0,290,12,pathLen
train_0261,C:\Users\tao20\Desktop\Algorithm\AIPlayerDesktop\data\蔡扬的\train\train_0261.json,152,2,False,13,6,13,5,T,-61.86525883123477,-30,16.901408450704228,0.0,2.0915032543039005,26,0.0,290,12,pathLen
train_0261,C:\Users\tao20\Desktop\Algorithm\AIPlayerDesktop\data\蔡扬的\train\train_0261.json,152,3,False,2,11,2,10,T,-65.29532416829316,-30,16.901408450704228,0.0,2.0915032543039005,28,0.0,290,12,pathLen
train_0261,C:\Users\tao20\Desktop\Algorithm\AIPlayerDesktop\data\蔡扬的\train\train_0261.json,152,4,False,3,9,3,8, ,-1e+18,0,0.0,0.0,2.0915032543039005,21,0.0,320,0,pathLen
train_0261,C:\Users\tao20\Desktop\Algorithm\AIPlayerDesktop\data\蔡扬的\train\train_0261.json,152,5,False,3,11,3,10, ,-1e+18,0,0.0,0.0,2.0915032543039005,27,0.0,320,0,pathLen
train_0261,C:\Users\tao20\Desktop\Algorithm\AIPlayerDesktop\data\蔡扬的\train\train_0261.json,152,6,False,7,3,7,2, ,-1e+18,0,0.0,0.0,2.0915032543039005,7,0.0,320,0,pathLen
train_0261,C:\Users\tao20\Desktop\Algorithm\AIPlayerDesktop\data\蔡扬的\train\train_0261.json,153,1,True,11,12,11,11,T,-56.475007713029065,-30,16.901408450704228,0.0,2.0779220644290777,23,0.0,290,12,pathLen
train_0261,C:\Users\tao20\Desktop\Algorithm\AIPlayerDesktop\data\蔡扬的\train\train_0261.json,153,2,False,13,6,13,5,T,-59.88279989869275,-30,16.901408450704228,0.0,2.0779220644290777,25,0.0,290,12,pathLen
train_0261,C:\Users\tao20\Desktop\Algorithm\AIPlayerDesktop\data\蔡扬的\train\train_0261.json,153,3,False,2,11,2,10,T,-63.29059208435644,-30,16.901408450704228,0.0,2.0779220644290777,27,0.0,290,12,pathLen
train_0261,C:\Users\tao20\Desktop\Algorithm\AIPlayerDesktop\data\蔡扬的\train\train_0261.json,153,4,False,3,9,3,8, ,-1e+18,0,0.0,0.0,2.0779220644290777,20,0.0,320,0,pathLen
train_0261,C:\Users\tao20\Desktop\Algorithm\AIPlayerDesktop\data\蔡扬的\train\train_0261.json,153,5,False,3,11,3,10, ,-1e+18,0,0.0,0.0,2.0779220644290777,26,0.0,320,0,pathLen
train_0261,C:\Users\tao20\Desktop\Algorithm\AIPlayerDesktop\data\蔡扬的\train\train_0261.json,153,6,False,7,3,7,2, ,-1e+18,0,0.0,0.0,2.0779220644290777,6,0.0,320,0,pathLen
train_0261,C:\Users\tao20\Desktop\Algorithm\AIPlayerDesktop\data\蔡扬的\train\train_0261.json,154,1,True,11,12,11,11,T,-54.538058808092394,-30,16.901408450704228,0.0,2.064516115712799,22,0.0,290,12,pathLen
train_0261,C:\Users\tao20\Desktop\Algorithm\AIPlayerDesktop\data\蔡扬的\train\train_0261.json,154,2,False,13,6,13,5,T,-57.923865237861385,-30,16.901408450704228,0.0,2.064516115712799,24,0.0,290,12,pathLen
train_0261,C:\Users\tao20\Desktop\Algorithm\AIPlayerDesktop\data\蔡扬的\train\train_0261.json,154,3,False,2,11,2,10,T,-61.309671667630376,-30,16.901408450704228,0.0,2.064516115712799,26,0.0,290,12,pathLen
train_0261,C:\Users\tao20\Desktop\Algorithm\AIPlayerDesktop\data\蔡扬的\train\train_0261.json,154,4,False,3,9,3,8, ,-1e+18,0,0.0,0.0,2.064516115712799,19,0.0,320,0,pathLen
train_0261,C:\Users\tao20\Desktop\Algorithm\AIPlayerDesktop\data\蔡扬的\train\train_0261.json,154,5,False,3,11,3,10, ,-1e+18,0,0.0,0.0,2.064516115712799,25,0.0,320,0,pathLen
train_0261,C:\Users\tao20\Desktop\Algorithm\AIPlayerDesktop\data\蔡扬的\train\train_0261.json,154,6,False,7,3,7,2, ,-1e+18,0,0.0,0.0,2.064516115712799,5,0.0,320,0,pathLen
train_0261,C:\Users\tao20\Desktop\Algorithm\AIPlayerDesktop\data\蔡扬的\train\train_0261.json,155,1,True,11,12,11,11,T,-52.62429717946992,-30,16.901408450704228,0.0,2.0512820381328076,21,0.0,290,12,pathLen
train_0261,C:\Users\tao20\Desktop\Algorithm\AIPlayerDesktop\data\蔡扬的\train\train_0261.json,155,2,False,13,6,13,5,T,-55.98839972200773,-30,16.901408450704228,0.0,2.0512820381328076,23,0.0,290,12,pathLen
train_0261,C:\Users\tao20\Desktop\Algorithm\AIPlayerDesktop\data\蔡扬的\train\train_0261.json,155,3,False,2,11,2,10,T,-59.352502264545535,-30,16.901408450704228,0.0,2.0512820381328076,25,0.0,290,12,pathLen
train_0261,C:\Users\tao20\Desktop\Algorithm\AIPlayerDesktop\data\蔡扬的\train\train_0261.json,155,4,False,3,9,3,8, ,-1e+18,0,0.0,0.0,2.0512820381328076,18,0.0,320,0,pathLen
train_0261,C:\Users\tao20\Desktop\Algorithm\AIPlayerDesktop\data\蔡扬的\train\train_0261.json,155,5,False,3,11,3,10, ,-1e+18,0,0.0,0.0,2.0512820381328076,24,0.0,320,0,pathLen
train_0261,C:\Users\tao20\Desktop\Algorithm\AIPlayerDesktop\data\蔡扬的\train\train_0261.json,155,6,False,7,3,7,2, ,-1e+18,0,0.0,0.0,2.0512820381328076,4,0.0,320,0,pathLen
train_0261,C:\Users\tao20\Desktop\Algorithm\AIPlayerDesktop\data\蔡扬的\train\train_0261.json,156,1,True,11,12,11,11,T,-50.73359778402201,-30,16.901408450704228,0.0,2.0382165475272833,20,0.0,290,12,pathLen
train_0261,C:\Users\tao20\Desktop\Algorithm\AIPlayerDesktop\data\蔡扬的\train\train_0261.json,156,2,False,13,6,13,5,T,-54.07627292196675,-30,16.901408450704228,0.0,2.0382165475272833,22,0.0,290,12,pathLen
train_0261,C:\Users\tao20\Desktop\Algorithm\AIPlayerDesktop\data\蔡扬的\train\train_0261.json,156,3,False,2,11,2,10,T,-57.418948059911486,-30,16.901408450704228,0.0,2.0382165475272833,24,0.0,290,12,pathLen
train_0261,C:\Users\tao20\Desktop\Algorithm\AIPlayerDesktop\data\蔡扬的\train\train_0261.json,156,4,False,3,9,3,8, ,-1e+18,0,0.0,0.0,2.0382165475272833,17,0.0,320,0,pathLen
train_0261,C:\Users\tao20\Desktop\Algorithm\AIPlayerDesktop\data\蔡扬的\train\train_0261.json,156,5,False,3,11,3,10, ,-1e+18,0,0.0,0.0,2.0382165475272833,23,0.0,320,0,pathLen
train_0261,C:\Users\tao20\Desktop\Algorithm\AIPlayerDesktop\data\蔡扬的\train\train_0261.json,156,6,False,7,3,7,2, ,-1e+18,0,0.0,0.0,2.0382165475272833,3,0.0,320,0,pathLen
train_0261,C:\Users\tao20\Desktop\Algorithm\AIPlayerDesktop\data\蔡扬的\train\train_0261.json,157,1,True,11,12,11,11,T,-48.86577732201107,-30,16.901408450704228,0.0,2.025316442877744,19,0.0,290,12,pathLen
train_0261,C:\Users\tao20\Desktop\Algorithm\AIPlayerDesktop\data\蔡扬的\train\train_0261.json,157,2,False,13,6,13,5,T,-52.18729628833057,-30,16.901408450704228,0.0,2.025316442877744,21,0.0,290,12,pathLen
train_0261,C:\Users\tao20\Desktop\Algorithm\AIPlayerDesktop\data\蔡扬的\train\train_0261.json,157,3,False,2,11,2,10,T,-55.50881525465007,-30,16.901408450704228,0.0,2.025316442877744,23,0.0,290,12,pathLen
train_0261,C:\Users\tao20\Desktop\Algorithm\AIPlayerDesktop\data\蔡扬的\train\train_0261.json,157,4,False,3,9,3,8, ,-1e+18,0,0.0,0.0,2.025316442877744,16,0.0,320,0,pathLen
train_0261,C:\Users\tao20\Desktop\Algorithm\AIPlayerDesktop\data\蔡扬的\train\train_0261.json,157,5,False,3,11,3,10, ,-1e+18,0,0.0,0.0,2.025316442877744,22,0.0,320,0,pathLen
train_0261,C:\Users\tao20\Desktop\Algorithm\AIPlayerDesktop\data\蔡扬的\train\train_0261.json,157,6,False,7,3,7,2, ,-1e+18,0,0.0,0.0,2.025316442877744,2,0.0,320,0,pathLen
train_0261,C:\Users\tao20\Desktop\Algorithm\AIPlayerDesktop\data\蔡扬的\train\train_0261.json,158,1,True,11,12,11,11,T,-47.020607922427274,-30,16.901408450704228,0.0,2.0125786036944744,18,0.0,290,12,pathLen
train_0261,C:\Users\tao20\Desktop\Algorithm\AIPlayerDesktop\data\蔡扬的\train\train_0261.json,158,2,False,13,6,13,5,T,-50.321236832486214,-30,16.901408450704228,0.0,2.0125786036944744,20,0.0,290,12,pathLen
train_0261,C:\Users\tao20\Desktop\Algorithm\AIPlayerDesktop\data\蔡扬的\train\train_0261.json,158,3,False,2,11,2,10,T,-53.621865742545154,-30,16.901408450704228,0.0,2.0125786036944744,22,0.0,290,12,pathLen
train_0261,C:\Users\tao20\Desktop\Algorithm\AIPlayerDesktop\data\蔡扬的\train\train_0261.json,158,4,False,3,9,3,8, ,-1e+18,0,0.0,0.0,2.0125786036944744,15,0.0,320,0,pathLen
train_0261,C:\Users\tao20\Desktop\Algorithm\AIPlayerDesktop\data\蔡扬的\train\train_0261.json,158,5,False,3,11,3,10, ,-1e+18,0,0.0,0.0,2.0125786036944744,21,0.0,320,0,pathLen
train_0261,C:\Users\tao20\Desktop\Algorithm\AIPlayerDesktop\data\蔡扬的\train\train_0261.json,158,6,False,7,3,7,2, ,-1e+18,0,0.0,0.0,2.0125786036944744,3,0.0,320,0,pathLen
train_0261,C:\Users\tao20\Desktop\Algorithm\AIPlayerDesktop\data\蔡扬的\train\train_0261.json,159,1,True,11,12,11,11,T,-45.19782802958364,-30,16.901408450704228,0.0,1.9999999875,17,0.0,290,12,pathLen
train_0261,C:\Users\tao20\Desktop\Algorithm\AIPlayerDesktop\data\蔡扬的\train\train_0261.json,159,2,False,13,6,13,5,T,-48.47782800908364,-30,16.901408450704228,0.0,1.9999999875,19,0.0,290,12,pathLen
train_0261,C:\Users\tao20\Desktop\Algorithm\AIPlayerDesktop\data\蔡扬的\train\train_0261.json,159,3,False,2,11,2,10,T,-51.75782798858364,-30,16.901408450704228,0.0,1.9999999875,21,0.0,290,12,pathLen
train_0261,C:\Users\tao20\Desktop\Algorithm\AIPlayerDesktop\data\蔡扬的\train\train_0261.json,159,4,False,3,9,3,8, ,-1e+18,0,0.0,0.0,1.9999999875,14,0.0,320,0,pathLen
train_0261,C:\Users\tao20\Desktop\Algorithm\AIPlayerDesktop\data\蔡扬的\train\train_0261.json,159,5,False,3,11,3,10, ,-1e+18,0,0.0,0.0,1.9999999875,20,0.0,320,0,pathLen
train_0261,C:\Users\tao20\Desktop\Algorithm\AIPlayerDesktop\data\蔡扬的\train\train_0261.json,159,6,False,7,3,7,2, ,-1e+18,0,0.0,0.0,1.9999999875,4,0.0,320,0,pathLen
train_0261,C:\Users\tao20\Desktop\Algorithm\AIPlayerDesktop\data\蔡扬的\train\train_0261.json,160,1,True,11,12,11,11,T,-43.3971510529544,-30,16.901408450704228,0.0,1.9875776274063501,16,0.0,290,12,pathLen
train_0261,C:\Users\tao20\Desktop\Algorithm\AIPlayerDesktop\data\蔡扬的\train\train_0261.json,160,2,False,13,6,13,5,T,-46.65677836190082,-30,16.901408450704228,0.0,1.9875776274063501,18,0.0,290,12,pathLen
train_0261,C:\Users\tao20\Desktop\Algorithm\AIPlayerDesktop\data\蔡扬的\train\train_0261.json,160,3,False,2,11,2,10,T,-49.91640567084723,-30,16.901408450704228,0.0,1.9875776274063501,20,0.0,290,12,pathLen
train_0261,C:\Users\tao20\Desktop\Algorithm\AIPlayerDesktop\data\蔡扬的\train\train_0261.json,160,4,False,3,9,3,8, ,-1e+18,0,0.0,0.0,1.9875776274063501,13,0.0,320,0,pathLen
train_0261,C:\Users\tao20\Desktop\Algorithm\AIPlayerDesktop\data\蔡扬的\train\train_0261.json,160,5,False,3,11,3,10, ,-1e+18,0,0.0,0.0,1.9875776274063501,19,0.0,320,0,pathLen
train_0261,C:\Users\tao20\Desktop\Algorithm\AIPlayerDesktop\data\蔡扬的\train\train_0261.json,160,6,False,7,3,7,2, ,-1e+18,0,0.0,0.0,1.9875776274063501,5,0.0,320,0,pathLen
train_0261,C:\Users\tao20\Desktop\Algorithm\AIPlayerDesktop\data\蔡扬的\train\train_0261.json,161,1,True,11,12,11,11,T,-41.618272229741805,-30,16.901408450704228,0.0,1.9753086297820455,15,0.0,290,12,deltaR
train_0261,C:\Users\tao20\Desktop\Algorithm\AIPlayerDesktop\data\蔡扬的\train\train_0261.json,161,2,False,13,6,13,5,T,-44.85777838258436,-30,16.901408450704228,0.0,1.9753086297820455,17,0.0,290,12,pathLen
train_0261,C:\Users\tao20\Desktop\Algorithm\AIPlayerDesktop\data\蔡扬的\train\train_0261.json,161,3,False,2,11,2,10,T,-48.09728453542691,-30,16.901408450704228,0.0,1.9753086297820455,19,0.0,290,12,pathLen
train_0261,C:\Users\tao20\Desktop\Algorithm\AIPlayerDesktop\data\蔡扬的\train\train_0261.json,161,4,False,3,9,3,8, ,-1e+18,0,0.0,0.0,1.9753086297820455,12,0.0,320,0,pathLen
train_0261,C:\Users\tao20\Desktop\Algorithm\AIPlayerDesktop\data\蔡扬的\train\train_0261.json,161,5,False,3,11,3,10, ,-1e+18,0,0.0,0.0,1.9753086297820455,18,0.0,320,0,pathLen
train_0261,C:\Users\tao20\Desktop\Algorithm\AIPlayerDesktop\data\蔡扬的\train\train_0261.json,161,6,False,7,3,7,2, ,-1e+18,0,0.0,0.0,1.9753086297820455,6,0.0,320,0,pathLen
train_0261,C:\Users\tao20\Desktop\Algorithm\AIPlayerDesktop\data\蔡扬的\train\train_0261.json,162,1,True,11,12,11,11,T,-39.860874059671325,-30,16.901408450704228,0.0,1.9631901720049683,14,0.0,290,12,deltaR
train_0261,C:\Users\tao20\Desktop\Algorithm\AIPlayerDesktop\data\蔡扬的\train\train_0261.json,162,2,False,13,6,13,5,T,-43.08050594175947,-30,16.901408450704228,0.0,1.9631901720049683,16,0.0,290,12,pathLen
train_0261,C:\Users\tao20\Desktop\Algorithm\AIPlayerDesktop\data\蔡扬的\train\train_0261.json,162,3,False,2,11,2,10,T,-46.30013782384762,-30,16.901408450704228,0.0,1.9631901720049683,18,0.0,290,12,pathLen
train_0261,C:\Users\tao20\Desktop\Algorithm\AIPlayerDesktop\data\蔡扬的\train\train_0261.json,162,4,False,3,9,3,8, ,-1e+18,0,0.0,0.0,1.9631901720049683,11,0.0,320,0,pathLen
train_0261,C:\Users\tao20\Desktop\Algorithm\AIPlayerDesktop\data\蔡扬的\train\train_0261.json,162,5,False,3,11,3,10, ,-1e+18,0,0.0,0.0,1.9631901720049683,17,0.0,320,0,pathLen
train_0261,C:\Users\tao20\Desktop\Algorithm\AIPlayerDesktop\data\蔡扬的\train\train_0261.json,162,6,False,7,3,7,2, ,-1e+18,0,0.0,0.0,1.9631901720049683,7,0.0,320,0,pathLen
train_0261,C:\Users\tao20\Desktop\Algorithm\AIPlayerDesktop\data\蔡扬的\train\train_0261.json,163,1,True,11,12,11,11,T,-38.124630599530335,-30,16.901408450704228,0.0,1.9512195002974422,13,0.0,290,12,deltaR
train_0261,C:\Users\tao20\Desktop\Algorithm\AIPlayerDesktop\data\蔡扬的\train\train_0261.json,163,2,False,13,6,13,5,T,-41.324630580018145,-30,16.901408450704228,0.0,1.9512195002974422,15,0.0,290,12,deltaR
train_0261,C:\Users\tao20\Desktop\Algorithm\AIPlayerDesktop\data\蔡扬的\train\train_0261.json,163,3,False,2,11,2,10,T,-44.52463056050595,-30,16.901408450704228,0.0,1.9512195002974422,17,0.0,290,12,pathLen
train_0261,C:\Users\tao20\Desktop\Algorithm\AIPlayerDesktop\data\蔡扬的\train\train_0261.json,163,4,False,3,9,3,8, ,-1e+18,0,0.0,0.0,1.9512195002974422,10,0.0,320,0,pathLen
train_0261,C:\Users\tao20\Desktop\Algorithm\AIPlayerDesktop\data\蔡扬的\train\train_0261.json,163,5,False,3,11,3,10, ,-1e+18,0,0.0,0.0,1.9512195002974422,16,0.0,320,0,pathLen
train_0261,C:\Users\tao20\Desktop\Algorithm\AIPlayerDesktop\data\蔡扬的\train\train_0261.json,163,6,False,7,3,7,2, ,-1e+18,0,0.0,0.0,1.9512195002974422,8,0.0,320,0,pathLen
train_0261,C:\Users\tao20\Desktop\Algorithm\AIPlayerDesktop\data\蔡扬的\train\train_0261.json,164,1,True,11,12,11,11,T,-36.40921084738183,-30,16.901408450704228,0.0,1.939393927640037,12,0.0,290,12,deltaR
train_0261,C:\Users\tao20\Desktop\Algorithm\AIPlayerDesktop\data\蔡扬的\train\train_0261.json,164,2,False,13,6,13,5,T,-39.58981688871148,-30,16.901408450704228,0.0,1.939393927640037,14,0.0,290,12,deltaR
train_0261,C:\Users\tao20\Desktop\Algorithm\AIPlayerDesktop\data\蔡扬的\train\train_0261.json,164,3,False,2,11,2,10,T,-42.77042293004115,-30,16.901408450704228,0.0,1.939393927640037,16,0.0,290,12,pathLen
train_0261,C:\Users\tao20\Desktop\Algorithm\AIPlayerDesktop\data\蔡扬的\train\train_0261.json,164,4,False,3,9,3,8, ,-1e+18,0,0.0,0.0,1.939393927640037,9,0.0,320,0,pathLen
train_0261,C:\Users\tao20\Desktop\Algorithm\AIPlayerDesktop\data\蔡扬的\train\train_0261.json,164,5,False,3,11,3,10, ,-1e+18,0,0.0,0.0,1.939393927640037,15,0.0,320,0,pathLen
train_0261,C:\Users\tao20\Desktop\Algorithm\AIPlayerDesktop\data\蔡扬的\train\train_0261.json,164,6,False,7,3,7,2, ,-1e+18,0,0.0,0.0,1.939393927640037,9,0.0,320,0,pathLen
train_0261,C:\Users\tao20\Desktop\Algorithm\AIPlayerDesktop\data\蔡扬的\train\train_0261.json,165,1,True,11,12,11,11,T,-34.71428140032148,-30,16.901408450704228,0.0,1.927710831760778,11,0.0,290,12,deltaR
train_0261,C:\Users\tao20\Desktop\Algorithm\AIPlayerDesktop\data\蔡扬的\train\train_0261.json,165,2,False,13,6,13,5,T,-37.875727164409156,-30,16.901408450704228,0.0,1.927710831760778,13,0.0,290,12,deltaR
train_0261,C:\Users\tao20\Desktop\Algorithm\AIPlayerDesktop\data\蔡扬的\train\train_0261.json,165,3,False,2,11,2,10,T,-41.03717292849684,-30,16.901408450704228,0.0,1.927710831760778,15,0.0,290,12,deltaR
train_0261,C:\Users\tao20\Desktop\Algorithm\AIPlayerDesktop\data\蔡扬的\train\train_0261.json,165,4,False,3,9,3,8, ,-1e+18,0,0.0,0.0,1.927710831760778,8,0.0,320,0,pathLen
train_0261,C:\Users\tao20\Desktop\Algorithm\AIPlayerDesktop\data\蔡扬的\train\train_0261.json,165,5,False,3,11,3,10, ,-1e+18,0,0.0,0.0,1.927710831760778,14,0.0,320,0,pathLen
train_0261,C:\Users\tao20\Desktop\Algorithm\AIPlayerDesktop\data\蔡扬的\train\train_0261.json,165,6,False,7,3,7,2, ,-1e+18,0,0.0,0.0,1.927710831760778,10,0.0,320,0,pathLen
train_0261,C:\Users\tao20\Desktop\Algorithm\AIPlayerDesktop\data\蔡扬的\train\train_0261.json,166,1,True,11,12,11,11,T,-33.039508532799715,-30,16.901408450704228,0.0,1.916167653196601,10,0.0,290,12,deltaR
train_0261,C:\Users\tao20\Desktop\Algorithm\AIPlayerDesktop\data\蔡扬的\train\train_0261.json,166,2,False,13,6,13,5,T,-36.18202348404214,-30,16.901408450704228,0.0,1.916167653196601,12,0.0,290,12,deltaR
train_0261,C:\Users\tao20\Desktop\Algorithm\AIPlayerDesktop\data\蔡扬的\train\train_0261.json,166,3,False,2,11,2,10,T,-39.324538435284566,-30,16.901408450704228,0.0,1.916167653196601,14,0.0,290,12,deltaR
train_0261,C:\Users\tao20\Desktop\Algorithm\AIPlayerDesktop\data\蔡扬的\train\train_0261.json,166,4,False,3,9,3,8, ,-1e+18,0,0.0,0.0,1.916167653196601,7,0.0,320,0,pathLen
train_0261,C:\Users\tao20\Desktop\Algorithm\AIPlayerDesktop\data\蔡扬的\train\train_0261.json,166,5,False,3,11,3,10, ,-1e+18,0,0.0,0.0,1.916167653196601,13,0.0,320,0,pathLen
train_0261,C:\Users\tao20\Desktop\Algorithm\AIPlayerDesktop\data\蔡扬的\train\train_0261.json,166,6,False,7,3,7,2, ,-1e+18,0,0.0,0.0,1.916167653196601,11,0.0,320,0,pathLen
train_0261,C:\Users\tao20\Desktop\Algorithm\AIPlayerDesktop\data\蔡扬的\train\train_0261.json,167,1,True,11,12,11,11,T,-31.38455981305563,-30,16.901408450704228,0.0,1.9047618934240365,9,0.0,290,12,deltaR
train_0261,C:\Users\tao20\Desktop\Algorithm\AIPlayerDesktop\data\蔡扬的\train\train_0261.json,167,2,False,13,6,13,5,T,-34.50836931827105,-30,16.901408450704228,0.0,1.9047618934240365,11,0.0,290,12,deltaR
train_0261,C:\Users\tao20\Desktop\Algorithm\AIPlayerDesktop\data\蔡扬的\train\train_0261.json,167,3,False,2,11,2,10,T,-37.63217882348647,-30,16.901408450704228,0.0,1.9047618934240365,13,0.0,290,12,deltaR
train_0261,C:\Users\tao20\Desktop\Algorithm\AIPlayerDesktop\data\蔡扬的\train\train_0261.json,167,4,False,3,9,3,8, ,-1e+18,0,0.0,0.0,1.9047618934240365,6,0.0,320,0,pathLen
train_0261,C:\Users\tao20\Desktop\Algorithm\AIPlayerDesktop\data\蔡扬的\train\train_0261.json,167,5,False,3,11,3,10, ,-1e+18,0,0.0,0.0,1.9047618934240365,12,0.0,320,0,pathLen
train_0261,C:\Users\tao20\Desktop\Algorithm\AIPlayerDesktop\data\蔡扬的\train\train_0261.json,167,6,False,7,3,7,2, ,-1e+18,0,0.0,0.0,1.9047618934240365,12,0.0,320,0,pathLen
train_0261,C:\Users\tao20\Desktop\Algorithm\AIPlayerDesktop\data\蔡扬的\train\train_0261.json,168,1,True,11,12,11,11,T,-29.749105351634274,-30,16.901408450704228,0.0,1.8934911130562657,8,0.0,290,12,deltaR
train_0261,C:\Users\tao20\Desktop\Algorithm\AIPlayerDesktop\data\蔡扬的\train\train_0261.json,168,2,False,13,6,13,5,T,-32.854430777046545,-30,16.901408450704228,0.0,1.8934911130562657,10,0.0,290,12,deltaR
train_0261,C:\Users\tao20\Desktop\Algorithm\AIPlayerDesktop\data\蔡扬的\train\train_0261.json,168,3,False,2,11,2,10,T,-39.0650816278711,-30,16.901408450704228,0.0,1.8934911130562657,14,0.0,290,12,deltaR
train_0261,C:\Users\tao20\Desktop\Algorithm\AIPlayerDesktop\data\蔡扬的\train\train_0261.json,168,4,False,3,9,3,8, ,-1e+18,0,0.0,0.0,1.8934911130562657,7,0.0,320,0,pathLen
train_0261,C:\Users\tao20\Desktop\Algorithm\AIPlayerDesktop\data\蔡扬的\train\train_0261.json,168,5,False,3,11,3,10, ,-1e+18,0,0.0,0.0,1.8934911130562657,13,0.0,320,0,pathLen
train_0261,C:\Users\tao20\Desktop\Algorithm\AIPlayerDesktop\data\蔡扬的\train\train_0261.json,168,6,False,7,3,7,2, ,-1e+18,0,0.0,0.0,1.8934911130562657,13,0.0,320,0,pathLen
train_0261,C:\Users\tao20\Desktop\Algorithm\AIPlayerDesktop\data\蔡扬的\train\train_0261.json,169,1,True,11,12,11,11,T,-28.13281875710016,-30,16.901408450704228,0.0,1.8823529301038062,7,0.0,290,12,deltaR
train_0261,C:\Users\tao20\Desktop\Algorithm\AIPlayerDesktop\data\蔡扬的\train\train_0261.json,169,2,False,13,6,13,5,T,-31.2198775624704,-30,16.901408450704228,0.0,1.8823529301038062,9,0.0,290,12,deltaR
train_0261,C:\Users\tao20\Desktop\Algorithm\AIPlayerDesktop\data\蔡扬的\train\train_0261.json,169,3,False,2,11,2,10,T,-40.48105397858113,-30,16.901408450704228,0.0,1.8823529301038062,15,0.0,290,12,deltaR
train_0261,C:\Users\tao20\Desktop\Algorithm\AIPlayerDesktop\data\蔡扬的\train\train_0261.json,169,4,False,3,9,3,8, ,-1e+18,0,0.0,0.0,1.8823529301038062,8,0.0,320,0,pathLen
train_0261,C:\Users\tao20\Desktop\Algorithm\AIPlayerDesktop\data\蔡扬的\train\train_0261.json,169,5,False,3,11,3,10, ,-1e+18,0,0.0,0.0,1.8823529301038062,14,0.0,320,0,pathLen
train_0261,C:\Users\tao20\Desktop\Algorithm\AIPlayerDesktop\data\蔡扬的\train\train_0261.json,169,6,False,7,3,7,2, ,-1e+18,0,0.0,0.0,1.8823529301038062,14,0.0,320,0,pathLen
train_0261,C:\Users\tao20\Desktop\Algorithm\AIPlayerDesktop\data\蔡扬的\train\train_0261.json,170,1,True,11,12,11,11,T,-26.535377858977064,-30,16.901408450704228,0.0,1.871345018296228,6,0.0,290,12,deltaR
train_0261,C:\Users\tao20\Desktop\Algorithm\AIPlayerDesktop\data\蔡扬的\train\train_0261.json,170,2,False,13,6,13,5,T,-32.67338951898869,-30,16.901408450704228,0.0,1.871345018296228,10,0.0,290,12,deltaR
train_0261,C:\Users\tao20\Desktop\Algorithm\AIPlayerDesktop\data\蔡扬的\train\train_0261.json,170,3,False,2,11,2,10,T,-41.880407009006134,-30,16.901408450704228,0.0,1.871345018296228,16,0.0,290,12,deltaR
train_0261,C:\Users\tao20\Desktop\Algorithm\AIPlayerDesktop\data\蔡扬的\train\train_0261.json,170,4,False,3,9,3,8, ,-1e+18,0,0.0,0.0,1.871345018296228,9,0.0,320,0,pathLen
train_0261,C:\Users\tao20\Desktop\Algorithm\AIPlayerDesktop\data\蔡扬的\train\train_0261.json,170,5,False,3,11,3,10, ,-1e+18,0,0.0,0.0,1.871345018296228,15,0.0,320,0,pathLen
train_0261,C:\Users\tao20\Desktop\Algorithm\AIPlayerDesktop\data\蔡扬的\train\train_0261.json,170,6,False,7,3,7,2, ,-1e+18,0,0.0,0.0,1.871345018296228,15,0.0,320,0,pathLen
train_0261,C:\Users\tao20\Desktop\Algorithm\AIPlayerDesktop\data\蔡扬的\train\train_0261.json,171,1,True,11,12,11,11,T,-24.95646524587977,-30,16.901408450704228,0.0,1.8604651054624122,5,0.0,290,12,deltaR
train_0261,C:\Users\tao20\Desktop\Algorithm\AIPlayerDesktop\data\蔡扬的\train\train_0261.json,171,2,False,13,6,13,5,T,-34.10995356475483,-30,16.901408450704228,0.0,1.8604651054624122,11,0.0,290,12,deltaR
train_0261,C:\Users\tao20\Desktop\Algorithm\AIPlayerDesktop\data\蔡扬的\train\train_0261.json,171,3,False,2,11,2,10,T,-43.2634418836299,-30,16.901408450704228,0.0,1.8604651054624122,17,0.0,290,12,pathLen
train_0261,C:\Users\tao20\Desktop\Algorithm\AIPlayerDesktop\data\蔡扬的\train\train_0261.json,171,4,False,3,9,3,8, ,-1e+18,0,0.0,0.0,1.8604651054624122,10,0.0,320,0,pathLen
train_0261,C:\Users\tao20\Desktop\Algorithm\AIPlayerDesktop\data\蔡扬的\train\train_0261.json,171,5,False,3,11,3,10, ,-1e+18,0,0.0,0.0,1.8604651054624122,16,0.0,320,0,pathLen
train_0261,C:\Users\tao20\Desktop\Algorithm\AIPlayerDesktop\data\蔡扬的\train\train_0261.json,171,6,False,7,3,7,2, ,-1e+18,0,0.0,0.0,1.8604651054624122,16,0.0,320,0,pathLen
train_0261,C:\Users\tao20\Desktop\Algorithm\AIPlayerDesktop\data\蔡扬的\train\train_0261.json,172,1,True,11,12,11,11,T,-23.395768657155003,-30,16.901408450704228,0.0,1.8497109719669886,4,0.0,290,12,deltaR
train_0261,C:\Users\tao20\Desktop\Algorithm\AIPlayerDesktop\data\蔡扬的\train\train_0261.json,172,2,False,13,6,13,5,T,-35.52987263325845,-30,16.901408450704228,0.0,1.8497109719669886,12,0.0,290,12,deltaR
train_0261,C:\Users\tao20\Desktop\Algorithm\AIPlayerDesktop\data\蔡扬的\train\train_0261.json,172,3,False,2,11,2,10,T,-44.63045061533603,-30,16.901408450704228,0.0,1.8497109719669886,18,0.0,290,12,pathLen
train_0261,C:\Users\tao20\Desktop\Algorithm\AIPlayerDesktop\data\蔡扬的\train\train_0261.json,172,4,False,3,9,3,8, ,-1e+18,0,0.0,0.0,1.8497109719669886,11,0.0,320,0,pathLen
train_0261,C:\Users\tao20\Desktop\Algorithm\AIPlayerDesktop\data\蔡扬的\train\train_0261.json,172,5,False,3,11,3,10, ,-1e+18,0,0.0,0.0,1.8497109719669886,17,0.0,320,0,pathLen
train_0261,C:\Users\tao20\Desktop\Algorithm\AIPlayerDesktop\data\蔡扬的\train\train_0261.json,172,6,False,7,3,7,2, ,-1e+18,0,0.0,0.0,1.8497109719669886,17,0.0,320,0,pathLen
train_0261,C:\Users\tao20\Desktop\Algorithm\AIPlayerDesktop\data\蔡扬的\train\train_0261.json,173,1,True,11,12,11,11,T,-21.85298125863249,-30,16.901408450704228,0.0,1.8390804492006871,3,0.0,290,12,deltaR
train_0261,C:\Users\tao20\Desktop\Algorithm\AIPlayerDesktop\data\蔡扬的\train\train_0261.json,173,2,False,13,6,13,5,T,-36.93344094207812,-30,16.901408450704228,0.0,1.8390804492006871,13,0.0,290,12,deltaR
train_0261,C:\Users\tao20\Desktop\Algorithm\AIPlayerDesktop\data\蔡扬的\train\train_0261.json,173,3,False,2,11,2,10,T,-45.9817167521455,-30,16.901408450704228,0.0,1.8390804492006871,19,0.0,290,12,pathLen
train_0261,C:\Users\tao20\Desktop\Algorithm\AIPlayerDesktop\data\蔡扬的\train\train_0261.json,173,4,False,3,9,3,8, ,-1e+18,0,0.0,0.0,1.8390804492006871,12,0.0,320,0,pathLen
train_0261,C:\Users\tao20\Desktop\Algorithm\AIPlayerDesktop\data\蔡扬的\train\train_0261.json,173,5,False,3,11,3,10, ,-1e+18,0,0.0,0.0,1.8390804492006871,18,0.0,320,0,pathLen
train_0261,C:\Users\tao20\Desktop\Algorithm\AIPlayerDesktop\data\蔡扬的\train\train_0261.json,173,6,False,7,3,7,2, ,-1e+18,0,0.0,0.0,1.8390804492006871,18,0.0,320,0,pathLen
train_0261,C:\Users\tao20\Desktop\Algorithm\AIPlayerDesktop\data\蔡扬的\train\train_0261.json,174,1,True,11,12,11,11,T,-20.32780182691603,-30,16.901408450704228,0.0,1.828571418122449,2,0.0,290,12,deltaR
train_0261,C:\Users\tao20\Desktop\Algorithm\AIPlayerDesktop\data\蔡扬的\train\train_0261.json,174,2,False,13,6,13,5,T,-38.32094458124092,-30,16.901408450704228,0.0,1.828571418122449,14,0.0,290,12,deltaR
train_0261,C:\Users\tao20\Desktop\Algorithm\AIPlayerDesktop\data\蔡扬的\train\train_0261.json,174,3,False,2,11,2,10,T,-47.317515958403376,-30,16.901408450704228,0.0,1.828571418122449,20,0.0,290,12,pathLen
train_0261,C:\Users\tao20\Desktop\Algorithm\AIPlayerDesktop\data\蔡扬的\train\train_0261.json,174,4,False,3,9,3,8, ,-1e+18,0,0.0,0.0,1.828571418122449,13,0.0,320,0,pathLen
train_0261,C:\Users\tao20\Desktop\Algorithm\AIPlayerDesktop\data\蔡扬的\train\train_0261.json,174,5,False,3,11,3,10, ,-1e+18,0,0.0,0.0,1.828571418122449,19,0.0,320,0,pathLen
train_0261,C:\Users\tao20\Desktop\Algorithm\AIPlayerDesktop\data\蔡扬的\train\train_0261.json,174,6,False,7,3,7,2, ,-1e+18,0,0.0,0.0,1.828571418122449,19,0.0,320,0,pathLen
train_0261,C:\Users\tao20\Desktop\Algorithm\AIPlayerDesktop\data\蔡扬的\train\train_0261.json,175,1,True,11,12,11,11,T,-18.819934861710365,-30,16.901408450704228,0.0,1.8181818078512397,1,0.0,290,12,deltaR
train_0261,C:\Users\tao20\Desktop\Algorithm\AIPlayerDesktop\data\蔡扬的\train\train_0261.json,175,2,False,13,6,13,5,T,-39.6926620158426,-30,16.901408450704228,0.0,1.8181818078512397,15,0.0,290,12,deltaR
train_0261,C:\Users\tao20\Desktop\Algorithm\AIPlayerDesktop\data\蔡扬的\train\train_0261.json,175,3,False,2,11,2,10,T,-48.638116510470695,-30,16.901408450704228,0.0,1.8181818078512397,21,0.0,290,12,pathLen
train_0261,C:\Users\tao20\Desktop\Algorithm\AIPlayerDesktop\data\蔡扬的\train\train_0261.json,175,4,False,3,9,3,8, ,-1e+18,0,0.0,0.0,1.8181818078512397,14,0.0,320,0,pathLen
train_0261,C:\Users\tao20\Desktop\Algorithm\AIPlayerDesktop\data\蔡扬的\train\train_0261.json,175,5,False,3,11,3,10, ,-1e+18,0,0.0,0.0,1.8181818078512397,20,0.0,320,0,pathLen
train_0261,C:\Users\tao20\Desktop\Algorithm\AIPlayerDesktop\data\蔡扬的\train\train_0261.json,175,6,False,7,3,7,2, ,-1e+18,0,0.0,0.0,1.8181818078512397,20,0.0,320,0,pathLen
train_0261,C:\Users\tao20\Desktop\Algorithm\AIPlayerDesktop\data\蔡扬的\train\train_0261.json,176,1,True,11,13,11,12, ,11.190185071572957,0,16.744186046511626,0.0,1.638418069839446,1,0.0,290,12,Iproxy
train_0261,C:\Users\tao20\Desktop\Algorithm\AIPlayerDesktop\data\蔡扬的\train\train_0261.json,176,2,False,12,13,12,12, ,9.846682254304612,0,16.744186046511626,0.0,1.638418069839446,2,0.0,290,12,Iproxy
train_0261,C:\Users\tao20\Desktop\Algorithm\AIPlayerDesktop\data\蔡扬的\train\train_0261.json,176,3,False,13,6,13,5,T,-38.96235718745223,-30,16.744186046511626,0.0,1.638418069839446,16,0.0,260,12,deltaR
train_0261,C:\Users\tao20\Desktop\Algorithm\AIPlayerDesktop\data\蔡扬的\train\train_0261.json,176,4,False,2,11,2,10,T,-47.0233740910623,-30,16.744186046511626,0.0,1.638418069839446,22,0.0,260,12,pathLen
train_0261,C:\Users\tao20\Desktop\Algorithm\AIPlayerDesktop\data\蔡扬的\train\train_0261.json,176,5,False,3,9,3,8, ,-1e+18,0,0.0,0.0,1.638418069839446,15,0.0,290,0,pathLen
train_0261,C:\Users\tao20\Desktop\Algorithm\AIPlayerDesktop\data\蔡扬的\train\train_0261.json,176,6,False,3,11,3,10, ,-1e+18,0,0.0,0.0,1.638418069839446,21,0.0,290,0,pathLen
train_0261,C:\Users\tao20\Desktop\Algorithm\AIPlayerDesktop\data\蔡扬的\train\train_0261.json,176,7,False,7,3,7,2, ,-1e+18,0,0.0,0.0,1.638418069839446,21,0.0,290,0,pathLen
train_0261,C:\Users\tao20\Desktop\Algorithm\AIPlayerDesktop\data\蔡扬的\train\train_0261.json,177,1,True,12,13,12,12, ,11.047624600362719,0,16.589861751152075,0.0,1.6292134739931827,1,0.0,290,12,Iproxy
train_0261,C:\Users\tao20\Desktop\Algorithm\AIPlayerDesktop\data\蔡扬的\train\train_0261.json,177,2,False,13,6,13,5,T,-40.32765617842784,-30,16.589861751152075,0.0,1.6292134739931827,17,0.0,260,12,deltaR
train_0261,C:\Users\tao20\Desktop\Algorithm\AIPlayerDesktop\data\蔡扬的\train\train_0261.json,177,3,False,2,11,2,10,T,-48.3433864704743,-30,16.589861751152075,0.0,1.6292134739931827,23,0.0,260,12,pathLen
train_0261,C:\Users\tao20\Desktop\Algorithm\AIPlayerDesktop\data\蔡扬的\train\train_0261.json,177,4,False,3,9,3,8, ,-1e+18,0,0.0,0.0,1.6292134739931827,16,0.0,290,0,pathLen
train_0261,C:\Users\tao20\Desktop\Algorithm\AIPlayerDesktop\data\蔡扬的\train\train_0261.json,177,5,False,3,11,3,10, ,-1e+18,0,0.0,0.0,1.6292134739931827,22,0.0,290,0,pathLen
train_0261,C:\Users\tao20\Desktop\Algorithm\AIPlayerDesktop\data\蔡扬的\train\train_0261.json,177,6,False,7,3,7,2, ,-1e+18,0,0.0,0.0,1.6292134739931827,22,0.0,290,0,pathLen
train_0261,C:\Users\tao20\Desktop\Algorithm\AIPlayerDesktop\data\蔡扬的\train\train_0261.json,178,1,True,13,13,13,12, ,10.830472186257728,0,16.363636363636363,0.0,1.620111722792672,1,0.0,290,12,Iproxy
train_0261,C:\Users\tao20\Desktop\Algorithm\AIPlayerDesktop\data\蔡扬的\train\train_0261.json,178,2,False,13,12,13,11, ,9.501980573567737,0,16.363636363636363,0.0,1.620111722792672,2,0.0,290,12,Iproxy
train_0261,C:\Users\tao20\Desktop\Algorithm\AIPlayerDesktop\data\蔡扬的\train\train_0261.json,178,3,False,13,6,13,5,T,-41.75388522947212,-30,16.363636363636363,0.0,1.620111722792672,18,0.0,260,12,deltaR
train_0261,C:\Users\tao20\Desktop\Algorithm\AIPlayerDesktop\data\蔡扬的\train\train_0261.json,178,4,False,2,11,2,10,T,-49.72483490561207,-30,16.363636363636363,0.0,1.620111722792672,24,0.0,260,12,pathLen
train_0261,C:\Users\tao20\Desktop\Algorithm\AIPlayerDesktop\data\蔡扬的\train\train_0261.json,178,5,False,3,9,3,8, ,-1e+18,0,0.0,0.0,1.620111722792672,17,0.0,290,0,pathLen
train_0261,C:\Users\tao20\Desktop\Algorithm\AIPlayerDesktop\data\蔡扬的\train\train_0261.json,178,6,False,3,11,3,10, ,-1e+18,0,0.0,0.0,1.620111722792672,23,0.0,290,0,pathLen
train_0261,C:\Users\tao20\Desktop\Algorithm\AIPlayerDesktop\data\蔡扬的\train\train_0261.json,178,7,False,7,3,7,2, ,-1e+18,0,0.0,0.0,1.620111722792672,23,0.0,290,0,pathLen
train_0261,C:\Users\tao20\Desktop\Algorithm\AIPlayerDesktop\data\蔡扬的\train\train_0261.json,179,1,True,13,12,13,11, ,10.60215584646316,0,16.143497757847534,0.0,1.6111111021604938,1,0.0,290,12,Iproxy
train_0261,C:\Users\tao20\Desktop\Algorithm\AIPlayerDesktop\data\蔡扬的\train\train_0261.json,179,2,False,13,6,13,5,T,-43.17784402142573,-30,16.143497757847534,0.0,1.6111111021604938,19,0.0,260,12,pathLen
train_0261,C:\Users\tao20\Desktop\Algorithm\AIPlayerDesktop\data\蔡扬的\train\train_0261.json,179,3,False,2,11,2,10,T,-51.10451064405535,-30,16.143497757847534,0.0,1.6111111021604938,25,0.0,260,12,pathLen
train_0261,C:\Users\tao20\Desktop\Algorithm\AIPlayerDesktop\data\蔡扬的\train\train_0261.json,179,4,False,3,9,3,8, ,-1e+18,0,0.0,0.0,1.6111111021604938,18,0.0,290,0,pathLen
train_0261,C:\Users\tao20\Desktop\Algorithm\AIPlayerDesktop\data\蔡扬的\train\train_0261.json,179,5,False,3,11,3,10, ,-1e+18,0,0.0,0.0,1.6111111021604938,24,0.0,290,0,pathLen
train_0261,C:\Users\tao20\Desktop\Algorithm\AIPlayerDesktop\data\蔡扬的\train\train_0261.json,179,6,False,7,3,7,2, ,-1e+18,0,0.0,0.0,1.6111111021604938,24,0.0,290,0,pathLen
train_0261,C:\Users\tao20\Desktop\Algorithm\AIPlayerDesktop\data\蔡扬的\train\train_0261.json,180,1,True,13,11,13,10,G,48.6861878525625,50,0.0,0.0,1.6022099358993926,1,0.0,340,0,deltaR
train_0261,C:\Users\tao20\Desktop\Algorithm\AIPlayerDesktop\data\蔡扬的\train\train_0261.json,180,2,False,3,9,3,8, ,-22.03385937274111,0,0.0,2.380952380952381,1.6022099358993926,19,0.0,290,0,pathLen
train_0261,C:\Users\tao20\Desktop\Algorithm\AIPlayerDesktop\data\蔡扬的\train\train_0261.json,180,3,False,3,11,3,10, ,-30.567525908159773,0,0.0,1.8518518518518519,1.6022099358993926,25,0.0,290,0,pathLen
train_0261,C:\Users\tao20\Desktop\Algorithm\AIPlayerDesktop\data\蔡扬的\train\train_0261.json,180,4,False,7,3,7,2, ,-30.567525908159773,0,0.0,1.8518518518518519,1.6022099358993926,25,0.0,290,0,pathLen
train_0261,C:\Users\tao20\Desktop\Algorithm\AIPlayerDesktop\data\蔡扬的\train\train_0261.json,180,5,False,13,6,13,5,T,-39.379567555144746,-30,19.199999999999996,2.272727272727273,1.6022099358993926,20,0.0,260,12,pathLen
train_0261,C:\Users\tao20\Desktop\Algorithm\AIPlayerDesktop\data\蔡扬的\train\train_0261.json,180,6,False,2,11,2,10,T,-47.86146641379574,-30,19.199999999999996,1.7857142857142858,1.6022099358993926,26,0.0,260,12,pathLen
train_0261,C:\Users\tao20\Desktop\Algorithm\AIPlayerDesktop\data\蔡扬的\train\train_0261.json,181,1,True,13,6,13,5,T,-48.131624126722116,-30,19.199999999999996,0.0,1.8681318578674073,21,0.0,310,12,pathLen
train_0261,C:\Users\tao20\Desktop\Algorithm\AIPlayerDesktop\data\蔡扬的\train\train_0261.json,181,2,False,2,11,2,10,T,-57.32283286742976,-30,19.199999999999996,0.0,1.8681318578674073,27,0.0,310,12,pathLen
train_0261,C:\Users\tao20\Desktop\Algorithm\AIPlayerDesktop\data\蔡扬的\train\train_0261.json,181,3,False,3,9,3,8, ,-1e+18,0,0.0,0.0,1.8681318578674073,20,0.0,340,0,pathLen
train_0261,C:\Users\tao20\Desktop\Algorithm\AIPlayerDesktop\data\蔡扬的\train\train_0261.json,181,4,False,3,11,3,10, ,-1e+18,0,0.0,0.0,1.8681318578674073,26,0.0,340,0,pathLen
train_0261,C:\Users\tao20\Desktop\Algorithm\AIPlayerDesktop\data\蔡扬的\train\train_0261.json,181,5,False,7,3,7,2, ,-1e+18,0,0.0,0.0,1.8681318578674073,26,0.0,340,0,pathLen
train_0261,C:\Users\tao20\Desktop\Algorithm\AIPlayerDesktop\data\蔡扬的\train\train_0261.json,182,1,True,13,6,13,5,T,-46.48323022885107,-30,19.199999999999996,0.0,1.8579234871151722,20,0.0,310,12,pathLen
train_0261,C:\Users\tao20\Desktop\Algorithm\AIPlayerDesktop\data\蔡扬的\train\train_0261.json,182,2,False,2,11,2,10,T,-55.62421378545772,-30,19.199999999999996,0.0,1.8579234871151722,26,0.0,310,12,pathLen
train_0261,C:\Users\tao20\Desktop\Algorithm\AIPlayerDesktop\data\蔡扬的\train\train_0261.json,182,3,False,3,9,3,8, ,-1e+18,0,0.0,0.0,1.8579234871151722,19,0.0,340,0,pathLen
train_0261,C:\Users\tao20\Desktop\Algorithm\AIPlayerDesktop\data\蔡扬的\train\train_0261.json,182,4,False,3,11,3,10, ,-1e+18,0,0.0,0.0,1.8579234871151722,25,0.0,340,0,pathLen
train_0261,C:\Users\tao20\Desktop\Algorithm\AIPlayerDesktop\data\蔡扬的\train\train_0261.json,182,5,False,7,3,7,2, ,-1e+18,0,0.0,0.0,1.8579234871151722,25,0.0,340,0,pathLen
train_0261,C:\Users\tao20\Desktop\Algorithm\AIPlayerDesktop\data\蔡扬的\train\train_0261.json,183,1,True,13,6,13,5,T,-44.8431285232157,-30,19.199999999999996,0.0,1.8478260769139887,19,0.0,310,12,pathLen
train_0261,C:\Users\tao20\Desktop\Algorithm\AIPlayerDesktop\data\蔡扬的\train\train_0261.json,183,2,False,2,11,2,10,T,-53.93443282163253,-30,19.199999999999996,0.0,1.8478260769139887,25,0.0,310,12,pathLen
train_0261,C:\Users\tao20\Desktop\Algorithm\AIPlayerDesktop\data\蔡扬的\train\train_0261.json,183,3,False,3,9,3,8, ,-1e+18,0,0.0,0.0,1.8478260769139887,18,0.0,340,0,pathLen
train_0261,C:\Users\tao20\Desktop\Algorithm\AIPlayerDesktop\data\蔡扬的\train\train_0261.json,183,4,False,3,11,3,10, ,-1e+18,0,0.0,0.0,1.8478260769139887,24,0.0,340,0,pathLen
train_0261,C:\Users\tao20\Desktop\Algorithm\AIPlayerDesktop\data\蔡扬的\train\train_0261.json,183,5,False,7,3,7,2, ,-1e+18,0,0.0,0.0,1.8478260769139887,24,0.0,340,0,pathLen
train_0261,C:\Users\tao20\Desktop\Algorithm\AIPlayerDesktop\data\蔡扬的\train\train_0261.json,184,1,True,13,6,13,5,T,-43.2130551485394,-30,19.199999999999996,0.0,1.8378378279035794,18,0.0,310,12,pathLen
train_0261,C:\Users\tao20\Desktop\Algorithm\AIPlayerDesktop\data\蔡扬的\train\train_0261.json,184,2,False,2,11,2,10,T,-52.255217261825,-30,19.199999999999996,0.0,1.8378378279035794,24,0.0,310,12,pathLen
train_0261,C:\Users\tao20\Desktop\Algorithm\AIPlayerDesktop\data\蔡扬的\train\train_0261.json,184,3,False,3,9,3,8, ,-1e+18,0,0.0,0.0,1.8378378279035794,17,0.0,340,0,pathLen
train_0261,C:\Users\tao20\Desktop\Algorithm\AIPlayerDesktop\data\蔡扬的\train\train_0261.json,184,4,False,3,11,3,10, ,-1e+18,0,0.0,0.0,1.8378378279035794,23,0.0,340,0,pathLen
train_0261,C:\Users\tao20\Desktop\Algorithm\AIPlayerDesktop\data\蔡扬的\train\train_0261.json,184,5,False,7,3,7,2, ,-1e+18,0,0.0,0.0,1.8378378279035794,23,0.0,340,0,pathLen
train_0261,C:\Users\tao20\Desktop\Algorithm\AIPlayerDesktop\data\蔡扬的\train\train_0261.json,185,1,True,13,6,13,5,T,-41.59434555282104,-30,19.199999999999996,0.0,1.8279569794195862,17,0.0,310,12,pathLen
train_0261,C:\Users\tao20\Desktop\Algorithm\AIPlayerDesktop\data\蔡扬的\train\train_0261.json,185,2,False,2,11,2,10,T,-50.5878938915654,-30,19.199999999999996,0.0,1.8279569794195862,23,0.0,310,12,pathLen
train_0261,C:\Users\tao20\Desktop\Algorithm\AIPlayerDesktop\data\蔡扬的\train\train_0261.json,185,3,False,3,9,3,8, ,-1e+18,0,0.0,0.0,1.8279569794195862,16,0.0,340,0,pathLen
train_0261,C:\Users\tao20\Desktop\Algorithm\AIPlayerDesktop\data\蔡扬的\train\train_0261.json,185,4,False,3,11,3,10, ,-1e+18,0,0.0,0.0,1.8279569794195862,22,0.0,340,0,pathLen
train_0261,C:\Users\tao20\Desktop\Algorithm\AIPlayerDesktop\data\蔡扬的\train\train_0261.json,185,5,False,7,3,7,2, ,-1e+18,0,0.0,0.0,1.8279569794195862,22,0.0,340,0,pathLen
train_0261,C:\Users\tao20\Desktop\Algorithm\AIPlayerDesktop\data\蔡扬的\train\train_0261.json,186,1,True,13,6,13,5,T,-39.9880157475166,-30,19.199999999999996,0.0,1.8181818084589207,16,0.0,310,12,deltaR
train_0261,C:\Users\tao20\Desktop\Algorithm\AIPlayerDesktop\data\蔡扬的\train\train_0261.json,186,2,False,2,11,2,10,T,-48.93347024513449,-30,19.199999999999996,0.0,1.8181818084589207,22,0.0,310,12,pathLen
train_0261,C:\Users\tao20\Desktop\Algorithm\AIPlayerDesktop\data\蔡扬的\train\train_0261.json,186,3,False,3,9,3,8, ,-1e+18,0,0.0,0.0,1.8181818084589207,15,0.0,340,0,pathLen
train_0261,C:\Users\tao20\Desktop\Algorithm\AIPlayerDesktop\data\蔡扬的\train\train_0261.json,186,4,False,3,11,3,10, ,-1e+18,0,0.0,0.0,1.8181818084589207,21,0.0,340,0,pathLen
train_0261,C:\Users\tao20\Desktop\Algorithm\AIPlayerDesktop\data\蔡扬的\train\train_0261.json,186,5,False,7,3,7,2, ,-1e+18,0,0.0,0.0,1.8181818084589207,21,0.0,340,0,pathLen
train_0261,C:\Users\tao20\Desktop\Algorithm\AIPlayerDesktop\data\蔡扬的\train\train_0261.json,187,1,True,13,6,13,5,T,-38.39482728193547,-30,19.199999999999996,0.0,1.808510628678135,15,0.0,310,12,deltaR
train_0261,C:\Users\tao20\Desktop\Algorithm\AIPlayerDesktop\data\蔡扬的\train\train_0261.json,187,2,False,2,11,2,10,T,-47.29269957503189,-30,19.199999999999996,0.0,1.808510628678135,21,0.0,310,12,pathLen
train_0261,C:\Users\tao20\Desktop\Algorithm\AIPlayerDesktop\data\蔡扬的\train\train_0261.json,187,3,False,3,9,3,8, ,-1e+18,0,0.0,0.0,1.808510628678135,14,0.0,340,0,pathLen
train_0261,C:\Users\tao20\Desktop\Algorithm\AIPlayerDesktop\data\蔡扬的\train\train_0261.json,187,4,False,3,11,3,10, ,-1e+18,0,0.0,0.0,1.808510628678135,20,0.0,340,0,pathLen
train_0261,C:\Users\tao20\Desktop\Algorithm\AIPlayerDesktop\data\蔡扬的\train\train_0261.json,187,5,False,7,3,7,2, ,-1e+18,0,0.0,0.0,1.808510628678135,20,0.0,340,0,pathLen
train_0261,C:\Users\tao20\Desktop\Algorithm\AIPlayerDesktop\data\蔡扬的\train\train_0261.json,188,1,True,13,6,13,5,T,-36.81533919470428,-30,19.199999999999996,0.0,1.7989417894235884,14,0.0,310,12,deltaR
train_0261,C:\Users\tao20\Desktop\Algorithm\AIPlayerDesktop\data\蔡扬的\train\train_0261.json,188,2,False,2,11,2,10,T,-45.666132798668336,-30,19.199999999999996,0.0,1.7989417894235884,20,0.0,310,12,pathLen
train_0261,C:\Users\tao20\Desktop\Algorithm\AIPlayerDesktop\data\蔡扬的\train\train_0261.json,188,3,False,3,9,3,8, ,-1e+18,0,0.0,0.0,1.7989417894235884,13,0.0,340,0,pathLen
train_0261,C:\Users\tao20\Desktop\Algorithm\AIPlayerDesktop\data\蔡扬的\train\train_0261.json,188,4,False,3,11,3,10, ,-1e+18,0,0.0,0.0,1.7989417894235884,19,0.0,340,0,pathLen
train_0261,C:\Users\tao20\Desktop\Algorithm\AIPlayerDesktop\data\蔡扬的\train\train_0261.json,188,5,False,7,3,7,2, ,-1e+18,0,0.0,0.0,1.7989417894235884,19,0.0,340,0,pathLen
train_0261,C:\Users\tao20\Desktop\Algorithm\AIPlayerDesktop\data\蔡扬的\train\train_0261.json,189,1,True,13,6,13,5,T,-35.249949547748464,-30,19.199999999999996,0.0,1.789473674792244,13,0.0,310,12,deltaR
train_0261,C:\Users\tao20\Desktop\Algorithm\AIPlayerDesktop\data\蔡扬的\train\train_0261.json,189,2,False,2,11,2,10,T,-44.054160027726304,-30,19.199999999999996,0.0,1.789473674792244,19,0.0,310,12,pathLen
train_0261,C:\Users\tao20\Desktop\Algorithm\AIPlayerDesktop\data\蔡扬的\train\train_0261.json,189,3,False,3,9,3,8, ,-1e+18,0,0.0,0.0,1.789473674792244,12,0.0,340,0,pathLen
train_0261,C:\Users\tao20\Desktop\Algorithm\AIPlayerDesktop\data\蔡扬的\train\train_0261.json,189,4,False,3,11,3,10, ,-1e+18,0,0.0,0.0,1.789473674792244,18,0.0,340,0,pathLen
train_0261,C:\Users\tao20\Desktop\Algorithm\AIPlayerDesktop\data\蔡扬的\train\train_0261.json,189,5,False,7,3,7,2, ,-1e+18,0,0.0,0.0,1.789473674792244,18,0.0,340,0,pathLen
train_0261,C:\Users\tao20\Desktop\Algorithm\AIPlayerDesktop\data\蔡扬的\train\train_0261.json,190,1,True,13,6,13,5,T,-33.69892862712061,-30,19.199999999999996,0.0,1.780104702721965,12,0.0,310,12,deltaR
train_0261,C:\Users\tao20\Desktop\Algorithm\AIPlayerDesktop\data\蔡扬的\train\train_0261.json,190,2,False,2,11,2,10,T,-42.457043764512676,-30,19.199999999999996,0.0,1.780104702721965,18,0.0,310,12,pathLen
train_0261,C:\Users\tao20\Desktop\Algorithm\AIPlayerDesktop\data\蔡扬的\train\train_0261.json,190,3,False,3,9,3,8, ,-1e+18,0,0.0,0.0,1.780104702721965,11,0.0,340,0,pathLen
train_0261,C:\Users\tao20\Desktop\Algorithm\AIPlayerDesktop\data\蔡扬的\train\train_0261.json,190,4,False,3,11,3,10, ,-1e+18,0,0.0,0.0,1.780104702721965,17,0.0,340,0,pathLen
train_0261,C:\Users\tao20\Desktop\Algorithm\AIPlayerDesktop\data\蔡扬的\train\train_0261.json,190,5,False,7,3,7,2, ,-1e+18,0,0.0,0.0,1.780104702721965,17,0.0,340,0,pathLen
train_0261,C:\Users\tao20\Desktop\Algorithm\AIPlayerDesktop\data\蔡扬的\train\train_0261.json,191,1,True,13,6,13,5,T,-32.16244547810953,-30,19.199999999999996,0.0,1.7708333241102432,11,0.0,310,12,deltaR
train_0261,C:\Users\tao20\Desktop\Algorithm\AIPlayerDesktop\data\蔡扬的\train\train_0261.json,191,2,False,2,11,2,10,T,-40.87494543273193,-30,19.199999999999996,0.0,1.7708333241102432,17,0.0,310,12,pathLen
train_0261,C:\Users\tao20\Desktop\Algorithm\AIPlayerDesktop\data\蔡扬的\train\train_0261.json,191,3,False,3,9,3,8, ,-1e+18,0,0.0,0.0,1.7708333241102432,10,0.0,340,0,pathLen
train_0261,C:\Users\tao20\Desktop\Algorithm\AIPlayerDesktop\data\蔡扬的\train\train_0261.json,191,4,False,3,11,3,10, ,-1e+18,0,0.0,0.0,1.7708333241102432,16,0.0,340,0,pathLen
train_0261,C:\Users\tao20\Desktop\Algorithm\AIPlayerDesktop\data\蔡扬的\train\train_0261.json,191,5,False,7,3,7,2, ,-1e+18,0,0.0,0.0,1.7708333241102432,16,0.0,340,0,pathLen
train_0261,C:\Users\tao20\Desktop\Algorithm\AIPlayerDesktop\data\蔡扬的\train\train_0261.json,192,1,True,13,6,13,5,T,-30.640589108548703,-30,19.199999999999996,0.0,1.761658021960321,10,0.0,310,12,deltaR
train_0261,C:\Users\tao20\Desktop\Algorithm\AIPlayerDesktop\data\蔡扬的\train\train_0261.json,192,2,False,2,11,2,10,T,-39.30794657659348,-30,19.199999999999996,0.0,1.761658021960321,16,0.0,310,12,deltaR
train_0261,C:\Users\tao20\Desktop\Algorithm\AIPlayerDesktop\data\蔡扬的\train\train_0261.json,192,3,False,3,9,3,8, ,-1e+18,0,0.0,0.0,1.761658021960321,9,0.0,340,0,pathLen
train_0261,C:\Users\tao20\Desktop\Algorithm\AIPlayerDesktop\data\蔡扬的\train\train_0261.json,192,4,False,3,11,3,10, ,-1e+18,0,0.0,0.0,1.761658021960321,15,0.0,340,0,pathLen
train_0261,C:\Users\tao20\Desktop\Algorithm\AIPlayerDesktop\data\蔡扬的\train\train_0261.json,192,5,False,7,3,7,2, ,-1e+18,0,0.0,0.0,1.761658021960321,15,0.0,340,0,pathLen
train_0261,C:\Users\tao20\Desktop\Algorithm\AIPlayerDesktop\data\蔡扬的\train\train_0261.json,193,1,True,13,6,13,5,T,-29.133385427431705,-30,19.199999999999996,0.0,1.7525773105537252,9,0.0,310,12,deltaR
train_0261,C:\Users\tao20\Desktop\Algorithm\AIPlayerDesktop\data\蔡扬的\train\train_0261.json,193,2,False,2,11,2,10,T,-37.75606579535604,-30,19.199999999999996,0.0,1.7525773105537252,15,0.0,310,12,deltaR
train_0261,C:\Users\tao20\Desktop\Algorithm\AIPlayerDesktop\data\蔡扬的\train\train_0261.json,193,3,False,3,9,3,8, ,-1e+18,0,0.0,0.0,1.7525773105537252,8,0.0,340,0,pathLen
train_0261,C:\Users\tao20\Desktop\Algorithm\AIPlayerDesktop\data\蔡扬的\train\train_0261.json,193,4,False,3,11,3,10, ,-1e+18,0,0.0,0.0,1.7525773105537252,14,0.0,340,0,pathLen
train_0261,C:\Users\tao20\Desktop\Algorithm\AIPlayerDesktop\data\蔡扬的\train\train_0261.json,193,5,False,7,3,7,2, ,-1e+18,0,0.0,0.0,1.7525773105537252,14,0.0,340,0,pathLen
train_0261,C:\Users\tao20\Desktop\Algorithm\AIPlayerDesktop\data\蔡扬的\train\train_0261.json,194,1,True,13,6,13,5,T,-27.640810772494703,-30,19.199999999999996,0.0,1.7435897346482578,8,0.0,310,12,deltaR
train_0261,C:\Users\tao20\Desktop\Algorithm\AIPlayerDesktop\data\蔡扬的\train\train_0261.json,194,2,False,2,11,2,10,T,-39.078759431787276,-30,19.199999999999996,0.0,1.7435897346482578,16,0.0,310,12,deltaR
train_0261,C:\Users\tao20\Desktop\Algorithm\AIPlayerDesktop\data\蔡扬的\train\train_0261.json,194,3,False,3,9,3,8, ,-1e+18,0,0.0,0.0,1.7435897346482578,9,0.0,340,0,pathLen
train_0261,C:\Users\tao20\Desktop\Algorithm\AIPlayerDesktop\data\蔡扬的\train\train_0261.json,194,4,False,3,11,3,10, ,-1e+18,0,0.0,0.0,1.7435897346482578,15,0.0,340,0,pathLen
train_0261,C:\Users\tao20\Desktop\Algorithm\AIPlayerDesktop\data\蔡扬的\train\train_0261.json,194,5,False,7,3,7,2, ,-1e+18,0,0.0,0.0,1.7435897346482578,15,0.0,340,0,pathLen
train_0261,C:\Users\tao20\Desktop\Algorithm\AIPlayerDesktop\data\蔡扬的\train\train_0261.json,195,1,True,13,6,13,5,T,-26.162802709668767,-30,19.199999999999996,0.0,1.7346938687005415,7,0.0,310,12,deltaR
train_0261,C:\Users\tao20\Desktop\Algorithm\AIPlayerDesktop\data\蔡扬的\train\train_0261.json,195,2,False,2,11,2,10,T,-40.38729243301321,-30,19.199999999999996,0.0,1.7346938687005415,17,0.0,310,12,deltaR
train_0261,C:\Users\tao20\Desktop\Algorithm\AIPlayerDesktop\data\蔡扬的\train\train_0261.json,195,3,False,3,9,3,8, ,-1e+18,0,0.0,0.0,1.7346938687005415,10,0.0,340,0,pathLen
train_0261,C:\Users\tao20\Desktop\Algorithm\AIPlayerDesktop\data\蔡扬的\train\train_0261.json,195,4,False,3,11,3,10, ,-1e+18,0,0.0,0.0,1.7346938687005415,16,0.0,340,0,pathLen
train_0261,C:\Users\tao20\Desktop\Algorithm\AIPlayerDesktop\data\蔡扬的\train\train_0261.json,195,5,False,7,3,7,2, ,-1e+18,0,0.0,0.0,1.7346938687005415,16,0.0,340,0,pathLen
train_0261,C:\Users\tao20\Desktop\Algorithm\AIPlayerDesktop\data\蔡扬的\train\train_0261.json,196,1,True,13,6,13,5,T,-24.69926865070032,-30,19.199999999999996,0.0,1.725888316112242,6,0.0,310,12,deltaR
train_0261,C:\Users\tao20\Desktop\Algorithm\AIPlayerDesktop\data\蔡扬的\train\train_0261.json,196,2,False,2,11,2,10,T,-41.68200968124478,-30,19.199999999999996,0.0,1.725888316112242,18,0.0,310,12,pathLen
train_0261,C:\Users\tao20\Desktop\Algorithm\AIPlayerDesktop\data\蔡扬的\train\train_0261.json,196,3,False,3,9,3,8, ,-1e+18,0,0.0,0.0,1.725888316112242,11,0.0,340,0,pathLen
train_0261,C:\Users\tao20\Desktop\Algorithm\AIPlayerDesktop\data\蔡扬的\train\train_0261.json,196,4,False,3,11,3,10, ,-1e+18,0,0.0,0.0,1.725888316112242,17,0.0,340,0,pathLen
train_0261,C:\Users\tao20\Desktop\Algorithm\AIPlayerDesktop\data\蔡扬的\train\train_0261.json,196,5,False,7,3,7,2, ,-1e+18,0,0.0,0.0,1.725888316112242,17,0.0,340,0,pathLen
train_0261,C:\Users\tao20\Desktop\Algorithm\AIPlayerDesktop\data\蔡扬的\train\train_0261.json,197,1,True,13,6,13,5,T,-23.25009272595487,-30,19.199999999999996,0.0,1.7171717084991327,5,0.0,310,12,deltaR
train_0261,C:\Users\tao20\Desktop\Algorithm\AIPlayerDesktop\data\蔡扬的\train\train_0261.json,197,2,False,2,11,2,10,T,-42.96322393952491,-30,19.199999999999996,0.0,1.7171717084991327,19,0.0,310,12,pathLen
train_0261,C:\Users\tao20\Desktop\Algorithm\AIPlayerDesktop\data\蔡扬的\train\train_0261.json,197,3,False,3,9,3,8, ,-1e+18,0,0.0,0.0,1.7171717084991327,12,0.0,340,0,pathLen
train_0261,C:\Users\tao20\Desktop\Algorithm\AIPlayerDesktop\data\蔡扬的\train\train_0261.json,197,4,False,3,11,3,10, ,-1e+18,0,0.0,0.0,1.7171717084991327,18,0.0,340,0,pathLen
train_0261,C:\Users\tao20\Desktop\Algorithm\AIPlayerDesktop\data\蔡扬的\train\train_0261.json,197,5,False,7,3,7,2, ,-1e+18,0,0.0,0.0,1.7171717084991327,18,0.0,340,0,pathLen
train_0261,C:\Users\tao20\Desktop\Algorithm\AIPlayerDesktop\data\蔡扬的\train\train_0261.json,198,1,True,13,6,13,5,T,-21.81514126199431,-30,19.199999999999996,0.0,1.7085427049821975,4,0.0,310,12,deltaR
train_0261,C:\Users\tao20\Desktop\Algorithm\AIPlayerDesktop\data\蔡扬的\train\train_0261.json,198,2,False,2,11,2,10,T,-44.23122155136074,-30,19.199999999999996,0.0,1.7085427049821975,20,0.0,310,12,pathLen
train_0261,C:\Users\tao20\Desktop\Algorithm\AIPlayerDesktop\data\蔡扬的\train\train_0261.json,198,3,False,3,9,3,8, ,-1e+18,0,0.0,0.0,1.7085427049821975,13,0.0,340,0,pathLen
train_0261,C:\Users\tao20\Desktop\Algorithm\AIPlayerDesktop\data\蔡扬的\train\train_0261.json,198,4,False,3,11,3,10, ,-1e+18,0,0.0,0.0,1.7085427049821975,19,0.0,340,0,pathLen
train_0261,C:\Users\tao20\Desktop\Algorithm\AIPlayerDesktop\data\蔡扬的\train\train_0261.json,198,5,False,7,3,7,2, ,-1e+18,0,0.0,0.0,1.7085427049821975,19,0.0,340,0,pathLen
train_0261,C:\Users\tao20\Desktop\Algorithm\AIPlayerDesktop\data\蔡扬的\train\train_0261.json,199,1,True,13,6,13,5,T,-20.39426714357812,-30,19.199999999999996,0.0,1.6999999915000001,3,0.0,310,12,deltaR
train_0261,C:\Users\tao20\Desktop\Algorithm\AIPlayerDesktop\data\蔡扬的\train\train_0261.json,199,2,False,2,11,2,10,T,-45.48626701811811,-30,19.199999999999996,0.0,1.6999999915000001,21,0.0,310,12,pathLen
train_0261,C:\Users\tao20\Desktop\Algorithm\AIPlayerDesktop\data\蔡扬的\train\train_0261.json,199,3,False,3,9,3,8, ,-1e+18,0,0.0,0.0,1.6999999915000001,14,0.0,340,0,pathLen
train_0261,C:\Users\tao20\Desktop\Algorithm\AIPlayerDesktop\data\蔡扬的\train\train_0261.json,199,4,False,3,11,3,10, ,-1e+18,0,0.0,0.0,1.6999999915000001,20,0.0,340,0,pathLen
train_0261,C:\Users\tao20\Desktop\Algorithm\AIPlayerDesktop\data\蔡扬的\train\train_0261.json,199,5,False,7,3,7,2, ,-1e+18,0,0.0,0.0,1.6999999915000001,20,0.0,340,0,pathLen
train_0261,C:\Users\tao20\Desktop\Algorithm\AIPlayerDesktop\data\蔡扬的\train\train_0261.json,200,1,True,13,6,13,5,T,-18.987313283788648,-30,19.199999999999996,0.0,1.6915422801415807,2,0.0,310,12,deltaR
train_0261,C:\Users\tao20\Desktop\Algorithm\AIPlayerDesktop\data\蔡扬的\train\train_0261.json,200,2,False,2,11,2,10,T,-46.728606678110566,-30,19.199999999999996,0.0,1.6915422801415807,22,0.0,310,12,pathLen
train_0261,C:\Users\tao20\Desktop\Algorithm\AIPlayerDesktop\data\蔡扬的\train\train_0261.json,200,3,False,3,9,3,8, ,-1e+18,0,0.0,0.0,1.6915422801415807,15,0.0,340,0,pathLen
train_0261,C:\Users\tao20\Desktop\Algorithm\AIPlayerDesktop\data\蔡扬的\train\train_0261.json,200,4,False,3,11,3,10, ,-1e+18,0,0.0,0.0,1.6915422801415807,21,0.0,340,0,pathLen
train_0261,C:\Users\tao20\Desktop\Algorithm\AIPlayerDesktop\data\蔡扬的\train\train_0261.json,200,5,False,7,3,7,2, ,-1e+18,0,0.0,0.0,1.6915422801415807,21,0.0,340,0,pathLen
train_0261,C:\Users\tao20\Desktop\Algorithm\AIPlayerDesktop\data\蔡扬的\train\train_0261.json,201,1,True,13,6,13,5,T,-17.594115381220437,-30,19.199999999999996,0.0,1.6831683084991669,1,0.0,310,12,deltaR
train_0261,C:\Users\tao20\Desktop\Algorithm\AIPlayerDesktop\data\蔡扬的\train\train_0261.json,201,2,False,2,11,2,10,T,-47.95847166654541,-30,19.199999999999996,0.0,1.6831683084991669,23,0.0,310,12,pathLen
train_0261,C:\Users\tao20\Desktop\Algorithm\AIPlayerDesktop\data\蔡扬的\train\train_0261.json,201,3,False,3,9,3,8, ,-1e+18,0,0.0,0.0,1.6831683084991669,16,0.0,340,0,pathLen
train_0261,C:\Users\tao20\Desktop\Algorithm\AIPlayerDesktop\data\蔡扬的\train\train_0261.json,201,4,False,3,11,3,10, ,-1e+18,0,0.0,0.0,1.6831683084991669,22,0.0,340,0,pathLen
train_0261,C:\Users\tao20\Desktop\Algorithm\AIPlayerDesktop\data\蔡扬的\train\train_0261.json,201,5,False,7,3,7,2, ,-1e+18,0,0.0,0.0,1.6831683084991669,22,0.0,340,0,pathLen
train_0261,C:\Users\tao20\Desktop\Algorithm\AIPlayerDesktop\data\蔡扬的\train\train_0261.json,202,1,True,2,11,2,10,T,-46.41142236422208,-30,19.03083700440529,0.0,1.527093588536485,24,0.0,280,12,pathLen
train_0261,C:\Users\tao20\Desktop\Algorithm\AIPlayerDesktop\data\蔡扬的\train\train_0261.json,202,2,False,3,9,3,8, ,-1e+18,0,0.0,0.0,1.527093588536485,17,0.0,310,0,pathLen
train_0261,C:\Users\tao20\Desktop\Algorithm\AIPlayerDesktop\data\蔡扬的\train\train_0261.json,202,3,False,3,11,3,10, ,-1e+18,0,0.0,0.0,1.527093588536485,23,0.0,310,0,pathLen
train_0261,C:\Users\tao20\Desktop\Algorithm\AIPlayerDesktop\data\蔡扬的\train\train_0261.json,202,4,False,7,3,7,2, ,-1e+18,0,0.0,0.0,1.527093588536485,23,0.0,310,0,pathLen
train_0261,C:\Users\tao20\Desktop\Algorithm\AIPlayerDesktop\data\蔡扬的\train\train_0261.json,202,5,False,13,5,13,4, ,-1e+18,0,0.0,0.0,1.527093588536485,1,0.0,310,0,pathLen
train_0261,C:\Users\tao20\Desktop\Algorithm\AIPlayerDesktop\data\蔡扬的\train\train_0261.json,203,1,True,2,11,2,10,T,-45.036296235282514,-30,19.03083700440529,0.0,1.5196078356881968,23,0.0,280,12,pathLen
train_0261,C:\Users\tao20\Desktop\Algorithm\AIPlayerDesktop\data\蔡扬的\train\train_0261.json,203,2,False,3,9,3,8, ,-1e+18,0,0.0,0.0,1.5196078356881968,16,0.0,310,0,pathLen
train_0261,C:\Users\tao20\Desktop\Algorithm\AIPlayerDesktop\data\蔡扬的\train\train_0261.json,203,3,False,3,11,3,10, ,-1e+18,0,0.0,0.0,1.5196078356881968,22,0.0,310,0,pathLen
train_0261,C:\Users\tao20\Desktop\Algorithm\AIPlayerDesktop\data\蔡扬的\train\train_0261.json,203,4,False,7,3,7,2, ,-1e+18,0,0.0,0.0,1.5196078356881968,22,0.0,310,0,pathLen
train_0261,C:\Users\tao20\Desktop\Algorithm\AIPlayerDesktop\data\蔡扬的\train\train_0261.json,203,5,False,13,5,13,4, ,-1e+18,0,0.0,0.0,1.5196078356881968,2,0.0,310,0,pathLen
train_0261,C:\Users\tao20\Desktop\Algorithm\AIPlayerDesktop\data\蔡扬的\train\train_0261.json,204,1,True,2,11,2,10,T,-43.67110985103321,-30,19.03083700440529,0.0,1.512195114574658,22,0.0,280,12,pathLen
train_0261,C:\Users\tao20\Desktop\Algorithm\AIPlayerDesktop\data\蔡扬的\train\train_0261.json,204,2,False,3,9,3,8, ,-1e+18,0,0.0,0.0,1.512195114574658,15,0.0,310,0,pathLen
train_0261,C:\Users\tao20\Desktop\Algorithm\AIPlayerDesktop\data\蔡扬的\train\train_0261.json,204,3,False,3,11,3,10, ,-1e+18,0,0.0,0.0,1.512195114574658,21,0.0,310,0,pathLen
train_0261,C:\Users\tao20\Desktop\Algorithm\AIPlayerDesktop\data\蔡扬的\train\train_0261.json,204,4,False,7,3,7,2, ,-1e+18,0,0.0,0.0,1.512195114574658,21,0.0,310,0,pathLen
train_0261,C:\Users\tao20\Desktop\Algorithm\AIPlayerDesktop\data\蔡扬的\train\train_0261.json,204,5,False,13,5,13,4, ,-1e+18,0,0.0,0.0,1.512195114574658,3,0.0,310,0,pathLen
train_0261,C:\Users\tao20\Desktop\Algorithm\AIPlayerDesktop\data\蔡扬的\train\train_0261.json,205,1,True,2,11,2,10,T,-42.31639611524455,-30,19.03083700440529,0.0,1.5048543616269205,21,0.0,280,12,pathLen
train_0261,C:\Users\tao20\Desktop\Algorithm\AIPlayerDesktop\data\蔡扬的\train\train_0261.json,205,2,False,3,9,3,8, ,-1e+18,0,0.0,0.0,1.5048543616269205,14,0.0,310,0,pathLen
train_0261,C:\Users\tao20\Desktop\Algorithm\AIPlayerDesktop\data\蔡扬的\train\train_0261.json,205,3,False,3,11,3,10, ,-1e+18,0,0.0,0.0,1.5048543616269205,20,0.0,310,0,pathLen
train_0261,C:\Users\tao20\Desktop\Algorithm\AIPlayerDesktop\data\蔡扬的\train\train_0261.json,205,4,False,7,3,7,2, ,-1e+18,0,0.0,0.0,1.5048543616269205,20,0.0,310,0,pathLen
train_0261,C:\Users\tao20\Desktop\Algorithm\AIPlayerDesktop\data\蔡扬的\train\train_0261.json,205,5,False,13,5,13,4, ,-1e+18,0,0.0,0.0,1.5048543616269205,4,0.0,310,0,pathLen
train_0261,C:\Users\tao20\Desktop\Algorithm\AIPlayerDesktop\data\蔡扬的\train\train_0261.json,206,1,True,2,11,2,10,T,-40.972545581947806,-30,19.03083700440529,0.0,1.497584533828094,20,0.0,280,12,deltaR
train_0261,C:\Users\tao20\Desktop\Algorithm\AIPlayerDesktop\data\蔡扬的\train\train_0261.json,206,2,False,3,9,3,8, ,-1e+18,0,0.0,0.0,1.497584533828094,13,0.0,310,0,pathLen
train_0261,C:\Users\tao20\Desktop\Algorithm\AIPlayerDesktop\data\蔡扬的\train\train_0261.json,206,3,False,3,11,3,10, ,-1e+18,0,0.0,0.0,1.497584533828094,19,0.0,310,0,pathLen
train_0261,C:\Users\tao20\Desktop\Algorithm\AIPlayerDesktop\data\蔡扬的\train\train_0261.json,206,4,False,7,3,7,2, ,-1e+18,0,0.0,0.0,1.497584533828094,19,0.0,310,0,pathLen
train_0261,C:\Users\tao20\Desktop\Algorithm\AIPlayerDesktop\data\蔡扬的\train\train_0261.json,206,5,False,13,5,13,4, ,-1e+18,0,0.0,0.0,1.497584533828094,5,0.0,310,0,pathLen
train_0261,C:\Users\tao20\Desktop\Algorithm\AIPlayerDesktop\data\蔡扬的\train\train_0261.json,207,1,True,2,11,2,10,T,-39.639835598534304,-30,19.03083700440529,0.0,1.4903846082193049,19,0.0,280,12,deltaR
train_0261,C:\Users\tao20\Desktop\Algorithm\AIPlayerDesktop\data\蔡扬的\train\train_0261.json,207,2,False,3,9,3,8, ,-1e+18,0,0.0,0.0,1.4903846082193049,12,0.0,310,0,pathLen
train_0261,C:\Users\tao20\Desktop\Algorithm\AIPlayerDesktop\data\蔡扬的\train\train_0261.json,207,3,False,3,11,3,10, ,-1e+18,0,0.0,0.0,1.4903846082193049,18,0.0,310,0,pathLen
train_0261,C:\Users\tao20\Desktop\Algorithm\AIPlayerDesktop\data\蔡扬的\train\train_0261.json,207,4,False,7,3,7,2, ,-1e+18,0,0.0,0.0,1.4903846082193049,18,0.0,310,0,pathLen
train_0261,C:\Users\tao20\Desktop\Algorithm\AIPlayerDesktop\data\蔡扬的\train\train_0261.json,207,5,False,13,5,13,4, ,-1e+18,0,0.0,0.0,1.4903846082193049,6,0.0,310,0,pathLen
train_0261,C:\Users\tao20\Desktop\Algorithm\AIPlayerDesktop\data\蔡扬的\train\train_0261.json,208,1,True,2,11,2,10,T,-38.31845360448273,-30,19.03083700440529,0.0,1.4832535814198393,18,0.0,280,12,deltaR
train_0261,C:\Users\tao20\Desktop\Algorithm\AIPlayerDesktop\data\蔡扬的\train\train_0261.json,208,2,False,3,9,3,8, ,-1e+18,0,0.0,0.0,1.4832535814198393,11,0.0,310,0,pathLen
train_0261,C:\Users\tao20\Desktop\Algorithm\AIPlayerDesktop\data\蔡扬的\train\train_0261.json,208,3,False,3,11,3,10, ,-1e+18,0,0.0,0.0,1.4832535814198393,17,0.0,310,0,pathLen
train_0261,C:\Users\tao20\Desktop\Algorithm\AIPlayerDesktop\data\蔡扬的\train\train_0261.json,208,4,False,7,3,7,2, ,-1e+18,0,0.0,0.0,1.4832535814198393,17,0.0,310,0,pathLen
train_0261,C:\Users\tao20\Desktop\Algorithm\AIPlayerDesktop\data\蔡扬的\train\train_0261.json,208,5,False,13,5,13,4, ,-1e+18,0,0.0,0.0,1.4832535814198393,7,0.0,310,0,pathLen
train_0261,C:\Users\tao20\Desktop\Algorithm\AIPlayerDesktop\data\蔡扬的\train\train_0261.json,209,1,True,2,11,2,10,T,-37.00851575502891,-30,19.03083700440529,0.0,1.4761904691609977,17,0.0,280,12,deltaR
train_0261,C:\Users\tao20\Desktop\Algorithm\AIPlayerDesktop\data\蔡扬的\train\train_0261.json,209,2,False,3,9,3,8, ,-1e+18,0,0.0,0.0,1.4761904691609977,10,0.0,310,0,pathLen
train_0261,C:\Users\tao20\Desktop\Algorithm\AIPlayerDesktop\data\蔡扬的\train\train_0261.json,209,3,False,3,11,3,10, ,-1e+18,0,0.0,0.0,1.4761904691609977,16,0.0,310,0,pathLen
train_0261,C:\Users\tao20\Desktop\Algorithm\AIPlayerDesktop\data\蔡扬的\train\train_0261.json,209,4,False,7,3,7,2, ,-1e+18,0,0.0,0.0,1.4761904691609977,16,0.0,310,0,pathLen
train_0261,C:\Users\tao20\Desktop\Algorithm\AIPlayerDesktop\data\蔡扬的\train\train_0261.json,209,5,False,13,5,13,4, ,-1e+18,0,0.0,0.0,1.4761904691609977,8,0.0,310,0,pathLen
train_0261,C:\Users\tao20\Desktop\Algorithm\AIPlayerDesktop\data\蔡扬的\train\train_0261.json,210,1,True,2,11,2,10,T,-35.71008180521517,-30,19.03083700440529,0.0,1.4691943058332024,16,0.0,280,12,deltaR
train_0261,C:\Users\tao20\Desktop\Algorithm\AIPlayerDesktop\data\蔡扬的\train\train_0261.json,210,2,False,3,9,3,8, ,-1e+18,0,0.0,0.0,1.4691943058332024,9,0.0,310,0,pathLen
train_0261,C:\Users\tao20\Desktop\Algorithm\AIPlayerDesktop\data\蔡扬的\train\train_0261.json,210,3,False,3,11,3,10, ,-1e+18,0,0.0,0.0,1.4691943058332024,15,0.0,310,0,pathLen
train_0261,C:\Users\tao20\Desktop\Algorithm\AIPlayerDesktop\data\蔡扬的\train\train_0261.json,210,4,False,7,3,7,2, ,-1e+18,0,0.0,0.0,1.4691943058332024,15,0.0,310,0,pathLen
train_0261,C:\Users\tao20\Desktop\Algorithm\AIPlayerDesktop\data\蔡扬的\train\train_0261.json,210,5,False,13,5,13,4, ,-1e+18,0,0.0,0.0,1.4691943058332024,9,0.0,310,0,pathLen
train_0261,C:\Users\tao20\Desktop\Algorithm\AIPlayerDesktop\data\蔡扬的\train\train_0261.json,211,1,True,2,11,2,10,T,-34.42316700265559,-30,19.03083700440529,0.0,1.4622641440459239,15,0.0,280,12,deltaR
train_0261,C:\Users\tao20\Desktop\Algorithm\AIPlayerDesktop\data\蔡扬的\train\train_0261.json,211,2,False,3,9,3,8, ,-1e+18,0,0.0,0.0,1.4622641440459239,8,0.0,310,0,pathLen
train_0261,C:\Users\tao20\Desktop\Algorithm\AIPlayerDesktop\data\蔡扬的\train\train_0261.json,211,3,False,3,11,3,10, ,-1e+18,0,0.0,0.0,1.4622641440459239,14,0.0,310,0,pathLen
train_0261,C:\Users\tao20\Desktop\Algorithm\AIPlayerDesktop\data\蔡扬的\train\train_0261.json,211,4,False,7,3,7,2, ,-1e+18,0,0.0,0.0,1.4622641440459239,14,0.0,310,0,pathLen
train_0261,C:\Users\tao20\Desktop\Algorithm\AIPlayerDesktop\data\蔡扬的\train\train_0261.json,211,5,False,13,5,13,4, ,-1e+18,0,0.0,0.0,1.4622641440459239,10,0.0,310,0,pathLen
train_0261,C:\Users\tao20\Desktop\Algorithm\AIPlayerDesktop\data\蔡扬的\train\train_0261.json,212,1,True,2,11,2,10,T,-33.1477515876725,-30,19.03083700440529,0.0,1.4553990542000044,14,0.0,280,12,deltaR
train_0261,C:\Users\tao20\Desktop\Algorithm\AIPlayerDesktop\data\蔡扬的\train\train_0261.json,212,2,False,3,9,3,8, ,-1e+18,0,0.0,0.0,1.4553990542000044,7,0.0,310,0,pathLen
train_0261,C:\Users\tao20\Desktop\Algorithm\AIPlayerDesktop\data\蔡扬的\train\train_0261.json,212,3,False,3,11,3,10, ,-1e+18,0,0.0,0.0,1.4553990542000044,13,0.0,310,0,pathLen
train_0261,C:\Users\tao20\Desktop\Algorithm\AIPlayerDesktop\data\蔡扬的\train\train_0261.json,212,4,False,7,3,7,2, ,-1e+18,0,0.0,0.0,1.4553990542000044,13,0.0,310,0,pathLen
train_0261,C:\Users\tao20\Desktop\Algorithm\AIPlayerDesktop\data\蔡扬的\train\train_0261.json,212,5,False,13,5,13,4, ,-1e+18,0,0.0,0.0,1.4553990542000044,11,0.0,310,0,pathLen
train_0261,C:\Users\tao20\Desktop\Algorithm\AIPlayerDesktop\data\蔡扬的\train\train_0261.json,213,1,True,2,11,2,10,T,-31.883788379716258,-30,19.03083700440529,0.0,1.4485981240719714,13,0.0,280,12,deltaR
train_0261,C:\Users\tao20\Desktop\Algorithm\AIPlayerDesktop\data\蔡扬的\train\train_0261.json,213,2,False,3,9,3,8, ,-1e+18,0,0.0,0.0,1.4485981240719714,6,0.0,310,0,pathLen
train_0261,C:\Users\tao20\Desktop\Algorithm\AIPlayerDesktop\data\蔡扬的\train\train_0261.json,213,3,False,3,11,3,10, ,-1e+18,0,0.0,0.0,1.4485981240719714,12,0.0,310,0,pathLen
train_0261,C:\Users\tao20\Desktop\Algorithm\AIPlayerDesktop\data\蔡扬的\train\train_0261.json,213,4,False,7,3,7,2, ,-1e+18,0,0.0,0.0,1.4485981240719714,12,0.0,310,0,pathLen
train_0261,C:\Users\tao20\Desktop\Algorithm\AIPlayerDesktop\data\蔡扬的\train\train_0261.json,213,5,False,13,5,13,4, ,-1e+18,0,0.0,0.0,1.4485981240719714,12,0.0,310,0,pathLen
train_0261,C:\Users\tao20\Desktop\Algorithm\AIPlayerDesktop\data\蔡扬的\train\train_0261.json,214,1,True,2,11,2,10,T,-30.631208833185035,-30,19.03083700440529,0.0,1.4418604584099515,12,0.0,280,12,deltaR
train_0261,C:\Users\tao20\Desktop\Algorithm\AIPlayerDesktop\data\蔡扬的\train\train_0261.json,214,2,False,3,9,3,8, ,-1e+18,0,0.0,0.0,1.4418604584099515,5,0.0,310,0,pathLen
train_0261,C:\Users\tao20\Desktop\Algorithm\AIPlayerDesktop\data\蔡扬的\train\train_0261.json,214,3,False,3,11,3,10, ,-1e+18,0,0.0,0.0,1.4418604584099515,11,0.0,310,0,pathLen
train_0261,C:\Users\tao20\Desktop\Algorithm\AIPlayerDesktop\data\蔡扬的\train\train_0261.json,214,4,False,7,3,7,2, ,-1e+18,0,0.0,0.0,1.4418604584099515,13,0.0,310,0,pathLen
train_0261,C:\Users\tao20\Desktop\Algorithm\AIPlayerDesktop\data\蔡扬的\train\train_0261.json,214,5,False,13,5,13,4, ,-1e+18,0,0.0,0.0,1.4418604584099515,13,0.0,310,0,pathLen
train_0261,C:\Users\tao20\Desktop\Algorithm\AIPlayerDesktop\data\蔡扬的\train\train_0261.json,215,1,True,2,11,2,10,T,-29.389927869126872,-30,19.03083700440529,0.0,1.4351851785408094,11,0.0,280,12,deltaR
train_0261,C:\Users\tao20\Desktop\Algorithm\AIPlayerDesktop\data\蔡扬的\train\train_0261.json,215,2,False,3,9,3,8, ,-1e+18,0,0.0,0.0,1.4351851785408094,4,0.0,310,0,pathLen
train_0261,C:\Users\tao20\Desktop\Algorithm\AIPlayerDesktop\data\蔡扬的\train\train_0261.json,215,3,False,3,11,3,10, ,-1e+18,0,0.0,0.0,1.4351851785408094,10,0.0,310,0,pathLen
train_0261,C:\Users\tao20\Desktop\Algorithm\AIPlayerDesktop\data\蔡扬的\train\train_0261.json,215,4,False,7,3,7,2, ,-1e+18,0,0.0,0.0,1.4351851785408094,14,0.0,310,0,pathLen
train_0261,C:\Users\tao20\Desktop\Algorithm\AIPlayerDesktop\data\蔡扬的\train\train_0261.json,215,5,False,13,5,13,4, ,-1e+18,0,0.0,0.0,1.4351851785408094,14,0.0,310,0,pathLen
train_0261,C:\Users\tao20\Desktop\Algorithm\AIPlayerDesktop\data\蔡扬的\train\train_0261.json,216,1,True,2,11,2,10,T,-28.159847727997725,-30,19.03083700440529,0.0,1.4285714219881502,10,0.0,280,12,deltaR
train_0261,C:\Users\tao20\Desktop\Algorithm\AIPlayerDesktop\data\蔡扬的\train\train_0261.json,216,2,False,3,9,3,8, ,-1e+18,0,0.0,0.0,1.4285714219881502,3,0.0,310,0,pathLen
train_0261,C:\Users\tao20\Desktop\Algorithm\AIPlayerDesktop\data\蔡扬的\train\train_0261.json,216,3,False,3,11,3,10, ,-1e+18,0,0.0,0.0,1.4285714219881502,9,0.0,310,0,pathLen
train_0261,C:\Users\tao20\Desktop\Algorithm\AIPlayerDesktop\data\蔡扬的\train\train_0261.json,216,4,False,7,3,7,2, ,-1e+18,0,0.0,0.0,1.4285714219881502,15,0.0,310,0,pathLen
train_0261,C:\Users\tao20\Desktop\Algorithm\AIPlayerDesktop\data\蔡扬的\train\train_0261.json,216,5,False,13,5,13,4, ,-1e+18,0,0.0,0.0,1.4285714219881502,15,0.0,310,0,pathLen
train_0261,C:\Users\tao20\Desktop\Algorithm\AIPlayerDesktop\data\蔡扬的\train\train_0261.json,217,1,True,2,11,2,10,T,-26.940861039603945,-30,19.03083700440529,0.0,1.4220183421008332,9,0.0,280,12,deltaR
train_0261,C:\Users\tao20\Desktop\Algorithm\AIPlayerDesktop\data\蔡扬的\train\train_0261.json,217,2,False,3,9,3,8, ,-1e+18,0,0.0,0.0,1.4220183421008332,2,0.0,310,0,pathLen
train_0261,C:\Users\tao20\Desktop\Algorithm\AIPlayerDesktop\data\蔡扬的\train\train_0261.json,217,3,False,3,11,3,10, ,-1e+18,0,0.0,0.0,1.4220183421008332,8,0.0,310,0,pathLen
train_0261,C:\Users\tao20\Desktop\Algorithm\AIPlayerDesktop\data\蔡扬的\train\train_0261.json,217,4,False,7,3,7,2, ,-1e+18,0,0.0,0.0,1.4220183421008332,16,0.0,310,0,pathLen
train_0261,C:\Users\tao20\Desktop\Algorithm\AIPlayerDesktop\data\蔡扬的\train\train_0261.json,217,5,False,13,5,13,4, ,-1e+18,0,0.0,0.0,1.4220183421008332,16,0.0,310,0,pathLen
train_0261,C:\Users\tao20\Desktop\Algorithm\AIPlayerDesktop\data\蔡扬的\train\train_0261.json,218,1,True,2,11,2,10,T,-25.732853267121044,-30,19.03083700440529,0.0,1.4155251076916662,8,0.0,280,12,deltaR
train_0261,C:\Users\tao20\Desktop\Algorithm\AIPlayerDesktop\data\蔡扬的\train\train_0261.json,218,2,False,3,9,3,8, ,-1e+18,0,0.0,0.0,1.4155251076916662,3,0.0,310,0,pathLen
train_0261,C:\Users\tao20\Desktop\Algorithm\AIPlayerDesktop\data\蔡扬的\train\train_0261.json,218,3,False,3,11,3,10, ,-1e+18,0,0.0,0.0,1.4155251076916662,7,0.0,310,0,pathLen
train_0261,C:\Users\tao20\Desktop\Algorithm\AIPlayerDesktop\data\蔡扬的\train\train_0261.json,218,4,False,7,3,7,2, ,-1e+18,0,0.0,0.0,1.4155251076916662,17,0.0,310,0,pathLen
train_0261,C:\Users\tao20\Desktop\Algorithm\AIPlayerDesktop\data\蔡扬的\train\train_0261.json,218,5,False,13,5,13,4, ,-1e+18,0,0.0,0.0,1.4155251076916662,17,0.0,310,0,pathLen
train_0261,C:\Users\tao20\Desktop\Algorithm\AIPlayerDesktop\data\蔡扬的\train\train_0261.json,219,1,True,2,11,2,10,T,-24.535704650692207,-30,19.03083700440529,0.0,1.4090909026859504,7,0.0,280,12,deltaR
train_0261,C:\Users\tao20\Desktop\Algorithm\AIPlayerDesktop\data\蔡扬的\train\train_0261.json,219,2,False,3,9,3,8, ,-1e+18,0,0.0,0.0,1.4090909026859504,4,0.0,310,0,pathLen
train_0261,C:\Users\tao20\Desktop\Algorithm\AIPlayerDesktop\data\蔡扬的\train\train_0261.json,219,3,False,3,11,3,10, ,-1e+18,0,0.0,0.0,1.4090909026859504,6,0.0,310,0,pathLen
train_0261,C:\Users\tao20\Desktop\Algorithm\AIPlayerDesktop\data\蔡扬的\train\train_0261.json,219,4,False,7,3,7,2, ,-1e+18,0,0.0,0.0,1.4090909026859504,18,0.0,310,0,pathLen
train_0261,C:\Users\tao20\Desktop\Algorithm\AIPlayerDesktop\data\蔡扬的\train\train_0261.json,219,5,False,13,5,13,4, ,-1e+18,0,0.0,0.0,1.4090909026859504,18,0.0,310,0,pathLen
train_0261,C:\Users\tao20\Desktop\Algorithm\AIPlayerDesktop\data\蔡扬的\train\train_0261.json,220,1,True,2,11,2,10,T,-23.349291750999246,-30,19.03083700440529,0.0,1.4027149257795706,6,0.0,280,12,deltaR
train_0261,C:\Users\tao20\Desktop\Algorithm\AIPlayerDesktop\data\蔡扬的\train\train_0261.json,220,2,False,3,9,3,8, ,-1e+18,0,0.0,0.0,1.4027149257795706,5,0.0,310,0,pathLen
train_0261,C:\Users\tao20\Desktop\Algorithm\AIPlayerDesktop\data\蔡扬的\train\train_0261.json,220,3,False,3,11,3,10, ,-1e+18,0,0.0,0.0,1.4027149257795706,5,0.0,310,0,pathLen
train_0261,C:\Users\tao20\Desktop\Algorithm\AIPlayerDesktop\data\蔡扬的\train\train_0261.json,220,4,False,7,3,7,2, ,-1e+18,0,0.0,0.0,1.4027149257795706,19,0.0,310,0,pathLen
train_0261,C:\Users\tao20\Desktop\Algorithm\AIPlayerDesktop\data\蔡扬的\train\train_0261.json,220,5,False,13,5,13,4, ,-1e+18,0,0.0,0.0,1.4027149257795706,19,0.0,310,0,pathLen
train_0261,C:\Users\tao20\Desktop\Algorithm\AIPlayerDesktop\data\蔡扬的\train\train_0261.json,221,1,True,2,11,2,10,T,-22.173488673110807,-30,19.03083700440529,0.0,1.3963963901063225,5,0.0,280,12,deltaR
train_0261,C:\Users\tao20\Desktop\Algorithm\AIPlayerDesktop\data\蔡扬的\train\train_0261.json,221,2,False,3,9,3,8, ,-1e+18,0,0.0,0.0,1.3963963901063225,6,0.0,310,0,pathLen
train_0261,C:\Users\tao20\Desktop\Algorithm\AIPlayerDesktop\data\蔡扬的\train\train_0261.json,221,3,False,3,11,3,10, ,-1e+18,0,0.0,0.0,1.3963963901063225,4,0.0,310,0,pathLen
train_0261,C:\Users\tao20\Desktop\Algorithm\AIPlayerDesktop\data\蔡扬的\train\train_0261.json,221,4,False,7,3,7,2, ,-1e+18,0,0.0,0.0,1.3963963901063225,20,0.0,310,0,pathLen
train_0261,C:\Users\tao20\Desktop\Algorithm\AIPlayerDesktop\data\蔡扬的\train\train_0261.json,221,5,False,13,5,13,4, ,-1e+18,0,0.0,0.0,1.3963963901063225,20,0.0,310,0,pathLen
train_0261,C:\Users\tao20\Desktop\Algorithm\AIPlayerDesktop\data\蔡扬的\train\train_0261.json,222,1,True,2,11,2,10,T,-21.00816803484235,-30,19.03083700440529,0.0,1.390134522914195,4,0.0,280,12,deltaR
train_0261,C:\Users\tao20\Desktop\Algorithm\AIPlayerDesktop\data\蔡扬的\train\train_0261.json,222,2,False,3,9,3,8, ,-1e+18,0,0.0,0.0,1.390134522914195,7,0.0,310,0,pathLen
train_0261,C:\Users\tao20\Desktop\Algorithm\AIPlayerDesktop\data\蔡扬的\train\train_0261.json,222,3,False,3,11,3,10, ,-1e+18,0,0.0,0.0,1.390134522914195,3,0.0,310,0,pathLen
train_0261,C:\Users\tao20\Desktop\Algorithm\AIPlayerDesktop\data\蔡扬的\train\train_0261.json,222,4,False,7,3,7,2, ,-1e+18,0,0.0,0.0,1.390134522914195,21,0.0,310,0,pathLen
train_0261,C:\Users\tao20\Desktop\Algorithm\AIPlayerDesktop\data\蔡扬的\train\train_0261.json,222,5,False,13,5,13,4, ,-1e+18,0,0.0,0.0,1.390134522914195,21,0.0,310,0,pathLen
train_0261,C:\Users\tao20\Desktop\Algorithm\AIPlayerDesktop\data\蔡扬的\train\train_0261.json,223,1,True,2,11,2,10,T,-19.853201731006695,-30,19.03083700440529,0.0,1.3839285652503188,3,0.0,280,12,deltaR
train_0261,C:\Users\tao20\Desktop\Algorithm\AIPlayerDesktop\data\蔡扬的\train\train_0261.json,223,2,False,3,9,3,8, ,-1e+18,0,0.0,0.0,1.3839285652503188,8,0.0,310,0,pathLen
train_0261,C:\Users\tao20\Desktop\Algorithm\AIPlayerDesktop\data\蔡扬的\train\train_0261.json,223,3,False,3,11,3,10, ,-1e+18,0,0.0,0.0,1.3839285652503188,2,0.0,310,0,pathLen
train_0261,C:\Users\tao20\Desktop\Algorithm\AIPlayerDesktop\data\蔡扬的\train\train_0261.json,223,4,False,7,3,7,2, ,-1e+18,0,0.0,0.0,1.3839285652503188,22,0.0,310,0,pathLen
train_0261,C:\Users\tao20\Desktop\Algorithm\AIPlayerDesktop\data\蔡扬的\train\train_0261.json,223,5,False,13,5,13,4, ,-1e+18,0,0.0,0.0,1.3839285652503188,22,0.0,310,0,pathLen
train_0261,C:\Users\tao20\Desktop\Algorithm\AIPlayerDesktop\data\蔡扬的\train\train_0261.json,224,1,True,2,11,2,10,T,-18.708461534649693,-30,19.03083700440529,0.0,1.3777777716543211,2,0.0,280,12,deltaR
train_0261,C:\Users\tao20\Desktop\Algorithm\AIPlayerDesktop\data\蔡扬的\train\train_0261.json,224,2,False,3,9,3,8, ,-1e+18,0,0.0,0.0,1.3777777716543211,9,0.0,310,0,pathLen
train_0261,C:\Users\tao20\Desktop\Algorithm\AIPlayerDesktop\data\蔡扬的\train\train_0261.json,224,3,False,3,11,3,10, ,-1e+18,0,0.0,0.0,1.3777777716543211,1,0.0,310,0,pathLen
train_0261,C:\Users\tao20\Desktop\Algorithm\AIPlayerDesktop\data\蔡扬的\train\train_0261.json,224,4,False,7,3,7,2, ,-1e+18,0,0.0,0.0,1.3777777716543211,23,0.0,310,0,pathLen
train_0261,C:\Users\tao20\Desktop\Algorithm\AIPlayerDesktop\data\蔡扬的\train\train_0261.json,224,5,False,13,5,13,4, ,-1e+18,0,0.0,0.0,1.3777777716543211,23,0.0,310,0,pathLen
train_0261,C:\Users\tao20\Desktop\Algorithm\AIPlayerDesktop\data\蔡扬的\train\train_0261.json,225,1,True,2,11,2,10,T,-17.573819568138216,-30,19.03083700440529,0.0,1.3716814098598167,1,0.0,280,12,deltaR
train_0261,C:\Users\tao20\Desktop\Algorithm\AIPlayerDesktop\data\蔡扬的\train\train_0261.json,225,2,False,3,9,3,8, ,-1e+18,0,0.0,0.0,1.3716814098598167,10,0.0,310,0,pathLen
train_0261,C:\Users\tao20\Desktop\Algorithm\AIPlayerDesktop\data\蔡扬的\train\train_0261.json,225,3,False,7,3,7,2, ,-1e+18,0,0.0,0.0,1.3716814098598167,24,0.0,310,0,pathLen
train_0261,C:\Users\tao20\Desktop\Algorithm\AIPlayerDesktop\data\蔡扬的\train\train_0261.json,225,4,False,13,5,13,4, ,-1e+18,0,0.0,0.0,1.3716814098598167,24,0.0,310,0,pathLen
train_0261,C:\Users\tao20\Desktop\Algorithm\AIPlayerDesktop\data\蔡扬的\train\train_0261.json,226,1,True,1,11,1,10, ,12.398961985217577,0,18.8646288209607,0.0,1.2334801707776204,1,0.0,280,12,Iproxy
train_0261,C:\Users\tao20\Desktop\Algorithm\AIPlayerDesktop\data\蔡扬的\train\train_0261.json,226,2,False,1,12,1,11, ,11.387508245179928,0,18.8646288209607,0.0,1.2334801707776204,2,0.0,280,12,Iproxy
train_0261,C:\Users\tao20\Desktop\Algorithm\AIPlayerDesktop\data\蔡扬的\train\train_0261.json,226,3,False,3,9,3,8, ,-1e+18,0,0.0,0.0,1.2334801707776204,11,0.0,280,0,pathLen
train_0261,C:\Users\tao20\Desktop\Algorithm\AIPlayerDesktop\data\蔡扬的\train\train_0261.json,226,4,False,7,3,7,2, ,-1e+18,0,0.0,0.0,1.2334801707776204,25,0.0,280,0,pathLen
train_0261,C:\Users\tao20\Desktop\Algorithm\AIPlayerDesktop\data\蔡扬的\train\train_0261.json,226,5,False,13,5,13,4, ,-1e+18,0,0.0,0.0,1.2334801707776204,25,0.0,280,0,pathLen
train_0261,C:\Users\tao20\Desktop\Algorithm\AIPlayerDesktop\data\蔡扬的\train\train_0261.json,227,1,True,1,12,1,11, ,12.247769670574668,0,18.7012987012987,0.0,1.2280701700523238,1,0.0,280,12,Iproxy
train_0261,C:\Users\tao20\Desktop\Algorithm\AIPlayerDesktop\data\蔡扬的\train\train_0261.json,227,2,False,3,9,3,8, ,-1e+18,0,0.0,0.0,1.2280701700523238,12,0.0,280,0,pathLen
train_0261,C:\Users\tao20\Desktop\Algorithm\AIPlayerDesktop\data\蔡扬的\train\train_0261.json,227,3,False,7,3,7,2, ,-1e+18,0,0.0,0.0,1.2280701700523238,26,0.0,280,0,pathLen
train_0261,C:\Users\tao20\Desktop\Algorithm\AIPlayerDesktop\data\蔡扬的\train\train_0261.json,227,4,False,13,5,13,4, ,-1e+18,0,0.0,0.0,1.2280701700523238,26,0.0,280,0,pathLen
train_0261,C:\Users\tao20\Desktop\Algorithm\AIPlayerDesktop\data\蔡扬的\train\train_0261.json,228,1,True,1,13,1,12, ,12.093974285418277,0,18.540772532188846,0.0,1.2121212068739342,1,0.0,280,12,Iproxy
train_0261,C:\Users\tao20\Desktop\Algorithm\AIPlayerDesktop\data\蔡扬的\train\train_0261.json,228,2,False,3,9,3,8, ,-1e+18,0,0.0,0.0,1.2121212068739342,13,0.0,280,0,pathLen
train_0261,C:\Users\tao20\Desktop\Algorithm\AIPlayerDesktop\data\蔡扬的\train\train_0261.json,228,3,False,7,3,7,2, ,-1e+18,0,0.0,0.0,1.2121212068739342,27,0.0,280,0,pathLen
train_0261,C:\Users\tao20\Desktop\Algorithm\AIPlayerDesktop\data\蔡扬的\train\train_0261.json,228,4,False,13,5,13,4, ,-1e+18,0,0.0,0.0,1.2121212068739342,27,0.0,280,0,pathLen
train_0261,C:\Users\tao20\Desktop\Algorithm\AIPlayerDesktop\data\蔡扬的\train\train_0261.json,229,1,False,3,9,3,8, ,-1e+18,0,0.0,0.0,1.2121212068739342,14,0.0,280,0,pathLen
train_0261,C:\Users\tao20\Desktop\Algorithm\AIPlayerDesktop\data\蔡扬的\train\train_0261.json,229,2,False,7,3,7,2, ,-1e+18,0,0.0,0.0,1.2121212068739342,28,0.0,280,0,pathLen
train_0261,C:\Users\tao20\Desktop\Algorithm\AIPlayerDesktop\data\蔡扬的\train\train_0261.json,229,3,False,13,5,13,4, ,-1e+18,0,0.0,0.0,1.2121212068739342,28,0.0,280,0,pathLen
