case_id,maze_file,step,rank,selected,real_r,real_c,local_r,local_c,tile,score,deltaR,Iproxy,tailGain,qEff,pathLen,margin,projectedR,unknownCompSum,dominant_term
train_0006,C:\Users\tao20\Desktop\Algorithm\AIPlayerDesktop\data\蔡扬的\train\train_0006.json,0,1,True,1,1,1,0, ,5.736266666666669,0,18.000000000000004,0.0,1.0,1,8.0,0,12,Iproxy
train_0006,C:\Users\tao20\Desktop\Algorithm\AIPlayerDesktop\data\蔡扬的\train\train_0006.json,0,2,False,1,2,1,1, ,4.916266666666669,0,18.000000000000004,0.0,1.0,2,8.0,0,12,Iproxy
train_0006,C:\Users\tao20\Desktop\Algorithm\AIPlayerDesktop\data\蔡扬的\train\train_0006.json,1,1,True,1,2,1,1, ,4.789948070175434,0,15.157894736842103,0.0,1.0,1,8.0,0,12,Iproxy
train_0006,C:\Users\tao20\Desktop\Algorithm\AIPlayerDesktop\data\蔡扬的\train\train_0006.json,1,2,False,2,1,2,0, ,4.789948070175434,0,15.157894736842103,0.0,1.0,1,8.0,0,12,Iproxy
train_0006,C:\Users\tao20\Desktop\Algorithm\AIPlayerDesktop\data\蔡扬的\train\train_0006.json,2,1,True,1,3,1,2, ,3.884182303030302,0,13.090909090909092,0.0,1.0,1,8.0,0,12,Iproxy
train_0006,C:\Users\tao20\Desktop\Algorithm\AIPlayerDesktop\data\蔡扬的\train\train_0006.json,2,2,False,2,1,2,0, ,3.064182303030302,0,13.090909090909092,0.0,1.0,2,8.0,0,12,Iproxy
train_0006,C:\Users\tao20\Desktop\Algorithm\AIPlayerDesktop\data\蔡扬的\train\train_0006.json,3,1,True,1,4,1,3, ,3.0347487857777757,0,11.52,0.0,1.0,1,8.0,0,12,Iproxy
train_0006,C:\Users\tao20\Desktop\Algorithm\AIPlayerDesktop\data\蔡扬的\train\train_0006.json,3,2,False,2,1,2,0, ,1.3947487857777752,0,11.52,0.0,1.0,3,8.0,0,12,Iproxy
train_0006,C:\Users\tao20\Desktop\Algorithm\AIPlayerDesktop\data\蔡扬的\train\train_0006.json,4,1,True,1,5,1,4, ,2.2473577041269834,0,10.285714285714285,0.0,1.0,1,8.0,0,12,Iproxy
train_0006,C:\Users\tao20\Desktop\Algorithm\AIPlayerDesktop\data\蔡扬的\train\train_0006.json,4,2,False,2,5,2,4, ,1.4273577041269832,0,10.285714285714285,0.0,1.0,2,8.0,0,12,Iproxy
train_0006,C:\Users\tao20\Desktop\Algorithm\AIPlayerDesktop\data\蔡扬的\train\train_0006.json,4,3,False,2,1,2,0, ,-0.21264229587301564,0,10.285714285714285,0.0,1.0,4,8.0,0,12,Iproxy
train_0006,C:\Users\tao20\Desktop\Algorithm\AIPlayerDesktop\data\蔡扬的\train\train_0006.json,5,1,True,1,6,1,5, ,1.5224238659732787,0,9.29032258064516,0.0,1.0,1,8.0,0,12,Iproxy
train_0006,C:\Users\tao20\Desktop\Algorithm\AIPlayerDesktop\data\蔡扬的\train\train_0006.json,5,2,False,2,5,2,4, ,1.5224238659732787,0,9.29032258064516,0.0,1.0,1,8.0,0,12,Iproxy
train_0006,C:\Users\tao20\Desktop\Algorithm\AIPlayerDesktop\data\蔡扬的\train\train_0006.json,5,3,False,2,1,2,0, ,-1.7575761340267206,0,9.29032258064516,0.0,1.0,5,8.0,0,12,Iproxy
train_0006,C:\Users\tao20\Desktop\Algorithm\AIPlayerDesktop\data\蔡扬的\train\train_0006.json,6,1,True,1,7,1,6, ,0.8575954473373724,0,8.470588235294116,0.0,1.0,1,8.0,0,12,Iproxy
train_0006,C:\Users\tao20\Desktop\Algorithm\AIPlayerDesktop\data\蔡扬的\train\train_0006.json,6,2,False,2,5,2,4, ,0.03759544733737208,0,8.470588235294116,0.0,1.0,2,8.0,0,12,Iproxy
train_0006,C:\Users\tao20\Desktop\Algorithm\AIPlayerDesktop\data\蔡扬的\train\train_0006.json,6,3,False,2,7,2,6, ,0.03759544733737208,0,8.470588235294116,0.0,1.0,2,8.0,0,12,Iproxy
train_0006,C:\Users\tao20\Desktop\Algorithm\AIPlayerDesktop\data\蔡扬的\train\train_0006.json,6,4,False,2,1,2,0, ,-3.2424045526626273,0,8.470588235294116,0.0,1.0,6,8.0,0,12,Iproxy
train_0006,C:\Users\tao20\Desktop\Algorithm\AIPlayerDesktop\data\蔡扬的\train\train_0006.json,7,1,True,2,7,2,6, ,0.2491479213690102,0,7.783783783783782,0.0,1.0,1,8.0,0,12,margin
train_0006,C:\Users\tao20\Desktop\Algorithm\AIPlayerDesktop\data\蔡扬的\train\train_0006.json,7,2,False,2,5,2,4, ,-1.3908520786309895,0,7.783783783783782,0.0,1.0,3,8.0,0,12,margin
train_0006,C:\Users\tao20\Desktop\Algorithm\AIPlayerDesktop\data\蔡扬的\train\train_0006.json,7,3,False,2,1,2,0, ,-4.670852078630989,0,7.783783783783782,0.0,1.0,7,8.0,0,12,margin
train_0006,C:\Users\tao20\Desktop\Algorithm\AIPlayerDesktop\data\蔡扬的\train\train_0006.json,8,1,True,3,7,3,6, ,-0.307230538186932,0,7.199999999999999,0.0,1.0,1,8.0,0,12,margin
train_0006,C:\Users\tao20\Desktop\Algorithm\AIPlayerDesktop\data\蔡扬的\train\train_0006.json,8,2,False,3,8,3,7, ,-1.1272305381869314,0,7.199999999999999,0.0,1.0,2,8.0,0,12,margin
train_0006,C:\Users\tao20\Desktop\Algorithm\AIPlayerDesktop\data\蔡扬的\train\train_0006.json,8,3,False,2,5,2,4, ,-2.767230538186931,0,7.199999999999999,0.0,1.0,4,8.0,0,12,margin
train_0006,C:\Users\tao20\Desktop\Algorithm\AIPlayerDesktop\data\蔡扬的\train\train_0006.json,8,4,False,2,1,2,0, ,-6.047230538186931,0,7.199999999999999,0.0,1.0,8,8.0,0,12,pathLen
train_0006,C:\Users\tao20\Desktop\Algorithm\AIPlayerDesktop\data\蔡扬的\train\train_0006.json,9,1,True,3,8,3,7, ,-0.8159941989608157,0,6.697674418604652,0.0,1.0,1,8.0,0,12,margin
train_0006,C:\Users\tao20\Desktop\Algorithm\AIPlayerDesktop\data\蔡扬的\train\train_0006.json,9,2,False,2,5,2,4, ,-4.095994198960815,0,6.697674418604652,0.0,1.0,5,8.0,0,12,margin
train_0006,C:\Users\tao20\Desktop\Algorithm\AIPlayerDesktop\data\蔡扬的\train\train_0006.json,9,3,False,2,1,2,0, ,-7.375994198960815,0,6.697674418604652,0.0,1.0,9,8.0,0,12,pathLen
train_0006,C:\Users\tao20\Desktop\Algorithm\AIPlayerDesktop\data\蔡扬的\train\train_0006.json,10,1,True,3,9,3,8, ,-1.281491314005482,0,6.26086956521739,0.0,1.0,1,8.0,0,12,margin
train_0006,C:\Users\tao20\Desktop\Algorithm\AIPlayerDesktop\data\蔡扬的\train\train_0006.json,10,2,False,2,5,2,4, ,-5.381491314005482,0,6.26086956521739,0.0,1.0,6,8.0,0,12,margin
train_0006,C:\Users\tao20\Desktop\Algorithm\AIPlayerDesktop\data\蔡扬的\train\train_0006.json,10,3,False,2,1,2,0, ,-8.661491314005481,0,6.26086956521739,0.0,1.0,10,8.0,0,12,pathLen
train_0006,C:\Users\tao20\Desktop\Algorithm\AIPlayerDesktop\data\蔡扬的\train\train_0006.json,11,1,True,3,10,3,9, ,-1.7078311717188797,0,5.877551020408165,0.0,1.0,1,8.0,0,12,margin
train_0006,C:\Users\tao20\Desktop\Algorithm\AIPlayerDesktop\data\蔡扬的\train\train_0006.json,11,2,False,2,5,2,4, ,-6.627831171718879,0,5.877551020408165,0.0,1.0,7,8.0,0,12,margin
train_0006,C:\Users\tao20\Desktop\Algorithm\AIPlayerDesktop\data\蔡扬的\train\train_0006.json,11,3,False,2,1,2,0, ,-9.907831171718879,0,5.877551020408165,0.0,1.0,11,8.0,0,12,pathLen
train_0006,C:\Users\tao20\Desktop\Algorithm\AIPlayerDesktop\data\蔡扬的\train\train_0006.json,12,1,True,3,11,3,10, ,-2.098819737996628,0,5.538461538461538,0.0,1.0,1,8.0,0,12,margin
train_0006,C:\Users\tao20\Desktop\Algorithm\AIPlayerDesktop\data\蔡扬的\train\train_0006.json,12,2,False,2,11,2,10, ,-2.9188197379966274,0,5.538461538461538,0.0,1.0,2,8.0,0,12,margin
train_0006,C:\Users\tao20\Desktop\Algorithm\AIPlayerDesktop\data\蔡扬的\train\train_0006.json,12,3,False,4,11,4,10, ,-2.9188197379966274,0,5.538461538461538,0.0,1.0,2,8.0,0,12,margin
train_0006,C:\Users\tao20\Desktop\Algorithm\AIPlayerDesktop\data\蔡扬的\train\train_0006.json,12,4,False,2,5,2,4, ,-7.838819737996627,0,5.538461538461538,0.0,1.0,8,8.0,0,12,pathLen
train_0006,C:\Users\tao20\Desktop\Algorithm\AIPlayerDesktop\data\蔡扬的\train\train_0006.json,12,5,False,2,1,2,0, ,-11.118819737996628,0,5.538461538461538,0.0,1.0,12,8.0,0,12,pathLen
train_0006,C:\Users\tao20\Desktop\Algorithm\AIPlayerDesktop\data\蔡扬的\train\train_0006.json,13,1,True,2,11,2,10, ,-2.4579360008732394,0,5.236363636363636,0.0,1.0,1,8.0,0,12,margin
train_0006,C:\Users\tao20\Desktop\Algorithm\AIPlayerDesktop\data\蔡扬的\train\train_0006.json,13,2,False,3,12,3,11, ,-2.4579360008732394,0,5.236363636363636,0.0,1.0,1,8.0,0,12,margin
train_0006,C:\Users\tao20\Desktop\Algorithm\AIPlayerDesktop\data\蔡扬的\train\train_0006.json,13,3,False,4,11,4,10, ,-2.4579360008732394,0,5.236363636363636,0.0,1.0,1,8.0,0,12,margin
train_0006,C:\Users\tao20\Desktop\Algorithm\AIPlayerDesktop\data\蔡扬的\train\train_0006.json,13,4,False,2,5,2,4, ,-9.017936000873238,0,5.236363636363636,0.0,1.0,9,8.0,0,12,pathLen
train_0006,C:\Users\tao20\Desktop\Algorithm\AIPlayerDesktop\data\蔡扬的\train\train_0006.json,13,5,False,2,1,2,0, ,-12.29793600087324,0,5.236363636363636,0.0,1.0,13,8.0,0,12,pathLen
train_0006,C:\Users\tao20\Desktop\Algorithm\AIPlayerDesktop\data\蔡扬的\train\train_0006.json,14,1,True,1,11,1,10,G,70.33138923906071,50,17.379310344827587,0.0,1.0,1,0.0,50,12,deltaR
train_0006,C:\Users\tao20\Desktop\Algorithm\AIPlayerDesktop\data\蔡扬的\train\train_0006.json,14,2,False,1,10,1,9, ,69.5113892390607,50,17.379310344827587,0.0,1.0,2,0.0,50,12,deltaR
train_0006,C:\Users\tao20\Desktop\Algorithm\AIPlayerDesktop\data\蔡扬的\train\train_0006.json,14,3,False,3,12,3,11, ,26.886389239060712,0,17.379310344827587,12.5,1.0,2,8.0,0,12,Iproxy
train_0006,C:\Users\tao20\Desktop\Algorithm\AIPlayerDesktop\data\蔡扬的\train\train_0006.json,14,4,False,4,11,4,10, ,26.886389239060712,0,17.379310344827587,12.5,1.0,2,8.0,0,12,Iproxy
train_0006,C:\Users\tao20\Desktop\Algorithm\AIPlayerDesktop\data\蔡扬的\train\train_0006.json,14,5,False,2,5,2,4, ,10.076389239060713,0,17.379310344827587,4.166666666666667,1.0,10,8.0,0,12,Iproxy
train_0006,C:\Users\tao20\Desktop\Algorithm\AIPlayerDesktop\data\蔡扬的\train\train_0006.json,14,6,False,2,1,2,0, ,5.515139239060714,0,17.379310344827587,3.125,1.0,14,8.0,0,12,Iproxy
train_0006,C:\Users\tao20\Desktop\Algorithm\AIPlayerDesktop\data\蔡扬的\train\train_0006.json,15,1,True,1,10,1,9, ,17.550102248010074,0,16.524590163934427,0.0,3.124999804687512,1,0.0,50,12,Iproxy
train_0006,C:\Users\tao20\Desktop\Algorithm\AIPlayerDesktop\data\蔡扬的\train\train_0006.json,15,2,False,3,12,3,11, ,12.425102568322554,0,16.524590163934427,0.0,3.124999804687512,3,0.0,50,12,Iproxy
train_0006,C:\Users\tao20\Desktop\Algorithm\AIPlayerDesktop\data\蔡扬的\train\train_0006.json,15,3,False,4,11,4,10, ,12.425102568322554,0,16.524590163934427,0.0,3.124999804687512,3,0.0,50,12,Iproxy
train_0006,C:\Users\tao20\Desktop\Algorithm\AIPlayerDesktop\data\蔡扬的\train\train_0006.json,15,4,False,2,5,2,4, ,-8.074896150427524,0,16.524590163934427,0.0,3.124999804687512,11,0.0,50,12,pathLen
train_0006,C:\Users\tao20\Desktop\Algorithm\AIPlayerDesktop\data\蔡扬的\train\train_0006.json,15,5,False,2,1,2,0, ,-18.324895509802563,0,16.524590163934427,0.0,3.124999804687512,15,0.0,50,12,pathLen
train_0006,C:\Users\tao20\Desktop\Algorithm\AIPlayerDesktop\data\蔡扬的\train\train_0006.json,16,1,True,3,12,3,11, ,9.811217939957388,0,16.0,0.0,2.9411762975778646,4,0.0,50,12,Iproxy
train_0006,C:\Users\tao20\Desktop\Algorithm\AIPlayerDesktop\data\蔡扬的\train\train_0006.json,16,2,False,4,11,4,10, ,9.811217939957388,0,16.0,0.0,2.9411762975778646,4,0.0,50,12,Iproxy
train_0006,C:\Users\tao20\Desktop\Algorithm\AIPlayerDesktop\data\蔡扬的\train\train_0006.json,16,3,False,2,5,2,4, ,-9.482898572153402,0,16.0,0.0,2.9411762975778646,12,0.0,50,12,pathLen
train_0006,C:\Users\tao20\Desktop\Algorithm\AIPlayerDesktop\data\蔡扬的\train\train_0006.json,16,4,False,2,1,2,0, ,-19.129956828208798,0,16.0,0.0,2.9411762975778646,16,0.0,50,12,pathLen
train_0006,C:\Users\tao20\Desktop\Algorithm\AIPlayerDesktop\data\蔡扬的\train\train_0006.json,16,5,False,1,9,1,8, ,-1e+18,0,0.0,0.0,2.9411762975778646,1,0.0,50,0,pathLen
train_0006,C:\Users\tao20\Desktop\Algorithm\AIPlayerDesktop\data\蔡扬的\train\train_0006.json,17,1,True,3,12,3,11, ,12.612278772337273,0,16.0,0.0,2.7777776234567986,3,0.0,50,12,Iproxy
train_0006,C:\Users\tao20\Desktop\Algorithm\AIPlayerDesktop\data\蔡扬的\train\train_0006.json,17,2,False,4,11,4,10, ,12.612278772337273,0,16.0,0.0,2.7777776234567986,3,0.0,50,12,Iproxy
train_0006,C:\Users\tao20\Desktop\Algorithm\AIPlayerDesktop\data\蔡扬的\train\train_0006.json,17,3,False,2,5,2,4, ,-5.609942437539324,0,16.0,0.0,2.7777776234567986,11,0.0,50,12,pathLen
train_0006,C:\Users\tao20\Desktop\Algorithm\AIPlayerDesktop\data\蔡扬的\train\train_0006.json,17,4,False,2,1,2,0, ,-14.721053042477624,0,16.0,0.0,2.7777776234567986,15,0.0,50,12,pathLen
train_0006,C:\Users\tao20\Desktop\Algorithm\AIPlayerDesktop\data\蔡扬的\train\train_0006.json,17,5,False,1,9,1,8, ,-1e+18,0,0.0,0.0,2.7777776234567986,2,0.0,50,0,pathLen
train_0006,C:\Users\tao20\Desktop\Algorithm\AIPlayerDesktop\data\蔡扬的\train\train_0006.json,18,1,True,3,12,3,11, ,15.11969090352616,0,16.0,0.0,2.631578808864273,2,0.0,50,12,Iproxy
train_0006,C:\Users\tao20\Desktop\Algorithm\AIPlayerDesktop\data\蔡扬的\train\train_0006.json,18,2,False,4,11,4,10, ,15.11969090352616,0,16.0,0.0,2.631578808864273,2,0.0,50,12,Iproxy
train_0006,C:\Users\tao20\Desktop\Algorithm\AIPlayerDesktop\data\蔡扬的\train\train_0006.json,18,3,False,2,5,2,4, ,-2.143466082623469,0,16.0,0.0,2.631578808864273,10,0.0,50,12,pathLen
train_0006,C:\Users\tao20\Desktop\Algorithm\AIPlayerDesktop\data\蔡扬的\train\train_0006.json,18,4,False,2,1,2,0, ,-10.775044575698288,0,16.0,0.0,2.631578808864273,14,0.0,50,12,pathLen
train_0006,C:\Users\tao20\Desktop\Algorithm\AIPlayerDesktop\data\蔡扬的\train\train_0006.json,18,5,False,1,9,1,8, ,-1e+18,0,0.0,0.0,2.631578808864273,3,0.0,50,0,pathLen
train_0006,C:\Users\tao20\Desktop\Algorithm\AIPlayerDesktop\data\蔡扬的\train\train_0006.json,19,1,True,3,12,3,11, ,17.37737499178162,0,16.0,0.0,2.499999875000006,1,0.0,50,12,Iproxy
train_0006,C:\Users\tao20\Desktop\Algorithm\AIPlayerDesktop\data\蔡扬的\train\train_0006.json,19,2,False,4,11,4,10, ,17.37737499178162,0,16.0,0.0,2.499999875000006,1,0.0,50,12,Iproxy
train_0006,C:\Users\tao20\Desktop\Algorithm\AIPlayerDesktop\data\蔡扬的\train\train_0006.json,19,3,False,2,5,2,4, ,0.977375811781581,0,16.0,0.0,2.499999875000006,9,0.0,50,12,pathLen
train_0006,C:\Users\tao20\Desktop\Algorithm\AIPlayerDesktop\data\蔡扬的\train\train_0006.json,19,4,False,2,1,2,0, ,-7.222623778218438,0,16.0,0.0,2.499999875000006,13,0.0,50,12,pathLen
train_0006,C:\Users\tao20\Desktop\Algorithm\AIPlayerDesktop\data\蔡扬的\train\train_0006.json,19,5,False,1,9,1,8, ,-1e+18,0,0.0,0.0,2.499999875000006,4,0.0,50,0,pathLen
train_0006,C:\Users\tao20\Desktop\Algorithm\AIPlayerDesktop\data\蔡扬的\train\train_0006.json,20,1,True,3,13,3,12, ,8.556262728639727,0,8.727272727272727,0.0,2.3809522675737016,1,0.0,50,12,Iproxy
train_0006,C:\Users\tao20\Desktop\Algorithm\AIPlayerDesktop\data\蔡扬的\train\train_0006.json,20,2,False,4,11,4,10, ,6.603881869229292,0,8.727272727272727,0.0,2.3809522675737016,2,0.0,50,12,Iproxy
train_0006,C:\Users\tao20\Desktop\Algorithm\AIPlayerDesktop\data\蔡扬的\train\train_0006.json,20,3,False,2,5,2,4, ,-9.01516500605419,0,8.727272727272727,0.0,2.3809522675737016,10,0.0,50,12,pathLen
train_0006,C:\Users\tao20\Desktop\Algorithm\AIPlayerDesktop\data\蔡扬的\train\train_0006.json,20,4,False,2,1,2,0, ,-16.82468844369593,0,8.727272727272727,0.0,2.3809522675737016,14,0.0,50,12,pathLen
train_0006,C:\Users\tao20\Desktop\Algorithm\AIPlayerDesktop\data\蔡扬的\train\train_0006.json,20,5,False,2,13,2,12,T,-24.2850070196596,-30,8.727272727272727,0.0,2.3809522675737016,2,0.8888888888888888,20,12,deltaR
train_0006,C:\Users\tao20\Desktop\Algorithm\AIPlayerDesktop\data\蔡扬的\train\train_0006.json,20,6,False,1,9,1,8, ,-1e+18,0,0.0,0.0,2.3809522675737016,5,0.0,50,0,pathLen
train_0006,C:\Users\tao20\Desktop\Algorithm\AIPlayerDesktop\data\蔡扬的\train\train_0006.json,21,1,True,4,11,4,10, ,4.382944934471998,0,8.347826086956522,0.0,2.272727169421492,3,0.0,50,12,Iproxy
train_0006,C:\Users\tao20\Desktop\Algorithm\AIPlayerDesktop\data\蔡扬的\train\train_0006.json,21,2,False,2,5,2,4, ,-10.52614529693299,0,8.347826086956522,0.0,2.272727169421492,11,0.0,50,12,pathLen
train_0006,C:\Users\tao20\Desktop\Algorithm\AIPlayerDesktop\data\蔡扬的\train\train_0006.json,21,3,False,2,1,2,0, ,-17.980690412635482,0,8.347826086956522,0.0,2.272727169421492,15,0.0,50,12,pathLen
train_0006,C:\Users\tao20\Desktop\Algorithm\AIPlayerDesktop\data\蔡扬的\train\train_0006.json,21,4,False,2,13,2,12,T,-22.77867139656564,-30,8.347826086956522,0.0,2.272727169421492,1,0.8888888888888888,20,12,deltaR
train_0006,C:\Users\tao20\Desktop\Algorithm\AIPlayerDesktop\data\蔡扬的\train\train_0006.json,21,5,False,1,9,1,8, ,-1e+18,0,0.0,0.0,2.272727169421492,6,0.0,50,0,pathLen
train_0006,C:\Users\tao20\Desktop\Algorithm\AIPlayerDesktop\data\蔡扬的\train\train_0006.json,22,1,True,4,11,4,10, ,6.346322719358154,0,8.347826086956522,0.0,2.1739129489603064,2,0.0,50,12,Iproxy
train_0006,C:\Users\tao20\Desktop\Algorithm\AIPlayerDesktop\data\蔡扬的\train\train_0006.json,22,2,False,2,5,2,4, ,-7.914546225821455,0,8.347826086956522,0.0,2.1739129489603064,10,0.0,50,12,pathLen
train_0006,C:\Users\tao20\Desktop\Algorithm\AIPlayerDesktop\data\蔡扬的\train\train_0006.json,22,3,False,2,1,2,0, ,-15.04498069841126,0,8.347826086956522,0.0,2.1739129489603064,14,0.0,50,12,pathLen
train_0006,C:\Users\tao20\Desktop\Algorithm\AIPlayerDesktop\data\蔡扬的\train\train_0006.json,22,4,False,2,13,2,12,T,-24.542566169530737,-30,8.347826086956522,0.0,2.1739129489603064,2,0.8888888888888888,20,12,deltaR
train_0006,C:\Users\tao20\Desktop\Algorithm\AIPlayerDesktop\data\蔡扬的\train\train_0006.json,22,5,False,1,9,1,8, ,-1e+18,0,0.0,0.0,2.1739129489603064,5,0.0,50,0,pathLen
train_0006,C:\Users\tao20\Desktop\Algorithm\AIPlayerDesktop\data\蔡扬的\train\train_0006.json,23,1,True,4,11,4,10, ,8.153355641023625,0,8.347826086956522,0.0,2.0833332465277814,1,0.0,50,12,Iproxy
train_0006,C:\Users\tao20\Desktop\Algorithm\AIPlayerDesktop\data\蔡扬的\train\train_0006.json,23,2,False,2,5,2,4, ,-5.513310456198621,0,8.347826086956522,0.0,2.0833332465277814,9,0.0,50,12,pathLen
train_0006,C:\Users\tao20\Desktop\Algorithm\AIPlayerDesktop\data\蔡扬的\train\train_0006.json,23,3,False,2,1,2,0, ,-12.346643504809743,0,8.347826086956522,0.0,2.0833332465277814,13,0.0,50,12,pathLen
train_0006,C:\Users\tao20\Desktop\Algorithm\AIPlayerDesktop\data\蔡扬的\train\train_0006.json,23,4,False,2,13,2,12,T,-26.152199772170825,-30,8.347826086956522,0.0,2.0833332465277814,3,0.8888888888888888,20,12,deltaR
train_0006,C:\Users\tao20\Desktop\Algorithm\AIPlayerDesktop\data\蔡扬的\train\train_0006.json,23,5,False,1,9,1,8, ,-1e+18,0,0.0,0.0,2.0833332465277814,4,0.0,50,0,pathLen
train_0006,C:\Users\tao20\Desktop\Algorithm\AIPlayerDesktop\data\蔡扬的\train\train_0006.json,24,1,True,5,11,5,10, ,7.762144014175593,0,8.0,0.0,1.9999999200000032,1,0.0,50,12,Iproxy
train_0006,C:\Users\tao20\Desktop\Algorithm\AIPlayerDesktop\data\蔡扬的\train\train_0006.json,24,2,False,5,10,5,9, ,6.122144079775591,0,8.0,0.0,1.9999999200000032,2,0.0,50,12,Iproxy
train_0006,C:\Users\tao20\Desktop\Algorithm\AIPlayerDesktop\data\蔡扬的\train\train_0006.json,24,3,False,5,12,5,11, ,6.122144079775591,0,8.0,0.0,1.9999999200000032,2,0.0,50,12,Iproxy
train_0006,C:\Users\tao20\Desktop\Algorithm\AIPlayerDesktop\data\蔡扬的\train\train_0006.json,24,4,False,2,5,2,4, ,-6.9978553954244305,0,8.0,0.0,1.9999999200000032,10,0.0,50,12,pathLen
train_0006,C:\Users\tao20\Desktop\Algorithm\AIPlayerDesktop\data\蔡扬的\train\train_0006.json,24,5,False,2,1,2,0, ,-13.55785513302444,0,8.0,0.0,1.9999999200000032,14,0.0,50,12,pathLen
train_0006,C:\Users\tao20\Desktop\Algorithm\AIPlayerDesktop\data\蔡扬的\train\train_0006.json,24,6,False,2,13,2,12,T,-28.046744677913303,-30,8.0,0.0,1.9999999200000032,4,0.8888888888888888,20,12,deltaR
train_0006,C:\Users\tao20\Desktop\Algorithm\AIPlayerDesktop\data\蔡扬的\train\train_0006.json,24,7,False,1,9,1,8, ,-1e+18,0,0.0,0.0,1.9999999200000032,5,0.0,50,0,pathLen
train_0006,C:\Users\tao20\Desktop\Algorithm\AIPlayerDesktop\data\蔡扬的\train\train_0006.json,25,1,True,5,10,5,9, ,7.401444548892092,0,7.68,0.0,1.9230768491124288,1,0.0,50,12,Iproxy
train_0006,C:\Users\tao20\Desktop\Algorithm\AIPlayerDesktop\data\蔡扬的\train\train_0006.json,25,2,False,5,12,5,11, ,7.401444548892092,0,7.68,0.0,1.9230768491124288,1,0.0,50,12,Iproxy
train_0006,C:\Users\tao20\Desktop\Algorithm\AIPlayerDesktop\data\蔡扬的\train\train_0006.json,25,3,False,2,5,2,4, ,-8.367785613829824,0,7.68,0.0,1.9230768491124288,11,0.0,50,12,pathLen
train_0006,C:\Users\tao20\Desktop\Algorithm\AIPlayerDesktop\data\蔡扬的\train\train_0006.json,25,4,False,2,1,2,0, ,-14.67547767891859,0,7.68,0.0,1.9230768491124288,15,0.0,50,12,pathLen
train_0006,C:\Users\tao20\Desktop\Algorithm\AIPlayerDesktop\data\蔡扬的\train\train_0006.json,25,5,False,2,13,2,12,T,-29.79513640508556,-30,7.68,0.0,1.9230768491124288,5,0.8888888888888888,20,12,deltaR
train_0006,C:\Users\tao20\Desktop\Algorithm\AIPlayerDesktop\data\蔡扬的\train\train_0006.json,25,6,False,1,9,1,8, ,-1e+18,0,0.0,0.0,1.9230768491124288,6,0.0,50,0,pathLen
train_0006,C:\Users\tao20\Desktop\Algorithm\AIPlayerDesktop\data\蔡扬的\train\train_0006.json,26,1,True,5,9,5,8, ,7.18261233244768,0,7.4805194805194795,0.0,1.8518517832647488,1,0.0,50,12,Iproxy
train_0006,C:\Users\tao20\Desktop\Algorithm\AIPlayerDesktop\data\蔡扬的\train\train_0006.json,26,2,False,5,12,5,11, ,5.664093870170586,0,7.4805194805194795,0.0,1.8518517832647488,2,0.0,50,12,Iproxy
train_0006,C:\Users\tao20\Desktop\Algorithm\AIPlayerDesktop\data\蔡扬的\train\train_0006.json,26,3,False,2,5,2,4, ,-9.521090752600353,0,7.4805194805194795,0.0,1.8518517832647488,12,0.0,50,12,pathLen
train_0006,C:\Users\tao20\Desktop\Algorithm\AIPlayerDesktop\data\蔡扬的\train\train_0006.json,26,4,False,2,1,2,0, ,-15.59516460170873,0,7.4805194805194795,0.0,1.8518517832647488,16,0.0,50,12,pathLen
train_0006,C:\Users\tao20\Desktop\Algorithm\AIPlayerDesktop\data\蔡扬的\train\train_0006.json,26,5,False,2,13,2,12,T,-31.298868867826677,-30,7.4805194805194795,0.0,1.8518517832647488,6,0.8888888888888888,20,12,deltaR
train_0006,C:\Users\tao20\Desktop\Algorithm\AIPlayerDesktop\data\蔡扬的\train\train_0006.json,26,6,False,1,9,1,8, ,-1e+18,0,0.0,0.0,1.8518517832647488,7,0.0,50,0,pathLen
train_0006,C:\Users\tao20\Desktop\Algorithm\AIPlayerDesktop\data\蔡扬的\train\train_0006.json,27,1,True,5,12,5,11, ,4.0468464038840235,0,7.2911392405063316,0.0,1.7857142219387778,3,0.0,50,12,Iproxy
train_0006,C:\Users\tao20\Desktop\Algorithm\AIPlayerDesktop\data\蔡扬的\train\train_0006.json,27,2,False,2,5,2,4, ,-10.596010216013955,0,7.2911392405063316,0.0,1.7857142219387778,13,0.0,50,12,pathLen
train_0006,C:\Users\tao20\Desktop\Algorithm\AIPlayerDesktop\data\蔡扬的\train\train_0006.json,27,3,False,2,1,2,0, ,-16.453152863973145,0,7.2911392405063316,0.0,1.7857142219387778,17,0.0,50,12,pathLen
train_0006,C:\Users\tao20\Desktop\Algorithm\AIPlayerDesktop\data\蔡扬的\train\train_0006.json,27,4,False,2,13,2,12,T,-32.699185132964054,-30,7.2911392405063316,0.0,1.7857142219387778,7,0.8888888888888888,20,12,deltaR
train_0006,C:\Users\tao20\Desktop\Algorithm\AIPlayerDesktop\data\蔡扬的\train\train_0006.json,27,5,False,1,9,1,8, ,-1e+18,0,0.0,0.0,1.7857142219387778,8,0.0,50,0,pathLen
train_0006,C:\Users\tao20\Desktop\Algorithm\AIPlayerDesktop\data\蔡扬的\train\train_0006.json,28,1,True,5,12,5,11, ,5.579200790379955,0,7.2911392405063316,0.0,1.7241378715814526,2,0.0,50,12,Iproxy
train_0006,C:\Users\tao20\Desktop\Algorithm\AIPlayerDesktop\data\蔡扬的\train\train_0006.json,28,2,False,2,5,2,4, ,-8.558729756587953,0,7.2911392405063316,0.0,1.7241378715814526,12,0.0,50,12,pathLen
train_0006,C:\Users\tao20\Desktop\Algorithm\AIPlayerDesktop\data\蔡扬的\train\train_0006.json,28,3,False,2,1,2,0, ,-14.213901975375117,0,7.2911392405063316,0.0,1.7241378715814526,16,0.0,50,12,pathLen
train_0006,C:\Users\tao20\Desktop\Algorithm\AIPlayerDesktop\data\蔡扬的\train\train_0006.json,28,4,False,2,13,2,12,T,-30.964860317296097,-30,7.2911392405063316,0.0,1.7241378715814526,6,0.8888888888888888,20,12,deltaR
train_0006,C:\Users\tao20\Desktop\Algorithm\AIPlayerDesktop\data\蔡扬的\train\train_0006.json,28,5,False,1,9,1,8, ,-1e+18,0,0.0,0.0,1.7241378715814526,7,0.0,50,0,pathLen
train_0006,C:\Users\tao20\Desktop\Algorithm\AIPlayerDesktop\data\蔡扬的\train\train_0006.json,29,1,True,5,12,5,11, ,7.013787086598524,0,7.2911392405063316,0.0,1.6666666111111128,1,0.0,50,12,Iproxy
train_0006,C:\Users\tao20\Desktop\Algorithm\AIPlayerDesktop\data\蔡扬的\train\train_0006.json,29,2,False,2,5,2,4, ,-6.6528791245126015,0,7.2911392405063316,0.0,1.6666666111111128,11,0.0,50,12,pathLen
train_0006,C:\Users\tao20\Desktop\Algorithm\AIPlayerDesktop\data\蔡扬的\train\train_0006.json,29,3,False,2,1,2,0, ,-12.119545608957052,0,7.2911392405063316,0.0,1.6666666111111128,15,0.0,50,12,pathLen
train_0006,C:\Users\tao20\Desktop\Algorithm\AIPlayerDesktop\data\蔡扬的\train\train_0006.json,29,4,False,2,13,2,12,T,-29.341768286734816,-30,7.2911392405063316,0.0,1.6666666111111128,5,0.8888888888888888,20,12,deltaR
train_0006,C:\Users\tao20\Desktop\Algorithm\AIPlayerDesktop\data\蔡扬的\train\train_0006.json,29,5,False,1,9,1,8, ,-1e+18,0,0.0,0.0,1.6666666111111128,6,0.0,50,0,pathLen
train_0006,C:\Users\tao20\Desktop\Algorithm\AIPlayerDesktop\data\蔡扬的\train\train_0006.json,30,1,True,5,13,5,12, ,0.7030237776101131,0,1.7777777777777761,0.0,1.612903173777317,1,0.0,50,12,Iproxy
train_0006,C:\Users\tao20\Desktop\Algorithm\AIPlayerDesktop\data\蔡扬的\train\train_0006.json,30,2,False,2,5,2,4, ,-13.845362849861285,0,1.7777777777777761,0.0,1.612903173777317,12,0.0,50,12,pathLen
train_0006,C:\Users\tao20\Desktop\Algorithm\AIPlayerDesktop\data\蔡扬的\train\train_0006.json,30,3,False,2,1,2,0, ,-19.135685259850884,0,1.7777777777777761,0.0,1.612903173777317,16,0.0,50,12,pathLen
train_0006,C:\Users\tao20\Desktop\Algorithm\AIPlayerDesktop\data\蔡扬的\train\train_0006.json,30,4,False,6,13,6,12,T,-31.508445713776176,-30,1.7777777777777761,0.0,1.612903173777317,2,0.8888888888888888,20,12,deltaR
train_0006,C:\Users\tao20\Desktop\Algorithm\AIPlayerDesktop\data\蔡扬的\train\train_0006.json,30,5,False,2,13,2,12,T,-36.79876812376577,-30,1.7777777777777761,0.0,1.612903173777317,6,0.8888888888888888,20,12,deltaR
train_0006,C:\Users\tao20\Desktop\Algorithm\AIPlayerDesktop\data\蔡扬的\train\train_0006.json,30,6,False,1,9,1,8, ,-1e+18,0,0.0,0.0,1.612903173777317,7,0.0,50,0,pathLen
train_0006,C:\Users\tao20\Desktop\Algorithm\AIPlayerDesktop\data\蔡扬的\train\train_0006.json,31,1,True,2,5,2,4, ,-14.694726373907246,0,1.7349397590361468,0.0,1.5624999511718767,13,0.0,50,12,pathLen
train_0006,C:\Users\tao20\Desktop\Algorithm\AIPlayerDesktop\data\蔡扬的\train\train_0006.json,31,2,False,2,1,2,0, ,-19.819726213751004,0,1.7349397590361468,0.0,1.5624999511718767,17,0.0,50,12,pathLen
train_0006,C:\Users\tao20\Desktop\Algorithm\AIPlayerDesktop\data\蔡扬的\train\train_0006.json,31,3,False,6,13,6,12,T,-30.20861574326487,-30,1.7349397590361468,0.0,1.5624999511718767,1,0.8888888888888888,20,12,deltaR
train_0006,C:\Users\tao20\Desktop\Algorithm\AIPlayerDesktop\data\蔡扬的\train\train_0006.json,31,4,False,2,13,2,12,T,-37.8961155030305,-30,1.7349397590361468,0.0,1.5624999511718767,7,0.8888888888888888,20,12,deltaR
train_0006,C:\Users\tao20\Desktop\Algorithm\AIPlayerDesktop\data\蔡扬的\train\train_0006.json,31,5,False,1,9,1,8, ,-1e+18,0,0.0,0.0,1.5624999511718767,8,0.0,50,0,pathLen
train_0006,C:\Users\tao20\Desktop\Algorithm\AIPlayerDesktop\data\蔡扬的\train\train_0006.json,32,1,True,2,5,2,4, ,-12.959784576054197,0,1.7349397590361468,0.0,1.5151514692378343,12,0.0,50,12,pathLen
train_0006,C:\Users\tao20\Desktop\Algorithm\AIPlayerDesktop\data\蔡扬的\train\train_0006.json,32,2,False,2,1,2,0, ,-17.929481395154294,0,1.7349397590361468,0.0,1.5151514692378343,16,0.0,50,12,pathLen
train_0006,C:\Users\tao20\Desktop\Algorithm\AIPlayerDesktop\data\蔡扬的\train\train_0006.json,32,3,False,6,13,6,12,T,-31.424431417192846,-30,1.7349397590361468,0.0,1.5151514692378343,2,0.8888888888888888,20,12,deltaR
train_0006,C:\Users\tao20\Desktop\Algorithm\AIPlayerDesktop\data\蔡扬的\train\train_0006.json,32,4,False,2,13,2,12,T,-36.39412823629294,-30,1.7349397590361468,0.0,1.5151514692378343,6,0.8888888888888888,20,12,deltaR
train_0006,C:\Users\tao20\Desktop\Algorithm\AIPlayerDesktop\data\蔡扬的\train\train_0006.json,32,5,False,1,9,1,8, ,-1e+18,0,0.0,0.0,1.5151514692378343,7,0.0,50,0,pathLen
train_0006,C:\Users\tao20\Desktop\Algorithm\AIPlayerDesktop\data\蔡扬的\train\train_0006.json,33,1,True,2,5,2,4, ,-11.325173390439549,0,1.7349397590361468,0.0,1.4705881920415238,11,0.0,50,12,pathLen
train_0006,C:\Users\tao20\Desktop\Algorithm\AIPlayerDesktop\data\蔡扬的\train\train_0006.json,33,2,False,2,1,2,0, ,-16.148702660335744,0,1.7349397590361468,0.0,1.4705881920415238,15,0.0,50,12,pathLen
train_0006,C:\Users\tao20\Desktop\Algorithm\AIPlayerDesktop\data\蔡扬的\train\train_0006.json,33,3,False,6,13,6,12,T,-32.56700373953604,-30,1.7349397590361468,0.0,1.4705881920415238,3,0.8888888888888888,20,12,deltaR
train_0006,C:\Users\tao20\Desktop\Algorithm\AIPlayerDesktop\data\蔡扬的\train\train_0006.json,33,4,False,2,13,2,12,T,-34.97876837448413,-30,1.7349397590361468,0.0,1.4705881920415238,5,0.8888888888888888,20,12,deltaR
train_0006,C:\Users\tao20\Desktop\Algorithm\AIPlayerDesktop\data\蔡扬的\train\train_0006.json,33,5,False,1,9,1,8, ,-1e+18,0,0.0,0.0,1.4705881920415238,6,0.0,50,0,pathLen
train_0006,C:\Users\tao20\Desktop\Algorithm\AIPlayerDesktop\data\蔡扬的\train\train_0006.json,34,1,True,2,5,2,4, ,-9.782572301393724,0,1.7349397590361468,0.0,1.4285713877551034,10,0.0,50,12,pathLen
train_0006,C:\Users\tao20\Desktop\Algorithm\AIPlayerDesktop\data\蔡扬的\train\train_0006.json,34,2,False,2,1,2,0, ,-14.468286453230462,0,1.7349397590361468,0.0,1.4285713877551034,14,0.0,50,12,pathLen
train_0006,C:\Users\tao20\Desktop\Algorithm\AIPlayerDesktop\data\蔡扬的\train\train_0006.json,34,3,False,2,13,2,12,T,-33.642889962527505,-30,1.7349397590361468,0.0,1.4285713877551034,4,0.8888888888888888,20,12,deltaR
train_0006,C:\Users\tao20\Desktop\Algorithm\AIPlayerDesktop\data\蔡扬的\train\train_0006.json,34,4,False,6,13,6,12,T,-33.642889962527505,-30,1.7349397590361468,0.0,1.4285713877551034,4,0.8888888888888888,20,12,deltaR
train_0006,C:\Users\tao20\Desktop\Algorithm\AIPlayerDesktop\data\蔡扬的\train\train_0006.json,34,5,False,1,9,1,8, ,-1e+18,0,0.0,0.0,1.4285713877551034,5,0.0,50,0,pathLen
train_0006,C:\Users\tao20\Desktop\Algorithm\AIPlayerDesktop\data\蔡扬的\train\train_0006.json,35,1,True,2,5,2,4, ,-8.324541855941165,0,1.7349397590361468,0.0,1.3888888503086432,9,0.0,50,12,pathLen
train_0006,C:\Users\tao20\Desktop\Algorithm\AIPlayerDesktop\data\蔡扬的\train\train_0006.json,35,2,False,2,1,2,0, ,-12.880097284953514,0,1.7349397590361468,0.0,1.3888888503086432,13,0.0,50,12,pathLen
train_0006,C:\Users\tao20\Desktop\Algorithm\AIPlayerDesktop\data\蔡扬的\train\train_0006.json,35,3,False,2,13,2,12,T,-32.380097601311526,-30,1.7349397590361468,0.0,1.3888888503086432,3,0.8888888888888888,20,12,deltaR
train_0006,C:\Users\tao20\Desktop\Algorithm\AIPlayerDesktop\data\蔡扬的\train\train_0006.json,35,4,False,6,13,6,12,T,-34.657875315817705,-30,1.7349397590361468,0.0,1.3888888503086432,5,0.8888888888888888,20,12,deltaR
train_0006,C:\Users\tao20\Desktop\Algorithm\AIPlayerDesktop\data\蔡扬的\train\train_0006.json,35,5,False,1,9,1,8, ,-1e+18,0,0.0,0.0,1.3888888503086432,4,0.0,50,0,pathLen
train_0006,C:\Users\tao20\Desktop\Algorithm\AIPlayerDesktop\data\蔡扬的\train\train_0006.json,36,1,True,2,5,2,4, ,-6.944410941026509,0,1.7349397590361468,0.0,1.351351314828343,8,0.0,50,12,pathLen
train_0006,C:\Users\tao20\Desktop\Algorithm\AIPlayerDesktop\data\蔡扬的\train\train_0006.json,36,2,False,2,1,2,0, ,-11.376843253663472,0,1.7349397590361468,0.0,1.351351314828343,12,0.0,50,12,pathLen
train_0006,C:\Users\tao20\Desktop\Algorithm\AIPlayerDesktop\data\蔡扬的\train\train_0006.json,36,3,False,2,13,2,12,T,-33.40086751727843,-30,1.7349397590361468,0.0,1.351351314828343,4,0.8888888888888888,20,12,deltaR
train_0006,C:\Users\tao20\Desktop\Algorithm\AIPlayerDesktop\data\蔡扬的\train\train_0006.json,36,4,False,6,13,6,12,T,-35.61708367359691,-30,1.7349397590361468,0.0,1.351351314828343,6,0.8888888888888888,20,12,deltaR
train_0006,C:\Users\tao20\Desktop\Algorithm\AIPlayerDesktop\data\蔡扬的\train\train_0006.json,36,5,False,1,9,1,8, ,-1e+18,0,0.0,0.0,1.351351314828343,5,0.0,50,0,pathLen
train_0006,C:\Users\tao20\Desktop\Algorithm\AIPlayerDesktop\data\蔡扬的\train\train_0006.json,37,1,True,2,5,2,4, ,-5.636181036017851,0,1.7349397590361468,0.0,1.3157894390581728,7,0.0,50,12,pathLen
train_0006,C:\Users\tao20\Desktop\Algorithm\AIPlayerDesktop\data\蔡扬的\train\train_0006.json,37,2,False,2,1,2,0, ,-9.951970396128656,0,1.7349397590361468,0.0,1.3157894390581728,11,0.0,50,12,pathLen
train_0006,C:\Users\tao20\Desktop\Algorithm\AIPlayerDesktop\data\蔡扬的\train\train_0006.json,37,3,False,2,13,2,12,T,-34.36717524485133,-30,1.7349397590361468,0.0,1.3157894390581728,5,0.8888888888888888,20,12,deltaR
train_0006,C:\Users\tao20\Desktop\Algorithm\AIPlayerDesktop\data\蔡扬的\train\train_0006.json,37,4,False,6,13,6,12,T,-36.52506992490674,-30,1.7349397590361468,0.0,1.3157894390581728,7,0.8888888888888888,20,12,deltaR
train_0006,C:\Users\tao20\Desktop\Algorithm\AIPlayerDesktop\data\蔡扬的\train\train_0006.json,37,5,False,1,9,1,8, ,-1e+18,0,0.0,0.0,1.3157894390581728,6,0.0,50,0,pathLen
train_0006,C:\Users\tao20\Desktop\Algorithm\AIPlayerDesktop\data\蔡扬的\train\train_0006.json,38,1,True,2,5,2,4, ,-4.394444473837639,0,1.7349397590361468,0.0,1.2820512491781733,6,0.0,50,12,pathLen
train_0006,C:\Users\tao20\Desktop\Algorithm\AIPlayerDesktop\data\蔡扬的\train\train_0006.json,38,2,False,2,1,2,0, ,-8.59957257114205,0,1.7349397590361468,0.0,1.2820512491781733,10,0.0,50,12,pathLen
train_0006,C:\Users\tao20\Desktop\Algorithm\AIPlayerDesktop\data\蔡扬的\train\train_0006.json,38,3,False,2,13,2,12,T,-35.28333336272652,-30,1.7349397590361468,0.0,1.2820512491781733,6,0.8888888888888888,20,12,deltaR
train_0006,C:\Users\tao20\Desktop\Algorithm\AIPlayerDesktop\data\蔡扬的\train\train_0006.json,38,4,False,6,13,6,12,T,-37.38589741137873,-30,1.7349397590361468,0.0,1.2820512491781733,8,0.8888888888888888,20,12,deltaR
train_0006,C:\Users\tao20\Desktop\Algorithm\AIPlayerDesktop\data\蔡扬的\train\train_0006.json,38,5,False,1,9,1,8, ,-1e+18,0,0.0,0.0,1.2820512491781733,7,0.0,50,0,pathLen
train_0006,C:\Users\tao20\Desktop\Algorithm\AIPlayerDesktop\data\蔡扬的\train\train_0006.json,39,1,True,2,5,2,4, ,-3.2143143374017007,0,1.7349397590361468,0.0,1.249999968750001,5,0.0,50,12,pathLen
train_0006,C:\Users\tao20\Desktop\Algorithm\AIPlayerDesktop\data\蔡扬的\train\train_0006.json,39,2,False,2,1,2,0, ,-7.314314234901705,0,1.7349397590361468,0.0,1.249999968750001,9,0.0,50,12,pathLen
train_0006,C:\Users\tao20\Desktop\Algorithm\AIPlayerDesktop\data\蔡扬的\train\train_0006.json,39,3,False,2,13,2,12,T,-36.15320317504059,-30,1.7349397590361468,0.0,1.249999968750001,7,0.8888888888888888,20,12,deltaR
train_0006,C:\Users\tao20\Desktop\Algorithm\AIPlayerDesktop\data\蔡扬的\train\train_0006.json,39,4,False,6,13,6,12,T,-38.20320312379059,-30,1.7349397590361468,0.0,1.249999968750001,9,0.8888888888888888,20,12,deltaR
train_0006,C:\Users\tao20\Desktop\Algorithm\AIPlayerDesktop\data\蔡扬的\train\train_0006.json,39,5,False,1,9,1,8, ,-1e+18,0,0.0,0.0,1.249999968750001,8,0.0,50,0,pathLen
train_0006,C:\Users\tao20\Desktop\Algorithm\AIPlayerDesktop\data\蔡扬的\train\train_0006.json,40,1,True,2,5,2,4, ,-2.09136407808226,0,1.7349397590361468,0.0,1.219512165377752,4,0.0,50,12,pathLen
train_0006,C:\Users\tao20\Desktop\Algorithm\AIPlayerDesktop\data\蔡扬的\train\train_0006.json,40,2,False,2,1,2,0, ,-6.091363980521287,0,1.7349397590361468,0.0,1.219512165377752,8,0.0,50,12,pathLen
train_0006,C:\Users\tao20\Desktop\Algorithm\AIPlayerDesktop\data\蔡扬的\train\train_0006.json,40,3,False,2,13,2,12,T,-36.98025286941017,-30,1.7349397590361468,0.0,1.219512165377752,8,0.8888888888888888,20,12,deltaR
train_0006,C:\Users\tao20\Desktop\Algorithm\AIPlayerDesktop\data\蔡扬的\train\train_0006.json,40,4,False,6,13,6,12,T,-38.98025282062969,-30,1.7349397590361468,0.0,1.219512165377752,10,0.8888888888888888,20,12,deltaR
train_0006,C:\Users\tao20\Desktop\Algorithm\AIPlayerDesktop\data\蔡扬的\train\train_0006.json,40,5,False,1,9,1,8, ,-1e+18,0,0.0,0.0,1.219512165377752,9,0.0,50,0,pathLen
train_0006,C:\Users\tao20\Desktop\Algorithm\AIPlayerDesktop\data\蔡扬的\train\train_0006.json,41,1,True,2,5,2,4, ,-1.0215753025800025,0,1.7349397590361468,0.0,1.19047616213152,3,0.0,50,12,pathLen
train_0006,C:\Users\tao20\Desktop\Algorithm\AIPlayerDesktop\data\蔡扬的\train\train_0006.json,41,2,False,2,1,2,0, ,-4.926337114371388,0,1.7349397590361468,0.0,1.19047616213152,7,0.0,50,12,pathLen
train_0006,C:\Users\tao20\Desktop\Algorithm\AIPlayerDesktop\data\蔡扬的\train\train_0006.json,41,3,False,2,13,2,12,T,-37.767606909155965,-30,1.7349397590361468,0.0,1.19047616213152,9,0.8888888888888888,20,12,deltaR
train_0006,C:\Users\tao20\Desktop\Algorithm\AIPlayerDesktop\data\蔡扬的\train\train_0006.json,41,4,False,6,13,6,12,T,-39.71998781505166,-30,1.7349397590361468,0.0,1.19047616213152,11,0.8888888888888888,20,12,deltaR
train_0006,C:\Users\tao20\Desktop\Algorithm\AIPlayerDesktop\data\蔡扬的\train\train_0006.json,41,5,False,1,9,1,8, ,-1e+18,0,0.0,0.0,1.19047616213152,10,0.0,50,0,pathLen
train_0006,C:\Users\tao20\Desktop\Algorithm\AIPlayerDesktop\data\蔡扬的\train\train_0006.json,42,1,True,2,5,2,4, ,-0.0012924580487971848,0,1.7349397590361468,0.0,1.162790670632775,2,0.0,50,12,pathLen
train_0006,C:\Users\tao20\Desktop\Algorithm\AIPlayerDesktop\data\蔡扬的\train\train_0006.json,42,2,False,2,1,2,0, ,-3.8152458577242996,0,1.7349397590361468,0.0,1.162790670632775,6,0.0,50,12,pathLen
train_0006,C:\Users\tao20\Desktop\Algorithm\AIPlayerDesktop\data\蔡扬的\train\train_0006.json,42,3,False,2,13,2,12,T,-38.51808814628869,-30,1.7349397590361468,0.0,1.162790670632775,10,0.8888888888888888,20,12,deltaR
train_0006,C:\Users\tao20\Desktop\Algorithm\AIPlayerDesktop\data\蔡扬的\train\train_0006.json,42,4,False,6,13,6,12,T,-40.42506484612644,-30,1.7349397590361468,0.0,1.162790670632775,12,0.8888888888888888,20,12,deltaR
train_0006,C:\Users\tao20\Desktop\Algorithm\AIPlayerDesktop\data\蔡扬的\train\train_0006.json,42,5,False,1,9,1,8, ,-1e+18,0,0.0,0.0,1.162790670632775,11,0.0,50,0,pathLen
train_0006,C:\Users\tao20\Desktop\Algorithm\AIPlayerDesktop\data\蔡扬的\train\train_0006.json,43,1,True,2,5,2,4, ,0.9728166295687907,0,1.7349397590361468,0.0,1.1363636105371908,1,0.0,50,12,Iproxy
train_0006,C:\Users\tao20\Desktop\Algorithm\AIPlayerDesktop\data\蔡扬的\train\train_0006.json,43,2,False,2,1,2,0, ,-2.754456012993195,0,1.7349397590361468,0.0,1.1363636105371908,5,0.0,50,12,pathLen
train_0006,C:\Users\tao20\Desktop\Algorithm\AIPlayerDesktop\data\蔡扬的\train\train_0006.json,43,3,False,2,13,2,12,T,-39.23425386572506,-30,1.7349397590361468,0.0,1.1363636105371908,11,0.8888888888888888,20,12,deltaR
train_0006,C:\Users\tao20\Desktop\Algorithm\AIPlayerDesktop\data\蔡扬的\train\train_0006.json,43,4,False,6,13,6,12,T,-41.09789018700605,-30,1.7349397590361468,0.0,1.1363636105371908,13,0.8888888888888888,20,12,deltaR
train_0006,C:\Users\tao20\Desktop\Algorithm\AIPlayerDesktop\data\蔡扬的\train\train_0006.json,43,5,False,1,9,1,8, ,-1e+18,0,0.0,0.0,1.1363636105371908,12,0.0,50,0,pathLen
train_0006,C:\Users\tao20\Desktop\Algorithm\AIPlayerDesktop\data\蔡扬的\train\train_0006.json,44,1,True,3,5,3,4, ,0.9464968285101504,0,1.694117647058824,0.0,1.1111110864197538,1,0.0,50,12,Iproxy
train_0006,C:\Users\tao20\Desktop\Algorithm\AIPlayerDesktop\data\蔡扬的\train\train_0006.json,44,2,False,2,1,2,0, ,-3.60905862581084,0,1.694117647058824,0.0,1.1111110864197538,6,0.0,50,12,pathLen
train_0006,C:\Users\tao20\Desktop\Algorithm\AIPlayerDesktop\data\蔡扬的\train\train_0006.json,44,3,False,2,13,2,12,T,-39.964614059884916,-30,1.694117647058824,0.0,1.1111110864197538,12,0.8888888888888888,20,12,deltaR
train_0006,C:\Users\tao20\Desktop\Algorithm\AIPlayerDesktop\data\蔡扬的\train\train_0006.json,44,4,False,6,13,6,12,T,-41.78683624161331,-30,1.694117647058824,0.0,1.1111110864197538,14,0.8888888888888888,20,12,deltaR
train_0006,C:\Users\tao20\Desktop\Algorithm\AIPlayerDesktop\data\蔡扬的\train\train_0006.json,44,5,False,1,9,1,8, ,-1e+18,0,0.0,0.0,1.1111110864197538,13,0.0,50,0,pathLen
train_0006,C:\Users\tao20\Desktop\Algorithm\AIPlayerDesktop\data\蔡扬的\train\train_0006.json,45,1,True,2,1,2,0, ,-4.427345095574584,0,1.6551724137931016,0.0,1.0869564981096413,7,0.0,50,12,pathLen
train_0006,C:\Users\tao20\Desktop\Algorithm\AIPlayerDesktop\data\蔡扬的\train\train_0006.json,45,2,False,2,13,2,12,T,-40.664059955162905,-30,1.6551724137931016,0.0,1.0869564981096413,13,0.8888888888888888,20,12,deltaR
train_0006,C:\Users\tao20\Desktop\Algorithm\AIPlayerDesktop\data\蔡扬的\train\train_0006.json,45,3,False,6,13,6,12,T,-42.446668612062716,-30,1.6551724137931016,0.0,1.0869564981096413,15,0.8888888888888888,20,12,deltaR
train_0006,C:\Users\tao20\Desktop\Algorithm\AIPlayerDesktop\data\蔡扬的\train\train_0006.json,45,4,False,1,9,1,8, ,-1e+18,0,0.0,0.0,1.0869564981096413,14,0.0,50,0,pathLen
train_0006,C:\Users\tao20\Desktop\Algorithm\AIPlayerDesktop\data\蔡扬的\train\train_0006.json,46,1,True,2,1,2,0, ,-3.424752506629442,0,1.6551724137931016,0.0,1.0638297645993668,6,0.0,50,12,pathLen
train_0006,C:\Users\tao20\Desktop\Algorithm\AIPlayerDesktop\data\蔡扬的\train\train_0006.json,46,2,False,2,13,2,12,T,-39.547683837347215,-30,1.6551724137931016,0.0,1.0638297645993668,12,0.8888888888888888,20,12,deltaR
train_0006,C:\Users\tao20\Desktop\Algorithm\AIPlayerDesktop\data\蔡扬的\train\train_0006.json,46,3,False,6,13,6,12,T,-41.29236465129017,-30,1.6551724137931016,0.0,1.0638297645993668,14,0.8888888888888888,20,12,deltaR
train_0006,C:\Users\tao20\Desktop\Algorithm\AIPlayerDesktop\data\蔡扬的\train\train_0006.json,46,4,False,1,9,1,8, ,-1e+18,0,0.0,0.0,1.0638297645993668,13,0.0,50,0,pathLen
train_0006,C:\Users\tao20\Desktop\Algorithm\AIPlayerDesktop\data\蔡扬的\train\train_0006.json,47,1,True,2,1,2,0, ,-2.4635395238584508,0,1.6551724137931016,0.0,1.0416666449652783,5,0.0,50,12,pathLen
train_0006,C:\Users\tao20\Desktop\Algorithm\AIPlayerDesktop\data\蔡扬的\train\train_0006.json,47,2,False,2,13,2,12,T,-38.4774283059765,-30,1.6551724137931016,0.0,1.0416666449652783,11,0.8888888888888888,20,12,deltaR
train_0006,C:\Users\tao20\Desktop\Algorithm\AIPlayerDesktop\data\蔡扬的\train\train_0006.json,47,3,False,6,13,6,12,T,-40.18576160371956,-30,1.6551724137931016,0.0,1.0416666449652783,13,0.8888888888888888,20,12,deltaR
train_0006,C:\Users\tao20\Desktop\Algorithm\AIPlayerDesktop\data\蔡扬的\train\train_0006.json,47,4,False,1,9,1,8, ,-1e+18,0,0.0,0.0,1.0416666449652783,12,0.0,50,0,pathLen
train_0006,C:\Users\tao20\Desktop\Algorithm\AIPlayerDesktop\data\蔡扬的\train\train_0006.json,48,1,True,2,1,2,0, ,-1.5412419584663442,0,1.6551724137931016,0.0,1.0204081424406501,4,0.0,50,12,pathLen
train_0006,C:\Users\tao20\Desktop\Algorithm\AIPlayerDesktop\data\蔡扬的\train\train_0006.json,48,2,False,2,13,2,12,T,-39.124008261765894,-30,1.6551724137931016,0.0,1.0204081424406501,12,0.8888888888888888,20,12,deltaR
train_0006,C:\Users\tao20\Desktop\Algorithm\AIPlayerDesktop\data\蔡扬的\train\train_0006.json,48,3,False,6,13,6,12,T,-40.797477615368564,-30,1.6551724137931016,0.0,1.0204081424406501,14,0.8888888888888888,20,12,deltaR
train_0006,C:\Users\tao20\Desktop\Algorithm\AIPlayerDesktop\data\蔡扬的\train\train_0006.json,48,4,False,1,9,1,8, ,-1e+18,0,0.0,0.0,1.0204081424406501,13,0.0,50,0,pathLen
train_0006,C:\Users\tao20\Desktop\Algorithm\AIPlayerDesktop\data\蔡扬的\train\train_0006.json,49,1,True,2,1,2,0, ,-0.6555808286691733,0,1.6551724137931016,0.0,1.0,3,0.0,50,12,pathLen
train_0006,C:\Users\tao20\Desktop\Algorithm\AIPlayerDesktop\data\蔡扬的\train\train_0006.json,49,2,False,2,13,2,12,T,-39.74446971755806,-30,1.6551724137931016,0.0,1.0,13,0.8888888888888888,20,12,deltaR
train_0006,C:\Users\tao20\Desktop\Algorithm\AIPlayerDesktop\data\蔡扬的\train\train_0006.json,49,3,False,6,13,6,12,T,-41.384469717558055,-30,1.6551724137931016,0.0,1.0,15,0.8888888888888888,20,12,deltaR
train_0006,C:\Users\tao20\Desktop\Algorithm\AIPlayerDesktop\data\蔡扬的\train\train_0006.json,49,4,False,1,9,1,8, ,-1e+18,0,0.0,0.0,1.0,14,0.0,50,0,pathLen
train_0006,C:\Users\tao20\Desktop\Algorithm\AIPlayerDesktop\data\蔡扬的\train\train_0006.json,50,1,True,2,1,2,0, ,0.16339710940429786,0,1.6551724137931016,0.0,1.0,2,0.0,50,12,pathLen
train_0006,C:\Users\tao20\Desktop\Algorithm\AIPlayerDesktop\data\蔡扬的\train\train_0006.json,50,2,False,2,13,2,12,T,-40.56549177948459,-30,1.6551724137931016,0.0,1.0,14,0.8888888888888888,20,12,deltaR
train_0006,C:\Users\tao20\Desktop\Algorithm\AIPlayerDesktop\data\蔡扬的\train\train_0006.json,50,3,False,6,13,6,12,T,-42.20549177948459,-30,1.6551724137931016,0.0,1.0,16,0.8888888888888888,20,12,deltaR
train_0006,C:\Users\tao20\Desktop\Algorithm\AIPlayerDesktop\data\蔡扬的\train\train_0006.json,50,4,False,1,9,1,8, ,-1e+18,0,0.0,0.0,1.0,15,0.0,50,0,pathLen
train_0006,C:\Users\tao20\Desktop\Algorithm\AIPlayerDesktop\data\蔡扬的\train\train_0006.json,51,1,True,2,1,2,0, ,0.9825794598630745,0,1.6551724137931016,0.0,1.0,1,0.0,50,12,Iproxy
train_0006,C:\Users\tao20\Desktop\Algorithm\AIPlayerDesktop\data\蔡扬的\train\train_0006.json,51,2,False,2,13,2,12,T,-41.38630942902581,-30,1.6551724137931016,0.0,1.0,15,0.8888888888888888,20,12,deltaR
train_0006,C:\Users\tao20\Desktop\Algorithm\AIPlayerDesktop\data\蔡扬的\train\train_0006.json,51,3,False,6,13,6,12,T,-43.02630942902581,-30,1.6551724137931016,0.0,1.0,17,0.8888888888888888,20,12,deltaR
train_0006,C:\Users\tao20\Desktop\Algorithm\AIPlayerDesktop\data\蔡扬的\train\train_0006.json,51,4,False,1,9,1,8, ,-1e+18,0,0.0,0.0,1.0,16,0.0,50,0,pathLen
train_0006,C:\Users\tao20\Desktop\Algorithm\AIPlayerDesktop\data\蔡扬的\train\train_0006.json,52,1,True,3,2,3,1,G,23.560955775453763,20,4.799999999999999,0.0,1.0,2,0.0,70,12,deltaR
train_0006,C:\Users\tao20\Desktop\Algorithm\AIPlayerDesktop\data\蔡扬的\train\train_0006.json,52,2,False,3,1,3,0,T,4.242066886564874,-30,4.799999999999999,25.0,1.0,1,0.8888888888888888,20,12,deltaR
train_0006,C:\Users\tao20\Desktop\Algorithm\AIPlayerDesktop\data\蔡扬的\train\train_0006.json,52,3,False,1,9,1,8, ,-10.864999999999998,0,0.0,2.5,1.0,17,0.0,50,0,pathLen
train_0006,C:\Users\tao20\Desktop\Algorithm\AIPlayerDesktop\data\蔡扬的\train\train_0006.json,52,4,False,2,13,2,12,T,-35.57109100817196,-30,4.799999999999999,2.6315789473684212,1.0,16,0.8888888888888888,20,12,deltaR
train_0006,C:\Users\tao20\Desktop\Algorithm\AIPlayerDesktop\data\蔡扬的\train\train_0006.json,52,5,False,6,13,6,12,T,-37.519361684863696,-30,4.799999999999999,2.380952380952381,1.0,18,0.8888888888888888,20,12,deltaR
train_0006,C:\Users\tao20\Desktop\Algorithm\AIPlayerDesktop\data\蔡扬的\train\train_0006.json,53,1,True,3,2,3,1,G,54.18713842213347,50,4.645161290322576,0.0,1.0,1,0.0,70,12,deltaR
train_0006,C:\Users\tao20\Desktop\Algorithm\AIPlayerDesktop\data\蔡扬的\train\train_0006.json,53,2,False,1,9,1,8, ,-12.573888888888888,0,0.0,2.5,1.0,18,0.8888888888888888,20,0,pathLen
train_0006,C:\Users\tao20\Desktop\Algorithm\AIPlayerDesktop\data\蔡扬的\train\train_0006.json,53,3,False,2,13,2,12,T,-1e+18,-30,4.645161290322576,2.6315789473684212,1.0,17,0.0,-10,12,deltaR
train_0006,C:\Users\tao20\Desktop\Algorithm\AIPlayerDesktop\data\蔡扬的\train\train_0006.json,53,4,False,6,13,6,12,T,-1e+18,-30,4.645161290322576,2.380952380952381,1.0,19,0.0,-10,12,deltaR
train_0006,C:\Users\tao20\Desktop\Algorithm\AIPlayerDesktop\data\蔡扬的\train\train_0006.json,54,1,True,2,13,2,12,T,-43.90782199577684,-30,4.547368421052632,0.0,1.2727272495867774,18,0.0,40,12,deltaR
train_0006,C:\Users\tao20\Desktop\Algorithm\AIPlayerDesktop\data\蔡扬的\train\train_0006.json,54,2,False,6,13,6,12,T,-45.995094685099154,-30,4.547368421052632,0.0,1.2727272495867774,20,0.0,40,12,deltaR
train_0006,C:\Users\tao20\Desktop\Algorithm\AIPlayerDesktop\data\蔡扬的\train\train_0006.json,54,3,False,1,9,1,8, ,-1e+18,0,0.0,0.0,1.2727272495867774,19,0.0,70,0,pathLen
train_0006,C:\Users\tao20\Desktop\Algorithm\AIPlayerDesktop\data\蔡扬的\train\train_0006.json,54,4,False,3,3,3,2, ,-1e+18,0,0.0,0.0,1.2727272495867774,1,0.0,70,0,pathLen
train_0006,C:\Users\tao20\Desktop\Algorithm\AIPlayerDesktop\data\蔡扬的\train\train_0006.json,55,1,True,2,13,2,12,T,-42.56664169955011,-30,4.547368421052632,0.0,1.249999977678572,17,0.0,40,12,deltaR
train_0006,C:\Users\tao20\Desktop\Algorithm\AIPlayerDesktop\data\蔡扬的\train\train_0006.json,55,2,False,6,13,6,12,T,-44.61664166294297,-30,4.547368421052632,0.0,1.249999977678572,19,0.0,40,12,deltaR
train_0006,C:\Users\tao20\Desktop\Algorithm\AIPlayerDesktop\data\蔡扬的\train\train_0006.json,55,3,False,1,9,1,8, ,-1e+18,0,0.0,0.0,1.249999977678572,18,0.0,70,0,pathLen
train_0006,C:\Users\tao20\Desktop\Algorithm\AIPlayerDesktop\data\蔡扬的\train\train_0006.json,55,4,False,3,3,3,2, ,-1e+18,0,0.0,0.0,1.249999977678572,2,0.0,70,0,pathLen
train_0006,C:\Users\tao20\Desktop\Algorithm\AIPlayerDesktop\data\蔡扬的\train\train_0006.json,56,1,True,2,13,2,12,T,-41.26934180486147,-30,4.547368421052632,0.0,1.2280701538935062,16,0.0,40,12,deltaR
train_0006,C:\Users\tao20\Desktop\Algorithm\AIPlayerDesktop\data\蔡扬的\train\train_0006.json,56,2,False,6,13,6,12,T,-43.28337685724682,-30,4.547368421052632,0.0,1.2280701538935062,18,0.0,40,12,deltaR
train_0006,C:\Users\tao20\Desktop\Algorithm\AIPlayerDesktop\data\蔡扬的\train\train_0006.json,56,3,False,1,9,1,8, ,-1e+18,0,0.0,0.0,1.2280701538935062,17,0.0,70,0,pathLen
train_0006,C:\Users\tao20\Desktop\Algorithm\AIPlayerDesktop\data\蔡扬的\train\train_0006.json,56,4,False,3,3,3,2, ,-1e+18,0,0.0,0.0,1.2280701538935062,3,0.0,70,0,pathLen
train_0006,C:\Users\tao20\Desktop\Algorithm\AIPlayerDesktop\data\蔡扬的\train\train_0006.json,57,1,True,2,13,2,12,T,-40.01422421609455,-30,4.547368421052632,0.0,1.206896530915577,15,0.0,40,12,deltaR
train_0006,C:\Users\tao20\Desktop\Algorithm\AIPlayerDesktop\data\蔡扬的\train\train_0006.json,57,2,False,6,13,6,12,T,-41.9935345267961,-30,4.547368421052632,0.0,1.206896530915577,17,0.0,40,12,deltaR
train_0006,C:\Users\tao20\Desktop\Algorithm\AIPlayerDesktop\data\蔡扬的\train\train_0006.json,57,3,False,1,9,1,8, ,-1e+18,0,0.0,0.0,1.206896530915577,16,0.0,70,0,pathLen
train_0006,C:\Users\tao20\Desktop\Algorithm\AIPlayerDesktop\data\蔡扬的\train\train_0006.json,57,4,False,3,3,3,2, ,-1e+18,0,0.0,0.0,1.206896530915577,4,0.0,70,0,pathLen
train_0006,C:\Users\tao20\Desktop\Algorithm\AIPlayerDesktop\data\蔡扬的\train\train_0006.json,58,1,True,2,13,2,12,T,-38.79960403807402,-30,4.547368421052632,0.0,1.186440657856938,14,0.0,40,12,deltaR
train_0006,C:\Users\tao20\Desktop\Algorithm\AIPlayerDesktop\data\蔡扬的\train\train_0006.json,58,2,False,6,13,6,12,T,-40.7453667169594,-30,4.547368421052632,0.0,1.186440657856938,16,0.0,40,12,deltaR
train_0006,C:\Users\tao20\Desktop\Algorithm\AIPlayerDesktop\data\蔡扬的\train\train_0006.json,58,3,False,1,9,1,8, ,-1e+18,0,0.0,0.0,1.186440657856938,15,0.0,70,0,pathLen
train_0006,C:\Users\tao20\Desktop\Algorithm\AIPlayerDesktop\data\蔡扬的\train\train_0006.json,58,4,False,3,3,3,2, ,-1e+18,0,0.0,0.0,1.186440657856938,5,0.0,70,0,pathLen
train_0006,C:\Users\tao20\Desktop\Algorithm\AIPlayerDesktop\data\蔡扬的\train\train_0006.json,59,1,True,2,13,2,12,T,-37.62382646530001,-30,4.547368421052632,0.0,1.1666666472222227,13,0.0,40,12,deltaR
train_0006,C:\Users\tao20\Desktop\Algorithm\AIPlayerDesktop\data\蔡扬的\train\train_0006.json,59,2,False,6,13,6,12,T,-39.53715976674445,-30,4.547368421052632,0.0,1.1666666472222227,15,0.0,40,12,deltaR
train_0006,C:\Users\tao20\Desktop\Algorithm\AIPlayerDesktop\data\蔡扬的\train\train_0006.json,59,3,False,1,9,1,8, ,-1e+18,0,0.0,0.0,1.1666666472222227,14,0.0,70,0,pathLen
train_0006,C:\Users\tao20\Desktop\Algorithm\AIPlayerDesktop\data\蔡扬的\train\train_0006.json,59,4,False,3,3,3,2, ,-1e+18,0,0.0,0.0,1.1666666472222227,6,0.0,70,0,pathLen
train_0006,C:\Users\tao20\Desktop\Algorithm\AIPlayerDesktop\data\蔡扬的\train\train_0006.json,60,1,True,2,13,2,12,T,-36.4852788755159,-30,4.547368421052632,0.0,1.1475409647944104,12,0.0,40,12,deltaR
train_0006,C:\Users\tao20\Desktop\Algorithm\AIPlayerDesktop\data\蔡扬的\train\train_0006.json,60,2,False,6,13,6,12,T,-38.367246057778736,-30,4.547368421052632,0.0,1.1475409647944104,14,0.0,40,12,deltaR
train_0006,C:\Users\tao20\Desktop\Algorithm\AIPlayerDesktop\data\蔡扬的\train\train_0006.json,60,3,False,1,9,1,8, ,-1e+18,0,0.0,0.0,1.1475409647944104,13,0.0,70,0,pathLen
train_0006,C:\Users\tao20\Desktop\Algorithm\AIPlayerDesktop\data\蔡扬的\train\train_0006.json,60,4,False,3,3,3,2, ,-1e+18,0,0.0,0.0,1.1475409647944104,7,0.0,70,0,pathLen
train_0006,C:\Users\tao20\Desktop\Algorithm\AIPlayerDesktop\data\蔡扬的\train\train_0006.json,61,1,True,2,13,2,12,T,-35.382399206247094,-30,4.547368421052632,0.0,1.1290322398543187,11,0.0,40,12,deltaR
train_0006,C:\Users\tao20\Desktop\Algorithm\AIPlayerDesktop\data\蔡扬的\train\train_0006.json,61,2,False,6,13,6,12,T,-37.23401207960818,-30,4.547368421052632,0.0,1.1290322398543187,13,0.0,40,12,deltaR
train_0006,C:\Users\tao20\Desktop\Algorithm\AIPlayerDesktop\data\蔡扬的\train\train_0006.json,61,3,False,1,9,1,8, ,-1e+18,0,0.0,0.0,1.1290322398543187,12,0.0,70,0,pathLen
train_0006,C:\Users\tao20\Desktop\Algorithm\AIPlayerDesktop\data\蔡扬的\train\train_0006.json,61,4,False,3,3,3,2, ,-1e+18,0,0.0,0.0,1.1290322398543187,8,0.0,70,0,pathLen
train_0006,C:\Users\tao20\Desktop\Algorithm\AIPlayerDesktop\data\蔡扬的\train\train_0006.json,62,1,True,2,13,2,12,T,-34.31368146590923,-30,4.547368421052632,0.0,1.111111093474427,10,0.0,40,12,deltaR
train_0006,C:\Users\tao20\Desktop\Algorithm\AIPlayerDesktop\data\蔡扬的\train\train_0006.json,62,2,False,6,13,6,12,T,-36.13590365920729,-30,4.547368421052632,0.0,1.111111093474427,12,0.0,40,12,deltaR
train_0006,C:\Users\tao20\Desktop\Algorithm\AIPlayerDesktop\data\蔡扬的\train\train_0006.json,62,3,False,1,9,1,8, ,-1e+18,0,0.0,0.0,1.111111093474427,11,0.0,70,0,pathLen
train_0006,C:\Users\tao20\Desktop\Algorithm\AIPlayerDesktop\data\蔡扬的\train\train_0006.json,62,4,False,3,3,3,2, ,-1e+18,0,0.0,0.0,1.111111093474427,9,0.0,70,0,pathLen
train_0006,C:\Users\tao20\Desktop\Algorithm\AIPlayerDesktop\data\蔡扬的\train\train_0006.json,63,1,True,2,13,2,12,T,-33.27767905062211,-30,4.547368421052632,0.0,1.0937499829101565,9,0.0,40,12,deltaR
train_0006,C:\Users\tao20\Desktop\Algorithm\AIPlayerDesktop\data\蔡扬的\train\train_0006.json,63,2,False,6,13,6,12,T,-35.07142902259477,-30,4.547368421052632,0.0,1.0937499829101565,11,0.0,40,12,deltaR
train_0006,C:\Users\tao20\Desktop\Algorithm\AIPlayerDesktop\data\蔡扬的\train\train_0006.json,63,3,False,1,9,1,8, ,-1e+18,0,0.0,0.0,1.0937499829101565,10,0.0,70,0,pathLen
train_0006,C:\Users\tao20\Desktop\Algorithm\AIPlayerDesktop\data\蔡扬的\train\train_0006.json,63,4,False,3,3,3,2, ,-1e+18,0,0.0,0.0,1.0937499829101565,10,0.0,70,0,pathLen
train_0006,C:\Users\tao20\Desktop\Algorithm\AIPlayerDesktop\data\蔡扬的\train\train_0006.json,64,1,True,2,13,2,12,T,-32.27300639453514,-30,4.547368421052632,0.0,1.07692306035503,8,0.0,40,12,deltaR
train_0006,C:\Users\tao20\Desktop\Algorithm\AIPlayerDesktop\data\蔡扬的\train\train_0006.json,64,2,False,6,13,6,12,T,-34.039160213517384,-30,4.547368421052632,0.0,1.07692306035503,10,0.0,40,12,deltaR
train_0006,C:\Users\tao20\Desktop\Algorithm\AIPlayerDesktop\data\蔡扬的\train\train_0006.json,64,3,False,1,9,1,8, ,-1e+18,0,0.0,0.0,1.07692306035503,9,0.0,70,0,pathLen
train_0006,C:\Users\tao20\Desktop\Algorithm\AIPlayerDesktop\data\蔡扬的\train\train_0006.json,64,4,False,3,3,3,2, ,-1e+18,0,0.0,0.0,1.07692306035503,11,0.0,70,0,pathLen
train_0006,C:\Users\tao20\Desktop\Algorithm\AIPlayerDesktop\data\蔡扬的\train\train_0006.json,65,1,True,2,13,2,12,T,-31.298339367733128,-30,4.547368421052632,0.0,1.0606060445362722,7,0.0,40,12,deltaR
train_0006,C:\Users\tao20\Desktop\Algorithm\AIPlayerDesktop\data\蔡扬的\train\train_0006.json,65,2,False,6,13,6,12,T,-33.03773328077261,-30,4.547368421052632,0.0,1.0606060445362722,9,0.0,40,12,deltaR
train_0006,C:\Users\tao20\Desktop\Algorithm\AIPlayerDesktop\data\蔡扬的\train\train_0006.json,65,3,False,1,9,1,8, ,-1e+18,0,0.0,0.0,1.0606060445362722,8,0.0,70,0,pathLen
train_0006,C:\Users\tao20\Desktop\Algorithm\AIPlayerDesktop\data\蔡扬的\train\train_0006.json,65,4,False,3,3,3,2, ,-1e+18,0,0.0,0.0,1.0606060445362722,12,0.0,70,0,pathLen
train_0006,C:\Users\tao20\Desktop\Algorithm\AIPlayerDesktop\data\蔡扬的\train\train_0006.json,66,1,True,2,13,2,12,T,-30.352414745627772,-30,4.547368421052632,0.0,1.044776103809312,6,0.0,40,12,deltaR
train_0006,C:\Users\tao20\Desktop\Algorithm\AIPlayerDesktop\data\蔡扬的\train\train_0006.json,66,2,False,6,13,6,12,T,-32.065847555875045,-30,4.547368421052632,0.0,1.044776103809312,8,0.0,40,12,deltaR
train_0006,C:\Users\tao20\Desktop\Algorithm\AIPlayerDesktop\data\蔡扬的\train\train_0006.json,66,3,False,1,9,1,8, ,-1e+18,0,0.0,0.0,1.044776103809312,7,0.0,70,0,pathLen
train_0006,C:\Users\tao20\Desktop\Algorithm\AIPlayerDesktop\data\蔡扬的\train\train_0006.json,66,4,False,3,3,3,2, ,-1e+18,0,0.0,0.0,1.044776103809312,13,0.0,70,0,pathLen
train_0006,C:\Users\tao20\Desktop\Algorithm\AIPlayerDesktop\data\蔡扬的\train\train_0006.json,67,1,True,2,13,2,12,T,-29.434029002345426,-30,4.547368421052632,0.0,1.0294117495674744,5,0.0,40,12,deltaR
train_0006,C:\Users\tao20\Desktop\Algorithm\AIPlayerDesktop\data\蔡扬的\train\train_0006.json,67,2,False,6,13,6,12,T,-31.122264271636084,-30,4.547368421052632,0.0,1.0294117495674744,7,0.0,40,12,deltaR
train_0006,C:\Users\tao20\Desktop\Algorithm\AIPlayerDesktop\data\蔡扬的\train\train_0006.json,67,3,False,1,9,1,8, ,-1e+18,0,0.0,0.0,1.0294117495674744,6,0.0,70,0,pathLen
train_0006,C:\Users\tao20\Desktop\Algorithm\AIPlayerDesktop\data\蔡扬的\train\train_0006.json,67,4,False,3,3,3,2, ,-1e+18,0,0.0,0.0,1.0294117495674744,14,0.0,70,0,pathLen
train_0006,C:\Users\tao20\Desktop\Algorithm\AIPlayerDesktop\data\蔡扬的\train\train_0006.json,68,1,True,2,13,2,12,T,-28.542036624163934,-30,4.547368421052632,0.0,1.014492738920395,4,0.0,40,12,deltaR
train_0006,C:\Users\tao20\Desktop\Algorithm\AIPlayerDesktop\data\蔡扬的\train\train_0006.json,68,2,False,6,13,6,12,T,-30.20580471599338,-30,4.547368421052632,0.0,1.014492738920395,6,0.0,40,12,deltaR
train_0006,C:\Users\tao20\Desktop\Algorithm\AIPlayerDesktop\data\蔡扬的\train\train_0006.json,68,3,False,1,9,1,8, ,-1e+18,0,0.0,0.0,1.014492738920395,5,0.0,70,0,pathLen
train_0006,C:\Users\tao20\Desktop\Algorithm\AIPlayerDesktop\data\蔡扬的\train\train_0006.json,68,4,False,3,3,3,2, ,-1e+18,0,0.0,0.0,1.014492738920395,15,0.0,70,0,pathLen
train_0006,C:\Users\tao20\Desktop\Algorithm\AIPlayerDesktop\data\蔡扬的\train\train_0006.json,69,1,True,2,13,2,12,T,-27.675348129614047,-30,4.547368421052632,0.0,1.0,3,0.0,40,12,deltaR
train_0006,C:\Users\tao20\Desktop\Algorithm\AIPlayerDesktop\data\蔡扬的\train\train_0006.json,69,2,False,6,13,6,12,T,-29.315348129614044,-30,4.547368421052632,0.0,1.0,5,0.0,40,12,deltaR
train_0006,C:\Users\tao20\Desktop\Algorithm\AIPlayerDesktop\data\蔡扬的\train\train_0006.json,69,3,False,1,9,1,8, ,-1e+18,0,0.0,0.0,1.0,4,0.0,70,0,pathLen
train_0006,C:\Users\tao20\Desktop\Algorithm\AIPlayerDesktop\data\蔡扬的\train\train_0006.json,69,4,False,3,3,3,2, ,-1e+18,0,0.0,0.0,1.0,16,0.0,70,0,pathLen
train_0006,C:\Users\tao20\Desktop\Algorithm\AIPlayerDesktop\data\蔡扬的\train\train_0006.json,70,1,True,2,13,2,12,T,-26.856026280901254,-30,4.547368421052632,0.0,1.0,2,0.0,40,12,deltaR
train_0006,C:\Users\tao20\Desktop\Algorithm\AIPlayerDesktop\data\蔡扬的\train\train_0006.json,70,2,False,6,13,6,12,T,-30.136026280901255,-30,4.547368421052632,0.0,1.0,6,0.0,40,12,deltaR
train_0006,C:\Users\tao20\Desktop\Algorithm\AIPlayerDesktop\data\蔡扬的\train\train_0006.json,70,3,False,1,9,1,8, ,-1e+18,0,0.0,0.0,1.0,5,0.0,70,0,pathLen
train_0006,C:\Users\tao20\Desktop\Algorithm\AIPlayerDesktop\data\蔡扬的\train\train_0006.json,70,4,False,3,3,3,2, ,-1e+18,0,0.0,0.0,1.0,17,0.0,70,0,pathLen
train_0006,C:\Users\tao20\Desktop\Algorithm\AIPlayerDesktop\data\蔡扬的\train\train_0006.json,71,1,True,2,13,2,12,T,-26.036568801931015,-30,4.547368421052632,0.0,1.0,1,0.0,40,12,deltaR
train_0006,C:\Users\tao20\Desktop\Algorithm\AIPlayerDesktop\data\蔡扬的\train\train_0006.json,71,2,False,6,13,6,12,T,-30.956568801931013,-30,4.547368421052632,0.0,1.0,7,0.0,40,12,deltaR
train_0006,C:\Users\tao20\Desktop\Algorithm\AIPlayerDesktop\data\蔡扬的\train\train_0006.json,71,3,False,1,9,1,8, ,-1e+18,0,0.0,0.0,1.0,6,0.0,70,0,pathLen
train_0006,C:\Users\tao20\Desktop\Algorithm\AIPlayerDesktop\data\蔡扬的\train\train_0006.json,71,4,False,3,3,3,2, ,-1e+18,0,0.0,0.0,1.0,18,0.0,70,0,pathLen
train_0006,C:\Users\tao20\Desktop\Algorithm\AIPlayerDesktop\data\蔡扬的\train\train_0006.json,72,1,True,1,13,1,12, ,3.860685887146833,0,4.4536082474226815,0.0,1.0,1,0.0,40,12,Iproxy
train_0006,C:\Users\tao20\Desktop\Algorithm\AIPlayerDesktop\data\蔡扬的\train\train_0006.json,72,2,False,6,13,6,12,T,-35.43486966840872,-30,4.4536082474226815,0.0,1.0,8,3.5555555555555554,10,12,deltaR
train_0006,C:\Users\tao20\Desktop\Algorithm\AIPlayerDesktop\data\蔡扬的\train\train_0006.json,72,3,False,1,9,1,8, ,-1e+18,0,0.0,0.0,1.0,7,0.0,40,0,pathLen
train_0006,C:\Users\tao20\Desktop\Algorithm\AIPlayerDesktop\data\蔡扬的\train\train_0006.json,72,4,False,3,3,3,2, ,-1e+18,0,0.0,0.0,1.0,19,0.0,40,0,pathLen
train_0006,C:\Users\tao20\Desktop\Algorithm\AIPlayerDesktop\data\蔡扬的\train\train_0006.json,73,1,True,6,13,6,12,T,-36.35634265475715,-30,4.363636363636363,0.0,1.0,9,3.5555555555555554,10,12,deltaR
train_0006,C:\Users\tao20\Desktop\Algorithm\AIPlayerDesktop\data\蔡扬的\train\train_0006.json,73,2,False,1,9,1,8, ,-1e+18,0,0.0,0.0,1.0,8,0.0,40,0,pathLen
train_0006,C:\Users\tao20\Desktop\Algorithm\AIPlayerDesktop\data\蔡扬的\train\train_0006.json,73,3,False,3,3,3,2, ,-1e+18,0,0.0,0.0,1.0,20,0.0,40,0,pathLen
train_0006,C:\Users\tao20\Desktop\Algorithm\AIPlayerDesktop\data\蔡扬的\train\train_0006.json,74,1,True,6,13,6,12,T,-35.54187359515472,-30,4.363636363636363,0.0,1.0,8,3.5555555555555554,10,12,deltaR
train_0006,C:\Users\tao20\Desktop\Algorithm\AIPlayerDesktop\data\蔡扬的\train\train_0006.json,74,2,False,1,9,1,8, ,-1e+18,0,0.0,0.0,1.0,7,0.0,40,0,pathLen
train_0006,C:\Users\tao20\Desktop\Algorithm\AIPlayerDesktop\data\蔡扬的\train\train_0006.json,74,3,False,3,3,3,2, ,-1e+18,0,0.0,0.0,1.0,19,0.0,40,0,pathLen
train_0006,C:\Users\tao20\Desktop\Algorithm\AIPlayerDesktop\data\蔡扬的\train\train_0006.json,75,1,True,6,13,6,12,T,-34.72629834747278,-30,4.363636363636363,0.0,1.0,7,3.5555555555555554,10,12,deltaR
train_0006,C:\Users\tao20\Desktop\Algorithm\AIPlayerDesktop\data\蔡扬的\train\train_0006.json,75,2,False,1,9,1,8, ,-1e+18,0,0.0,0.0,1.0,6,0.0,40,0,pathLen
train_0006,C:\Users\tao20\Desktop\Algorithm\AIPlayerDesktop\data\蔡扬的\train\train_0006.json,75,3,False,3,3,3,2, ,-1e+18,0,0.0,0.0,1.0,18,0.0,40,0,pathLen
train_0006,C:\Users\tao20\Desktop\Algorithm\AIPlayerDesktop\data\蔡扬的\train\train_0006.json,76,1,True,6,13,6,12,T,-33.90983814932723,-30,4.363636363636363,0.0,1.0,6,3.5555555555555554,10,12,deltaR
train_0006,C:\Users\tao20\Desktop\Algorithm\AIPlayerDesktop\data\蔡扬的\train\train_0006.json,76,2,False,1,9,1,8, ,-1e+18,0,0.0,0.0,1.0,5,0.0,40,0,pathLen
train_0006,C:\Users\tao20\Desktop\Algorithm\AIPlayerDesktop\data\蔡扬的\train\train_0006.json,76,3,False,3,3,3,2, ,-1e+18,0,0.0,0.0,1.0,17,0.0,40,0,pathLen
train_0006,C:\Users\tao20\Desktop\Algorithm\AIPlayerDesktop\data\蔡扬的\train\train_0006.json,77,1,True,6,13,6,12,T,-33.09266999081079,-30,4.363636363636363,0.0,1.0,5,3.5555555555555554,10,12,deltaR
train_0006,C:\Users\tao20\Desktop\Algorithm\AIPlayerDesktop\data\蔡扬的\train\train_0006.json,77,2,False,1,9,1,8, ,-1e+18,0,0.0,0.0,1.0,4,0.0,40,0,pathLen
train_0006,C:\Users\tao20\Desktop\Algorithm\AIPlayerDesktop\data\蔡扬的\train\train_0006.json,77,3,False,3,3,3,2, ,-1e+18,0,0.0,0.0,1.0,16,0.0,40,0,pathLen
train_0006,C:\Users\tao20\Desktop\Algorithm\AIPlayerDesktop\data\蔡扬的\train\train_0006.json,78,1,True,6,13,6,12,T,-32.274935463997636,-30,4.363636363636363,0.0,1.0,4,3.5555555555555554,10,12,deltaR
train_0006,C:\Users\tao20\Desktop\Algorithm\AIPlayerDesktop\data\蔡扬的\train\train_0006.json,78,2,False,1,9,1,8, ,-1e+18,0,0.0,0.0,1.0,5,0.0,40,0,pathLen
train_0006,C:\Users\tao20\Desktop\Algorithm\AIPlayerDesktop\data\蔡扬的\train\train_0006.json,78,3,False,3,3,3,2, ,-1e+18,0,0.0,0.0,1.0,17,0.0,40,0,pathLen
train_0006,C:\Users\tao20\Desktop\Algorithm\AIPlayerDesktop\data\蔡扬的\train\train_0006.json,79,1,True,6,13,6,12,T,-31.45674784254711,-30,4.363636363636363,0.0,1.0,3,3.5555555555555554,10,12,deltaR
train_0006,C:\Users\tao20\Desktop\Algorithm\AIPlayerDesktop\data\蔡扬的\train\train_0006.json,79,2,False,1,9,1,8, ,-1e+18,0,0.0,0.0,1.0,6,0.0,40,0,pathLen
train_0006,C:\Users\tao20\Desktop\Algorithm\AIPlayerDesktop\data\蔡扬的\train\train_0006.json,79,3,False,3,3,3,2, ,-1e+18,0,0.0,0.0,1.0,18,0.0,40,0,pathLen
train_0006,C:\Users\tao20\Desktop\Algorithm\AIPlayerDesktop\data\蔡扬的\train\train_0006.json,80,1,True,6,13,6,12,T,-30.63819774538669,-30,4.363636363636363,0.0,1.0,2,3.5555555555555554,10,12,deltaR
train_0006,C:\Users\tao20\Desktop\Algorithm\AIPlayerDesktop\data\蔡扬的\train\train_0006.json,80,2,False,1,9,1,8, ,-1e+18,0,0.0,0.0,1.0,7,0.0,40,0,pathLen
train_0006,C:\Users\tao20\Desktop\Algorithm\AIPlayerDesktop\data\蔡扬的\train\train_0006.json,80,3,False,3,3,3,2, ,-1e+18,0,0.0,0.0,1.0,19,0.0,40,0,pathLen
train_0006,C:\Users\tao20\Desktop\Algorithm\AIPlayerDesktop\data\蔡扬的\train\train_0006.json,81,1,True,6,13,6,12,T,-29.81935766765836,-30,4.363636363636363,0.0,1.0,1,3.5555555555555554,10,12,deltaR
train_0006,C:\Users\tao20\Desktop\Algorithm\AIPlayerDesktop\data\蔡扬的\train\train_0006.json,81,2,False,1,9,1,8, ,-1e+18,0,0.0,0.0,1.0,8,0.0,40,0,pathLen
train_0006,C:\Users\tao20\Desktop\Algorithm\AIPlayerDesktop\data\蔡扬的\train\train_0006.json,81,3,False,3,3,3,2, ,-1e+18,0,0.0,0.0,1.0,20,0.0,40,0,pathLen
train_0006,C:\Users\tao20\Desktop\Algorithm\AIPlayerDesktop\data\蔡扬的\train\train_0006.json,82,1,True,7,13,7,12, ,0.04025414135713179,0,4.235294117647056,0.0,1.0,1,3.5555555555555554,10,12,Iproxy
train_0006,C:\Users\tao20\Desktop\Algorithm\AIPlayerDesktop\data\蔡扬的\train\train_0006.json,82,2,False,7,12,7,11, ,-0.779745858642868,0,4.235294117647056,0.0,1.0,2,3.5555555555555554,10,12,Iproxy
train_0006,C:\Users\tao20\Desktop\Algorithm\AIPlayerDesktop\data\蔡扬的\train\train_0006.json,82,3,False,1,9,1,8, ,-1e+18,0,0.0,0.0,1.0,9,3.5555555555555554,10,0,pathLen
train_0006,C:\Users\tao20\Desktop\Algorithm\AIPlayerDesktop\data\蔡扬的\train\train_0006.json,82,4,False,3,3,3,2, ,-1e+18,0,0.0,0.0,1.0,21,3.5555555555555554,10,0,pathLen
train_0006,C:\Users\tao20\Desktop\Algorithm\AIPlayerDesktop\data\蔡扬的\train\train_0006.json,83,1,True,7,12,7,11, ,-0.09632200702689842,0,4.114285714285712,0.0,1.0,1,3.5555555555555554,10,12,Iproxy
train_0006,C:\Users\tao20\Desktop\Algorithm\AIPlayerDesktop\data\蔡扬的\train\train_0006.json,83,2,False,8,13,8,12, ,-0.09632200702689842,0,4.114285714285712,0.0,1.0,1,3.5555555555555554,10,12,Iproxy
train_0006,C:\Users\tao20\Desktop\Algorithm\AIPlayerDesktop\data\蔡扬的\train\train_0006.json,83,3,False,1,9,1,8, ,-1e+18,0,0.0,0.0,1.0,10,3.5555555555555554,10,0,pathLen
train_0006,C:\Users\tao20\Desktop\Algorithm\AIPlayerDesktop\data\蔡扬的\train\train_0006.json,83,4,False,3,3,3,2, ,-1e+18,0,0.0,0.0,1.0,22,3.5555555555555554,10,0,pathLen
train_0006,C:\Users\tao20\Desktop\Algorithm\AIPlayerDesktop\data\蔡扬的\train\train_0006.json,84,1,True,7,11,7,10, ,-0.18810908023764794,0,4.037383177570094,0.0,1.0,1,3.5555555555555554,10,12,Iproxy
train_0006,C:\Users\tao20\Desktop\Algorithm\AIPlayerDesktop\data\蔡扬的\train\train_0006.json,84,2,False,8,11,8,10, ,-1.0081090802376478,0,4.037383177570094,0.0,1.0,2,3.5555555555555554,10,12,Iproxy
train_0006,C:\Users\tao20\Desktop\Algorithm\AIPlayerDesktop\data\蔡扬的\train\train_0006.json,84,3,False,8,13,8,12, ,-1.0081090802376478,0,4.037383177570094,0.0,1.0,2,3.5555555555555554,10,12,Iproxy
train_0006,C:\Users\tao20\Desktop\Algorithm\AIPlayerDesktop\data\蔡扬的\train\train_0006.json,84,4,False,1,9,1,8, ,-1e+18,0,0.0,0.0,1.0,11,3.5555555555555554,10,0,pathLen
train_0006,C:\Users\tao20\Desktop\Algorithm\AIPlayerDesktop\data\蔡扬的\train\train_0006.json,84,5,False,3,3,3,2, ,-1e+18,0,0.0,0.0,1.0,23,3.5555555555555554,10,0,pathLen
train_0006,C:\Users\tao20\Desktop\Algorithm\AIPlayerDesktop\data\蔡扬的\train\train_0006.json,85,1,True,8,11,8,10, ,-0.2778200313962258,0,3.96330275229358,0.0,1.0,1,3.5555555555555554,10,12,Iproxy
train_0006,C:\Users\tao20\Desktop\Algorithm\AIPlayerDesktop\data\蔡扬的\train\train_0006.json,85,2,False,8,13,8,12, ,-1.917820031396226,0,3.96330275229358,0.0,1.0,3,3.5555555555555554,10,12,Iproxy
train_0006,C:\Users\tao20\Desktop\Algorithm\AIPlayerDesktop\data\蔡扬的\train\train_0006.json,85,3,False,1,9,1,8, ,-1e+18,0,0.0,0.0,1.0,12,3.5555555555555554,10,0,pathLen
train_0006,C:\Users\tao20\Desktop\Algorithm\AIPlayerDesktop\data\蔡扬的\train\train_0006.json,85,4,False,3,3,3,2, ,-1e+18,0,0.0,0.0,1.0,24,3.5555555555555554,10,0,pathLen
train_0006,C:\Users\tao20\Desktop\Algorithm\AIPlayerDesktop\data\蔡扬的\train\train_0006.json,86,1,True,9,11,9,10, ,-0.4029557546029374,0,3.857142857142856,0.0,1.0,1,3.5555555555555554,10,12,Iproxy
train_0006,C:\Users\tao20\Desktop\Algorithm\AIPlayerDesktop\data\蔡扬的\train\train_0006.json,86,2,False,9,10,9,9, ,-1.2229557546029373,0,3.857142857142856,0.0,1.0,2,3.5555555555555554,10,12,Iproxy
train_0006,C:\Users\tao20\Desktop\Algorithm\AIPlayerDesktop\data\蔡扬的\train\train_0006.json,86,3,False,8,13,8,12, ,-2.8629557546029374,0,3.857142857142856,0.0,1.0,4,3.5555555555555554,10,12,pathLen
train_0006,C:\Users\tao20\Desktop\Algorithm\AIPlayerDesktop\data\蔡扬的\train\train_0006.json,86,4,False,1,9,1,8, ,-1e+18,0,0.0,0.0,1.0,13,3.5555555555555554,10,0,pathLen
train_0006,C:\Users\tao20\Desktop\Algorithm\AIPlayerDesktop\data\蔡扬的\train\train_0006.json,86,5,False,3,3,3,2, ,-1e+18,0,0.0,0.0,1.0,25,3.5555555555555554,10,0,pathLen
train_0006,C:\Users\tao20\Desktop\Algorithm\AIPlayerDesktop\data\蔡扬的\train\train_0006.json,87,1,True,9,10,9,9, ,-0.5238654964294582,0,3.7565217391304357,0.0,1.0,1,3.5555555555555554,10,12,Iproxy
train_0006,C:\Users\tao20\Desktop\Algorithm\AIPlayerDesktop\data\蔡扬的\train\train_0006.json,87,2,False,10,11,10,10, ,-0.5238654964294582,0,3.7565217391304357,0.0,1.0,1,3.5555555555555554,10,12,Iproxy
train_0006,C:\Users\tao20\Desktop\Algorithm\AIPlayerDesktop\data\蔡扬的\train\train_0006.json,87,3,False,8,13,8,12, ,-3.803865496429458,0,3.7565217391304357,0.0,1.0,5,3.5555555555555554,10,12,pathLen
train_0006,C:\Users\tao20\Desktop\Algorithm\AIPlayerDesktop\data\蔡扬的\train\train_0006.json,87,4,False,1,9,1,8, ,-1e+18,0,0.0,0.0,1.0,14,3.5555555555555554,10,0,pathLen
train_0006,C:\Users\tao20\Desktop\Algorithm\AIPlayerDesktop\data\蔡扬的\train\train_0006.json,87,5,False,3,3,3,2, ,-1e+18,0,0.0,0.0,1.0,26,3.5555555555555554,10,0,pathLen
train_0006,C:\Users\tao20\Desktop\Algorithm\AIPlayerDesktop\data\蔡扬的\train\train_0006.json,88,1,True,9,9,9,8, ,-0.6405022891182575,0,3.6610169491525455,0.0,1.0,1,3.5555555555555554,10,12,Iproxy
train_0006,C:\Users\tao20\Desktop\Algorithm\AIPlayerDesktop\data\蔡扬的\train\train_0006.json,88,2,False,8,9,8,8, ,-1.4605022891182573,0,3.6610169491525455,0.0,1.0,2,3.5555555555555554,10,12,Iproxy
train_0006,C:\Users\tao20\Desktop\Algorithm\AIPlayerDesktop\data\蔡扬的\train\train_0006.json,88,3,False,10,11,10,10, ,-1.4605022891182573,0,3.6610169491525455,0.0,1.0,2,3.5555555555555554,10,12,Iproxy
train_0006,C:\Users\tao20\Desktop\Algorithm\AIPlayerDesktop\data\蔡扬的\train\train_0006.json,88,4,False,8,13,8,12, ,-4.7405022891182576,0,3.6610169491525455,0.0,1.0,6,3.5555555555555554,10,12,pathLen
train_0006,C:\Users\tao20\Desktop\Algorithm\AIPlayerDesktop\data\蔡扬的\train\train_0006.json,88,5,False,1,9,1,8, ,-1e+18,0,0.0,0.0,1.0,15,3.5555555555555554,10,0,pathLen
train_0006,C:\Users\tao20\Desktop\Algorithm\AIPlayerDesktop\data\蔡扬的\train\train_0006.json,88,6,False,3,3,3,2, ,-1e+18,0,0.0,0.0,1.0,27,3.5555555555555554,10,0,pathLen
train_0006,C:\Users\tao20\Desktop\Algorithm\AIPlayerDesktop\data\蔡扬的\train\train_0006.json,89,1,True,8,9,8,8, ,-0.7528904356012465,0,3.5702479338842985,0.0,1.0,1,3.5555555555555554,10,12,Iproxy
train_0006,C:\Users\tao20\Desktop\Algorithm\AIPlayerDesktop\data\蔡扬的\train\train_0006.json,89,2,False,10,11,10,10, ,-2.3928904356012466,0,3.5702479338842985,0.0,1.0,3,3.5555555555555554,10,12,Iproxy
train_0006,C:\Users\tao20\Desktop\Algorithm\AIPlayerDesktop\data\蔡扬的\train\train_0006.json,89,3,False,8,13,8,12, ,-5.672890435601246,0,3.5702479338842985,0.0,1.0,7,3.5555555555555554,10,12,pathLen
train_0006,C:\Users\tao20\Desktop\Algorithm\AIPlayerDesktop\data\蔡扬的\train\train_0006.json,89,4,False,1,9,1,8, ,-1e+18,0,0.0,0.0,1.0,16,3.5555555555555554,10,0,pathLen
train_0006,C:\Users\tao20\Desktop\Algorithm\AIPlayerDesktop\data\蔡扬的\train\train_0006.json,89,5,False,3,3,3,2, ,-1e+18,0,0.0,0.0,1.0,28,3.5555555555555554,10,0,pathLen
train_0006,C:\Users\tao20\Desktop\Algorithm\AIPlayerDesktop\data\蔡扬的\train\train_0006.json,90,1,True,7,8,7,7, ,-1.650802334360461,0,3.5121951219512177,0.0,1.0,2,3.5555555555555554,10,12,margin
train_0006,C:\Users\tao20\Desktop\Algorithm\AIPlayerDesktop\data\蔡扬的\train\train_0006.json,90,2,False,10,11,10,10, ,-3.290802334360461,0,3.5121951219512177,0.0,1.0,4,3.5555555555555554,10,12,pathLen
train_0006,C:\Users\tao20\Desktop\Algorithm\AIPlayerDesktop\data\蔡扬的\train\train_0006.json,90,3,False,8,13,8,12, ,-6.570802334360461,0,3.5121951219512177,0.0,1.0,8,3.5555555555555554,10,12,pathLen
train_0006,C:\Users\tao20\Desktop\Algorithm\AIPlayerDesktop\data\蔡扬的\train\train_0006.json,90,4,False,1,9,1,8, ,-1e+18,0,0.0,0.0,1.0,17,3.5555555555555554,10,0,pathLen
train_0006,C:\Users\tao20\Desktop\Algorithm\AIPlayerDesktop\data\蔡扬的\train\train_0006.json,90,5,False,3,3,3,2, ,-1e+18,0,0.0,0.0,1.0,29,3.5555555555555554,10,0,pathLen
train_0006,C:\Users\tao20\Desktop\Algorithm\AIPlayerDesktop\data\蔡扬的\train\train_0006.json,90,6,False,7,9,7,8, ,-1e+18,0,0.0,0.0,1.0,1,3.5555555555555554,10,0,margin
train_0006,C:\Users\tao20\Desktop\Algorithm\AIPlayerDesktop\data\蔡扬的\train\train_0006.json,91,1,True,7,8,7,7, ,-0.8460077542464735,0,3.5121951219512177,0.0,1.0,1,3.5555555555555554,10,12,margin
train_0006,C:\Users\tao20\Desktop\Algorithm\AIPlayerDesktop\data\蔡扬的\train\train_0006.json,91,2,False,10,11,10,10, ,-4.126007754246473,0,3.5121951219512177,0.0,1.0,5,3.5555555555555554,10,12,pathLen
train_0006,C:\Users\tao20\Desktop\Algorithm\AIPlayerDesktop\data\蔡扬的\train\train_0006.json,91,3,False,8,13,8,12, ,-7.406007754246474,0,3.5121951219512177,0.0,1.0,9,3.5555555555555554,10,12,pathLen
train_0006,C:\Users\tao20\Desktop\Algorithm\AIPlayerDesktop\data\蔡扬的\train\train_0006.json,91,4,False,1,9,1,8, ,-1e+18,0,0.0,0.0,1.0,18,3.5555555555555554,10,0,pathLen
train_0006,C:\Users\tao20\Desktop\Algorithm\AIPlayerDesktop\data\蔡扬的\train\train_0006.json,91,5,False,3,3,3,2, ,-1e+18,0,0.0,0.0,1.0,30,3.5555555555555554,10,0,pathLen
train_0006,C:\Users\tao20\Desktop\Algorithm\AIPlayerDesktop\data\蔡扬的\train\train_0006.json,92,1,True,7,7,7,6, ,-0.9470035128558956,0,3.428571428571429,0.0,1.0,1,3.5555555555555554,10,12,margin
train_0006,C:\Users\tao20\Desktop\Algorithm\AIPlayerDesktop\data\蔡扬的\train\train_0006.json,92,2,False,6,7,6,6, ,-1.7670035128558956,0,3.428571428571429,0.0,1.0,2,3.5555555555555554,10,12,margin
train_0006,C:\Users\tao20\Desktop\Algorithm\AIPlayerDesktop\data\蔡扬的\train\train_0006.json,92,3,False,10,11,10,10, ,-5.047003512855896,0,3.428571428571429,0.0,1.0,6,3.5555555555555554,10,12,pathLen
train_0006,C:\Users\tao20\Desktop\Algorithm\AIPlayerDesktop\data\蔡扬的\train\train_0006.json,92,4,False,8,13,8,12, ,-8.327003512855896,0,3.428571428571429,0.0,1.0,10,3.5555555555555554,10,12,pathLen
train_0006,C:\Users\tao20\Desktop\Algorithm\AIPlayerDesktop\data\蔡扬的\train\train_0006.json,92,5,False,1,9,1,8, ,-1e+18,0,0.0,0.0,1.0,19,3.5555555555555554,10,0,pathLen
train_0006,C:\Users\tao20\Desktop\Algorithm\AIPlayerDesktop\data\蔡扬的\train\train_0006.json,92,6,False,3,3,3,2, ,-1e+18,0,0.0,0.0,1.0,31,3.5555555555555554,10,0,pathLen
train_0006,C:\Users\tao20\Desktop\Algorithm\AIPlayerDesktop\data\蔡扬的\train\train_0006.json,93,1,True,6,7,6,6, ,-1.0450111381467826,0,3.3488372093023266,0.0,1.0,1,3.5555555555555554,10,12,margin
train_0006,C:\Users\tao20\Desktop\Algorithm\AIPlayerDesktop\data\蔡扬的\train\train_0006.json,93,2,False,10,11,10,10, ,-5.965011138146782,0,3.3488372093023266,0.0,1.0,7,3.5555555555555554,10,12,pathLen
train_0006,C:\Users\tao20\Desktop\Algorithm\AIPlayerDesktop\data\蔡扬的\train\train_0006.json,93,3,False,8,13,8,12, ,-9.245011138146783,0,3.3488372093023266,0.0,1.0,11,3.5555555555555554,10,12,pathLen
train_0006,C:\Users\tao20\Desktop\Algorithm\AIPlayerDesktop\data\蔡扬的\train\train_0006.json,93,4,False,1,9,1,8, ,-1e+18,0,0.0,0.0,1.0,20,3.5555555555555554,10,0,pathLen
train_0006,C:\Users\tao20\Desktop\Algorithm\AIPlayerDesktop\data\蔡扬的\train\train_0006.json,93,5,False,3,3,3,2, ,-1e+18,0,0.0,0.0,1.0,32,3.5555555555555554,10,0,pathLen
train_0006,C:\Users\tao20\Desktop\Algorithm\AIPlayerDesktop\data\蔡扬的\train\train_0006.json,94,1,True,5,6,5,5, ,-1.933581105621714,0,3.297709923664121,0.0,1.0,2,3.5555555555555554,10,12,margin
train_0006,C:\Users\tao20\Desktop\Algorithm\AIPlayerDesktop\data\蔡扬的\train\train_0006.json,94,2,False,10,11,10,10, ,-6.853581105621714,0,3.297709923664121,0.0,1.0,8,3.5555555555555554,10,12,pathLen
train_0006,C:\Users\tao20\Desktop\Algorithm\AIPlayerDesktop\data\蔡扬的\train\train_0006.json,94,3,False,8,13,8,12, ,-10.133581105621714,0,3.297709923664121,0.0,1.0,12,3.5555555555555554,10,12,pathLen
train_0006,C:\Users\tao20\Desktop\Algorithm\AIPlayerDesktop\data\蔡扬的\train\train_0006.json,94,4,False,1,9,1,8, ,-1e+18,0,0.0,0.0,1.0,21,3.5555555555555554,10,0,pathLen
train_0006,C:\Users\tao20\Desktop\Algorithm\AIPlayerDesktop\data\蔡扬的\train\train_0006.json,94,5,False,3,3,3,2, ,-1e+18,0,0.0,0.0,1.0,33,3.5555555555555554,10,0,pathLen
train_0006,C:\Users\tao20\Desktop\Algorithm\AIPlayerDesktop\data\蔡扬的\train\train_0006.json,94,6,False,5,7,5,6, ,-1e+18,0,0.0,0.0,1.0,1,3.5555555555555554,10,0,margin
train_0006,C:\Users\tao20\Desktop\Algorithm\AIPlayerDesktop\data\蔡扬的\train\train_0006.json,95,1,True,5,6,5,5, ,-1.127758674503534,0,3.297709923664121,0.0,1.0,1,3.5555555555555554,10,12,margin
train_0006,C:\Users\tao20\Desktop\Algorithm\AIPlayerDesktop\data\蔡扬的\train\train_0006.json,95,2,False,10,11,10,10, ,-7.6877586745035345,0,3.297709923664121,0.0,1.0,9,3.5555555555555554,10,12,pathLen
train_0006,C:\Users\tao20\Desktop\Algorithm\AIPlayerDesktop\data\蔡扬的\train\train_0006.json,95,3,False,8,13,8,12, ,-10.967758674503534,0,3.297709923664121,0.0,1.0,13,3.5555555555555554,10,12,pathLen
train_0006,C:\Users\tao20\Desktop\Algorithm\AIPlayerDesktop\data\蔡扬的\train\train_0006.json,95,4,False,1,9,1,8, ,-1e+18,0,0.0,0.0,1.0,22,3.5555555555555554,10,0,pathLen
train_0006,C:\Users\tao20\Desktop\Algorithm\AIPlayerDesktop\data\蔡扬的\train\train_0006.json,95,5,False,3,3,3,2, ,-1e+18,0,0.0,0.0,1.0,34,3.5555555555555554,10,0,pathLen
train_0006,C:\Users\tao20\Desktop\Algorithm\AIPlayerDesktop\data\蔡扬的\train\train_0006.json,96,1,True,5,5,5,4, ,-1.1910670069537588,0,3.248120300751878,0.0,1.0,1,3.5555555555555554,10,12,margin
train_0006,C:\Users\tao20\Desktop\Algorithm\AIPlayerDesktop\data\蔡扬的\train\train_0006.json,96,2,False,6,5,6,4, ,-2.011067006953759,0,3.248120300751878,0.0,1.0,2,3.5555555555555554,10,12,margin
train_0006,C:\Users\tao20\Desktop\Algorithm\AIPlayerDesktop\data\蔡扬的\train\train_0006.json,96,3,False,10,11,10,10, ,-8.571067006953758,0,3.248120300751878,0.0,1.0,10,3.5555555555555554,10,12,pathLen
train_0006,C:\Users\tao20\Desktop\Algorithm\AIPlayerDesktop\data\蔡扬的\train\train_0006.json,96,4,False,8,13,8,12, ,-11.851067006953757,0,3.248120300751878,0.0,1.0,14,3.5555555555555554,10,12,pathLen
train_0006,C:\Users\tao20\Desktop\Algorithm\AIPlayerDesktop\data\蔡扬的\train\train_0006.json,96,5,False,1,9,1,8, ,-1e+18,0,0.0,0.0,1.0,23,3.5555555555555554,10,0,pathLen
train_0006,C:\Users\tao20\Desktop\Algorithm\AIPlayerDesktop\data\蔡扬的\train\train_0006.json,96,6,False,3,3,3,2, ,-1e+18,0,0.0,0.0,1.0,35,3.5555555555555554,10,0,pathLen
train_0006,C:\Users\tao20\Desktop\Algorithm\AIPlayerDesktop\data\蔡扬的\train\train_0006.json,97,1,True,5,4,5,3, ,-1.2529179919872533,0,3.1999999999999997,0.0,1.0,1,3.5555555555555554,10,12,margin
train_0006,C:\Users\tao20\Desktop\Algorithm\AIPlayerDesktop\data\蔡扬的\train\train_0006.json,97,2,False,6,5,6,4, ,-1.2529179919872533,0,3.1999999999999997,0.0,1.0,1,3.5555555555555554,10,12,margin
train_0006,C:\Users\tao20\Desktop\Algorithm\AIPlayerDesktop\data\蔡扬的\train\train_0006.json,97,3,False,10,11,10,10, ,-9.452917991987253,0,3.1999999999999997,0.0,1.0,11,3.5555555555555554,10,12,pathLen
train_0006,C:\Users\tao20\Desktop\Algorithm\AIPlayerDesktop\data\蔡扬的\train\train_0006.json,97,4,False,8,13,8,12, ,-12.732917991987252,0,3.1999999999999997,0.0,1.0,15,3.5555555555555554,10,12,pathLen
train_0006,C:\Users\tao20\Desktop\Algorithm\AIPlayerDesktop\data\蔡扬的\train\train_0006.json,97,5,False,1,9,1,8, ,-1e+18,0,0.0,0.0,1.0,24,3.5555555555555554,10,0,pathLen
train_0006,C:\Users\tao20\Desktop\Algorithm\AIPlayerDesktop\data\蔡扬的\train\train_0006.json,97,6,False,3,3,3,2, ,-1e+18,0,0.0,0.0,1.0,36,3.5555555555555554,10,0,pathLen
train_0006,C:\Users\tao20\Desktop\Algorithm\AIPlayerDesktop\data\蔡扬的\train\train_0006.json,98,1,True,5,3,5,2,G,57.35410065213251,50,8.408759124087592,0.0,1.0,1,0.0,60,12,deltaR
train_0006,C:\Users\tao20\Desktop\Algorithm\AIPlayerDesktop\data\蔡扬的\train\train_0006.json,98,2,False,6,3,6,2, ,56.53410065213251,50,8.408759124087592,0.0,1.0,2,0.0,60,12,deltaR
train_0006,C:\Users\tao20\Desktop\Algorithm\AIPlayerDesktop\data\蔡扬的\train\train_0006.json,98,3,False,6,5,6,4, ,18.35354509657695,0,8.408759124087592,12.5,1.0,2,3.5555555555555554,10,12,tailGain
train_0006,C:\Users\tao20\Desktop\Algorithm\AIPlayerDesktop\data\蔡扬的\train\train_0006.json,98,4,False,10,11,10,10, ,-0.8285977605659038,0,8.408759124087592,3.5714285714285716,1.0,12,3.5555555555555554,10,12,pathLen
train_0006,C:\Users\tao20\Desktop\Algorithm\AIPlayerDesktop\data\蔡扬的\train\train_0006.json,98,5,False,8,13,8,12, ,-5.0847882367563795,0,8.408759124087592,2.7777777777777777,1.0,16,3.5555555555555554,10,12,pathLen
train_0006,C:\Users\tao20\Desktop\Algorithm\AIPlayerDesktop\data\蔡扬的\train\train_0006.json,98,6,False,1,9,1,8, ,-21.77777777777778,0,0.0,1.8518518518518519,1.0,25,3.5555555555555554,10,0,pathLen
train_0006,C:\Users\tao20\Desktop\Algorithm\AIPlayerDesktop\data\蔡扬的\train\train_0006.json,98,7,False,3,3,3,2, ,-32.31863247863248,0,0.0,1.2820512820512822,1.0,37,3.5555555555555554,10,0,pathLen
train_0006,C:\Users\tao20\Desktop\Algorithm\AIPlayerDesktop\data\蔡扬的\train\train_0006.json,99,1,True,5,2,5,1, ,7.203076279872624,0,8.287769784172664,0.0,1.0,1,0.0,60,12,Iproxy
train_0006,C:\Users\tao20\Desktop\Algorithm\AIPlayerDesktop\data\蔡扬的\train\train_0006.json,99,2,False,6,3,6,2, ,7.203076279872624,0,8.287769784172664,0.0,1.0,1,0.0,60,12,Iproxy
train_0006,C:\Users\tao20\Desktop\Algorithm\AIPlayerDesktop\data\蔡扬的\train\train_0006.json,99,3,False,6,5,6,4, ,5.563076279872624,0,8.287769784172664,0.0,1.0,3,0.0,60,12,Iproxy
train_0006,C:\Users\tao20\Desktop\Algorithm\AIPlayerDesktop\data\蔡扬的\train\train_0006.json,99,4,False,10,11,10,10, ,-2.636923720127376,0,8.287769784172664,0.0,1.0,13,0.0,60,12,pathLen
train_0006,C:\Users\tao20\Desktop\Algorithm\AIPlayerDesktop\data\蔡扬的\train\train_0006.json,99,5,False,8,13,8,12, ,-5.916923720127375,0,8.287769784172664,0.0,1.0,17,0.0,60,12,pathLen
train_0006,C:\Users\tao20\Desktop\Algorithm\AIPlayerDesktop\data\蔡扬的\train\train_0006.json,99,6,False,1,9,1,8, ,-1e+18,0,0.0,0.0,1.0,26,0.0,60,0,pathLen
train_0006,C:\Users\tao20\Desktop\Algorithm\AIPlayerDesktop\data\蔡扬的\train\train_0006.json,99,7,False,3,3,3,2, ,-1e+18,0,0.0,0.0,1.0,38,0.0,60,0,pathLen
train_0006,C:\Users\tao20\Desktop\Algorithm\AIPlayerDesktop\data\蔡扬的\train\train_0006.json,100,1,True,5,1,5,0, ,7.054327262885121,0,8.170212765957446,0.0,1.0,1,0.0,60,12,Iproxy
train_0006,C:\Users\tao20\Desktop\Algorithm\AIPlayerDesktop\data\蔡扬的\train\train_0006.json,100,2,False,6,3,6,2, ,6.234327262885121,0,8.170212765957446,0.0,1.0,2,0.0,60,12,Iproxy
train_0006,C:\Users\tao20\Desktop\Algorithm\AIPlayerDesktop\data\蔡扬的\train\train_0006.json,100,3,False,6,5,6,4, ,4.5943272628851215,0,8.170212765957446,0.0,1.0,4,0.0,60,12,Iproxy
train_0006,C:\Users\tao20\Desktop\Algorithm\AIPlayerDesktop\data\蔡扬的\train\train_0006.json,100,4,False,10,11,10,10, ,-3.605672737114878,0,8.170212765957446,0.0,1.0,14,0.0,60,12,pathLen
train_0006,C:\Users\tao20\Desktop\Algorithm\AIPlayerDesktop\data\蔡扬的\train\train_0006.json,100,5,False,8,13,8,12, ,-6.885672737114879,0,8.170212765957446,0.0,1.0,18,0.0,60,12,pathLen
train_0006,C:\Users\tao20\Desktop\Algorithm\AIPlayerDesktop\data\蔡扬的\train\train_0006.json,100,6,False,1,9,1,8, ,-1e+18,0,0.0,0.0,1.0,27,0.0,60,0,pathLen
train_0006,C:\Users\tao20\Desktop\Algorithm\AIPlayerDesktop\data\蔡扬的\train\train_0006.json,100,7,False,3,3,3,2, ,-1e+18,0,0.0,0.0,1.0,39,0.0,60,0,pathLen
train_0006,C:\Users\tao20\Desktop\Algorithm\AIPlayerDesktop\data\蔡扬的\train\train_0006.json,101,1,True,6,3,6,2, ,5.268113286864709,0,8.055944055944055,0.0,1.0,3,0.0,60,12,Iproxy
train_0006,C:\Users\tao20\Desktop\Algorithm\AIPlayerDesktop\data\蔡扬的\train\train_0006.json,101,2,False,6,5,6,4, ,3.6281132868647097,0,8.055944055944055,0.0,1.0,5,0.0,60,12,Iproxy
train_0006,C:\Users\tao20\Desktop\Algorithm\AIPlayerDesktop\data\蔡扬的\train\train_0006.json,101,3,False,10,11,10,10, ,-4.57188671313529,0,8.055944055944055,0.0,1.0,15,0.0,60,12,pathLen
train_0006,C:\Users\tao20\Desktop\Algorithm\AIPlayerDesktop\data\蔡扬的\train\train_0006.json,101,4,False,8,13,8,12, ,-7.851886713135289,0,8.055944055944055,0.0,1.0,19,0.0,60,12,pathLen
train_0006,C:\Users\tao20\Desktop\Algorithm\AIPlayerDesktop\data\蔡扬的\train\train_0006.json,101,5,False,1,9,1,8, ,-1e+18,0,0.0,0.0,1.0,28,0.0,60,0,pathLen
train_0006,C:\Users\tao20\Desktop\Algorithm\AIPlayerDesktop\data\蔡扬的\train\train_0006.json,101,6,False,3,3,3,2, ,-1e+18,0,0.0,0.0,1.0,40,0.0,60,0,pathLen
train_0006,C:\Users\tao20\Desktop\Algorithm\AIPlayerDesktop\data\蔡扬的\train\train_0006.json,102,1,True,6,3,6,2, ,6.059246467031711,0,8.055944055944055,0.0,1.0,2,0.0,60,12,Iproxy
train_0006,C:\Users\tao20\Desktop\Algorithm\AIPlayerDesktop\data\蔡扬的\train\train_0006.json,102,2,False,6,5,6,4, ,4.41924646703171,0,8.055944055944055,0.0,1.0,4,0.0,60,12,Iproxy
train_0006,C:\Users\tao20\Desktop\Algorithm\AIPlayerDesktop\data\蔡扬的\train\train_0006.json,102,3,False,10,11,10,10, ,-3.780753532968288,0,8.055944055944055,0.0,1.0,14,0.0,60,12,pathLen
train_0006,C:\Users\tao20\Desktop\Algorithm\AIPlayerDesktop\data\蔡扬的\train\train_0006.json,102,4,False,8,13,8,12, ,-7.060753532968289,0,8.055944055944055,0.0,1.0,18,0.0,60,12,pathLen
train_0006,C:\Users\tao20\Desktop\Algorithm\AIPlayerDesktop\data\蔡扬的\train\train_0006.json,102,5,False,1,9,1,8, ,-1e+18,0,0.0,0.0,1.0,27,0.0,60,0,pathLen
train_0006,C:\Users\tao20\Desktop\Algorithm\AIPlayerDesktop\data\蔡扬的\train\train_0006.json,102,6,False,3,3,3,2, ,-1e+18,0,0.0,0.0,1.0,39,0.0,60,0,pathLen
train_0006,C:\Users\tao20\Desktop\Algorithm\AIPlayerDesktop\data\蔡扬的\train\train_0006.json,103,1,True,6,3,6,2, ,6.85615301116531,0,8.055944055944055,0.0,1.0,1,0.0,60,12,Iproxy
train_0006,C:\Users\tao20\Desktop\Algorithm\AIPlayerDesktop\data\蔡扬的\train\train_0006.json,103,2,False,6,5,6,4, ,5.216153011165311,0,8.055944055944055,0.0,1.0,3,0.0,60,12,Iproxy
train_0006,C:\Users\tao20\Desktop\Algorithm\AIPlayerDesktop\data\蔡扬的\train\train_0006.json,103,3,False,10,11,10,10, ,-2.9838469888346895,0,8.055944055944055,0.0,1.0,13,0.0,60,12,pathLen
train_0006,C:\Users\tao20\Desktop\Algorithm\AIPlayerDesktop\data\蔡扬的\train\train_0006.json,103,4,False,8,13,8,12, ,-6.263846988834689,0,8.055944055944055,0.0,1.0,17,0.0,60,12,pathLen
train_0006,C:\Users\tao20\Desktop\Algorithm\AIPlayerDesktop\data\蔡扬的\train\train_0006.json,103,5,False,1,9,1,8, ,-1e+18,0,0.0,0.0,1.0,26,0.0,60,0,pathLen
train_0006,C:\Users\tao20\Desktop\Algorithm\AIPlayerDesktop\data\蔡扬的\train\train_0006.json,103,6,False,3,3,3,2, ,-1e+18,0,0.0,0.0,1.0,38,0.0,60,0,pathLen
train_0006,C:\Users\tao20\Desktop\Algorithm\AIPlayerDesktop\data\蔡扬的\train\train_0006.json,104,1,True,7,3,7,2, ,6.667743305884452,0,7.890410958904111,0.0,1.0,1,0.0,60,12,Iproxy
train_0006,C:\Users\tao20\Desktop\Algorithm\AIPlayerDesktop\data\蔡扬的\train\train_0006.json,104,2,False,7,2,7,1, ,5.847743305884452,0,7.890410958904111,0.0,1.0,2,0.0,60,12,Iproxy
train_0006,C:\Users\tao20\Desktop\Algorithm\AIPlayerDesktop\data\蔡扬的\train\train_0006.json,104,3,False,6,5,6,4, ,4.207743305884453,0,7.890410958904111,0.0,1.0,4,0.0,60,12,Iproxy
train_0006,C:\Users\tao20\Desktop\Algorithm\AIPlayerDesktop\data\蔡扬的\train\train_0006.json,104,4,False,10,11,10,10, ,-3.9922566941155466,0,7.890410958904111,0.0,1.0,14,0.0,60,12,pathLen
train_0006,C:\Users\tao20\Desktop\Algorithm\AIPlayerDesktop\data\蔡扬的\train\train_0006.json,104,5,False,8,13,8,12, ,-7.272256694115548,0,7.890410958904111,0.0,1.0,18,0.0,60,12,pathLen
train_0006,C:\Users\tao20\Desktop\Algorithm\AIPlayerDesktop\data\蔡扬的\train\train_0006.json,104,6,False,1,9,1,8, ,-1e+18,0,0.0,0.0,1.0,27,0.0,60,0,pathLen
train_0006,C:\Users\tao20\Desktop\Algorithm\AIPlayerDesktop\data\蔡扬的\train\train_0006.json,104,7,False,3,3,3,2, ,-1e+18,0,0.0,0.0,1.0,39,0.0,60,0,pathLen
train_0006,C:\Users\tao20\Desktop\Algorithm\AIPlayerDesktop\data\蔡扬的\train\train_0006.json,105,1,True,7,2,7,1, ,6.48052087573149,0,7.731543624161076,0.0,1.0,1,0.0,60,12,Iproxy
train_0006,C:\Users\tao20\Desktop\Algorithm\AIPlayerDesktop\data\蔡扬的\train\train_0006.json,105,2,False,6,5,6,4, ,3.200520875731491,0,7.731543624161076,0.0,1.0,5,0.0,60,12,Iproxy
train_0006,C:\Users\tao20\Desktop\Algorithm\AIPlayerDesktop\data\蔡扬的\train\train_0006.json,105,3,False,10,11,10,10, ,-4.999479124268508,0,7.731543624161076,0.0,1.0,15,0.0,60,12,pathLen
train_0006,C:\Users\tao20\Desktop\Algorithm\AIPlayerDesktop\data\蔡扬的\train\train_0006.json,105,4,False,8,13,8,12, ,-8.279479124268509,0,7.731543624161076,0.0,1.0,19,0.0,60,12,pathLen
train_0006,C:\Users\tao20\Desktop\Algorithm\AIPlayerDesktop\data\蔡扬的\train\train_0006.json,105,5,False,1,9,1,8, ,-1e+18,0,0.0,0.0,1.0,28,0.0,60,0,pathLen
train_0006,C:\Users\tao20\Desktop\Algorithm\AIPlayerDesktop\data\蔡扬的\train\train_0006.json,105,6,False,3,3,3,2, ,-1e+18,0,0.0,0.0,1.0,40,0.0,60,0,pathLen
train_0006,C:\Users\tao20\Desktop\Algorithm\AIPlayerDesktop\data\蔡扬的\train\train_0006.json,106,1,True,6,5,6,4, ,-0.45411502431157214,0,4.768211920529803,0.0,1.0,6,0.0,60,12,pathLen
train_0006,C:\Users\tao20\Desktop\Algorithm\AIPlayerDesktop\data\蔡扬的\train\train_0006.json,106,2,False,10,11,10,10, ,-8.654115024311572,0,4.768211920529803,0.0,1.0,16,0.0,60,12,pathLen
train_0006,C:\Users\tao20\Desktop\Algorithm\AIPlayerDesktop\data\蔡扬的\train\train_0006.json,106,3,False,8,13,8,12, ,-11.93411502431157,0,4.768211920529803,0.0,1.0,20,0.0,60,12,pathLen
train_0006,C:\Users\tao20\Desktop\Algorithm\AIPlayerDesktop\data\蔡扬的\train\train_0006.json,106,4,False,7,1,7,0,T,-26.35411502431157,-30,4.768211920529803,0.0,1.0,1,0.0,30,12,deltaR
train_0006,C:\Users\tao20\Desktop\Algorithm\AIPlayerDesktop\data\蔡扬的\train\train_0006.json,106,5,False,8,1,8,0, ,-27.174115024311572,-30,4.768211920529803,0.0,1.0,2,0.0,30,12,deltaR
train_0006,C:\Users\tao20\Desktop\Algorithm\AIPlayerDesktop\data\蔡扬的\train\train_0006.json,106,6,False,1,9,1,8, ,-1e+18,0,0.0,0.0,1.0,29,0.0,60,0,pathLen
train_0006,C:\Users\tao20\Desktop\Algorithm\AIPlayerDesktop\data\蔡扬的\train\train_0006.json,106,7,False,3,3,3,2, ,-1e+18,0,0.0,0.0,1.0,41,0.0,60,0,pathLen
train_0006,C:\Users\tao20\Desktop\Algorithm\AIPlayerDesktop\data\蔡扬的\train\train_0006.json,107,1,True,6,5,6,4, ,0.33668033874250813,0,4.768211920529803,0.0,1.0,5,0.0,60,12,pathLen
train_0006,C:\Users\tao20\Desktop\Algorithm\AIPlayerDesktop\data\蔡扬的\train\train_0006.json,107,2,False,10,11,10,10, ,-7.863319661257491,0,4.768211920529803,0.0,1.0,15,0.0,60,12,pathLen
train_0006,C:\Users\tao20\Desktop\Algorithm\AIPlayerDesktop\data\蔡扬的\train\train_0006.json,107,3,False,8,13,8,12, ,-11.14331966125749,0,4.768211920529803,0.0,1.0,19,0.0,60,12,pathLen
train_0006,C:\Users\tao20\Desktop\Algorithm\AIPlayerDesktop\data\蔡扬的\train\train_0006.json,107,4,False,7,1,7,0,T,-27.203319661257492,-30,4.768211920529803,0.0,1.0,2,0.0,30,12,deltaR
train_0006,C:\Users\tao20\Desktop\Algorithm\AIPlayerDesktop\data\蔡扬的\train\train_0006.json,107,5,False,8,1,8,0, ,-28.023319661257492,-30,4.768211920529803,0.0,1.0,3,0.0,30,12,deltaR
train_0006,C:\Users\tao20\Desktop\Algorithm\AIPlayerDesktop\data\蔡扬的\train\train_0006.json,107,6,False,1,9,1,8, ,-1e+18,0,0.0,0.0,1.0,28,0.0,60,0,pathLen
train_0006,C:\Users\tao20\Desktop\Algorithm\AIPlayerDesktop\data\蔡扬的\train\train_0006.json,107,7,False,3,3,3,2, ,-1e+18,0,0.0,0.0,1.0,40,0.0,60,0,pathLen
train_0006,C:\Users\tao20\Desktop\Algorithm\AIPlayerDesktop\data\蔡扬的\train\train_0006.json,108,1,True,6,5,6,4, ,1.1333166291857721,0,4.768211920529803,0.0,1.0,4,0.0,60,12,Iproxy
train_0006,C:\Users\tao20\Desktop\Algorithm\AIPlayerDesktop\data\蔡扬的\train\train_0006.json,108,2,False,10,11,10,10, ,-7.066683370814227,0,4.768211920529803,0.0,1.0,14,0.0,60,12,pathLen
train_0006,C:\Users\tao20\Desktop\Algorithm\AIPlayerDesktop\data\蔡扬的\train\train_0006.json,108,3,False,8,13,8,12, ,-10.346683370814228,0,4.768211920529803,0.0,1.0,18,0.0,60,12,pathLen
train_0006,C:\Users\tao20\Desktop\Algorithm\AIPlayerDesktop\data\蔡扬的\train\train_0006.json,108,4,False,7,1,7,0,T,-28.04668337081423,-30,4.768211920529803,0.0,1.0,3,0.0,30,12,deltaR
train_0006,C:\Users\tao20\Desktop\Algorithm\AIPlayerDesktop\data\蔡扬的\train\train_0006.json,108,5,False,8,1,8,0, ,-28.86668337081423,-30,4.768211920529803,0.0,1.0,4,0.0,30,12,deltaR
train_0006,C:\Users\tao20\Desktop\Algorithm\AIPlayerDesktop\data\蔡扬的\train\train_0006.json,108,6,False,1,9,1,8, ,-1e+18,0,0.0,0.0,1.0,27,0.0,60,0,pathLen
train_0006,C:\Users\tao20\Desktop\Algorithm\AIPlayerDesktop\data\蔡扬的\train\train_0006.json,108,7,False,3,3,3,2, ,-1e+18,0,0.0,0.0,1.0,39,0.0,60,0,pathLen
train_0006,C:\Users\tao20\Desktop\Algorithm\AIPlayerDesktop\data\蔡扬的\train\train_0006.json,109,1,True,6,5,6,4, ,1.934625661540383,0,4.768211920529803,0.0,1.0,3,0.0,60,12,Iproxy
train_0006,C:\Users\tao20\Desktop\Algorithm\AIPlayerDesktop\data\蔡扬的\train\train_0006.json,109,2,False,10,11,10,10, ,-6.265374338459617,0,4.768211920529803,0.0,1.0,13,0.0,60,12,pathLen
train_0006,C:\Users\tao20\Desktop\Algorithm\AIPlayerDesktop\data\蔡扬的\train\train_0006.json,109,3,False,8,13,8,12, ,-9.545374338459617,0,4.768211920529803,0.0,1.0,17,0.0,60,12,pathLen
train_0006,C:\Users\tao20\Desktop\Algorithm\AIPlayerDesktop\data\蔡扬的\train\train_0006.json,109,4,False,7,1,7,0,T,-28.88537433845962,-30,4.768211920529803,0.0,1.0,4,0.0,30,12,deltaR
train_0006,C:\Users\tao20\Desktop\Algorithm\AIPlayerDesktop\data\蔡扬的\train\train_0006.json,109,5,False,8,1,8,0, ,-29.70537433845962,-30,4.768211920529803,0.0,1.0,5,0.0,30,12,deltaR
train_0006,C:\Users\tao20\Desktop\Algorithm\AIPlayerDesktop\data\蔡扬的\train\train_0006.json,109,6,False,1,9,1,8, ,-1e+18,0,0.0,0.0,1.0,26,0.0,60,0,pathLen
train_0006,C:\Users\tao20\Desktop\Algorithm\AIPlayerDesktop\data\蔡扬的\train\train_0006.json,109,7,False,3,3,3,2, ,-1e+18,0,0.0,0.0,1.0,38,0.0,60,0,pathLen
train_0006,C:\Users\tao20\Desktop\Algorithm\AIPlayerDesktop\data\蔡扬的\train\train_0006.json,110,1,True,6,5,6,4, ,2.7396728874240726,0,4.768211920529803,0.0,1.0,2,0.0,60,12,Iproxy
train_0006,C:\Users\tao20\Desktop\Algorithm\AIPlayerDesktop\data\蔡扬的\train\train_0006.json,110,2,False,10,11,10,10, ,-5.460327112575928,0,4.768211920529803,0.0,1.0,12,0.0,60,12,pathLen
train_0006,C:\Users\tao20\Desktop\Algorithm\AIPlayerDesktop\data\蔡扬的\train\train_0006.json,110,3,False,8,13,8,12, ,-8.740327112575926,0,4.768211920529803,0.0,1.0,16,0.0,60,12,pathLen
train_0006,C:\Users\tao20\Desktop\Algorithm\AIPlayerDesktop\data\蔡扬的\train\train_0006.json,110,4,False,7,1,7,0,T,-29.72032711257593,-30,4.768211920529803,0.0,1.0,5,0.0,30,12,deltaR
train_0006,C:\Users\tao20\Desktop\Algorithm\AIPlayerDesktop\data\蔡扬的\train\train_0006.json,110,5,False,8,1,8,0, ,-30.54032711257593,-30,4.768211920529803,0.0,1.0,6,0.0,30,12,deltaR
train_0006,C:\Users\tao20\Desktop\Algorithm\AIPlayerDesktop\data\蔡扬的\train\train_0006.json,110,6,False,1,9,1,8, ,-1e+18,0,0.0,0.0,1.0,25,0.0,60,0,pathLen
train_0006,C:\Users\tao20\Desktop\Algorithm\AIPlayerDesktop\data\蔡扬的\train\train_0006.json,110,7,False,3,3,3,2, ,-1e+18,0,0.0,0.0,1.0,37,0.0,60,0,pathLen
train_0006,C:\Users\tao20\Desktop\Algorithm\AIPlayerDesktop\data\蔡扬的\train\train_0006.json,111,1,True,6,5,6,4, ,3.5477106681310233,0,4.768211920529803,0.0,1.0,1,0.0,60,12,Iproxy
train_0006,C:\Users\tao20\Desktop\Algorithm\AIPlayerDesktop\data\蔡扬的\train\train_0006.json,111,2,False,10,11,10,10, ,-4.652289331868976,0,4.768211920529803,0.0,1.0,11,0.0,60,12,pathLen
train_0006,C:\Users\tao20\Desktop\Algorithm\AIPlayerDesktop\data\蔡扬的\train\train_0006.json,111,3,False,8,13,8,12, ,-7.932289331868976,0,4.768211920529803,0.0,1.0,15,0.0,60,12,pathLen
train_0006,C:\Users\tao20\Desktop\Algorithm\AIPlayerDesktop\data\蔡扬的\train\train_0006.json,111,4,False,7,1,7,0,T,-30.552289331868977,-30,4.768211920529803,0.0,1.0,6,0.0,30,12,deltaR
train_0006,C:\Users\tao20\Desktop\Algorithm\AIPlayerDesktop\data\蔡扬的\train\train_0006.json,111,5,False,8,1,8,0, ,-31.372289331868974,-30,4.768211920529803,0.0,1.0,7,0.0,30,12,deltaR
train_0006,C:\Users\tao20\Desktop\Algorithm\AIPlayerDesktop\data\蔡扬的\train\train_0006.json,111,6,False,1,9,1,8, ,-1e+18,0,0.0,0.0,1.0,24,0.0,60,0,pathLen
train_0006,C:\Users\tao20\Desktop\Algorithm\AIPlayerDesktop\data\蔡扬的\train\train_0006.json,111,7,False,3,3,3,2, ,-1e+18,0,0.0,0.0,1.0,36,0.0,60,0,pathLen
train_0006,C:\Users\tao20\Desktop\Algorithm\AIPlayerDesktop\data\蔡扬的\train\train_0006.json,112,1,True,7,5,7,4,G,57.842241609085185,50,9.473684210526315,0.0,1.0,1,0.0,110,12,deltaR
train_0006,C:\Users\tao20\Desktop\Algorithm\AIPlayerDesktop\data\蔡扬的\train\train_0006.json,112,2,False,10,11,10,10, ,3.2150987519423317,0,9.473684210526315,3.5714285714285716,1.0,12,0.0,60,12,pathLen
train_0006,C:\Users\tao20\Desktop\Algorithm\AIPlayerDesktop\data\蔡扬的\train\train_0006.json,112,3,False,8,13,8,12, ,-1.0410917242481457,0,9.473684210526315,2.7777777777777777,1.0,16,0.0,60,12,pathLen
train_0006,C:\Users\tao20\Desktop\Algorithm\AIPlayerDesktop\data\蔡扬的\train\train_0006.json,112,4,False,1,9,1,8, ,-18.22222222222222,0,0.0,1.8518518518518519,1.0,25,0.0,60,0,pathLen
train_0006,C:\Users\tao20\Desktop\Algorithm\AIPlayerDesktop\data\蔡扬的\train\train_0006.json,112,5,False,7,1,7,0,T,-20.24442505758148,-30,9.473684210526315,5.555555555555555,1.0,7,0.0,30,12,deltaR
train_0006,C:\Users\tao20\Desktop\Algorithm\AIPlayerDesktop\data\蔡扬的\train\train_0006.json,112,6,False,8,1,8,0, ,-21.747758390914814,-30,9.473684210526315,5.0,1.0,8,0.0,30,12,deltaR
train_0006,C:\Users\tao20\Desktop\Algorithm\AIPlayerDesktop\data\蔡扬的\train\train_0006.json,112,7,False,3,3,3,2, ,-28.763076923076923,0,0.0,1.2820512820512822,1.0,37,0.0,60,0,pathLen
train_0006,C:\Users\tao20\Desktop\Algorithm\AIPlayerDesktop\data\蔡扬的\train\train_0006.json,113,1,True,10,11,10,10, ,-2.0717737485321894,0,9.411764705882355,0.0,1.0,13,0.0,110,12,pathLen
train_0006,C:\Users\tao20\Desktop\Algorithm\AIPlayerDesktop\data\蔡扬的\train\train_0006.json,113,2,False,8,13,8,12, ,-5.351773748532189,0,9.411764705882355,0.0,1.0,17,0.0,110,12,pathLen
train_0006,C:\Users\tao20\Desktop\Algorithm\AIPlayerDesktop\data\蔡扬的\train\train_0006.json,113,3,False,7,1,7,0,T,-27.97177374853219,-30,9.411764705882355,0.0,1.0,8,0.0,80,12,deltaR
train_0006,C:\Users\tao20\Desktop\Algorithm\AIPlayerDesktop\data\蔡扬的\train\train_0006.json,113,4,False,8,1,8,0, ,-28.79177374853219,-30,9.411764705882355,0.0,1.0,9,0.0,80,12,deltaR
train_0006,C:\Users\tao20\Desktop\Algorithm\AIPlayerDesktop\data\蔡扬的\train\train_0006.json,113,5,False,1,9,1,8, ,-1e+18,0,0.0,0.0,1.0,26,0.0,110,0,pathLen
train_0006,C:\Users\tao20\Desktop\Algorithm\AIPlayerDesktop\data\蔡扬的\train\train_0006.json,113,6,False,3,3,3,2, ,-1e+18,0,0.0,0.0,1.0,38,0.0,110,0,pathLen
train_0006,C:\Users\tao20\Desktop\Algorithm\AIPlayerDesktop\data\蔡扬的\train\train_0006.json,114,1,True,10,11,10,10, ,-1.2656932680426412,0,9.411764705882355,0.0,1.0,12,0.0,110,12,pathLen
train_0006,C:\Users\tao20\Desktop\Algorithm\AIPlayerDesktop\data\蔡扬的\train\train_0006.json,114,2,False,8,13,8,12, ,-4.5456932680426405,0,9.411764705882355,0.0,1.0,16,0.0,110,12,pathLen
train_0006,C:\Users\tao20\Desktop\Algorithm\AIPlayerDesktop\data\蔡扬的\train\train_0006.json,114,3,False,7,1,7,0,T,-27.16569326804264,-30,9.411764705882355,0.0,1.0,7,0.0,80,12,deltaR
train_0006,C:\Users\tao20\Desktop\Algorithm\AIPlayerDesktop\data\蔡扬的\train\train_0006.json,114,4,False,8,1,8,0, ,-27.985693268042642,-30,9.411764705882355,0.0,1.0,8,0.0,80,12,deltaR
train_0006,C:\Users\tao20\Desktop\Algorithm\AIPlayerDesktop\data\蔡扬的\train\train_0006.json,114,5,False,1,9,1,8, ,-1e+18,0,0.0,0.0,1.0,25,0.0,110,0,pathLen
train_0006,C:\Users\tao20\Desktop\Algorithm\AIPlayerDesktop\data\蔡扬的\train\train_0006.json,114,6,False,3,3,3,2, ,-1e+18,0,0.0,0.0,1.0,37,0.0,110,0,pathLen
train_0006,C:\Users\tao20\Desktop\Algorithm\AIPlayerDesktop\data\蔡扬的\train\train_0006.json,115,1,True,10,11,10,10, ,-0.4568288836510028,0,9.411764705882355,0.0,1.0,11,0.0,110,12,pathLen
train_0006,C:\Users\tao20\Desktop\Algorithm\AIPlayerDesktop\data\蔡扬的\train\train_0006.json,115,2,False,8,13,8,12, ,-3.736828883651002,0,9.411764705882355,0.0,1.0,15,0.0,110,12,pathLen
train_0006,C:\Users\tao20\Desktop\Algorithm\AIPlayerDesktop\data\蔡扬的\train\train_0006.json,115,3,False,7,1,7,0,T,-26.356828883651005,-30,9.411764705882355,0.0,1.0,6,0.0,80,12,deltaR
train_0006,C:\Users\tao20\Desktop\Algorithm\AIPlayerDesktop\data\蔡扬的\train\train_0006.json,115,4,False,8,1,8,0, ,-27.176828883651,-30,9.411764705882355,0.0,1.0,7,0.0,80,12,deltaR
train_0006,C:\Users\tao20\Desktop\Algorithm\AIPlayerDesktop\data\蔡扬的\train\train_0006.json,115,5,False,1,9,1,8, ,-1e+18,0,0.0,0.0,1.0,24,0.0,110,0,pathLen
train_0006,C:\Users\tao20\Desktop\Algorithm\AIPlayerDesktop\data\蔡扬的\train\train_0006.json,115,6,False,3,3,3,2, ,-1e+18,0,0.0,0.0,1.0,36,0.0,110,0,pathLen
train_0006,C:\Users\tao20\Desktop\Algorithm\AIPlayerDesktop\data\蔡扬的\train\train_0006.json,116,1,True,10,11,10,10, ,0.3542626238623079,0,9.411764705882355,0.0,1.0,10,0.0,110,12,pathLen
train_0006,C:\Users\tao20\Desktop\Algorithm\AIPlayerDesktop\data\蔡扬的\train\train_0006.json,116,2,False,8,13,8,12, ,-2.9257373761376915,0,9.411764705882355,0.0,1.0,14,0.0,110,12,pathLen
train_0006,C:\Users\tao20\Desktop\Algorithm\AIPlayerDesktop\data\蔡扬的\train\train_0006.json,116,3,False,7,1,7,0,T,-27.18573737613769,-30,9.411764705882355,0.0,1.0,7,0.0,80,12,deltaR
train_0006,C:\Users\tao20\Desktop\Algorithm\AIPlayerDesktop\data\蔡扬的\train\train_0006.json,116,4,False,8,1,8,0, ,-28.00573737613769,-30,9.411764705882355,0.0,1.0,8,0.0,80,12,deltaR
train_0006,C:\Users\tao20\Desktop\Algorithm\AIPlayerDesktop\data\蔡扬的\train\train_0006.json,116,5,False,1,9,1,8, ,-1e+18,0,0.0,0.0,1.0,23,0.0,110,0,pathLen
train_0006,C:\Users\tao20\Desktop\Algorithm\AIPlayerDesktop\data\蔡扬的\train\train_0006.json,116,6,False,3,3,3,2, ,-1e+18,0,0.0,0.0,1.0,35,0.0,110,0,pathLen
train_0006,C:\Users\tao20\Desktop\Algorithm\AIPlayerDesktop\data\蔡扬的\train\train_0006.json,117,1,True,10,11,10,10, ,1.167135829872957,0,9.411764705882355,0.0,1.0,9,0.0,110,12,Iproxy
train_0006,C:\Users\tao20\Desktop\Algorithm\AIPlayerDesktop\data\蔡扬的\train\train_0006.json,117,2,False,8,13,8,12, ,-2.112864170127043,0,9.411764705882355,0.0,1.0,13,0.0,110,12,pathLen
train_0006,C:\Users\tao20\Desktop\Algorithm\AIPlayerDesktop\data\蔡扬的\train\train_0006.json,117,3,False,7,1,7,0,T,-28.01286417012704,-30,9.411764705882355,0.0,1.0,8,0.0,80,12,deltaR
train_0006,C:\Users\tao20\Desktop\Algorithm\AIPlayerDesktop\data\蔡扬的\train\train_0006.json,117,4,False,8,1,8,0, ,-28.832864170127042,-30,9.411764705882355,0.0,1.0,9,0.0,80,12,deltaR
train_0006,C:\Users\tao20\Desktop\Algorithm\AIPlayerDesktop\data\蔡扬的\train\train_0006.json,117,5,False,1,9,1,8, ,-1e+18,0,0.0,0.0,1.0,22,0.0,110,0,pathLen
train_0006,C:\Users\tao20\Desktop\Algorithm\AIPlayerDesktop\data\蔡扬的\train\train_0006.json,117,6,False,3,3,3,2, ,-1e+18,0,0.0,0.0,1.0,34,0.0,110,0,pathLen
train_0006,C:\Users\tao20\Desktop\Algorithm\AIPlayerDesktop\data\蔡扬的\train\train_0006.json,118,1,True,10,11,10,10, ,1.981434394681476,0,9.411764705882355,0.0,1.0,8,0.0,110,12,Iproxy
train_0006,C:\Users\tao20\Desktop\Algorithm\AIPlayerDesktop\data\蔡扬的\train\train_0006.json,118,2,False,8,13,8,12, ,-1.2985656053185242,0,9.411764705882355,0.0,1.0,12,0.0,110,12,pathLen
train_0006,C:\Users\tao20\Desktop\Algorithm\AIPlayerDesktop\data\蔡扬的\train\train_0006.json,118,3,False,7,1,7,0,T,-28.838565605318525,-30,9.411764705882355,0.0,1.0,9,0.0,80,12,deltaR
train_0006,C:\Users\tao20\Desktop\Algorithm\AIPlayerDesktop\data\蔡扬的\train\train_0006.json,118,4,False,8,1,8,0, ,-29.658565605318525,-30,9.411764705882355,0.0,1.0,10,0.0,80,12,deltaR
train_0006,C:\Users\tao20\Desktop\Algorithm\AIPlayerDesktop\data\蔡扬的\train\train_0006.json,118,5,False,1,9,1,8, ,-1e+18,0,0.0,0.0,1.0,21,0.0,110,0,pathLen
train_0006,C:\Users\tao20\Desktop\Algorithm\AIPlayerDesktop\data\蔡扬的\train\train_0006.json,118,6,False,3,3,3,2, ,-1e+18,0,0.0,0.0,1.0,33,0.0,110,0,pathLen
train_0006,C:\Users\tao20\Desktop\Algorithm\AIPlayerDesktop\data\蔡扬的\train\train_0006.json,119,1,True,10,11,10,10, ,2.7968732465282917,0,9.411764705882355,0.0,1.0,7,0.0,110,12,Iproxy
train_0006,C:\Users\tao20\Desktop\Algorithm\AIPlayerDesktop\data\蔡扬的\train\train_0006.json,119,2,False,8,13,8,12, ,-0.4831267534717085,0,9.411764705882355,0.0,1.0,11,0.0,110,12,pathLen
train_0006,C:\Users\tao20\Desktop\Algorithm\AIPlayerDesktop\data\蔡扬的\train\train_0006.json,119,3,False,7,1,7,0,T,-29.66312675347171,-30,9.411764705882355,0.0,1.0,10,0.0,80,12,deltaR
train_0006,C:\Users\tao20\Desktop\Algorithm\AIPlayerDesktop\data\蔡扬的\train\train_0006.json,119,4,False,8,1,8,0, ,-30.48312675347171,-30,9.411764705882355,0.0,1.0,11,0.0,80,12,deltaR
train_0006,C:\Users\tao20\Desktop\Algorithm\AIPlayerDesktop\data\蔡扬的\train\train_0006.json,119,5,False,1,9,1,8, ,-1e+18,0,0.0,0.0,1.0,20,0.0,110,0,pathLen
train_0006,C:\Users\tao20\Desktop\Algorithm\AIPlayerDesktop\data\蔡扬的\train\train_0006.json,119,6,False,3,3,3,2, ,-1e+18,0,0.0,0.0,1.0,32,0.0,110,0,pathLen
train_0006,C:\Users\tao20\Desktop\Algorithm\AIPlayerDesktop\data\蔡扬的\train\train_0006.json,120,1,True,10,11,10,10, ,3.613224328005744,0,9.411764705882355,0.0,1.0,6,0.0,110,12,Iproxy
train_0006,C:\Users\tao20\Desktop\Algorithm\AIPlayerDesktop\data\蔡扬的\train\train_0006.json,120,2,False,8,13,8,12, ,0.33322432800574475,0,9.411764705882355,0.0,1.0,10,0.0,110,12,pathLen
train_0006,C:\Users\tao20\Desktop\Algorithm\AIPlayerDesktop\data\蔡扬的\train\train_0006.json,120,3,False,7,1,7,0,T,-30.486775671994256,-30,9.411764705882355,0.0,1.0,11,0.0,80,12,deltaR
train_0006,C:\Users\tao20\Desktop\Algorithm\AIPlayerDesktop\data\蔡扬的\train\train_0006.json,120,4,False,8,1,8,0, ,-31.306775671994256,-30,9.411764705882355,0.0,1.0,12,0.0,80,12,deltaR
train_0006,C:\Users\tao20\Desktop\Algorithm\AIPlayerDesktop\data\蔡扬的\train\train_0006.json,120,5,False,1,9,1,8, ,-1e+18,0,0.0,0.0,1.0,19,0.0,110,0,pathLen
train_0006,C:\Users\tao20\Desktop\Algorithm\AIPlayerDesktop\data\蔡扬的\train\train_0006.json,120,6,False,3,3,3,2, ,-1e+18,0,0.0,0.0,1.0,31,0.0,110,0,pathLen
train_0006,C:\Users\tao20\Desktop\Algorithm\AIPlayerDesktop\data\蔡扬的\train\train_0006.json,121,1,True,10,11,10,10, ,4.430305193187706,0,9.411764705882355,0.0,1.0,5,0.0,110,12,Iproxy
train_0006,C:\Users\tao20\Desktop\Algorithm\AIPlayerDesktop\data\蔡扬的\train\train_0006.json,121,2,False,8,13,8,12, ,1.1503051931877062,0,9.411764705882355,0.0,1.0,9,0.0,110,12,Iproxy
train_0006,C:\Users\tao20\Desktop\Algorithm\AIPlayerDesktop\data\蔡扬的\train\train_0006.json,121,3,False,7,1,7,0,T,-31.309694806812292,-30,9.411764705882355,0.0,1.0,12,0.0,80,12,deltaR
train_0006,C:\Users\tao20\Desktop\Algorithm\AIPlayerDesktop\data\蔡扬的\train\train_0006.json,121,4,False,8,1,8,0, ,-32.129694806812296,-30,9.411764705882355,0.0,1.0,13,0.0,80,12,deltaR
train_0006,C:\Users\tao20\Desktop\Algorithm\AIPlayerDesktop\data\蔡扬的\train\train_0006.json,121,5,False,1,9,1,8, ,-1e+18,0,0.0,0.0,1.0,18,0.0,110,0,pathLen
train_0006,C:\Users\tao20\Desktop\Algorithm\AIPlayerDesktop\data\蔡扬的\train\train_0006.json,121,6,False,3,3,3,2, ,-1e+18,0,0.0,0.0,1.0,30,0.0,110,0,pathLen
train_0006,C:\Users\tao20\Desktop\Algorithm\AIPlayerDesktop\data\蔡扬的\train\train_0006.json,122,1,True,10,11,10,10, ,5.247969885333276,0,9.411764705882355,0.0,1.0,4,0.0,110,12,Iproxy
train_0006,C:\Users\tao20\Desktop\Algorithm\AIPlayerDesktop\data\蔡扬的\train\train_0006.json,122,2,False,8,13,8,12, ,1.967969885333276,0,9.411764705882355,0.0,1.0,8,0.0,110,12,Iproxy
train_0006,C:\Users\tao20\Desktop\Algorithm\AIPlayerDesktop\data\蔡扬的\train\train_0006.json,122,3,False,7,1,7,0,T,-32.13203011466672,-30,9.411764705882355,0.0,1.0,13,0.0,80,12,deltaR
train_0006,C:\Users\tao20\Desktop\Algorithm\AIPlayerDesktop\data\蔡扬的\train\train_0006.json,122,4,False,8,1,8,0, ,-32.95203011466672,-30,9.411764705882355,0.0,1.0,14,0.0,80,12,deltaR
train_0006,C:\Users\tao20\Desktop\Algorithm\AIPlayerDesktop\data\蔡扬的\train\train_0006.json,122,5,False,1,9,1,8, ,-1e+18,0,0.0,0.0,1.0,17,0.0,110,0,pathLen
train_0006,C:\Users\tao20\Desktop\Algorithm\AIPlayerDesktop\data\蔡扬的\train\train_0006.json,122,6,False,3,3,3,2, ,-1e+18,0,0.0,0.0,1.0,29,0.0,110,0,pathLen
train_0006,C:\Users\tao20\Desktop\Algorithm\AIPlayerDesktop\data\蔡扬的\train\train_0006.json,123,1,True,10,11,10,10, ,6.066101639049731,0,9.411764705882355,0.0,1.0,3,0.0,110,12,Iproxy
train_0006,C:\Users\tao20\Desktop\Algorithm\AIPlayerDesktop\data\蔡扬的\train\train_0006.json,123,2,False,8,13,8,12, ,2.7861016390497317,0,9.411764705882355,0.0,1.0,7,0.0,110,12,Iproxy
train_0006,C:\Users\tao20\Desktop\Algorithm\AIPlayerDesktop\data\蔡扬的\train\train_0006.json,123,3,False,7,1,7,0,T,-32.95389836095027,-30,9.411764705882355,0.0,1.0,14,0.0,80,12,deltaR
train_0006,C:\Users\tao20\Desktop\Algorithm\AIPlayerDesktop\data\蔡扬的\train\train_0006.json,123,4,False,8,1,8,0, ,-33.77389836095027,-30,9.411764705882355,0.0,1.0,15,0.0,80,12,deltaR
train_0006,C:\Users\tao20\Desktop\Algorithm\AIPlayerDesktop\data\蔡扬的\train\train_0006.json,123,5,False,1,9,1,8, ,-1e+18,0,0.0,0.0,1.0,16,0.0,110,0,pathLen
train_0006,C:\Users\tao20\Desktop\Algorithm\AIPlayerDesktop\data\蔡扬的\train\train_0006.json,123,6,False,3,3,3,2, ,-1e+18,0,0.0,0.0,1.0,28,0.0,110,0,pathLen
train_0006,C:\Users\tao20\Desktop\Algorithm\AIPlayerDesktop\data\蔡扬的\train\train_0006.json,124,1,True,10,11,10,10, ,6.884607042022895,0,9.411764705882355,0.0,1.0,2,0.0,110,12,Iproxy
train_0006,C:\Users\tao20\Desktop\Algorithm\AIPlayerDesktop\data\蔡扬的\train\train_0006.json,124,2,False,8,13,8,12, ,3.604607042022895,0,9.411764705882355,0.0,1.0,6,0.0,110,12,Iproxy
train_0006,C:\Users\tao20\Desktop\Algorithm\AIPlayerDesktop\data\蔡扬的\train\train_0006.json,124,3,False,7,1,7,0,T,-33.775392957977104,-30,9.411764705882355,0.0,1.0,15,0.0,80,12,deltaR
train_0006,C:\Users\tao20\Desktop\Algorithm\AIPlayerDesktop\data\蔡扬的\train\train_0006.json,124,4,False,8,1,8,0, ,-34.595392957977104,-30,9.411764705882355,0.0,1.0,16,0.0,80,12,deltaR
train_0006,C:\Users\tao20\Desktop\Algorithm\AIPlayerDesktop\data\蔡扬的\train\train_0006.json,124,5,False,1,9,1,8, ,-1e+18,0,0.0,0.0,1.0,15,0.0,110,0,pathLen
train_0006,C:\Users\tao20\Desktop\Algorithm\AIPlayerDesktop\data\蔡扬的\train\train_0006.json,124,6,False,3,3,3,2, ,-1e+18,0,0.0,0.0,1.0,27,0.0,110,0,pathLen
train_0006,C:\Users\tao20\Desktop\Algorithm\AIPlayerDesktop\data\蔡扬的\train\train_0006.json,125,1,True,10,11,10,10, ,7.703411364401427,0,9.411764705882355,0.0,1.0,1,0.0,110,12,Iproxy
train_0006,C:\Users\tao20\Desktop\Algorithm\AIPlayerDesktop\data\蔡扬的\train\train_0006.json,125,2,False,8,13,8,12, ,4.423411364401428,0,9.411764705882355,0.0,1.0,5,0.0,110,12,Iproxy
train_0006,C:\Users\tao20\Desktop\Algorithm\AIPlayerDesktop\data\蔡扬的\train\train_0006.json,125,3,False,7,1,7,0,T,-34.59658863559857,-30,9.411764705882355,0.0,1.0,16,0.0,80,12,deltaR
train_0006,C:\Users\tao20\Desktop\Algorithm\AIPlayerDesktop\data\蔡扬的\train\train_0006.json,125,4,False,8,1,8,0, ,-35.41658863559857,-30,9.411764705882355,0.0,1.0,17,0.0,80,12,deltaR
train_0006,C:\Users\tao20\Desktop\Algorithm\AIPlayerDesktop\data\蔡扬的\train\train_0006.json,125,5,False,1,9,1,8, ,-1e+18,0,0.0,0.0,1.0,14,0.0,110,0,pathLen
train_0006,C:\Users\tao20\Desktop\Algorithm\AIPlayerDesktop\data\蔡扬的\train\train_0006.json,125,6,False,3,3,3,2, ,-1e+18,0,0.0,0.0,1.0,26,0.0,110,0,pathLen
train_0006,C:\Users\tao20\Desktop\Algorithm\AIPlayerDesktop\data\蔡扬的\train\train_0006.json,126,1,True,11,11,11,10, ,7.52403712799096,0,9.230769230769232,0.0,1.0,1,0.0,110,12,Iproxy
train_0006,C:\Users\tao20\Desktop\Algorithm\AIPlayerDesktop\data\蔡扬的\train\train_0006.json,126,2,False,11,10,11,9, ,6.7040371279909605,0,9.230769230769232,0.0,1.0,2,0.0,110,12,Iproxy
train_0006,C:\Users\tao20\Desktop\Algorithm\AIPlayerDesktop\data\蔡扬的\train\train_0006.json,126,3,False,11,12,11,11, ,6.7040371279909605,0,9.230769230769232,0.0,1.0,2,0.0,110,12,Iproxy
train_0006,C:\Users\tao20\Desktop\Algorithm\AIPlayerDesktop\data\蔡扬的\train\train_0006.json,126,4,False,8,13,8,12, ,3.4240371279909603,0,9.230769230769232,0.0,1.0,6,0.0,110,12,Iproxy
train_0006,C:\Users\tao20\Desktop\Algorithm\AIPlayerDesktop\data\蔡扬的\train\train_0006.json,126,5,False,7,1,7,0,T,-35.59596287200904,-30,9.230769230769232,0.0,1.0,17,0.0,80,12,deltaR
train_0006,C:\Users\tao20\Desktop\Algorithm\AIPlayerDesktop\data\蔡扬的\train\train_0006.json,126,6,False,8,1,8,0, ,-36.41596287200904,-30,9.230769230769232,0.0,1.0,18,0.0,80,12,deltaR
train_0006,C:\Users\tao20\Desktop\Algorithm\AIPlayerDesktop\data\蔡扬的\train\train_0006.json,126,7,False,1,9,1,8, ,-1e+18,0,0.0,0.0,1.0,15,0.0,110,0,pathLen
train_0006,C:\Users\tao20\Desktop\Algorithm\AIPlayerDesktop\data\蔡扬的\train\train_0006.json,126,8,False,3,3,3,2, ,-1e+18,0,0.0,0.0,1.0,27,0.0,110,0,pathLen
train_0006,C:\Users\tao20\Desktop\Algorithm\AIPlayerDesktop\data\蔡扬的\train\train_0006.json,127,1,True,11,10,11,9, ,7.340121315689142,0,9.056603773584907,0.0,1.0,1,0.0,110,12,Iproxy
train_0006,C:\Users\tao20\Desktop\Algorithm\AIPlayerDesktop\data\蔡扬的\train\train_0006.json,127,2,False,11,12,11,11, ,7.340121315689142,0,9.056603773584907,0.0,1.0,1,0.0,110,12,Iproxy
train_0006,C:\Users\tao20\Desktop\Algorithm\AIPlayerDesktop\data\蔡扬的\train\train_0006.json,127,3,False,12,11,12,10, ,7.340121315689142,0,9.056603773584907,0.0,1.0,1,0.0,110,12,Iproxy
train_0006,C:\Users\tao20\Desktop\Algorithm\AIPlayerDesktop\data\蔡扬的\train\train_0006.json,127,4,False,8,13,8,12, ,2.4201213156891432,0,9.056603773584907,0.0,1.0,7,0.0,110,12,Iproxy
train_0006,C:\Users\tao20\Desktop\Algorithm\AIPlayerDesktop\data\蔡扬的\train\train_0006.json,127,5,False,7,1,7,0,T,-36.59987868431086,-30,9.056603773584907,0.0,1.0,18,0.0,80,12,deltaR
train_0006,C:\Users\tao20\Desktop\Algorithm\AIPlayerDesktop\data\蔡扬的\train\train_0006.json,127,6,False,8,1,8,0, ,-37.41987868431086,-30,9.056603773584907,0.0,1.0,19,0.0,80,12,deltaR
train_0006,C:\Users\tao20\Desktop\Algorithm\AIPlayerDesktop\data\蔡扬的\train\train_0006.json,127,7,False,1,9,1,8, ,-1e+18,0,0.0,0.0,1.0,16,0.0,110,0,pathLen
train_0006,C:\Users\tao20\Desktop\Algorithm\AIPlayerDesktop\data\蔡扬的\train\train_0006.json,127,8,False,3,3,3,2, ,-1e+18,0,0.0,0.0,1.0,28,0.0,110,0,pathLen
train_0006,C:\Users\tao20\Desktop\Algorithm\AIPlayerDesktop\data\蔡扬的\train\train_0006.json,128,1,True,11,9,11,8, ,7.208338046631713,0,8.944099378881988,0.0,1.0,1,0.0,110,12,Iproxy
train_0006,C:\Users\tao20\Desktop\Algorithm\AIPlayerDesktop\data\蔡扬的\train\train_0006.json,128,2,False,11,12,11,11, ,6.388338046631714,0,8.944099378881988,0.0,1.0,2,0.0,110,12,Iproxy
train_0006,C:\Users\tao20\Desktop\Algorithm\AIPlayerDesktop\data\蔡扬的\train\train_0006.json,128,3,False,12,9,12,8, ,6.388338046631714,0,8.944099378881988,0.0,1.0,2,0.0,110,12,Iproxy
train_0006,C:\Users\tao20\Desktop\Algorithm\AIPlayerDesktop\data\蔡扬的\train\train_0006.json,128,4,False,12,11,12,10, ,6.388338046631714,0,8.944099378881988,0.0,1.0,2,0.0,110,12,Iproxy
train_0006,C:\Users\tao20\Desktop\Algorithm\AIPlayerDesktop\data\蔡扬的\train\train_0006.json,128,5,False,8,13,8,12, ,1.4683380466317137,0,8.944099378881988,0.0,1.0,8,0.0,110,12,Iproxy
train_0006,C:\Users\tao20\Desktop\Algorithm\AIPlayerDesktop\data\蔡扬的\train\train_0006.json,128,6,False,7,1,7,0,T,-37.55166195336828,-30,8.944099378881988,0.0,1.0,19,0.0,80,12,deltaR
train_0006,C:\Users\tao20\Desktop\Algorithm\AIPlayerDesktop\data\蔡扬的\train\train_0006.json,128,7,False,8,1,8,0, ,-38.37166195336829,-30,8.944099378881988,0.0,1.0,20,0.0,80,12,deltaR
train_0006,C:\Users\tao20\Desktop\Algorithm\AIPlayerDesktop\data\蔡扬的\train\train_0006.json,128,8,False,1,9,1,8, ,-1e+18,0,0.0,0.0,1.0,17,0.0,110,0,pathLen
train_0006,C:\Users\tao20\Desktop\Algorithm\AIPlayerDesktop\data\蔡扬的\train\train_0006.json,128,9,False,3,3,3,2, ,-1e+18,0,0.0,0.0,1.0,29,0.0,110,0,pathLen
train_0006,C:\Users\tao20\Desktop\Algorithm\AIPlayerDesktop\data\蔡扬的\train\train_0006.json,129,1,True,12,9,12,8, ,7.076382697622841,0,8.83435582822086,0.0,1.0,1,0.0,110,12,Iproxy
train_0006,C:\Users\tao20\Desktop\Algorithm\AIPlayerDesktop\data\蔡扬的\train\train_0006.json,129,2,False,11,12,11,11, ,5.436382697622841,0,8.83435582822086,0.0,1.0,3,0.0,110,12,Iproxy
train_0006,C:\Users\tao20\Desktop\Algorithm\AIPlayerDesktop\data\蔡扬的\train\train_0006.json,129,3,False,12,11,12,10, ,5.436382697622841,0,8.83435582822086,0.0,1.0,3,0.0,110,12,Iproxy
train_0006,C:\Users\tao20\Desktop\Algorithm\AIPlayerDesktop\data\蔡扬的\train\train_0006.json,129,4,False,8,13,8,12, ,0.5163826976228414,0,8.83435582822086,0.0,1.0,9,0.0,110,12,pathLen
train_0006,C:\Users\tao20\Desktop\Algorithm\AIPlayerDesktop\data\蔡扬的\train\train_0006.json,129,5,False,7,1,7,0,T,-38.50361730237716,-30,8.83435582822086,0.0,1.0,20,0.0,80,12,deltaR
train_0006,C:\Users\tao20\Desktop\Algorithm\AIPlayerDesktop\data\蔡扬的\train\train_0006.json,129,6,False,8,1,8,0, ,-39.32361730237716,-30,8.83435582822086,0.0,1.0,21,0.0,80,12,deltaR
train_0006,C:\Users\tao20\Desktop\Algorithm\AIPlayerDesktop\data\蔡扬的\train\train_0006.json,129,7,False,1,9,1,8, ,-1e+18,0,0.0,0.0,1.0,18,0.0,110,0,pathLen
train_0006,C:\Users\tao20\Desktop\Algorithm\AIPlayerDesktop\data\蔡扬的\train\train_0006.json,129,8,False,3,3,3,2, ,-1e+18,0,0.0,0.0,1.0,30,0.0,110,0,pathLen
train_0006,C:\Users\tao20\Desktop\Algorithm\AIPlayerDesktop\data\蔡扬的\train\train_0006.json,130,1,True,13,9,13,8, ,6.893469518877439,0,8.674698795180724,0.0,1.0,1,0.0,110,12,Iproxy
train_0006,C:\Users\tao20\Desktop\Algorithm\AIPlayerDesktop\data\蔡扬的\train\train_0006.json,130,2,False,11,12,11,11, ,4.433469518877439,0,8.674698795180724,0.0,1.0,4,0.0,110,12,Iproxy
train_0006,C:\Users\tao20\Desktop\Algorithm\AIPlayerDesktop\data\蔡扬的\train\train_0006.json,130,3,False,12,11,12,10, ,4.433469518877439,0,8.674698795180724,0.0,1.0,4,0.0,110,12,Iproxy
train_0006,C:\Users\tao20\Desktop\Algorithm\AIPlayerDesktop\data\蔡扬的\train\train_0006.json,130,4,False,8,13,8,12, ,-0.4865304811225597,0,8.674698795180724,0.0,1.0,10,0.0,110,12,pathLen
train_0006,C:\Users\tao20\Desktop\Algorithm\AIPlayerDesktop\data\蔡扬的\train\train_0006.json,130,5,False,7,1,7,0,T,-39.50653048112256,-30,8.674698795180724,0.0,1.0,21,0.0,80,12,deltaR
train_0006,C:\Users\tao20\Desktop\Algorithm\AIPlayerDesktop\data\蔡扬的\train\train_0006.json,130,6,False,8,1,8,0, ,-40.32653048112256,-30,8.674698795180724,0.0,1.0,22,0.0,80,12,deltaR
train_0006,C:\Users\tao20\Desktop\Algorithm\AIPlayerDesktop\data\蔡扬的\train\train_0006.json,130,7,False,1,9,1,8, ,-1e+18,0,0.0,0.0,1.0,19,0.0,110,0,pathLen
train_0006,C:\Users\tao20\Desktop\Algorithm\AIPlayerDesktop\data\蔡扬的\train\train_0006.json,130,8,False,3,3,3,2, ,-1e+18,0,0.0,0.0,1.0,31,0.0,110,0,pathLen
train_0006,C:\Users\tao20\Desktop\Algorithm\AIPlayerDesktop\data\蔡扬的\train\train_0006.json,131,1,True,11,12,11,11, ,3.4311894029003795,0,8.520710059171599,0.0,1.0,5,0.0,110,12,Iproxy
train_0006,C:\Users\tao20\Desktop\Algorithm\AIPlayerDesktop\data\蔡扬的\train\train_0006.json,131,2,False,12,11,12,10, ,3.4311894029003795,0,8.520710059171599,0.0,1.0,5,0.0,110,12,Iproxy
train_0006,C:\Users\tao20\Desktop\Algorithm\AIPlayerDesktop\data\蔡扬的\train\train_0006.json,131,3,False,8,13,8,12, ,-1.4888105970996204,0,8.520710059171599,0.0,1.0,11,0.0,110,12,pathLen
train_0006,C:\Users\tao20\Desktop\Algorithm\AIPlayerDesktop\data\蔡扬的\train\train_0006.json,131,4,False,7,1,7,0,T,-40.50881059709962,-30,8.520710059171599,0.0,1.0,22,0.0,80,12,deltaR
train_0006,C:\Users\tao20\Desktop\Algorithm\AIPlayerDesktop\data\蔡扬的\train\train_0006.json,131,5,False,8,1,8,0, ,-41.32881059709962,-30,8.520710059171599,0.0,1.0,23,0.0,80,12,deltaR
train_0006,C:\Users\tao20\Desktop\Algorithm\AIPlayerDesktop\data\蔡扬的\train\train_0006.json,131,6,False,1,9,1,8, ,-1e+18,0,0.0,0.0,1.0,20,0.0,110,0,pathLen
train_0006,C:\Users\tao20\Desktop\Algorithm\AIPlayerDesktop\data\蔡扬的\train\train_0006.json,131,7,False,3,3,3,2, ,-1e+18,0,0.0,0.0,1.0,32,0.0,110,0,pathLen
train_0006,C:\Users\tao20\Desktop\Algorithm\AIPlayerDesktop\data\蔡扬的\train\train_0006.json,132,1,True,11,12,11,11, ,4.214905705653086,0,8.520710059171599,0.0,1.0,4,0.0,110,12,Iproxy
train_0006,C:\Users\tao20\Desktop\Algorithm\AIPlayerDesktop\data\蔡扬的\train\train_0006.json,132,2,False,12,11,12,10, ,4.214905705653086,0,8.520710059171599,0.0,1.0,4,0.0,110,12,Iproxy
train_0006,C:\Users\tao20\Desktop\Algorithm\AIPlayerDesktop\data\蔡扬的\train\train_0006.json,132,3,False,8,13,8,12, ,-0.7050942943469138,0,8.520710059171599,0.0,1.0,10,0.0,110,12,pathLen
train_0006,C:\Users\tao20\Desktop\Algorithm\AIPlayerDesktop\data\蔡扬的\train\train_0006.json,132,4,False,7,1,7,0,T,-39.72509429434692,-30,8.520710059171599,0.0,1.0,21,0.0,80,12,deltaR
train_0006,C:\Users\tao20\Desktop\Algorithm\AIPlayerDesktop\data\蔡扬的\train\train_0006.json,132,5,False,8,1,8,0, ,-40.54509429434691,-30,8.520710059171599,0.0,1.0,22,0.0,80,12,deltaR
train_0006,C:\Users\tao20\Desktop\Algorithm\AIPlayerDesktop\data\蔡扬的\train\train_0006.json,132,6,False,1,9,1,8, ,-1e+18,0,0.0,0.0,1.0,19,0.0,110,0,pathLen
train_0006,C:\Users\tao20\Desktop\Algorithm\AIPlayerDesktop\data\蔡扬的\train\train_0006.json,132,7,False,3,3,3,2, ,-1e+18,0,0.0,0.0,1.0,31,0.0,110,0,pathLen
train_0006,C:\Users\tao20\Desktop\Algorithm\AIPlayerDesktop\data\蔡扬的\train\train_0006.json,133,1,True,11,12,11,11, ,5.005878747855251,0,8.520710059171599,0.0,1.0,3,0.0,110,12,Iproxy
train_0006,C:\Users\tao20\Desktop\Algorithm\AIPlayerDesktop\data\蔡扬的\train\train_0006.json,133,2,False,12,11,12,10, ,5.005878747855251,0,8.520710059171599,0.0,1.0,3,0.0,110,12,Iproxy
train_0006,C:\Users\tao20\Desktop\Algorithm\AIPlayerDesktop\data\蔡扬的\train\train_0006.json,133,3,False,8,13,8,12, ,0.08587874785525074,0,8.520710059171599,0.0,1.0,9,0.0,110,12,pathLen
train_0006,C:\Users\tao20\Desktop\Algorithm\AIPlayerDesktop\data\蔡扬的\train\train_0006.json,133,4,False,7,1,7,0,T,-38.93412125214475,-30,8.520710059171599,0.0,1.0,20,0.0,80,12,deltaR
train_0006,C:\Users\tao20\Desktop\Algorithm\AIPlayerDesktop\data\蔡扬的\train\train_0006.json,133,5,False,8,1,8,0, ,-39.75412125214475,-30,8.520710059171599,0.0,1.0,21,0.0,80,12,deltaR
train_0006,C:\Users\tao20\Desktop\Algorithm\AIPlayerDesktop\data\蔡扬的\train\train_0006.json,133,6,False,1,9,1,8, ,-1e+18,0,0.0,0.0,1.0,18,0.0,110,0,pathLen
train_0006,C:\Users\tao20\Desktop\Algorithm\AIPlayerDesktop\data\蔡扬的\train\train_0006.json,133,7,False,3,3,3,2, ,-1e+18,0,0.0,0.0,1.0,30,0.0,110,0,pathLen
train_0006,C:\Users\tao20\Desktop\Algorithm\AIPlayerDesktop\data\蔡扬的\train\train_0006.json,134,1,True,11,12,11,11, ,5.8026571816169845,0,8.520710059171599,0.0,1.0,2,0.0,110,12,Iproxy
train_0006,C:\Users\tao20\Desktop\Algorithm\AIPlayerDesktop\data\蔡扬的\train\train_0006.json,134,2,False,12,11,12,10, ,5.8026571816169845,0,8.520710059171599,0.0,1.0,2,0.0,110,12,Iproxy
train_0006,C:\Users\tao20\Desktop\Algorithm\AIPlayerDesktop\data\蔡扬的\train\train_0006.json,134,3,False,8,13,8,12, ,0.8826571816169846,0,8.520710059171599,0.0,1.0,8,0.0,110,12,Iproxy
train_0006,C:\Users\tao20\Desktop\Algorithm\AIPlayerDesktop\data\蔡扬的\train\train_0006.json,134,4,False,7,1,7,0,T,-38.13734281838302,-30,8.520710059171599,0.0,1.0,19,0.0,80,12,deltaR
train_0006,C:\Users\tao20\Desktop\Algorithm\AIPlayerDesktop\data\蔡扬的\train\train_0006.json,134,5,False,8,1,8,0, ,-38.95734281838301,-30,8.520710059171599,0.0,1.0,20,0.0,80,12,deltaR
train_0006,C:\Users\tao20\Desktop\Algorithm\AIPlayerDesktop\data\蔡扬的\train\train_0006.json,134,6,False,1,9,1,8, ,-1e+18,0,0.0,0.0,1.0,17,0.0,110,0,pathLen
train_0006,C:\Users\tao20\Desktop\Algorithm\AIPlayerDesktop\data\蔡扬的\train\train_0006.json,134,7,False,3,3,3,2, ,-1e+18,0,0.0,0.0,1.0,29,0.0,110,0,pathLen
train_0006,C:\Users\tao20\Desktop\Algorithm\AIPlayerDesktop\data\蔡扬的\train\train_0006.json,135,1,True,11,12,11,11, ,6.604079928626368,0,8.520710059171599,0.0,1.0,1,0.0,110,12,Iproxy
train_0006,C:\Users\tao20\Desktop\Algorithm\AIPlayerDesktop\data\蔡扬的\train\train_0006.json,135,2,False,12,11,12,10, ,6.604079928626368,0,8.520710059171599,0.0,1.0,1,0.0,110,12,Iproxy
train_0006,C:\Users\tao20\Desktop\Algorithm\AIPlayerDesktop\data\蔡扬的\train\train_0006.json,135,3,False,8,13,8,12, ,1.6840799286263692,0,8.520710059171599,0.0,1.0,7,0.0,110,12,Iproxy
train_0006,C:\Users\tao20\Desktop\Algorithm\AIPlayerDesktop\data\蔡扬的\train\train_0006.json,135,4,False,7,1,7,0,T,-37.33592007137363,-30,8.520710059171599,0.0,1.0,18,0.0,80,12,deltaR
train_0006,C:\Users\tao20\Desktop\Algorithm\AIPlayerDesktop\data\蔡扬的\train\train_0006.json,135,5,False,8,1,8,0, ,-38.15592007137363,-30,8.520710059171599,0.0,1.0,19,0.0,80,12,deltaR
train_0006,C:\Users\tao20\Desktop\Algorithm\AIPlayerDesktop\data\蔡扬的\train\train_0006.json,135,6,False,1,9,1,8, ,-1e+18,0,0.0,0.0,1.0,16,0.0,110,0,pathLen
train_0006,C:\Users\tao20\Desktop\Algorithm\AIPlayerDesktop\data\蔡扬的\train\train_0006.json,135,7,False,3,3,3,2, ,-1e+18,0,0.0,0.0,1.0,28,0.0,110,0,pathLen
train_0006,C:\Users\tao20\Desktop\Algorithm\AIPlayerDesktop\data\蔡扬的\train\train_0006.json,136,1,True,11,13,11,12, ,6.446398426902371,0,8.372093023255813,0.0,1.0,1,0.0,110,12,Iproxy
train_0006,C:\Users\tao20\Desktop\Algorithm\AIPlayerDesktop\data\蔡扬的\train\train_0006.json,136,2,False,12,11,12,10, ,5.626398426902371,0,8.372093023255813,0.0,1.0,2,0.0,110,12,Iproxy
train_0006,C:\Users\tao20\Desktop\Algorithm\AIPlayerDesktop\data\蔡扬的\train\train_0006.json,136,3,False,8,13,8,12, ,0.7063984269023713,0,8.372093023255813,0.0,1.0,8,0.0,110,12,Iproxy
train_0006,C:\Users\tao20\Desktop\Algorithm\AIPlayerDesktop\data\蔡扬的\train\train_0006.json,136,4,False,7,1,7,0,T,-38.31360157309763,-30,8.372093023255813,0.0,1.0,19,0.0,80,12,deltaR
train_0006,C:\Users\tao20\Desktop\Algorithm\AIPlayerDesktop\data\蔡扬的\train\train_0006.json,136,5,False,8,1,8,0, ,-39.13360157309763,-30,8.372093023255813,0.0,1.0,20,0.0,80,12,deltaR
train_0006,C:\Users\tao20\Desktop\Algorithm\AIPlayerDesktop\data\蔡扬的\train\train_0006.json,136,6,False,1,9,1,8, ,-1e+18,0,0.0,0.0,1.0,17,0.0,110,0,pathLen
train_0006,C:\Users\tao20\Desktop\Algorithm\AIPlayerDesktop\data\蔡扬的\train\train_0006.json,136,7,False,3,3,3,2, ,-1e+18,0,0.0,0.0,1.0,29,0.0,110,0,pathLen
train_0006,C:\Users\tao20\Desktop\Algorithm\AIPlayerDesktop\data\蔡扬的\train\train_0006.json,137,1,True,12,11,12,10, ,4.6462436557599025,0,8.228571428571431,0.0,1.0,3,0.0,110,12,Iproxy
train_0006,C:\Users\tao20\Desktop\Algorithm\AIPlayerDesktop\data\蔡扬的\train\train_0006.json,137,2,False,8,13,8,12, ,-0.2737563442400974,0,8.228571428571431,0.0,1.0,9,0.0,110,12,pathLen
train_0006,C:\Users\tao20\Desktop\Algorithm\AIPlayerDesktop\data\蔡扬的\train\train_0006.json,137,3,False,7,1,7,0,T,-39.293756344240094,-30,8.228571428571431,0.0,1.0,20,0.0,80,12,deltaR
train_0006,C:\Users\tao20\Desktop\Algorithm\AIPlayerDesktop\data\蔡扬的\train\train_0006.json,137,4,False,8,1,8,0, ,-40.113756344240095,-30,8.228571428571431,0.0,1.0,21,0.0,80,12,deltaR
train_0006,C:\Users\tao20\Desktop\Algorithm\AIPlayerDesktop\data\蔡扬的\train\train_0006.json,137,5,False,1,9,1,8, ,-1e+18,0,0.0,0.0,1.0,18,0.0,110,0,pathLen
train_0006,C:\Users\tao20\Desktop\Algorithm\AIPlayerDesktop\data\蔡扬的\train\train_0006.json,137,6,False,3,3,3,2, ,-1e+18,0,0.0,0.0,1.0,30,0.0,110,0,pathLen
train_0006,C:\Users\tao20\Desktop\Algorithm\AIPlayerDesktop\data\蔡扬的\train\train_0006.json,138,1,True,12,11,12,10, ,5.437773302986302,0,8.228571428571431,0.0,1.0,2,0.0,110,12,Iproxy
train_0006,C:\Users\tao20\Desktop\Algorithm\AIPlayerDesktop\data\蔡扬的\train\train_0006.json,138,2,False,8,13,8,12, ,0.5177733029863019,0,8.228571428571431,0.0,1.0,8,0.0,110,12,Iproxy
train_0006,C:\Users\tao20\Desktop\Algorithm\AIPlayerDesktop\data\蔡扬的\train\train_0006.json,138,3,False,7,1,7,0,T,-38.5022266970137,-30,8.228571428571431,0.0,1.0,19,0.0,80,12,deltaR
train_0006,C:\Users\tao20\Desktop\Algorithm\AIPlayerDesktop\data\蔡扬的\train\train_0006.json,138,4,False,8,1,8,0, ,-39.3222266970137,-30,8.228571428571431,0.0,1.0,20,0.0,80,12,deltaR
train_0006,C:\Users\tao20\Desktop\Algorithm\AIPlayerDesktop\data\蔡扬的\train\train_0006.json,138,5,False,1,9,1,8, ,-1e+18,0,0.0,0.0,1.0,17,0.0,110,0,pathLen
train_0006,C:\Users\tao20\Desktop\Algorithm\AIPlayerDesktop\data\蔡扬的\train\train_0006.json,138,6,False,3,3,3,2, ,-1e+18,0,0.0,0.0,1.0,29,0.0,110,0,pathLen
train_0006,C:\Users\tao20\Desktop\Algorithm\AIPlayerDesktop\data\蔡扬的\train\train_0006.json,139,1,True,12,11,12,10, ,6.234997020767418,0,8.228571428571431,0.0,1.0,1,0.0,110,12,Iproxy
train_0006,C:\Users\tao20\Desktop\Algorithm\AIPlayerDesktop\data\蔡扬的\train\train_0006.json,139,2,False,8,13,8,12, ,1.3149970207674189,0,8.228571428571431,0.0,1.0,7,0.0,110,12,Iproxy
train_0006,C:\Users\tao20\Desktop\Algorithm\AIPlayerDesktop\data\蔡扬的\train\train_0006.json,139,3,False,7,1,7,0,T,-37.70500297923258,-30,8.228571428571431,0.0,1.0,18,0.0,80,12,deltaR
train_0006,C:\Users\tao20\Desktop\Algorithm\AIPlayerDesktop\data\蔡扬的\train\train_0006.json,139,4,False,8,1,8,0, ,-38.52500297923258,-30,8.228571428571431,0.0,1.0,19,0.0,80,12,deltaR
train_0006,C:\Users\tao20\Desktop\Algorithm\AIPlayerDesktop\data\蔡扬的\train\train_0006.json,139,5,False,1,9,1,8, ,-1e+18,0,0.0,0.0,1.0,16,0.0,110,0,pathLen
train_0006,C:\Users\tao20\Desktop\Algorithm\AIPlayerDesktop\data\蔡扬的\train\train_0006.json,139,6,False,3,3,3,2, ,-1e+18,0,0.0,0.0,1.0,28,0.0,110,0,pathLen
train_0006,C:\Users\tao20\Desktop\Algorithm\AIPlayerDesktop\data\蔡扬的\train\train_0006.json,140,1,True,13,11,13,10, ,6.128383878778544,0,8.135593220338984,0.0,1.0,1,0.0,110,12,Iproxy
train_0006,C:\Users\tao20\Desktop\Algorithm\AIPlayerDesktop\data\蔡扬的\train\train_0006.json,140,2,False,13,12,13,11, ,5.308383878778544,0,8.135593220338984,0.0,1.0,2,0.0,110,12,Iproxy
train_0006,C:\Users\tao20\Desktop\Algorithm\AIPlayerDesktop\data\蔡扬的\train\train_0006.json,140,3,False,8,13,8,12, ,0.3883838787785443,0,8.135593220338984,0.0,1.0,8,0.0,110,12,Iproxy
train_0006,C:\Users\tao20\Desktop\Algorithm\AIPlayerDesktop\data\蔡扬的\train\train_0006.json,140,4,False,7,1,7,0,T,-38.631616121221455,-30,8.135593220338984,0.0,1.0,19,0.0,80,12,deltaR
train_0006,C:\Users\tao20\Desktop\Algorithm\AIPlayerDesktop\data\蔡扬的\train\train_0006.json,140,5,False,8,1,8,0, ,-39.451616121221456,-30,8.135593220338984,0.0,1.0,20,0.0,80,12,deltaR
train_0006,C:\Users\tao20\Desktop\Algorithm\AIPlayerDesktop\data\蔡扬的\train\train_0006.json,140,6,False,1,9,1,8, ,-1e+18,0,0.0,0.0,1.0,17,0.0,110,0,pathLen
train_0006,C:\Users\tao20\Desktop\Algorithm\AIPlayerDesktop\data\蔡扬的\train\train_0006.json,140,7,False,3,3,3,2, ,-1e+18,0,0.0,0.0,1.0,29,0.0,110,0,pathLen
train_0006,C:\Users\tao20\Desktop\Algorithm\AIPlayerDesktop\data\蔡扬的\train\train_0006.json,141,1,True,13,12,13,11, ,6.020664855234043,0,8.04469273743017,0.0,1.0,1,0.0,110,12,Iproxy
train_0006,C:\Users\tao20\Desktop\Algorithm\AIPlayerDesktop\data\蔡扬的\train\train_0006.json,141,2,False,8,13,8,12, ,-0.5393351447659569,0,8.04469273743017,0.0,1.0,9,0.0,110,12,pathLen
train_0006,C:\Users\tao20\Desktop\Algorithm\AIPlayerDesktop\data\蔡扬的\train\train_0006.json,141,3,False,7,1,7,0,T,-39.55933514476595,-30,8.04469273743017,0.0,1.0,20,0.0,80,12,deltaR
train_0006,C:\Users\tao20\Desktop\Algorithm\AIPlayerDesktop\data\蔡扬的\train\train_0006.json,141,4,False,8,1,8,0, ,-40.37933514476596,-30,8.04469273743017,0.0,1.0,21,0.0,80,12,deltaR
train_0006,C:\Users\tao20\Desktop\Algorithm\AIPlayerDesktop\data\蔡扬的\train\train_0006.json,141,5,False,1,9,1,8, ,-1e+18,0,0.0,0.0,1.0,18,0.0,110,0,pathLen
train_0006,C:\Users\tao20\Desktop\Algorithm\AIPlayerDesktop\data\蔡扬的\train\train_0006.json,141,6,False,3,3,3,2, ,-1e+18,0,0.0,0.0,1.0,30,0.0,110,0,pathLen
train_0006,C:\Users\tao20\Desktop\Algorithm\AIPlayerDesktop\data\蔡扬的\train\train_0006.json,142,1,True,13,13,13,12, ,5.91254162704224,0,7.955801104972377,0.0,1.0,1,0.0,110,12,Iproxy
train_0006,C:\Users\tao20\Desktop\Algorithm\AIPlayerDesktop\data\蔡扬的\train\train_0006.json,142,2,False,8,13,8,12, ,-1.4674583729577586,0,7.955801104972377,0.0,1.0,10,0.0,110,12,pathLen
train_0006,C:\Users\tao20\Desktop\Algorithm\AIPlayerDesktop\data\蔡扬的\train\train_0006.json,142,3,False,7,1,7,0,T,-40.48745837295776,-30,7.955801104972377,0.0,1.0,21,0.0,80,12,deltaR
train_0006,C:\Users\tao20\Desktop\Algorithm\AIPlayerDesktop\data\蔡扬的\train\train_0006.json,142,4,False,8,1,8,0, ,-41.307458372957754,-30,7.955801104972377,0.0,1.0,22,0.0,80,12,deltaR
train_0006,C:\Users\tao20\Desktop\Algorithm\AIPlayerDesktop\data\蔡扬的\train\train_0006.json,142,5,False,1,9,1,8, ,-1e+18,0,0.0,0.0,1.0,19,0.0,110,0,pathLen
train_0006,C:\Users\tao20\Desktop\Algorithm\AIPlayerDesktop\data\蔡扬的\train\train_0006.json,142,6,False,3,3,3,2, ,-1e+18,0,0.0,0.0,1.0,31,0.0,110,0,pathLen
train_0006,C:\Users\tao20\Desktop\Algorithm\AIPlayerDesktop\data\蔡扬的\train\train_0006.json,143,1,True,8,13,8,12, ,-2.395445586625521,0,7.868852459016392,0.0,1.0,11,0.0,110,12,pathLen
train_0006,C:\Users\tao20\Desktop\Algorithm\AIPlayerDesktop\data\蔡扬的\train\train_0006.json,143,2,False,7,1,7,0,T,-41.41544558662552,-30,7.868852459016392,0.0,1.0,22,0.0,80,12,deltaR
train_0006,C:\Users\tao20\Desktop\Algorithm\AIPlayerDesktop\data\蔡扬的\train\train_0006.json,143,3,False,8,1,8,0, ,-42.23544558662552,-30,7.868852459016392,0.0,1.0,23,0.0,80,12,deltaR
train_0006,C:\Users\tao20\Desktop\Algorithm\AIPlayerDesktop\data\蔡扬的\train\train_0006.json,143,4,False,1,9,1,8, ,-1e+18,0,0.0,0.0,1.0,20,0.0,110,0,pathLen
train_0006,C:\Users\tao20\Desktop\Algorithm\AIPlayerDesktop\data\蔡扬的\train\train_0006.json,143,5,False,3,3,3,2, ,-1e+18,0,0.0,0.0,1.0,32,0.0,110,0,pathLen
train_0006,C:\Users\tao20\Desktop\Algorithm\AIPlayerDesktop\data\蔡扬的\train\train_0006.json,144,1,True,8,13,8,12, ,-1.602971605629305,0,7.868852459016392,0.0,1.0,10,0.0,110,12,pathLen
train_0006,C:\Users\tao20\Desktop\Algorithm\AIPlayerDesktop\data\蔡扬的\train\train_0006.json,144,2,False,7,1,7,0,T,-40.6229716056293,-30,7.868852459016392,0.0,1.0,21,0.0,80,12,deltaR
train_0006,C:\Users\tao20\Desktop\Algorithm\AIPlayerDesktop\data\蔡扬的\train\train_0006.json,144,3,False,8,1,8,0, ,-41.4429716056293,-30,7.868852459016392,0.0,1.0,22,0.0,80,12,deltaR
train_0006,C:\Users\tao20\Desktop\Algorithm\AIPlayerDesktop\data\蔡扬的\train\train_0006.json,144,4,False,1,9,1,8, ,-1e+18,0,0.0,0.0,1.0,19,0.0,110,0,pathLen
train_0006,C:\Users\tao20\Desktop\Algorithm\AIPlayerDesktop\data\蔡扬的\train\train_0006.json,144,5,False,3,3,3,2, ,-1e+18,0,0.0,0.0,1.0,31,0.0,110,0,pathLen
train_0006,C:\Users\tao20\Desktop\Algorithm\AIPlayerDesktop\data\蔡扬的\train\train_0006.json,145,1,True,8,13,8,12, ,-0.8049924208323329,0,7.868852459016392,0.0,1.0,9,0.0,110,12,pathLen
train_0006,C:\Users\tao20\Desktop\Algorithm\AIPlayerDesktop\data\蔡扬的\train\train_0006.json,145,2,False,7,1,7,0,T,-39.82499242083233,-30,7.868852459016392,0.0,1.0,20,0.0,80,12,deltaR
train_0006,C:\Users\tao20\Desktop\Algorithm\AIPlayerDesktop\data\蔡扬的\train\train_0006.json,145,3,False,8,1,8,0, ,-40.64499242083233,-30,7.868852459016392,0.0,1.0,21,0.0,80,12,deltaR
train_0006,C:\Users\tao20\Desktop\Algorithm\AIPlayerDesktop\data\蔡扬的\train\train_0006.json,145,4,False,1,9,1,8, ,-1e+18,0,0.0,0.0,1.0,18,0.0,110,0,pathLen
train_0006,C:\Users\tao20\Desktop\Algorithm\AIPlayerDesktop\data\蔡扬的\train\train_0006.json,145,5,False,3,3,3,2, ,-1e+18,0,0.0,0.0,1.0,30,0.0,110,0,pathLen
train_0006,C:\Users\tao20\Desktop\Algorithm\AIPlayerDesktop\data\蔡扬的\train\train_0006.json,146,1,True,8,13,8,12, ,-0.0026090729947547686,0,7.868852459016392,0.0,1.0,8,0.0,110,12,pathLen
train_0006,C:\Users\tao20\Desktop\Algorithm\AIPlayerDesktop\data\蔡扬的\train\train_0006.json,146,2,False,7,1,7,0,T,-39.022609072994754,-30,7.868852459016392,0.0,1.0,19,0.0,80,12,deltaR
train_0006,C:\Users\tao20\Desktop\Algorithm\AIPlayerDesktop\data\蔡扬的\train\train_0006.json,146,3,False,8,1,8,0, ,-39.842609072994755,-30,7.868852459016392,0.0,1.0,20,0.0,80,12,deltaR
train_0006,C:\Users\tao20\Desktop\Algorithm\AIPlayerDesktop\data\蔡扬的\train\train_0006.json,146,4,False,1,9,1,8, ,-1e+18,0,0.0,0.0,1.0,17,0.0,110,0,pathLen
train_0006,C:\Users\tao20\Desktop\Algorithm\AIPlayerDesktop\data\蔡扬的\train\train_0006.json,146,5,False,3,3,3,2, ,-1e+18,0,0.0,0.0,1.0,29,0.0,110,0,pathLen
train_0006,C:\Users\tao20\Desktop\Algorithm\AIPlayerDesktop\data\蔡扬的\train\train_0006.json,147,1,True,8,13,8,12, ,0.8032976052753087,0,7.868852459016392,0.0,1.0,7,0.0,110,12,Iproxy
train_0006,C:\Users\tao20\Desktop\Algorithm\AIPlayerDesktop\data\蔡扬的\train\train_0006.json,147,2,False,7,1,7,0,T,-38.21670239472469,-30,7.868852459016392,0.0,1.0,18,0.0,80,12,deltaR
train_0006,C:\Users\tao20\Desktop\Algorithm\AIPlayerDesktop\data\蔡扬的\train\train_0006.json,147,3,False,8,1,8,0, ,-39.03670239472469,-30,7.868852459016392,0.0,1.0,19,0.0,80,12,deltaR
train_0006,C:\Users\tao20\Desktop\Algorithm\AIPlayerDesktop\data\蔡扬的\train\train_0006.json,147,4,False,1,9,1,8, ,-1e+18,0,0.0,0.0,1.0,16,0.0,110,0,pathLen
train_0006,C:\Users\tao20\Desktop\Algorithm\AIPlayerDesktop\data\蔡扬的\train\train_0006.json,147,5,False,3,3,3,2, ,-1e+18,0,0.0,0.0,1.0,28,0.0,110,0,pathLen
train_0006,C:\Users\tao20\Desktop\Algorithm\AIPlayerDesktop\data\蔡扬的\train\train_0006.json,148,1,True,8,13,8,12, ,1.612022947891357,0,7.868852459016392,0.0,1.0,6,0.0,110,12,Iproxy
train_0006,C:\Users\tao20\Desktop\Algorithm\AIPlayerDesktop\data\蔡扬的\train\train_0006.json,148,2,False,7,1,7,0,T,-37.40797705210864,-30,7.868852459016392,0.0,1.0,17,0.0,80,12,deltaR
train_0006,C:\Users\tao20\Desktop\Algorithm\AIPlayerDesktop\data\蔡扬的\train\train_0006.json,148,3,False,8,1,8,0, ,-38.22797705210864,-30,7.868852459016392,0.0,1.0,18,0.0,80,12,deltaR
train_0006,C:\Users\tao20\Desktop\Algorithm\AIPlayerDesktop\data\蔡扬的\train\train_0006.json,148,4,False,1,9,1,8, ,-1e+18,0,0.0,0.0,1.0,15,0.0,110,0,pathLen
train_0006,C:\Users\tao20\Desktop\Algorithm\AIPlayerDesktop\data\蔡扬的\train\train_0006.json,148,5,False,3,3,3,2, ,-1e+18,0,0.0,0.0,1.0,27,0.0,110,0,pathLen
train_0006,C:\Users\tao20\Desktop\Algorithm\AIPlayerDesktop\data\蔡扬的\train\train_0006.json,149,1,True,8,13,8,12, ,2.4230032219841977,0,7.868852459016392,0.0,1.0,5,0.0,110,12,Iproxy
train_0006,C:\Users\tao20\Desktop\Algorithm\AIPlayerDesktop\data\蔡扬的\train\train_0006.json,149,2,False,7,1,7,0,T,-36.5969967780158,-30,7.868852459016392,0.0,1.0,16,0.0,80,12,deltaR
train_0006,C:\Users\tao20\Desktop\Algorithm\AIPlayerDesktop\data\蔡扬的\train\train_0006.json,149,3,False,8,1,8,0, ,-37.4169967780158,-30,7.868852459016392,0.0,1.0,17,0.0,80,12,deltaR
train_0006,C:\Users\tao20\Desktop\Algorithm\AIPlayerDesktop\data\蔡扬的\train\train_0006.json,149,4,False,1,9,1,8, ,-1e+18,0,0.0,0.0,1.0,14,0.0,110,0,pathLen
train_0006,C:\Users\tao20\Desktop\Algorithm\AIPlayerDesktop\data\蔡扬的\train\train_0006.json,149,5,False,3,3,3,2, ,-1e+18,0,0.0,0.0,1.0,26,0.0,110,0,pathLen
train_0006,C:\Users\tao20\Desktop\Algorithm\AIPlayerDesktop\data\蔡扬的\train\train_0006.json,150,1,True,8,13,8,12, ,3.2357874412584695,0,7.868852459016392,0.0,1.0,4,0.0,110,12,Iproxy
train_0006,C:\Users\tao20\Desktop\Algorithm\AIPlayerDesktop\data\蔡扬的\train\train_0006.json,150,2,False,7,1,7,0,T,-37.42421255874153,-30,7.868852459016392,0.0,1.0,17,0.0,80,12,deltaR
train_0006,C:\Users\tao20\Desktop\Algorithm\AIPlayerDesktop\data\蔡扬的\train\train_0006.json,150,3,False,8,1,8,0, ,-38.24421255874153,-30,7.868852459016392,0.0,1.0,18,0.0,80,12,deltaR
train_0006,C:\Users\tao20\Desktop\Algorithm\AIPlayerDesktop\data\蔡扬的\train\train_0006.json,150,4,False,1,9,1,8, ,-1e+18,0,0.0,0.0,1.0,13,0.0,110,0,pathLen
train_0006,C:\Users\tao20\Desktop\Algorithm\AIPlayerDesktop\data\蔡扬的\train\train_0006.json,150,5,False,3,3,3,2, ,-1e+18,0,0.0,0.0,1.0,25,0.0,110,0,pathLen
train_0006,C:\Users\tao20\Desktop\Algorithm\AIPlayerDesktop\data\蔡扬的\train\train_0006.json,151,1,True,8,13,8,12, ,4.050014816677886,0,7.868852459016392,0.0,1.0,3,0.0,110,12,Iproxy
train_0006,C:\Users\tao20\Desktop\Algorithm\AIPlayerDesktop\data\蔡扬的\train\train_0006.json,151,2,False,7,1,7,0,T,-38.24998518332211,-30,7.868852459016392,0.0,1.0,18,0.0,80,12,deltaR
train_0006,C:\Users\tao20\Desktop\Algorithm\AIPlayerDesktop\data\蔡扬的\train\train_0006.json,151,3,False,8,1,8,0, ,-39.06998518332211,-30,7.868852459016392,0.0,1.0,19,0.0,80,12,deltaR
train_0006,C:\Users\tao20\Desktop\Algorithm\AIPlayerDesktop\data\蔡扬的\train\train_0006.json,151,4,False,1,9,1,8, ,-1e+18,0,0.0,0.0,1.0,12,0.0,110,0,pathLen
train_0006,C:\Users\tao20\Desktop\Algorithm\AIPlayerDesktop\data\蔡扬的\train\train_0006.json,151,5,False,3,3,3,2, ,-1e+18,0,0.0,0.0,1.0,24,0.0,110,0,pathLen
train_0006,C:\Users\tao20\Desktop\Algorithm\AIPlayerDesktop\data\蔡扬的\train\train_0006.json,152,1,True,8,13,8,12, ,4.865396717013421,0,7.868852459016392,0.0,1.0,2,0.0,110,12,Iproxy
train_0006,C:\Users\tao20\Desktop\Algorithm\AIPlayerDesktop\data\蔡扬的\train\train_0006.json,152,2,False,7,1,7,0,T,-39.07460328298658,-30,7.868852459016392,0.0,1.0,19,0.0,80,12,deltaR
train_0006,C:\Users\tao20\Desktop\Algorithm\AIPlayerDesktop\data\蔡扬的\train\train_0006.json,152,3,False,8,1,8,0, ,-39.89460328298658,-30,7.868852459016392,0.0,1.0,20,0.0,80,12,deltaR
train_0006,C:\Users\tao20\Desktop\Algorithm\AIPlayerDesktop\data\蔡扬的\train\train_0006.json,152,4,False,1,9,1,8, ,-1e+18,0,0.0,0.0,1.0,11,0.0,110,0,pathLen
train_0006,C:\Users\tao20\Desktop\Algorithm\AIPlayerDesktop\data\蔡扬的\train\train_0006.json,152,5,False,3,3,3,2, ,-1e+18,0,0.0,0.0,1.0,23,0.0,110,0,pathLen
train_0006,C:\Users\tao20\Desktop\Algorithm\AIPlayerDesktop\data\蔡扬的\train\train_0006.json,153,1,True,8,13,8,12, ,5.681702237281847,0,7.868852459016392,0.0,1.0,1,0.0,110,12,Iproxy
train_0006,C:\Users\tao20\Desktop\Algorithm\AIPlayerDesktop\data\蔡扬的\train\train_0006.json,153,2,False,7,1,7,0,T,-39.89829776271815,-30,7.868852459016392,0.0,1.0,20,0.0,80,12,deltaR
train_0006,C:\Users\tao20\Desktop\Algorithm\AIPlayerDesktop\data\蔡扬的\train\train_0006.json,153,3,False,8,1,8,0, ,-40.71829776271815,-30,7.868852459016392,0.0,1.0,21,0.0,80,12,deltaR
train_0006,C:\Users\tao20\Desktop\Algorithm\AIPlayerDesktop\data\蔡扬的\train\train_0006.json,153,4,False,1,9,1,8, ,-1e+18,0,0.0,0.0,1.0,10,0.0,110,0,pathLen
train_0006,C:\Users\tao20\Desktop\Algorithm\AIPlayerDesktop\data\蔡扬的\train\train_0006.json,153,5,False,3,3,3,2, ,-1e+18,0,0.0,0.0,1.0,22,0.0,110,0,pathLen
train_0006,C:\Users\tao20\Desktop\Algorithm\AIPlayerDesktop\data\蔡扬的\train\train_0006.json,154,1,True,9,13,9,12,G,49.18,50,0.0,0.0,1.0,1,0.0,160,0,deltaR
train_0006,C:\Users\tao20\Desktop\Algorithm\AIPlayerDesktop\data\蔡扬的\train\train_0006.json,154,2,False,1,9,1,8, ,-4.289230769230769,0,0.0,3.8461538461538463,1.0,11,0.0,110,0,pathLen
train_0006,C:\Users\tao20\Desktop\Algorithm\AIPlayerDesktop\data\蔡扬的\train\train_0006.json,154,3,False,3,3,3,2, ,-16.4,0,0.0,2.0,1.0,23,0.0,110,0,pathLen
train_0006,C:\Users\tao20\Desktop\Algorithm\AIPlayerDesktop\data\蔡扬的\train\train_0006.json,154,4,False,7,1,7,0,T,-34.90785845465387,-30,11.675675675675677,2.1739130434782608,1.0,21,0.0,80,12,deltaR
train_0006,C:\Users\tao20\Desktop\Algorithm\AIPlayerDesktop\data\蔡扬的\train\train_0006.json,154,5,False,8,1,8,0, ,-35.839271498132135,-30,11.675675675675677,2.0833333333333335,1.0,22,0.0,80,12,deltaR
train_0006,C:\Users\tao20\Desktop\Algorithm\AIPlayerDesktop\data\蔡扬的\train\train_0006.json,155,1,True,7,1,7,0,T,-38.871448957931406,-30,11.675675675675677,0.0,1.0256410190664038,22,0.0,130,12,deltaR
train_0006,C:\Users\tao20\Desktop\Algorithm\AIPlayerDesktop\data\蔡扬的\train\train_0006.json,155,2,False,8,1,8,0, ,-39.71247459356586,-30,11.675675675675677,0.0,1.0256410190664038,23,0.0,130,12,deltaR
train_0006,C:\Users\tao20\Desktop\Algorithm\AIPlayerDesktop\data\蔡扬的\train\train_0006.json,155,3,False,1,9,1,8, ,-1e+18,0,0.0,0.0,1.0256410190664038,12,0.0,160,0,pathLen
train_0006,C:\Users\tao20\Desktop\Algorithm\AIPlayerDesktop\data\蔡扬的\train\train_0006.json,155,4,False,3,3,3,2, ,-1e+18,0,0.0,0.0,1.0256410190664038,24,0.0,160,0,pathLen
train_0006,C:\Users\tao20\Desktop\Algorithm\AIPlayerDesktop\data\蔡扬的\train\train_0006.json,156,1,True,7,1,7,0,T,-37.923620228856464,-30,11.675675675675677,0.0,1.0191082737636417,21,0.0,130,12,deltaR
train_0006,C:\Users\tao20\Desktop\Algorithm\AIPlayerDesktop\data\蔡扬的\train\train_0006.json,156,2,False,8,1,8,0, ,-38.75928901334265,-30,11.675675675675677,0.0,1.0191082737636417,22,0.0,130,12,deltaR
train_0006,C:\Users\tao20\Desktop\Algorithm\AIPlayerDesktop\data\蔡扬的\train\train_0006.json,156,3,False,1,9,1,8, ,-1e+18,0,0.0,0.0,1.0191082737636417,11,0.0,160,0,pathLen
train_0006,C:\Users\tao20\Desktop\Algorithm\AIPlayerDesktop\data\蔡扬的\train\train_0006.json,156,4,False,3,3,3,2, ,-1e+18,0,0.0,0.0,1.0191082737636417,23,0.0,160,0,pathLen
train_0006,C:\Users\tao20\Desktop\Algorithm\AIPlayerDesktop\data\蔡扬的\train\train_0006.json,157,1,True,7,1,7,0,T,-36.986723210782515,-30,11.675675675675677,0.0,1.012658221438872,20,0.0,130,12,deltaR
train_0006,C:\Users\tao20\Desktop\Algorithm\AIPlayerDesktop\data\蔡扬的\train\train_0006.json,157,2,False,8,1,8,0, ,-37.81710295236239,-30,11.675675675675677,0.0,1.012658221438872,21,0.0,130,12,deltaR
train_0006,C:\Users\tao20\Desktop\Algorithm\AIPlayerDesktop\data\蔡扬的\train\train_0006.json,157,3,False,1,9,1,8, ,-1e+18,0,0.0,0.0,1.012658221438872,10,0.0,160,0,pathLen
train_0006,C:\Users\tao20\Desktop\Algorithm\AIPlayerDesktop\data\蔡扬的\train\train_0006.json,157,4,False,3,3,3,2, ,-1e+18,0,0.0,0.0,1.012658221438872,22,0.0,160,0,pathLen
train_0006,C:\Users\tao20\Desktop\Algorithm\AIPlayerDesktop\data\蔡扬的\train\train_0006.json,158,1,True,7,1,7,0,T,-36.06075780159575,-30,11.675675675675677,0.0,1.0062893018472372,19,0.0,130,12,deltaR
train_0006,C:\Users\tao20\Desktop\Algorithm\AIPlayerDesktop\data\蔡扬的\train\train_0006.json,158,2,False,8,1,8,0, ,-36.88591502911048,-30,11.675675675675677,0.0,1.0062893018472372,20,0.0,130,12,deltaR
train_0006,C:\Users\tao20\Desktop\Algorithm\AIPlayerDesktop\data\蔡扬的\train\train_0006.json,158,3,False,1,9,1,8, ,-1e+18,0,0.0,0.0,1.0062893018472372,11,0.0,160,0,pathLen
train_0006,C:\Users\tao20\Desktop\Algorithm\AIPlayerDesktop\data\蔡扬的\train\train_0006.json,158,4,False,3,3,3,2, ,-1e+18,0,0.0,0.0,1.0062893018472372,23,0.0,160,0,pathLen
train_0006,C:\Users\tao20\Desktop\Algorithm\AIPlayerDesktop\data\蔡扬的\train\train_0006.json,159,1,True,7,1,7,0,T,-35.14568415852041,-30,11.675675675675677,0.0,1.0,18,0.0,130,12,deltaR
train_0006,C:\Users\tao20\Desktop\Algorithm\AIPlayerDesktop\data\蔡扬的\train\train_0006.json,159,2,False,8,1,8,0, ,-35.9656841585204,-30,11.675675675675677,0.0,1.0,19,0.0,130,12,deltaR
train_0006,C:\Users\tao20\Desktop\Algorithm\AIPlayerDesktop\data\蔡扬的\train\train_0006.json,159,3,False,1,9,1,8, ,-1e+18,0,0.0,0.0,1.0,12,0.0,160,0,pathLen
train_0006,C:\Users\tao20\Desktop\Algorithm\AIPlayerDesktop\data\蔡扬的\train\train_0006.json,159,4,False,3,3,3,2, ,-1e+18,0,0.0,0.0,1.0,24,0.0,160,0,pathLen
train_0006,C:\Users\tao20\Desktop\Algorithm\AIPlayerDesktop\data\蔡扬的\train\train_0006.json,160,1,True,7,1,7,0,T,-34.3280151022841,-30,11.675675675675677,0.0,1.0,17,0.0,130,12,deltaR
train_0006,C:\Users\tao20\Desktop\Algorithm\AIPlayerDesktop\data\蔡扬的\train\train_0006.json,160,2,False,8,1,8,0, ,-35.1480151022841,-30,11.675675675675677,0.0,1.0,18,0.0,130,12,deltaR
train_0006,C:\Users\tao20\Desktop\Algorithm\AIPlayerDesktop\data\蔡扬的\train\train_0006.json,160,3,False,1,9,1,8, ,-1e+18,0,0.0,0.0,1.0,13,0.0,160,0,pathLen
train_0006,C:\Users\tao20\Desktop\Algorithm\AIPlayerDesktop\data\蔡扬的\train\train_0006.json,160,4,False,3,3,3,2, ,-1e+18,0,0.0,0.0,1.0,25,0.0,160,0,pathLen
train_0006,C:\Users\tao20\Desktop\Algorithm\AIPlayerDesktop\data\蔡扬的\train\train_0006.json,161,1,True,7,1,7,0,T,-33.509879857295054,-30,11.675675675675677,0.0,1.0,16,0.0,130,12,deltaR
train_0006,C:\Users\tao20\Desktop\Algorithm\AIPlayerDesktop\data\蔡扬的\train\train_0006.json,161,2,False,8,1,8,0, ,-34.329879857295055,-30,11.675675675675677,0.0,1.0,17,0.0,130,12,deltaR
train_0006,C:\Users\tao20\Desktop\Algorithm\AIPlayerDesktop\data\蔡扬的\train\train_0006.json,161,3,False,1,9,1,8, ,-1e+18,0,0.0,0.0,1.0,14,0.0,160,0,pathLen
train_0006,C:\Users\tao20\Desktop\Algorithm\AIPlayerDesktop\data\蔡扬的\train\train_0006.json,161,4,False,3,3,3,2, ,-1e+18,0,0.0,0.0,1.0,26,0.0,160,0,pathLen
train_0006,C:\Users\tao20\Desktop\Algorithm\AIPlayerDesktop\data\蔡扬的\train\train_0006.json,162,1,True,7,1,7,0,T,-32.69137166130382,-30,11.675675675675677,0.0,1.0,15,0.0,130,12,deltaR
train_0006,C:\Users\tao20\Desktop\Algorithm\AIPlayerDesktop\data\蔡扬的\train\train_0006.json,162,2,False,8,1,8,0, ,-33.51137166130382,-30,11.675675675675677,0.0,1.0,16,0.0,130,12,deltaR
train_0006,C:\Users\tao20\Desktop\Algorithm\AIPlayerDesktop\data\蔡扬的\train\train_0006.json,162,3,False,1,9,1,8, ,-1e+18,0,0.0,0.0,1.0,15,0.0,160,0,pathLen
train_0006,C:\Users\tao20\Desktop\Algorithm\AIPlayerDesktop\data\蔡扬的\train\train_0006.json,162,4,False,3,3,3,2, ,-1e+18,0,0.0,0.0,1.0,27,0.0,160,0,pathLen
train_0006,C:\Users\tao20\Desktop\Algorithm\AIPlayerDesktop\data\蔡扬的\train\train_0006.json,163,1,True,7,1,7,0,T,-31.872565104510834,-30,11.675675675675677,0.0,1.0,14,0.0,130,12,deltaR
train_0006,C:\Users\tao20\Desktop\Algorithm\AIPlayerDesktop\data\蔡扬的\train\train_0006.json,163,2,False,8,1,8,0, ,-32.692565104510834,-30,11.675675675675677,0.0,1.0,15,0.0,130,12,deltaR
train_0006,C:\Users\tao20\Desktop\Algorithm\AIPlayerDesktop\data\蔡扬的\train\train_0006.json,163,3,False,1,9,1,8, ,-1e+18,0,0.0,0.0,1.0,16,0.0,160,0,pathLen
train_0006,C:\Users\tao20\Desktop\Algorithm\AIPlayerDesktop\data\蔡扬的\train\train_0006.json,163,4,False,3,3,3,2, ,-1e+18,0,0.0,0.0,1.0,28,0.0,160,0,pathLen
train_0006,C:\Users\tao20\Desktop\Algorithm\AIPlayerDesktop\data\蔡扬的\train\train_0006.json,164,1,True,7,1,7,0,T,-31.05351985907644,-30,11.675675675675677,0.0,1.0,13,0.0,130,12,deltaR
train_0006,C:\Users\tao20\Desktop\Algorithm\AIPlayerDesktop\data\蔡扬的\train\train_0006.json,164,2,False,8,1,8,0, ,-31.87351985907644,-30,11.675675675675677,0.0,1.0,14,0.0,130,12,deltaR
train_0006,C:\Users\tao20\Desktop\Algorithm\AIPlayerDesktop\data\蔡扬的\train\train_0006.json,164,3,False,1,9,1,8, ,-1e+18,0,0.0,0.0,1.0,17,0.0,160,0,pathLen
train_0006,C:\Users\tao20\Desktop\Algorithm\AIPlayerDesktop\data\蔡扬的\train\train_0006.json,164,4,False,3,3,3,2, ,-1e+18,0,0.0,0.0,1.0,29,0.0,160,0,pathLen
train_0006,C:\Users\tao20\Desktop\Algorithm\AIPlayerDesktop\data\蔡扬的\train\train_0006.json,165,1,True,7,1,7,0,T,-30.23428366272893,-30,11.675675675675677,0.0,1.0,12,0.0,130,12,deltaR
train_0006,C:\Users\tao20\Desktop\Algorithm\AIPlayerDesktop\data\蔡扬的\train\train_0006.json,165,2,False,8,1,8,0, ,-31.05428366272893,-30,11.675675675675677,0.0,1.0,13,0.0,130,12,deltaR
train_0006,C:\Users\tao20\Desktop\Algorithm\AIPlayerDesktop\data\蔡扬的\train\train_0006.json,165,3,False,1,9,1,8, ,-1e+18,0,0.0,0.0,1.0,18,0.0,160,0,pathLen
train_0006,C:\Users\tao20\Desktop\Algorithm\AIPlayerDesktop\data\蔡扬的\train\train_0006.json,165,4,False,3,3,3,2, ,-1e+18,0,0.0,0.0,1.0,30,0.0,160,0,pathLen
train_0006,C:\Users\tao20\Desktop\Algorithm\AIPlayerDesktop\data\蔡扬的\train\train_0006.json,166,1,True,7,1,7,0,T,-29.41489470565092,-30,11.675675675675677,0.0,1.0,11,0.0,130,12,deltaR
train_0006,C:\Users\tao20\Desktop\Algorithm\AIPlayerDesktop\data\蔡扬的\train\train_0006.json,166,2,False,8,1,8,0, ,-30.23489470565092,-30,11.675675675675677,0.0,1.0,12,0.0,130,12,deltaR
train_0006,C:\Users\tao20\Desktop\Algorithm\AIPlayerDesktop\data\蔡扬的\train\train_0006.json,166,3,False,1,9,1,8, ,-1e+18,0,0.0,0.0,1.0,19,0.0,160,0,pathLen
train_0006,C:\Users\tao20\Desktop\Algorithm\AIPlayerDesktop\data\蔡扬的\train\train_0006.json,166,4,False,3,3,3,2, ,-1e+18,0,0.0,0.0,1.0,31,0.0,160,0,pathLen
train_0006,C:\Users\tao20\Desktop\Algorithm\AIPlayerDesktop\data\蔡扬的\train\train_0006.json,167,1,True,7,1,7,0,T,-28.595383539988507,-30,11.675675675675677,0.0,1.0,10,0.0,130,12,deltaR
train_0006,C:\Users\tao20\Desktop\Algorithm\AIPlayerDesktop\data\蔡扬的\train\train_0006.json,167,2,False,8,1,8,0, ,-29.415383539988508,-30,11.675675675675677,0.0,1.0,11,0.0,130,12,deltaR
train_0006,C:\Users\tao20\Desktop\Algorithm\AIPlayerDesktop\data\蔡扬的\train\train_0006.json,167,3,False,1,9,1,8, ,-1e+18,0,0.0,0.0,1.0,20,0.0,160,0,pathLen
train_0006,C:\Users\tao20\Desktop\Algorithm\AIPlayerDesktop\data\蔡扬的\train\train_0006.json,167,4,False,3,3,3,2, ,-1e+18,0,0.0,0.0,1.0,32,0.0,160,0,pathLen
train_0006,C:\Users\tao20\Desktop\Algorithm\AIPlayerDesktop\data\蔡扬的\train\train_0006.json,168,1,True,7,1,7,0,T,-27.775774607458583,-30,11.675675675675677,0.0,1.0,9,0.0,130,12,deltaR
train_0006,C:\Users\tao20\Desktop\Algorithm\AIPlayerDesktop\data\蔡扬的\train\train_0006.json,168,2,False,8,1,8,0, ,-28.595774607458583,-30,11.675675675675677,0.0,1.0,10,0.0,130,12,deltaR
train_0006,C:\Users\tao20\Desktop\Algorithm\AIPlayerDesktop\data\蔡扬的\train\train_0006.json,168,3,False,1,9,1,8, ,-1e+18,0,0.0,0.0,1.0,21,0.0,160,0,pathLen
train_0006,C:\Users\tao20\Desktop\Algorithm\AIPlayerDesktop\data\蔡扬的\train\train_0006.json,168,4,False,3,3,3,2, ,-1e+18,0,0.0,0.0,1.0,33,0.0,160,0,pathLen
train_0006,C:\Users\tao20\Desktop\Algorithm\AIPlayerDesktop\data\蔡扬的\train\train_0006.json,169,1,True,7,1,7,0,T,-26.95608746143464,-30,11.675675675675677,0.0,1.0,8,0.0,130,12,deltaR
train_0006,C:\Users\tao20\Desktop\Algorithm\AIPlayerDesktop\data\蔡扬的\train\train_0006.json,169,2,False,8,1,8,0, ,-27.776087461434642,-30,11.675675675675677,0.0,1.0,9,0.0,130,12,deltaR
train_0006,C:\Users\tao20\Desktop\Algorithm\AIPlayerDesktop\data\蔡扬的\train\train_0006.json,169,3,False,1,9,1,8, ,-1e+18,0,0.0,0.0,1.0,22,0.0,160,0,pathLen
train_0006,C:\Users\tao20\Desktop\Algorithm\AIPlayerDesktop\data\蔡扬的\train\train_0006.json,169,4,False,3,3,3,2, ,-1e+18,0,0.0,0.0,1.0,34,0.0,160,0,pathLen
train_0006,C:\Users\tao20\Desktop\Algorithm\AIPlayerDesktop\data\蔡扬的\train\train_0006.json,170,1,True,7,1,7,0,T,-26.136337744615485,-30,11.675675675675677,0.0,1.0,7,0.0,130,12,deltaR
train_0006,C:\Users\tao20\Desktop\Algorithm\AIPlayerDesktop\data\蔡扬的\train\train_0006.json,170,2,False,8,1,8,0, ,-26.956337744615485,-30,11.675675675675677,0.0,1.0,8,0.0,130,12,deltaR
train_0006,C:\Users\tao20\Desktop\Algorithm\AIPlayerDesktop\data\蔡扬的\train\train_0006.json,170,3,False,1,9,1,8, ,-1e+18,0,0.0,0.0,1.0,23,0.0,160,0,pathLen
train_0006,C:\Users\tao20\Desktop\Algorithm\AIPlayerDesktop\data\蔡扬的\train\train_0006.json,170,4,False,3,3,3,2, ,-1e+18,0,0.0,0.0,1.0,35,0.0,160,0,pathLen
train_0006,C:\Users\tao20\Desktop\Algorithm\AIPlayerDesktop\data\蔡扬的\train\train_0006.json,171,1,True,7,1,7,0,T,-25.316537971160166,-30,11.675675675675677,0.0,1.0,6,0.0,130,12,deltaR
train_0006,C:\Users\tao20\Desktop\Algorithm\AIPlayerDesktop\data\蔡扬的\train\train_0006.json,171,2,False,8,1,8,0, ,-26.136537971160163,-30,11.675675675675677,0.0,1.0,7,0.0,130,12,deltaR
train_0006,C:\Users\tao20\Desktop\Algorithm\AIPlayerDesktop\data\蔡扬的\train\train_0006.json,171,3,False,1,9,1,8, ,-1e+18,0,0.0,0.0,1.0,24,0.0,160,0,pathLen
train_0006,C:\Users\tao20\Desktop\Algorithm\AIPlayerDesktop\data\蔡扬的\train\train_0006.json,171,4,False,3,3,3,2, ,-1e+18,0,0.0,0.0,1.0,36,0.0,160,0,pathLen
train_0006,C:\Users\tao20\Desktop\Algorithm\AIPlayerDesktop\data\蔡扬的\train\train_0006.json,172,1,True,7,1,7,0,T,-24.496698152395908,-30,11.675675675675677,0.0,1.0,5,0.0,130,12,deltaR
train_0006,C:\Users\tao20\Desktop\Algorithm\AIPlayerDesktop\data\蔡扬的\train\train_0006.json,172,2,False,8,1,8,0, ,-25.316698152395908,-30,11.675675675675677,0.0,1.0,6,0.0,130,12,deltaR
train_0006,C:\Users\tao20\Desktop\Algorithm\AIPlayerDesktop\data\蔡扬的\train\train_0006.json,172,3,False,1,9,1,8, ,-1e+18,0,0.0,0.0,1.0,25,0.0,160,0,pathLen
train_0006,C:\Users\tao20\Desktop\Algorithm\AIPlayerDesktop\data\蔡扬的\train\train_0006.json,172,4,False,3,3,3,2, ,-1e+18,0,0.0,0.0,1.0,37,0.0,160,0,pathLen
train_0006,C:\Users\tao20\Desktop\Algorithm\AIPlayerDesktop\data\蔡扬的\train\train_0006.json,173,1,True,7,1,7,0,T,-23.6768262973845,-30,11.675675675675677,0.0,1.0,4,0.0,130,12,deltaR
train_0006,C:\Users\tao20\Desktop\Algorithm\AIPlayerDesktop\data\蔡扬的\train\train_0006.json,173,2,False,8,1,8,0, ,-24.4968262973845,-30,11.675675675675677,0.0,1.0,5,0.0,130,12,deltaR
train_0006,C:\Users\tao20\Desktop\Algorithm\AIPlayerDesktop\data\蔡扬的\train\train_0006.json,173,3,False,1,9,1,8, ,-1e+18,0,0.0,0.0,1.0,26,0.0,160,0,pathLen
train_0006,C:\Users\tao20\Desktop\Algorithm\AIPlayerDesktop\data\蔡扬的\train\train_0006.json,173,4,False,3,3,3,2, ,-1e+18,0,0.0,0.0,1.0,38,0.0,160,0,pathLen
train_0006,C:\Users\tao20\Desktop\Algorithm\AIPlayerDesktop\data\蔡扬的\train\train_0006.json,174,1,True,7,1,7,0,T,-22.856928813375376,-30,11.675675675675677,0.0,1.0,3,0.0,130,12,deltaR
train_0006,C:\Users\tao20\Desktop\Algorithm\AIPlayerDesktop\data\蔡扬的\train\train_0006.json,174,2,False,8,1,8,0, ,-23.676928813375376,-30,11.675675675675677,0.0,1.0,4,0.0,130,12,deltaR
train_0006,C:\Users\tao20\Desktop\Algorithm\AIPlayerDesktop\data\蔡扬的\train\train_0006.json,174,3,False,1,9,1,8, ,-1e+18,0,0.0,0.0,1.0,27,0.0,160,0,pathLen
train_0006,C:\Users\tao20\Desktop\Algorithm\AIPlayerDesktop\data\蔡扬的\train\train_0006.json,174,4,False,3,3,3,2, ,-1e+18,0,0.0,0.0,1.0,39,0.0,160,0,pathLen
train_0006,C:\Users\tao20\Desktop\Algorithm\AIPlayerDesktop\data\蔡扬的\train\train_0006.json,175,1,True,7,1,7,0,T,-22.03701082616808,-30,11.675675675675677,0.0,1.0,2,0.0,130,12,deltaR
train_0006,C:\Users\tao20\Desktop\Algorithm\AIPlayerDesktop\data\蔡扬的\train\train_0006.json,175,2,False,8,1,8,0, ,-22.85701082616808,-30,11.675675675675677,0.0,1.0,3,0.0,130,12,deltaR
train_0006,C:\Users\tao20\Desktop\Algorithm\AIPlayerDesktop\data\蔡扬的\train\train_0006.json,175,3,False,1,9,1,8, ,-1e+18,0,0.0,0.0,1.0,28,0.0,160,0,pathLen
train_0006,C:\Users\tao20\Desktop\Algorithm\AIPlayerDesktop\data\蔡扬的\train\train_0006.json,175,4,False,3,3,3,2, ,-1e+18,0,0.0,0.0,1.0,40,0.0,160,0,pathLen
train_0006,C:\Users\tao20\Desktop\Algorithm\AIPlayerDesktop\data\蔡扬的\train\train_0006.json,176,1,True,7,1,7,0,T,-21.217076436402238,-30,11.675675675675677,0.0,1.0,1,0.0,130,12,deltaR
train_0006,C:\Users\tao20\Desktop\Algorithm\AIPlayerDesktop\data\蔡扬的\train\train_0006.json,176,2,False,8,1,8,0, ,-22.037076436402238,-30,11.675675675675677,0.0,1.0,2,0.0,130,12,deltaR
train_0006,C:\Users\tao20\Desktop\Algorithm\AIPlayerDesktop\data\蔡扬的\train\train_0006.json,176,3,False,1,9,1,8, ,-1e+18,0,0.0,0.0,1.0,29,0.0,160,0,pathLen
train_0006,C:\Users\tao20\Desktop\Algorithm\AIPlayerDesktop\data\蔡扬的\train\train_0006.json,176,4,False,3,3,3,2, ,-1e+18,0,0.0,0.0,1.0,41,0.0,160,0,pathLen
train_0006,C:\Users\tao20\Desktop\Algorithm\AIPlayerDesktop\data\蔡扬的\train\train_0006.json,177,1,True,8,1,8,0, ,8.667298336552472,0,11.550802139037437,0.0,1.0,1,0.0,130,12,Iproxy
train_0006,C:\Users\tao20\Desktop\Algorithm\AIPlayerDesktop\data\蔡扬的\train\train_0006.json,177,2,False,1,9,1,8, ,-1e+18,0,0.0,0.0,1.0,30,0.0,130,0,pathLen
train_0006,C:\Users\tao20\Desktop\Algorithm\AIPlayerDesktop\data\蔡扬的\train\train_0006.json,177,3,False,3,3,3,2, ,-1e+18,0,0.0,0.0,1.0,42,0.0,130,0,pathLen
train_0006,C:\Users\tao20\Desktop\Algorithm\AIPlayerDesktop\data\蔡扬的\train\train_0006.json,178,1,True,9,1,9,0,G,61.60164092033859,50,15.157894736842103,0.0,1.0,1,0.0,180,12,deltaR
train_0006,C:\Users\tao20\Desktop\Algorithm\AIPlayerDesktop\data\蔡扬的\train\train_0006.json,178,2,False,9,2,9,1, ,60.78164092033859,50,15.157894736842103,0.0,1.0,2,0.0,180,12,deltaR
train_0006,C:\Users\tao20\Desktop\Algorithm\AIPlayerDesktop\data\蔡扬的\train\train_0006.json,178,3,False,1,9,1,8, ,-23.556363636363635,0,0.0,1.5151515151515151,1.0,31,0.0,130,0,pathLen
train_0006,C:\Users\tao20\Desktop\Algorithm\AIPlayerDesktop\data\蔡扬的\train\train_0006.json,178,4,False,3,3,3,2, ,-33.89333333333333,0,0.0,1.1111111111111112,1.0,43,0.0,130,0,pathLen
train_0006,C:\Users\tao20\Desktop\Algorithm\AIPlayerDesktop\data\蔡扬的\train\train_0006.json,179,1,True,9,2,9,1, ,11.360977162203412,0,14.92227979274611,0.0,1.0,1,0.0,180,12,Iproxy
train_0006,C:\Users\tao20\Desktop\Algorithm\AIPlayerDesktop\data\蔡扬的\train\train_0006.json,179,2,False,10,1,10,0, ,11.360977162203412,0,14.92227979274611,0.0,1.0,1,0.0,180,12,Iproxy
train_0006,C:\Users\tao20\Desktop\Algorithm\AIPlayerDesktop\data\蔡扬的\train\train_0006.json,179,3,False,1,9,1,8, ,-1e+18,0,0.0,0.0,1.0,32,0.0,180,0,pathLen
train_0006,C:\Users\tao20\Desktop\Algorithm\AIPlayerDesktop\data\蔡扬的\train\train_0006.json,179,4,False,3,3,3,2, ,-1e+18,0,0.0,0.0,1.0,44,0.0,180,0,pathLen
train_0006,C:\Users\tao20\Desktop\Algorithm\AIPlayerDesktop\data\蔡扬的\train\train_0006.json,180,1,True,9,3,9,2, ,11.181668271121012,0,14.769230769230766,0.0,1.0,1,0.0,180,12,Iproxy
train_0006,C:\Users\tao20\Desktop\Algorithm\AIPlayerDesktop\data\蔡扬的\train\train_0006.json,180,2,False,10,1,10,0, ,10.361668271121012,0,14.769230769230766,0.0,1.0,2,0.0,180,12,Iproxy
train_0006,C:\Users\tao20\Desktop\Algorithm\AIPlayerDesktop\data\蔡扬的\train\train_0006.json,180,3,False,10,3,10,2, ,10.361668271121012,0,14.769230769230766,0.0,1.0,2,0.0,180,12,Iproxy
train_0006,C:\Users\tao20\Desktop\Algorithm\AIPlayerDesktop\data\蔡扬的\train\train_0006.json,180,4,False,1,9,1,8, ,-1e+18,0,0.0,0.0,1.0,33,0.0,180,0,pathLen
train_0006,C:\Users\tao20\Desktop\Algorithm\AIPlayerDesktop\data\蔡扬的\train\train_0006.json,180,5,False,3,3,3,2, ,-1e+18,0,0.0,0.0,1.0,45,0.0,180,0,pathLen
train_0006,C:\Users\tao20\Desktop\Algorithm\AIPlayerDesktop\data\蔡扬的\train\train_0006.json,181,1,True,9,4,9,3, ,11.000201177347163,0,14.61928934010153,0.0,1.0,1,0.0,180,12,Iproxy
train_0006,C:\Users\tao20\Desktop\Algorithm\AIPlayerDesktop\data\蔡扬的\train\train_0006.json,181,2,False,10,3,10,2, ,11.000201177347163,0,14.61928934010153,0.0,1.0,1,0.0,180,12,Iproxy
train_0006,C:\Users\tao20\Desktop\Algorithm\AIPlayerDesktop\data\蔡扬的\train\train_0006.json,181,3,False,10,1,10,0, ,9.360201177347165,0,14.61928934010153,0.0,1.0,3,0.0,180,12,Iproxy
train_0006,C:\Users\tao20\Desktop\Algorithm\AIPlayerDesktop\data\蔡扬的\train\train_0006.json,181,4,False,1,9,1,8, ,-1e+18,0,0.0,0.0,1.0,34,0.0,180,0,pathLen
train_0006,C:\Users\tao20\Desktop\Algorithm\AIPlayerDesktop\data\蔡扬的\train\train_0006.json,181,5,False,3,3,3,2, ,-1e+18,0,0.0,0.0,1.0,46,0.0,180,0,pathLen
train_0006,C:\Users\tao20\Desktop\Algorithm\AIPlayerDesktop\data\蔡扬的\train\train_0006.json,182,1,True,9,5,9,4, ,10.817758227980367,0,14.472361809045223,0.0,1.0,1,0.0,180,12,Iproxy
train_0006,C:\Users\tao20\Desktop\Algorithm\AIPlayerDesktop\data\蔡扬的\train\train_0006.json,182,2,False,10,3,10,2, ,9.997758227980366,0,14.472361809045223,0.0,1.0,2,0.0,180,12,Iproxy
train_0006,C:\Users\tao20\Desktop\Algorithm\AIPlayerDesktop\data\蔡扬的\train\train_0006.json,182,3,False,10,1,10,0, ,8.357758227980367,0,14.472361809045223,0.0,1.0,4,0.0,180,12,Iproxy
train_0006,C:\Users\tao20\Desktop\Algorithm\AIPlayerDesktop\data\蔡扬的\train\train_0006.json,182,4,False,1,9,1,8, ,-1e+18,0,0.0,0.0,1.0,35,0.0,180,0,pathLen
train_0006,C:\Users\tao20\Desktop\Algorithm\AIPlayerDesktop\data\蔡扬的\train\train_0006.json,182,5,False,3,3,3,2, ,-1e+18,0,0.0,0.0,1.0,47,0.0,180,0,pathLen
train_0006,C:\Users\tao20\Desktop\Algorithm\AIPlayerDesktop\data\蔡扬的\train\train_0006.json,183,1,True,10,3,10,2, ,8.995254348818332,0,14.328358208955224,0.0,1.0,3,0.0,180,12,Iproxy
train_0006,C:\Users\tao20\Desktop\Algorithm\AIPlayerDesktop\data\蔡扬的\train\train_0006.json,183,2,False,10,1,10,0, ,7.355254348818331,0,14.328358208955224,0.0,1.0,5,0.0,180,12,Iproxy
train_0006,C:\Users\tao20\Desktop\Algorithm\AIPlayerDesktop\data\蔡扬的\train\train_0006.json,183,3,False,1,9,1,8, ,-1e+18,0,0.0,0.0,1.0,36,0.0,180,0,pathLen
train_0006,C:\Users\tao20\Desktop\Algorithm\AIPlayerDesktop\data\蔡扬的\train\train_0006.json,183,4,False,3,3,3,2, ,-1e+18,0,0.0,0.0,1.0,48,0.0,180,0,pathLen
train_0006,C:\Users\tao20\Desktop\Algorithm\AIPlayerDesktop\data\蔡扬的\train\train_0006.json,184,1,True,10,3,10,2, ,9.761890116955211,0,14.328358208955224,0.0,1.0,2,0.0,180,12,Iproxy
train_0006,C:\Users\tao20\Desktop\Algorithm\AIPlayerDesktop\data\蔡扬的\train\train_0006.json,184,2,False,10,1,10,0, ,8.121890116955212,0,14.328358208955224,0.0,1.0,4,0.0,180,12,Iproxy
train_0006,C:\Users\tao20\Desktop\Algorithm\AIPlayerDesktop\data\蔡扬的\train\train_0006.json,184,3,False,1,9,1,8, ,-1e+18,0,0.0,0.0,1.0,35,0.0,180,0,pathLen
train_0006,C:\Users\tao20\Desktop\Algorithm\AIPlayerDesktop\data\蔡扬的\train\train_0006.json,184,4,False,3,3,3,2, ,-1e+18,0,0.0,0.0,1.0,47,0.0,180,0,pathLen
train_0006,C:\Users\tao20\Desktop\Algorithm\AIPlayerDesktop\data\蔡扬的\train\train_0006.json,185,1,True,10,3,10,2, ,10.539198731464712,0,14.328358208955224,0.0,1.0,1,0.0,180,12,Iproxy
train_0006,C:\Users\tao20\Desktop\Algorithm\AIPlayerDesktop\data\蔡扬的\train\train_0006.json,185,2,False,10,1,10,0, ,8.899198731464711,0,14.328358208955224,0.0,1.0,3,0.0,180,12,Iproxy
train_0006,C:\Users\tao20\Desktop\Algorithm\AIPlayerDesktop\data\蔡扬的\train\train_0006.json,185,3,False,1,9,1,8, ,-1e+18,0,0.0,0.0,1.0,34,0.0,180,0,pathLen
train_0006,C:\Users\tao20\Desktop\Algorithm\AIPlayerDesktop\data\蔡扬的\train\train_0006.json,185,4,False,3,3,3,2, ,-1e+18,0,0.0,0.0,1.0,46,0.0,180,0,pathLen
train_0006,C:\Users\tao20\Desktop\Algorithm\AIPlayerDesktop\data\蔡扬的\train\train_0006.json,186,1,True,11,3,11,2, ,10.314365663097364,0,14.117647058823533,0.0,1.0,1,0.0,180,12,Iproxy
train_0006,C:\Users\tao20\Desktop\Algorithm\AIPlayerDesktop\data\蔡扬的\train\train_0006.json,186,2,False,11,4,11,3, ,9.494365663097364,0,14.117647058823533,0.0,1.0,2,0.0,180,12,Iproxy
train_0006,C:\Users\tao20\Desktop\Algorithm\AIPlayerDesktop\data\蔡扬的\train\train_0006.json,186,3,False,10,1,10,0, ,7.854365663097365,0,14.117647058823533,0.0,1.0,4,0.0,180,12,Iproxy
train_0006,C:\Users\tao20\Desktop\Algorithm\AIPlayerDesktop\data\蔡扬的\train\train_0006.json,186,4,False,1,9,1,8, ,-1e+18,0,0.0,0.0,1.0,35,0.0,180,0,pathLen
train_0006,C:\Users\tao20\Desktop\Algorithm\AIPlayerDesktop\data\蔡扬的\train\train_0006.json,186,5,False,3,3,3,2, ,-1e+18,0,0.0,0.0,1.0,47,0.0,180,0,pathLen
train_0006,C:\Users\tao20\Desktop\Algorithm\AIPlayerDesktop\data\蔡扬的\train\train_0006.json,187,1,True,11,4,11,3, ,10.083593386744923,0,13.913043478260867,0.0,1.0,1,0.0,180,12,Iproxy
train_0006,C:\Users\tao20\Desktop\Algorithm\AIPlayerDesktop\data\蔡扬的\train\train_0006.json,187,2,False,10,1,10,0, ,6.803593386744923,0,13.913043478260867,0.0,1.0,5,0.0,180,12,Iproxy
train_0006,C:\Users\tao20\Desktop\Algorithm\AIPlayerDesktop\data\蔡扬的\train\train_0006.json,187,3,False,1,9,1,8, ,-1e+18,0,0.0,0.0,1.0,36,0.0,180,0,pathLen
train_0006,C:\Users\tao20\Desktop\Algorithm\AIPlayerDesktop\data\蔡扬的\train\train_0006.json,187,4,False,3,3,3,2, ,-1e+18,0,0.0,0.0,1.0,48,0.0,180,0,pathLen
train_0006,C:\Users\tao20\Desktop\Algorithm\AIPlayerDesktop\data\蔡扬的\train\train_0006.json,188,1,True,11,5,11,4, ,9.908483257980956,0,13.779904306220098,0.0,1.0,1,0.0,180,12,Iproxy
train_0006,C:\Users\tao20\Desktop\Algorithm\AIPlayerDesktop\data\蔡扬的\train\train_0006.json,188,2,False,12,5,12,4, ,9.088483257980956,0,13.779904306220098,0.0,1.0,2,0.0,180,12,Iproxy
train_0006,C:\Users\tao20\Desktop\Algorithm\AIPlayerDesktop\data\蔡扬的\train\train_0006.json,188,3,False,10,1,10,0, ,5.808483257980956,0,13.779904306220098,0.0,1.0,6,0.0,180,12,Iproxy
train_0006,C:\Users\tao20\Desktop\Algorithm\AIPlayerDesktop\data\蔡扬的\train\train_0006.json,188,4,False,1,9,1,8, ,-1e+18,0,0.0,0.0,1.0,37,0.0,180,0,pathLen
train_0006,C:\Users\tao20\Desktop\Algorithm\AIPlayerDesktop\data\蔡扬的\train\train_0006.json,188,5,False,3,3,3,2, ,-1e+18,0,0.0,0.0,1.0,49,0.0,180,0,pathLen
train_0006,C:\Users\tao20\Desktop\Algorithm\AIPlayerDesktop\data\蔡扬的\train\train_0006.json,189,1,True,11,6,11,5, ,9.735060336735343,0,13.649289099526067,0.0,1.0,1,0.0,180,12,Iproxy
train_0006,C:\Users\tao20\Desktop\Algorithm\AIPlayerDesktop\data\蔡扬的\train\train_0006.json,189,2,False,12,5,12,4, ,9.735060336735343,0,13.649289099526067,0.0,1.0,1,0.0,180,12,Iproxy
train_0006,C:\Users\tao20\Desktop\Algorithm\AIPlayerDesktop\data\蔡扬的\train\train_0006.json,189,3,False,10,1,10,0, ,4.8150603367353435,0,13.649289099526067,0.0,1.0,7,0.0,180,12,Iproxy
train_0006,C:\Users\tao20\Desktop\Algorithm\AIPlayerDesktop\data\蔡扬的\train\train_0006.json,189,4,False,1,9,1,8, ,-1e+18,0,0.0,0.0,1.0,38,0.0,180,0,pathLen
train_0006,C:\Users\tao20\Desktop\Algorithm\AIPlayerDesktop\data\蔡扬的\train\train_0006.json,189,5,False,3,3,3,2, ,-1e+18,0,0.0,0.0,1.0,50,0.0,180,0,pathLen
train_0006,C:\Users\tao20\Desktop\Algorithm\AIPlayerDesktop\data\蔡扬的\train\train_0006.json,190,1,True,12,5,12,4, ,8.687318620751986,0,13.457943925233643,0.0,1.0,2,0.0,180,12,Iproxy
train_0006,C:\Users\tao20\Desktop\Algorithm\AIPlayerDesktop\data\蔡扬的\train\train_0006.json,190,2,False,12,7,12,6, ,8.687318620751986,0,13.457943925233643,0.0,1.0,2,0.0,180,12,Iproxy
train_0006,C:\Users\tao20\Desktop\Algorithm\AIPlayerDesktop\data\蔡扬的\train\train_0006.json,190,3,False,10,1,10,0, ,3.767318620751987,0,13.457943925233643,0.0,1.0,8,0.0,180,12,Iproxy
train_0006,C:\Users\tao20\Desktop\Algorithm\AIPlayerDesktop\data\蔡扬的\train\train_0006.json,190,4,False,10,7,10,6, ,-0.7793901149373342,0,1.1214953271028036,0.0,1.0,2,0.0,180,1,pathLen
train_0006,C:\Users\tao20\Desktop\Algorithm\AIPlayerDesktop\data\蔡扬的\train\train_0006.json,190,5,False,1,9,1,8, ,-1e+18,0,0.0,0.0,1.0,39,0.0,180,0,pathLen
train_0006,C:\Users\tao20\Desktop\Algorithm\AIPlayerDesktop\data\蔡扬的\train\train_0006.json,190,6,False,3,3,3,2, ,-1e+18,0,0.0,0.0,1.0,51,0.0,180,0,pathLen
train_0006,C:\Users\tao20\Desktop\Algorithm\AIPlayerDesktop\data\蔡扬的\train\train_0006.json,190,7,False,11,7,11,6, ,-1e+18,0,0.0,0.0,1.0,1,0.0,180,0,pathLen
train_0006,C:\Users\tao20\Desktop\Algorithm\AIPlayerDesktop\data\蔡扬的\train\train_0006.json,191,1,True,12,5,12,4, ,9.443499756414674,0,13.457943925233643,0.0,1.0,1,0.0,180,12,Iproxy
train_0006,C:\Users\tao20\Desktop\Algorithm\AIPlayerDesktop\data\蔡扬的\train\train_0006.json,191,2,False,12,7,12,6, ,7.803499756414674,0,13.457943925233643,0.0,1.0,3,0.0,180,12,Iproxy
train_0006,C:\Users\tao20\Desktop\Algorithm\AIPlayerDesktop\data\蔡扬的\train\train_0006.json,191,3,False,10,1,10,0, ,4.523499756414675,0,13.457943925233643,0.0,1.0,7,0.0,180,12,Iproxy
train_0006,C:\Users\tao20\Desktop\Algorithm\AIPlayerDesktop\data\蔡扬的\train\train_0006.json,191,4,False,10,7,10,6, ,-1.6047083536321103,0,1.1214953271028036,0.0,1.0,3,0.0,180,1,pathLen
train_0006,C:\Users\tao20\Desktop\Algorithm\AIPlayerDesktop\data\蔡扬的\train\train_0006.json,191,5,False,1,9,1,8, ,-1e+18,0,0.0,0.0,1.0,38,0.0,180,0,pathLen
train_0006,C:\Users\tao20\Desktop\Algorithm\AIPlayerDesktop\data\蔡扬的\train\train_0006.json,191,6,False,3,3,3,2, ,-1e+18,0,0.0,0.0,1.0,50,0.0,180,0,pathLen
train_0006,C:\Users\tao20\Desktop\Algorithm\AIPlayerDesktop\data\蔡扬的\train\train_0006.json,191,7,False,11,7,11,6, ,-1e+18,0,0.0,0.0,1.0,2,0.0,180,0,pathLen
train_0006,C:\Users\tao20\Desktop\Algorithm\AIPlayerDesktop\data\蔡扬的\train\train_0006.json,192,1,True,13,5,13,4,G,61.750651681258496,50,16.589861751152075,0.0,1.0,1,0.0,230,12,deltaR
train_0006,C:\Users\tao20\Desktop\Algorithm\AIPlayerDesktop\data\蔡扬的\train\train_0006.json,192,2,False,13,4,13,3, ,60.930651681258496,50,16.589861751152075,0.0,1.0,2,0.0,230,12,deltaR
train_0006,C:\Users\tao20\Desktop\Algorithm\AIPlayerDesktop\data\蔡扬的\train\train_0006.json,192,3,False,12,7,12,6, ,19.540651681258495,0,16.589861751152075,8.333333333333334,1.0,4,0.0,180,12,Iproxy
train_0006,C:\Users\tao20\Desktop\Algorithm\AIPlayerDesktop\data\蔡扬的\train\train_0006.json,192,4,False,10,1,10,0, ,12.160651681258496,0,16.589861751152075,5.0,1.0,8,0.0,180,12,Iproxy
train_0006,C:\Users\tao20\Desktop\Algorithm\AIPlayerDesktop\data\蔡扬的\train\train_0006.json,192,5,False,11,7,11,6, ,9.84,0,0.0,10.0,1.0,3,0.0,180,0,tailGain
train_0006,C:\Users\tao20\Desktop\Algorithm\AIPlayerDesktop\data\蔡扬的\train\train_0006.json,192,6,False,10,7,10,6, ,8.017554306771542,0,1.3824884792626728,8.333333333333334,1.0,4,0.0,180,1,tailGain
train_0006,C:\Users\tao20\Desktop\Algorithm\AIPlayerDesktop\data\蔡扬的\train\train_0006.json,192,7,False,1,9,1,8, ,-30.479999999999997,0,0.0,1.2195121951219512,1.0,39,0.0,180,0,pathLen
train_0006,C:\Users\tao20\Desktop\Algorithm\AIPlayerDesktop\data\蔡扬的\train\train_0006.json,192,8,False,3,3,3,2, ,-40.659622641509436,0,0.0,0.9433962264150944,1.0,51,0.0,180,0,pathLen
train_0006,C:\Users\tao20\Desktop\Algorithm\AIPlayerDesktop\data\蔡扬的\train\train_0006.json,193,1,True,13,4,13,3, ,11.334415695476308,0,16.363636363636363,0.0,1.1855670041981083,1,0.0,230,12,Iproxy
train_0006,C:\Users\tao20\Desktop\Algorithm\AIPlayerDesktop\data\蔡扬的\train\train_0006.json,193,2,False,12,7,12,6, ,7.445755921706513,0,16.363636363636363,0.0,1.1855670041981083,5,0.0,230,12,Iproxy
train_0006,C:\Users\tao20\Desktop\Algorithm\AIPlayerDesktop\data\蔡扬的\train\train_0006.json,193,3,False,10,1,10,0, ,3.5570961479367185,0,16.363636363636363,0.0,1.1855670041981083,9,0.0,230,12,Iproxy
train_0006,C:\Users\tao20\Desktop\Algorithm\AIPlayerDesktop\data\蔡扬的\train\train_0006.json,193,4,False,10,7,10,6, ,-3.8352763306356805,0,1.3636363636363635,0.0,1.1855670041981083,5,0.0,230,1,pathLen
train_0006,C:\Users\tao20\Desktop\Algorithm\AIPlayerDesktop\data\蔡扬的\train\train_0006.json,193,5,False,1,9,1,8, ,-1e+18,0,0.0,0.0,1.1855670041981083,40,0.0,230,0,pathLen
train_0006,C:\Users\tao20\Desktop\Algorithm\AIPlayerDesktop\data\蔡扬的\train\train_0006.json,193,6,False,3,3,3,2, ,-1e+18,0,0.0,0.0,1.1855670041981083,52,0.0,230,0,pathLen
train_0006,C:\Users\tao20\Desktop\Algorithm\AIPlayerDesktop\data\蔡扬的\train\train_0006.json,193,7,False,11,7,11,6, ,-1e+18,0,0.0,0.0,1.1855670041981083,4,0.0,230,0,pathLen
train_0006,C:\Users\tao20\Desktop\Algorithm\AIPlayerDesktop\data\蔡扬的\train\train_0006.json,194,1,True,13,3,13,2, ,11.14606730629261,0,16.216216216216218,0.0,1.1675126844288697,1,0.0,230,12,Iproxy
train_0006,C:\Users\tao20\Desktop\Algorithm\AIPlayerDesktop\data\蔡扬的\train\train_0006.json,194,2,False,12,7,12,6, ,6.359265300134244,0,16.216216216216218,0.0,1.1675126844288697,6,0.0,230,12,Iproxy
train_0006,C:\Users\tao20\Desktop\Algorithm\AIPlayerDesktop\data\蔡扬的\train\train_0006.json,194,3,False,10,1,10,0, ,2.5298236952075523,0,16.216216216216218,0.0,1.1675126844288697,10,0.0,230,12,Iproxy
train_0006,C:\Users\tao20\Desktop\Algorithm\AIPlayerDesktop\data\蔡扬的\train\train_0006.json,194,4,False,10,7,10,6, ,-4.7355434317630145,0,1.3513513513513515,0.0,1.1675126844288697,6,0.0,230,1,pathLen
train_0006,C:\Users\tao20\Desktop\Algorithm\AIPlayerDesktop\data\蔡扬的\train\train_0006.json,194,5,False,1,9,1,8, ,-1e+18,0,0.0,0.0,1.1675126844288697,41,0.0,230,0,pathLen
train_0006,C:\Users\tao20\Desktop\Algorithm\AIPlayerDesktop\data\蔡扬的\train\train_0006.json,194,6,False,3,3,3,2, ,-1e+18,0,0.0,0.0,1.1675126844288697,53,0.0,230,0,pathLen
train_0006,C:\Users\tao20\Desktop\Algorithm\AIPlayerDesktop\data\蔡扬的\train\train_0006.json,194,7,False,11,7,11,6, ,-1e+18,0,0.0,0.0,1.1675126844288697,5,0.0,230,0,pathLen
train_0006,C:\Users\tao20\Desktop\Algorithm\AIPlayerDesktop\data\蔡扬的\train\train_0006.json,195,1,False,12,7,12,6, ,5.201988524566189,0,16.07142857142857,0.0,1.1675126844288697,7,0.0,230,12,Iproxy
train_0006,C:\Users\tao20\Desktop\Algorithm\AIPlayerDesktop\data\蔡扬的\train\train_0006.json,195,2,False,10,1,10,0, ,1.3725469196394968,0,16.07142857142857,0.0,1.1675126844288697,11,0.0,230,12,Iproxy
train_0006,C:\Users\tao20\Desktop\Algorithm\AIPlayerDesktop\data\蔡扬的\train\train_0006.json,195,3,False,10,7,10,6, ,-5.7095635308560535,0,1.3392857142857142,0.0,1.1675126844288697,7,0.0,230,1,pathLen
train_0006,C:\Users\tao20\Desktop\Algorithm\AIPlayerDesktop\data\蔡扬的\train\train_0006.json,195,4,False,1,9,1,8, ,-1e+18,0,0.0,0.0,1.1675126844288697,42,0.0,230,0,pathLen
train_0006,C:\Users\tao20\Desktop\Algorithm\AIPlayerDesktop\data\蔡扬的\train\train_0006.json,195,5,False,3,3,3,2, ,-1e+18,0,0.0,0.0,1.1675126844288697,54,0.0,230,0,pathLen
train_0006,C:\Users\tao20\Desktop\Algorithm\AIPlayerDesktop\data\蔡扬的\train\train_0006.json,195,6,False,11,7,11,6, ,-1e+18,0,0.0,0.0,1.1675126844288697,6,0.0,230,0,pathLen
