case_id,maze_file,step,rank,selected,real_r,real_c,local_r,local_c,tile,score,deltaR,Iproxy,tailGain,qEff,pathLen,margin,projectedR,unknownCompSum,dominant_term
train_0152,C:\Users\tao20\Desktop\Algorithm\AIPlayerDesktop\data\蔡扬的\train\train_0152.json,0,1,True,1,1,1,0, ,5.736266666666669,0,18.000000000000004,0.0,1.0,1,8.0,0,12,Iproxy
train_0152,C:\Users\tao20\Desktop\Algorithm\AIPlayerDesktop\data\蔡扬的\train\train_0152.json,0,2,False,1,2,1,1, ,4.916266666666669,0,18.000000000000004,0.0,1.0,2,8.0,0,12,Iproxy
train_0152,C:\Users\tao20\Desktop\Algorithm\AIPlayerDesktop\data\蔡扬的\train\train_0152.json,1,1,True,1,2,1,1, ,4.789948070175434,0,15.157894736842103,0.0,1.0,1,8.0,0,12,Iproxy
train_0152,C:\Users\tao20\Desktop\Algorithm\AIPlayerDesktop\data\蔡扬的\train\train_0152.json,1,2,False,2,1,2,0, ,4.789948070175434,0,15.157894736842103,0.0,1.0,1,8.0,0,12,Iproxy
train_0152,C:\Users\tao20\Desktop\Algorithm\AIPlayerDesktop\data\蔡扬的\train\train_0152.json,2,1,True,1,3,1,2, ,3.884182303030302,0,13.090909090909092,0.0,1.0,1,8.0,0,12,Iproxy
train_0152,C:\Users\tao20\Desktop\Algorithm\AIPlayerDesktop\data\蔡扬的\train\train_0152.json,2,2,False,2,1,2,0, ,3.064182303030302,0,13.090909090909092,0.0,1.0,2,8.0,0,12,Iproxy
train_0152,C:\Users\tao20\Desktop\Algorithm\AIPlayerDesktop\data\蔡扬的\train\train_0152.json,3,1,True,1,4,1,3,G,90.88068741688889,50,40.31999999999999,0.0,1.0,1,0.0,50,12,deltaR
train_0152,C:\Users\tao20\Desktop\Algorithm\AIPlayerDesktop\data\蔡扬的\train\train_0152.json,3,2,False,2,1,2,0, ,43.54068741688888,0,40.31999999999999,10.0,1.0,3,8.0,0,12,Iproxy
train_0152,C:\Users\tao20\Desktop\Algorithm\AIPlayerDesktop\data\蔡扬的\train\train_0152.json,4,1,True,1,5,1,4, ,30.853086937777448,0,36.00000000000001,0.0,9.9999980000004,1,0.0,50,12,Iproxy
train_0152,C:\Users\tao20\Desktop\Algorithm\AIPlayerDesktop\data\蔡扬的\train\train_0152.json,4,2,False,2,5,2,4, ,22.653088577777122,0,36.00000000000001,0.0,9.9999980000004,2,0.0,50,12,Iproxy
train_0152,C:\Users\tao20\Desktop\Algorithm\AIPlayerDesktop\data\蔡扬的\train\train_0152.json,4,3,False,2,1,2,0, ,6.253091857776468,0,36.00000000000001,0.0,9.9999980000004,4,0.0,50,12,pathLen
train_0152,C:\Users\tao20\Desktop\Algorithm\AIPlayerDesktop\data\蔡扬的\train\train_0152.json,5,1,True,1,6,1,5, ,29.732397475269284,0,32.516129032258064,0.0,8.333331944444677,1,0.0,50,12,Iproxy
train_0152,C:\Users\tao20\Desktop\Algorithm\AIPlayerDesktop\data\蔡扬的\train\train_0152.json,5,2,False,2,5,2,4, ,29.732397475269284,0,32.516129032258064,0.0,8.333331944444677,1,0.0,50,12,Iproxy
train_0152,C:\Users\tao20\Desktop\Algorithm\AIPlayerDesktop\data\蔡扬的\train\train_0152.json,5,3,False,2,1,2,0, ,2.3990686974907476,0,32.516129032258064,0.0,8.333331944444677,5,0.0,50,12,pathLen
train_0152,C:\Users\tao20\Desktop\Algorithm\AIPlayerDesktop\data\蔡扬的\train\train_0152.json,6,1,True,1,7,1,6, ,28.39760981710853,0,29.647058823529406,0.0,7.142856122449126,1,0.0,50,12,Iproxy
train_0152,C:\Users\tao20\Desktop\Algorithm\AIPlayerDesktop\data\蔡扬的\train\train_0152.json,6,2,False,2,5,2,4, ,22.54046779670025,0,29.647058823529406,0.0,7.142856122449126,2,0.0,50,12,Iproxy
train_0152,C:\Users\tao20\Desktop\Algorithm\AIPlayerDesktop\data\蔡扬的\train\train_0152.json,6,3,False,2,1,2,0, ,-0.8881002849328823,0,29.647058823529406,0.0,7.142856122449126,6,0.0,50,12,pathLen
train_0152,C:\Users\tao20\Desktop\Algorithm\AIPlayerDesktop\data\蔡扬的\train\train_0152.json,7,1,True,1,8,1,7, ,26.99649471494081,0,27.24324324324324,0.0,6.249999218750098,1,0.0,50,12,Iproxy
train_0152,C:\Users\tao20\Desktop\Algorithm\AIPlayerDesktop\data\蔡扬的\train\train_0152.json,7,2,False,2,5,2,4, ,16.746495996190653,0,27.24324324324324,0.0,6.249999218750098,3,0.0,50,12,Iproxy
train_0152,C:\Users\tao20\Desktop\Algorithm\AIPlayerDesktop\data\蔡扬的\train\train_0152.json,7,3,False,2,1,2,0, ,-3.753501441309666,0,27.24324324324324,0.0,6.249999218750098,7,0.0,50,12,pathLen
train_0152,C:\Users\tao20\Desktop\Algorithm\AIPlayerDesktop\data\蔡扬的\train\train_0152.json,8,1,True,2,5,2,4, ,-1.1816715344177666,0,14.399999999999999,0.0,5.555554938271674,4,0.0,50,12,pathLen
train_0152,C:\Users\tao20\Desktop\Algorithm\AIPlayerDesktop\data\蔡扬的\train\train_0152.json,8,2,False,1,9,1,8,T,-18.40389527515834,-30,14.399999999999999,0.0,5.555554938271674,1,0.8888888888888888,20,12,deltaR
train_0152,C:\Users\tao20\Desktop\Algorithm\AIPlayerDesktop\data\蔡扬的\train\train_0152.json,8,3,False,2,1,2,0, ,-19.403891731948853,0,14.399999999999999,0.0,5.555554938271674,8,0.0,50,12,pathLen
train_0152,C:\Users\tao20\Desktop\Algorithm\AIPlayerDesktop\data\蔡扬的\train\train_0152.json,8,4,False,2,9,2,8, ,-22.959450324541113,-30,14.399999999999999,0.0,5.555554938271674,2,0.8888888888888888,20,12,deltaR
train_0152,C:\Users\tao20\Desktop\Algorithm\AIPlayerDesktop\data\蔡扬的\train\train_0152.json,9,1,True,2,5,2,4, ,4.790185615035988,0,14.399999999999999,0.0,4.99999950000005,3,0.0,50,12,pathLen
train_0152,C:\Users\tao20\Desktop\Algorithm\AIPlayerDesktop\data\蔡扬的\train\train_0152.json,9,2,False,2,1,2,0, ,-11.609812744964177,0,14.399999999999999,0.0,4.99999950000005,7,0.0,50,12,pathLen
train_0152,C:\Users\tao20\Desktop\Algorithm\AIPlayerDesktop\data\蔡扬的\train\train_0152.json,9,3,False,1,9,1,8,T,-21.998703683852863,-30,14.399999999999999,0.0,4.99999950000005,2,0.8888888888888888,20,12,deltaR
train_0152,C:\Users\tao20\Desktop\Algorithm\AIPlayerDesktop\data\蔡扬的\train\train_0152.json,9,4,False,2,9,2,8, ,-26.0987032738529,-30,14.399999999999999,0.0,4.99999950000005,3,0.8888888888888888,20,12,deltaR
train_0152,C:\Users\tao20\Desktop\Algorithm\AIPlayerDesktop\data\蔡扬的\train\train_0152.json,10,1,True,2,5,2,4, ,9.675348185714778,0,14.399999999999999,0.0,4.545454132231443,2,0.0,50,12,Iproxy
train_0152,C:\Users\tao20\Desktop\Algorithm\AIPlayerDesktop\data\蔡扬的\train\train_0152.json,10,2,False,2,1,2,0, ,-5.2337413680043525,0,14.399999999999999,0.0,4.545454132231443,6,0.0,50,12,pathLen
train_0152,C:\Users\tao20\Desktop\Algorithm\AIPlayerDesktop\data\蔡扬的\train\train_0152.json,10,3,False,1,9,1,8,T,-24.940813091603893,-30,14.399999999999999,0.0,4.545454132231443,3,0.8888888888888888,20,12,deltaR
train_0152,C:\Users\tao20\Desktop\Algorithm\AIPlayerDesktop\data\蔡扬的\train\train_0152.json,10,4,False,2,9,2,8, ,-28.668085480033678,-30,14.399999999999999,0.0,4.545454132231443,4,0.8888888888888888,20,12,deltaR
train_0152,C:\Users\tao20\Desktop\Algorithm\AIPlayerDesktop\data\蔡扬的\train\train_0152.json,11,1,True,2,5,2,4, ,13.74499344266046,0,14.399999999999999,0.0,4.166666319444474,1,0.0,50,12,Iproxy
train_0152,C:\Users\tao20\Desktop\Algorithm\AIPlayerDesktop\data\蔡扬的\train\train_0152.json,11,2,False,2,1,2,0, ,0.07832791488258906,0,14.399999999999999,0.0,4.166666319444474,5,0.0,50,12,pathLen
train_0152,C:\Users\tao20\Desktop\Algorithm\AIPlayerDesktop\data\蔡扬的\train\train_0152.json,11,3,False,1,9,1,8,T,-27.393894592061834,-30,14.399999999999999,0.0,4.166666319444474,4,0.8888888888888888,20,12,deltaR
train_0152,C:\Users\tao20\Desktop\Algorithm\AIPlayerDesktop\data\蔡扬的\train\train_0152.json,11,4,False,2,9,2,8, ,-30.8105609740063,-30,14.399999999999999,0.0,4.166666319444474,5,0.8888888888888888,20,12,deltaR
train_0152,C:\Users\tao20\Desktop\Algorithm\AIPlayerDesktop\data\蔡扬的\train\train_0152.json,12,1,True,3,5,3,4, ,12.829389504989852,0,13.395348837209305,0.0,3.846153550295881,1,0.0,50,12,Iproxy
train_0152,C:\Users\tao20\Desktop\Algorithm\AIPlayerDesktop\data\蔡扬的\train\train_0152.json,12,2,False,3,6,3,5, ,9.675543593747228,0,13.395348837209305,0.0,3.846153550295881,2,0.0,50,12,Iproxy
train_0152,C:\Users\tao20\Desktop\Algorithm\AIPlayerDesktop\data\蔡扬的\train\train_0152.json,12,3,False,2,1,2,0, ,-2.9398400512232588,0,13.395348837209305,0.0,3.846153550295881,6,0.0,50,12,pathLen
train_0152,C:\Users\tao20\Desktop\Algorithm\AIPlayerDesktop\data\蔡扬的\train\train_0152.json,12,4,False,1,9,1,8,T,-30.674883028869527,-30,13.395348837209305,0.0,3.846153550295881,5,0.8888888888888888,20,12,deltaR
train_0152,C:\Users\tao20\Desktop\Algorithm\AIPlayerDesktop\data\蔡扬的\train\train_0152.json,12,5,False,2,9,2,8, ,-33.82872894011214,-30,13.395348837209305,0.0,3.846153550295881,6,0.8888888888888888,20,12,deltaR
train_0152,C:\Users\tao20\Desktop\Algorithm\AIPlayerDesktop\data\蔡扬的\train\train_0152.json,13,1,True,3,6,3,5, ,12.01970987449042,0,12.52173913043478,0.0,3.571428316326549,1,0.0,50,12,Iproxy
train_0152,C:\Users\tao20\Desktop\Algorithm\AIPlayerDesktop\data\蔡扬的\train\train_0152.json,13,2,False,2,1,2,0, ,-5.5517174418362,0,12.52173913043478,0.0,3.571428316326549,7,0.0,50,12,pathLen
train_0152,C:\Users\tao20\Desktop\Algorithm\AIPlayerDesktop\data\蔡扬的\train\train_0152.json,13,3,False,1,9,1,8,T,-33.51203511133731,-30,12.52173913043478,0.0,3.571428316326549,6,0.8888888888888888,20,12,deltaR
train_0152,C:\Users\tao20\Desktop\Algorithm\AIPlayerDesktop\data\蔡扬的\train\train_0152.json,13,4,False,2,9,2,8, ,-36.44060633072509,-30,12.52173913043478,0.0,3.571428316326549,7,0.8888888888888888,20,12,deltaR
train_0152,C:\Users\tao20\Desktop\Algorithm\AIPlayerDesktop\data\蔡扬的\train\train_0152.json,14,1,True,3,7,3,6, ,11.59249261060574,0,11.999999999999995,0.0,3.333333111111126,1,0.0,50,12,Iproxy
train_0152,C:\Users\tao20\Desktop\Algorithm\AIPlayerDesktop\data\蔡扬的\train\train_0152.json,14,2,False,4,7,4,6, ,8.859159459494617,0,11.999999999999995,0.0,3.333333111111126,2,0.0,50,12,Iproxy
train_0152,C:\Users\tao20\Desktop\Algorithm\AIPlayerDesktop\data\蔡扬的\train\train_0152.json,14,3,False,2,1,2,0, ,-7.540839447172122,0,11.999999999999995,0.0,3.333333111111126,8,0.0,50,12,pathLen
train_0152,C:\Users\tao20\Desktop\Algorithm\AIPlayerDesktop\data\蔡扬的\train\train_0152.json,14,4,False,1,9,1,8,T,-35.696395184949886,-30,11.999999999999995,0.0,3.333333111111126,7,0.8888888888888888,20,12,deltaR
train_0152,C:\Users\tao20\Desktop\Algorithm\AIPlayerDesktop\data\蔡扬的\train\train_0152.json,14,5,False,2,9,2,8, ,-38.429728336061004,-30,11.999999999999995,0.0,3.333333111111126,8,0.8888888888888888,20,12,deltaR
train_0152,C:\Users\tao20\Desktop\Algorithm\AIPlayerDesktop\data\蔡扬的\train\train_0152.json,15,1,True,4,7,4,6, ,11.184812863673315,0,11.52,0.0,3.124999804687512,1,0.0,50,12,Iproxy
train_0152,C:\Users\tao20\Desktop\Algorithm\AIPlayerDesktop\data\蔡扬的\train\train_0152.json,15,2,False,2,1,2,0, ,-9.315185855076763,0,11.52,0.0,3.124999804687512,9,0.0,50,12,pathLen
train_0152,C:\Users\tao20\Desktop\Algorithm\AIPlayerDesktop\data\蔡扬的\train\train_0152.json,15,3,False,1,9,1,8,T,-37.64157490412189,-30,11.52,0.0,3.124999804687512,8,0.8888888888888888,20,12,deltaR
train_0152,C:\Users\tao20\Desktop\Algorithm\AIPlayerDesktop\data\蔡扬的\train\train_0152.json,15,4,False,2,9,2,8, ,-40.20407474396565,-30,11.52,0.0,3.124999804687512,9,0.8888888888888888,20,12,deltaR
train_0152,C:\Users\tao20\Desktop\Algorithm\AIPlayerDesktop\data\蔡扬的\train\train_0152.json,16,1,True,5,7,5,6, ,10.544022051020557,0,10.867924528301888,0.0,2.9411762975778646,1,0.0,50,12,Iproxy
train_0152,C:\Users\tao20\Desktop\Algorithm\AIPlayerDesktop\data\蔡扬的\train\train_0152.json,16,2,False,2,1,2,0, ,-11.161859025104082,0,10.867924528301888,0.0,2.9411762975778646,10,0.0,50,12,pathLen
train_0152,C:\Users\tao20\Desktop\Algorithm\AIPlayerDesktop\data\蔡扬的\train\train_0152.json,16,3,False,1,9,1,8,T,-39.63898334997912,-30,10.867924528301888,0.0,2.9411762975778646,9,0.8888888888888888,20,12,deltaR
train_0152,C:\Users\tao20\Desktop\Algorithm\AIPlayerDesktop\data\蔡扬的\train\train_0152.json,16,4,False,2,9,2,8, ,-42.050747913992964,-30,10.867924528301888,0.0,2.9411762975778646,10,0.8888888888888888,20,12,deltaR
train_0152,C:\Users\tao20\Desktop\Algorithm\AIPlayerDesktop\data\蔡扬的\train\train_0152.json,17,1,True,6,7,6,6, ,9.964030309672426,0,10.285714285714285,0.0,2.7777776234567986,1,0.0,50,12,Iproxy
train_0152,C:\Users\tao20\Desktop\Algorithm\AIPlayerDesktop\data\蔡扬的\train\train_0152.json,17,2,False,2,1,2,0, ,-12.813746202673322,0,10.285714285714285,0.0,2.7777776234567986,11,0.0,50,12,pathLen
train_0152,C:\Users\tao20\Desktop\Algorithm\AIPlayerDesktop\data\蔡扬的\train\train_0152.json,17,3,False,1,9,1,8,T,-41.42485744032763,-30,10.285714285714285,0.0,2.7777776234567986,10,0.8888888888888888,20,12,deltaR
train_0152,C:\Users\tao20\Desktop\Algorithm\AIPlayerDesktop\data\蔡扬的\train\train_0152.json,17,4,False,2,9,2,8, ,-43.70263509156221,-30,10.285714285714285,0.0,2.7777776234567986,11,0.8888888888888888,20,12,pathLen
train_0152,C:\Users\tao20\Desktop\Algorithm\AIPlayerDesktop\data\蔡扬的\train\train_0152.json,18,1,True,7,7,7,6, ,9.436180272847498,0,9.762711864406779,0.0,2.631578808864273,1,0.0,50,12,Iproxy
train_0152,C:\Users\tao20\Desktop\Algorithm\AIPlayerDesktop\data\蔡扬的\train\train_0152.json,18,2,False,7,8,7,7, ,7.278285649578795,0,9.762711864406779,0.0,2.631578808864273,2,0.0,50,12,Iproxy
train_0152,C:\Users\tao20\Desktop\Algorithm\AIPlayerDesktop\data\蔡扬的\train\train_0152.json,18,3,False,2,1,2,0, ,-14.300660583108245,0,9.762711864406779,0.0,2.631578808864273,12,0.0,50,12,pathLen
train_0152,C:\Users\tao20\Desktop\Algorithm\AIPlayerDesktop\data\蔡扬的\train\train_0152.json,18,4,False,1,9,1,8,T,-43.03165484872842,-30,9.762711864406779,0.0,2.631578808864273,11,0.8888888888888888,20,12,deltaR
train_0152,C:\Users\tao20\Desktop\Algorithm\AIPlayerDesktop\data\蔡扬的\train\train_0152.json,18,5,False,2,9,2,8, ,-45.189549471997125,-30,9.762711864406779,0.0,2.631578808864273,12,0.8888888888888888,20,12,pathLen
train_0152,C:\Users\tao20\Desktop\Algorithm\AIPlayerDesktop\data\蔡扬的\train\train_0152.json,19,1,True,7,8,7,7, ,8.953483122143492,0,9.29032258064516,0.0,2.499999875000006,1,0.0,50,12,Iproxy
train_0152,C:\Users\tao20\Desktop\Algorithm\AIPlayerDesktop\data\蔡扬的\train\train_0152.json,19,2,False,8,7,8,6, ,8.953483122143492,0,9.29032258064516,0.0,2.499999875000006,1,0.0,50,12,Iproxy
train_0152,C:\Users\tao20\Desktop\Algorithm\AIPlayerDesktop\data\蔡扬的\train\train_0152.json,19,3,False,2,1,2,0, ,-15.646515647856564,0,9.29032258064516,0.0,2.499999875000006,13,0.0,50,12,pathLen
train_0152,C:\Users\tao20\Desktop\Algorithm\AIPlayerDesktop\data\蔡扬的\train\train_0152.json,19,4,False,1,9,1,8,T,-44.485404639245445,-30,9.29032258064516,0.0,2.499999875000006,12,0.8888888888888888,20,12,deltaR
train_0152,C:\Users\tao20\Desktop\Algorithm\AIPlayerDesktop\data\蔡扬的\train\train_0152.json,19,5,False,2,9,2,8, ,-46.535404536745446,-30,9.29032258064516,0.0,2.499999875000006,13,0.8888888888888888,20,12,pathLen
train_0152,C:\Users\tao20\Desktop\Algorithm\AIPlayerDesktop\data\蔡扬的\train\train_0152.json,20,1,True,7,9,7,8, ,0.6460976780747532,0,2.2153846153846173,0.0,2.3809522675737016,1,0.0,50,12,pathLen
train_0152,C:\Users\tao20\Desktop\Algorithm\AIPlayerDesktop\data\蔡扬的\train\train_0152.json,20,2,False,6,9,6,8, ,-1.306283181335682,0,2.2153846153846173,0.0,2.3809522675737016,2,0.0,50,12,pathLen
train_0152,C:\Users\tao20\Desktop\Algorithm\AIPlayerDesktop\data\蔡扬的\train\train_0152.json,20,3,False,8,7,8,6, ,-1.306283181335682,0,2.2153846153846173,0.0,2.3809522675737016,2,0.0,50,12,pathLen
train_0152,C:\Users\tao20\Desktop\Algorithm\AIPlayerDesktop\data\蔡扬的\train\train_0152.json,20,4,False,2,1,2,0, ,-24.734853494260904,0,2.2153846153846173,0.0,2.3809522675737016,14,0.0,50,12,pathLen
train_0152,C:\Users\tao20\Desktop\Algorithm\AIPlayerDesktop\data\蔡扬的\train\train_0152.json,20,5,False,8,9,8,8,T,-32.19517207022457,-30,2.2153846153846173,0.0,2.3809522675737016,2,0.8888888888888888,20,12,deltaR
train_0152,C:\Users\tao20\Desktop\Algorithm\AIPlayerDesktop\data\蔡扬的\train\train_0152.json,20,6,False,1,9,1,8,T,-53.67136152373936,-30,2.2153846153846173,0.0,2.3809522675737016,13,0.8888888888888888,20,12,pathLen
train_0152,C:\Users\tao20\Desktop\Algorithm\AIPlayerDesktop\data\蔡扬的\train\train_0152.json,20,7,False,2,9,2,8, ,-55.62374238314979,-30,2.2153846153846173,0.0,2.3809522675737016,14,0.8888888888888888,20,12,pathLen
train_0152,C:\Users\tao20\Desktop\Algorithm\AIPlayerDesktop\data\蔡扬的\train\train_0152.json,21,1,True,6,9,6,8, ,0.5988746535550951,0,2.1176470588235254,0.0,2.272727169421492,1,0.0,50,12,pathLen
train_0152,C:\Users\tao20\Desktop\Algorithm\AIPlayerDesktop\data\蔡扬的\train\train_0152.json,21,2,False,7,10,7,9, ,0.5988746535550951,0,2.1176470588235254,0.0,2.272727169421492,1,0.0,50,12,pathLen
train_0152,C:\Users\tao20\Desktop\Algorithm\AIPlayerDesktop\data\蔡扬的\train\train_0152.json,21,3,False,8,7,8,6, ,-3.1283979042961514,0,2.1176470588235254,0.0,2.272727169421492,3,0.0,50,12,pathLen
train_0152,C:\Users\tao20\Desktop\Algorithm\AIPlayerDesktop\data\蔡扬的\train\train_0152.json,21,4,False,2,1,2,0, ,-25.492033251403633,0,2.1176470588235254,0.0,2.272727169421492,15,0.0,50,12,pathLen
train_0152,C:\Users\tao20\Desktop\Algorithm\AIPlayerDesktop\data\蔡扬的\train\train_0152.json,21,5,False,8,9,8,8,T,-30.290014235333793,-30,2.1176470588235254,0.0,2.272727169421492,1,0.8888888888888888,20,12,deltaR
train_0152,C:\Users\tao20\Desktop\Algorithm\AIPlayerDesktop\data\蔡扬的\train\train_0152.json,21,6,False,1,9,1,8,T,-54.517285861366894,-30,2.1176470588235254,0.0,2.272727169421492,14,0.8888888888888888,20,12,pathLen
train_0152,C:\Users\tao20\Desktop\Algorithm\AIPlayerDesktop\data\蔡扬的\train\train_0152.json,21,7,False,2,9,2,8, ,-56.38092214029252,-30,2.1176470588235254,0.0,2.272727169421492,15,0.8888888888888888,20,12,pathLen
train_0152,C:\Users\tao20\Desktop\Algorithm\AIPlayerDesktop\data\蔡扬的\train\train_0152.json,22,1,True,5,9,5,8,G,62.48574912536567,50,12.342857142857142,0.0,2.1739129489603064,1,0.0,100,12,deltaR
train_0152,C:\Users\tao20\Desktop\Algorithm\AIPlayerDesktop\data\蔡扬的\train\train_0152.json,22,2,False,7,10,7,9, ,26.07814050721822,0,12.342857142857142,12.5,2.1739129489603064,2,0.0,50,12,tailGain
train_0152,C:\Users\tao20\Desktop\Algorithm\AIPlayerDesktop\data\蔡扬的\train\train_0152.json,22,3,False,8,7,8,6, ,17.387923270923316,0,12.342857142857142,8.333333333333334,2.1739129489603064,4,0.0,50,12,Iproxy
train_0152,C:\Users\tao20\Desktop\Algorithm\AIPlayerDesktop\data\蔡扬的\train\train_0152.json,22,4,False,8,9,8,8,T,-4.810748381670672,-30,12.342857142857142,12.5,2.1739129489603064,2,0.8888888888888888,20,12,deltaR
train_0152,C:\Users\tao20\Desktop\Algorithm\AIPlayerDesktop\data\蔡扬的\train\train_0152.json,22,5,False,2,1,2,0, ,-10.836713480179434,0,12.342857142857142,2.7777777777777777,2.1739129489603064,16,0.0,50,12,pathLen
train_0152,C:\Users\tao20\Desktop\Algorithm\AIPlayerDesktop\data\蔡扬的\train\train_0152.json,22,6,False,1,9,1,8,T,-39.742013358764005,-30,12.342857142857142,2.9411764705882355,2.1739129489603064,15,0.8888888888888888,20,12,pathLen
train_0152,C:\Users\tao20\Desktop\Algorithm\AIPlayerDesktop\data\蔡扬的\train\train_0152.json,22,7,False,2,9,2,8, ,-41.72560236906832,-30,12.342857142857142,2.7777777777777777,2.1739129489603064,16,0.8888888888888888,20,12,pathLen
train_0152,C:\Users\tao20\Desktop\Algorithm\AIPlayerDesktop\data\蔡扬的\train\train_0152.json,23,1,True,7,10,7,9, ,3.5476735438328344,0,11.999999999999995,0.0,4.166666493055563,3,0.0,100,12,pathLen
train_0152,C:\Users\tao20\Desktop\Algorithm\AIPlayerDesktop\data\蔡扬的\train\train_0152.json,23,2,False,8,7,8,6, ,-3.2856595047782875,0,11.999999999999995,0.0,4.166666493055563,5,0.0,100,12,pathLen
train_0152,C:\Users\tao20\Desktop\Algorithm\AIPlayerDesktop\data\蔡扬的\train\train_0152.json,23,3,False,8,9,8,8,T,-26.452326456167164,-30,11.999999999999995,0.0,4.166666493055563,3,0.0,70,12,deltaR
train_0152,C:\Users\tao20\Desktop\Algorithm\AIPlayerDesktop\data\蔡扬的\train\train_0152.json,23,4,False,2,1,2,0, ,-44.28565779644502,0,11.999999999999995,0.0,4.166666493055563,17,0.0,100,12,pathLen
train_0152,C:\Users\tao20\Desktop\Algorithm\AIPlayerDesktop\data\蔡扬的\train\train_0152.json,23,5,False,1,9,1,8,T,-70.86899127213947,-30,11.999999999999995,0.0,4.166666493055563,16,0.0,70,12,pathLen
train_0152,C:\Users\tao20\Desktop\Algorithm\AIPlayerDesktop\data\蔡扬的\train\train_0152.json,23,6,False,2,9,2,8, ,-74.28565779644502,-30,11.999999999999995,0.0,4.166666493055563,17,0.0,70,12,pathLen
train_0152,C:\Users\tao20\Desktop\Algorithm\AIPlayerDesktop\data\蔡扬的\train\train_0152.json,24,1,True,7,10,7,9, ,7.178200294261139,0,11.999999999999995,0.0,3.9999998400000063,2,0.0,100,12,Iproxy
train_0152,C:\Users\tao20\Desktop\Algorithm\AIPlayerDesktop\data\蔡扬的\train\train_0152.json,24,2,False,8,7,8,6, ,0.6182005566611295,0,11.999999999999995,0.0,3.9999998400000063,4,0.0,100,12,pathLen
train_0152,C:\Users\tao20\Desktop\Algorithm\AIPlayerDesktop\data\蔡扬的\train\train_0152.json,24,3,False,8,9,8,8,T,-22.82179970573886,-30,11.999999999999995,0.0,3.9999998400000063,2,0.0,70,12,deltaR
train_0152,C:\Users\tao20\Desktop\Algorithm\AIPlayerDesktop\data\蔡扬的\train\train_0152.json,24,4,False,2,1,2,0, ,-38.74179786893893,0,11.999999999999995,0.0,3.9999998400000063,16,0.0,100,12,pathLen
train_0152,C:\Users\tao20\Desktop\Algorithm\AIPlayerDesktop\data\蔡扬的\train\train_0152.json,24,5,False,1,9,1,8,T,-65.46179800013893,-30,11.999999999999995,0.0,3.9999998400000063,15,0.0,70,12,pathLen
train_0152,C:\Users\tao20\Desktop\Algorithm\AIPlayerDesktop\data\蔡扬的\train\train_0152.json,24,6,False,2,9,2,8, ,-68.74179786893893,-30,11.999999999999995,0.0,3.9999998400000063,16,0.0,70,12,pathLen
train_0152,C:\Users\tao20\Desktop\Algorithm\AIPlayerDesktop\data\蔡扬的\train\train_0152.json,25,1,True,7,10,7,9, ,10.536775531406075,0,11.999999999999995,0.0,3.8461536982248576,1,0.0,100,12,Iproxy
train_0152,C:\Users\tao20\Desktop\Algorithm\AIPlayerDesktop\data\蔡扬的\train\train_0152.json,25,2,False,8,7,8,6, ,4.229083466317309,0,11.999999999999995,0.0,3.8461536982248576,3,0.0,100,12,Iproxy
train_0152,C:\Users\tao20\Desktop\Algorithm\AIPlayerDesktop\data\蔡扬的\train\train_0152.json,25,3,False,8,9,8,8,T,-19.463224468593925,-30,11.999999999999995,0.0,3.8461536982248576,1,0.0,70,12,deltaR
train_0152,C:\Users\tao20\Desktop\Algorithm\AIPlayerDesktop\data\蔡扬的\train\train_0152.json,25,4,False,2,1,2,0, ,-33.61706892421529,0,11.999999999999995,0.0,3.8461536982248576,15,0.0,100,12,pathLen
train_0152,C:\Users\tao20\Desktop\Algorithm\AIPlayerDesktop\data\蔡扬的\train\train_0152.json,25,5,False,1,9,1,8,T,-60.4632228916709,-30,11.999999999999995,0.0,3.8461536982248576,14,0.0,70,12,pathLen
train_0152,C:\Users\tao20\Desktop\Algorithm\AIPlayerDesktop\data\蔡扬的\train\train_0152.json,25,6,False,2,9,2,8, ,-63.61706892421529,-30,11.999999999999995,0.0,3.8461536982248576,15,0.0,70,12,pathLen
train_0152,C:\Users\tao20\Desktop\Algorithm\AIPlayerDesktop\data\蔡扬的\train\train_0152.json,26,1,True,7,11,7,10, ,10.056513029152358,0,11.52,0.0,3.7037035665294975,1,0.0,100,12,Iproxy
train_0152,C:\Users\tao20\Desktop\Algorithm\AIPlayerDesktop\data\蔡扬的\train\train_0152.json,26,2,False,8,7,8,6, ,0.9454022554897943,0,11.52,0.0,3.7037035665294975,4,0.0,100,12,pathLen
train_0152,C:\Users\tao20\Desktop\Algorithm\AIPlayerDesktop\data\蔡扬的\train\train_0152.json,26,3,False,8,9,8,8,T,-22.98052389540183,-30,11.52,0.0,3.7037035665294975,2,0.0,70,12,deltaR
train_0152,C:\Users\tao20\Desktop\Algorithm\AIPlayerDesktop\data\蔡扬的\train\train_0152.json,26,4,False,2,1,2,0, ,-35.49904083916046,0,11.52,0.0,3.7037035665294975,16,0.0,100,12,pathLen
train_0152,C:\Users\tao20\Desktop\Algorithm\AIPlayerDesktop\data\蔡扬的\train\train_0152.json,26,5,False,1,9,1,8,T,-62.46200391460627,-30,11.52,0.0,3.7037035665294975,15,0.0,70,12,pathLen
train_0152,C:\Users\tao20\Desktop\Algorithm\AIPlayerDesktop\data\蔡扬的\train\train_0152.json,26,6,False,2,9,2,8, ,-65.49904083916046,-30,11.52,0.0,3.7037035665294975,16,0.0,70,12,pathLen
train_0152,C:\Users\tao20\Desktop\Algorithm\AIPlayerDesktop\data\蔡扬的\train\train_0152.json,27,1,True,8,7,8,6, ,-2.103941270892939,0,11.076923076923077,0.0,3.5714284438775556,5,0.0,100,12,pathLen
train_0152,C:\Users\tao20\Desktop\Algorithm\AIPlayerDesktop\data\蔡扬的\train\train_0152.json,27,2,False,8,9,8,8,T,-26.24679862293375,-30,11.076923076923077,0.0,3.5714284438775556,3,0.0,70,12,deltaR
train_0152,C:\Users\tao20\Desktop\Algorithm\AIPlayerDesktop\data\蔡扬的\train\train_0152.json,27,3,False,2,1,2,0, ,-37.246797158648086,0,11.076923076923077,0.0,3.5714284438775556,17,0.0,100,12,pathLen
train_0152,C:\Users\tao20\Desktop\Algorithm\AIPlayerDesktop\data\蔡扬的\train\train_0152.json,27,4,False,1,9,1,8,T,-64.31822583466848,-30,11.076923076923077,0.0,3.5714284438775556,16,0.0,70,12,pathLen
train_0152,C:\Users\tao20\Desktop\Algorithm\AIPlayerDesktop\data\蔡扬的\train\train_0152.json,27,5,False,2,9,2,8, ,-67.24679715864809,-30,11.076923076923077,0.0,3.5714284438775556,17,0.0,70,12,pathLen
train_0152,C:\Users\tao20\Desktop\Algorithm\AIPlayerDesktop\data\蔡扬的\train\train_0152.json,28,1,True,8,7,8,6, ,1.1877416877835483,0,11.076923076923077,0.0,3.448275743162905,4,0.0,100,12,pathLen
train_0152,C:\Users\tao20\Desktop\Algorithm\AIPlayerDesktop\data\蔡扬的\train\train_0152.json,28,2,False,8,9,8,8,T,-23.15708609342929,-30,11.076923076923077,0.0,3.448275743162905,2,0.0,70,12,deltaR
train_0152,C:\Users\tao20\Desktop\Algorithm\AIPlayerDesktop\data\蔡扬的\train\train_0152.json,28,3,False,2,1,2,0, ,-32.74329162493943,0,11.076923076923077,0.0,3.448275743162905,16,0.0,100,12,pathLen
train_0152,C:\Users\tao20\Desktop\Algorithm\AIPlayerDesktop\data\蔡扬的\train\train_0152.json,28,4,False,1,9,1,8,T,-59.91570551554585,-30,11.076923076923077,0.0,3.448275743162905,15,0.0,70,12,pathLen
train_0152,C:\Users\tao20\Desktop\Algorithm\AIPlayerDesktop\data\蔡扬的\train\train_0152.json,28,5,False,2,9,2,8, ,-62.74329162493943,-30,11.076923076923077,0.0,3.448275743162905,16,0.0,70,12,pathLen
train_0152,C:\Users\tao20\Desktop\Algorithm\AIPlayerDesktop\data\蔡扬的\train\train_0152.json,29,1,True,8,7,8,6, ,4.265423019773472,0,11.076923076923077,0.0,3.3333332222222256,3,0.0,100,12,Iproxy
train_0152,C:\Users\tao20\Desktop\Algorithm\AIPlayerDesktop\data\蔡扬的\train\train_0152.json,29,2,False,8,9,8,8,T,-20.26791049578208,-30,11.076923076923077,0.0,3.3333332222222256,1,0.0,70,12,deltaR
train_0152,C:\Users\tao20\Desktop\Algorithm\AIPlayerDesktop\data\蔡扬的\train\train_0152.json,29,3,False,2,1,2,0, ,-28.53457588689323,0,11.076923076923077,0.0,3.3333332222222256,15,0.0,100,12,pathLen
train_0152,C:\Users\tao20\Desktop\Algorithm\AIPlayerDesktop\data\蔡扬的\train\train_0152.json,29,4,False,1,9,1,8,T,-55.801242644671,-30,11.076923076923077,0.0,3.3333332222222256,14,0.0,70,12,pathLen
train_0152,C:\Users\tao20\Desktop\Algorithm\AIPlayerDesktop\data\蔡扬的\train\train_0152.json,29,5,False,2,9,2,8, ,-58.53457588689323,-30,11.076923076923077,0.0,3.3333332222222256,15,0.0,70,12,pathLen
train_0152,C:\Users\tao20\Desktop\Algorithm\AIPlayerDesktop\data\蔡扬的\train\train_0152.json,30,1,True,8,7,8,6, ,7.148969633316364,0,11.076923076923077,0.0,3.225806347554634,2,0.0,100,12,Iproxy
train_0152,C:\Users\tao20\Desktop\Algorithm\AIPlayerDesktop\data\蔡扬的\train\train_0152.json,30,2,False,8,9,8,8,T,-22.851030366683638,-30,11.076923076923077,0.0,3.225806347554634,2,0.0,70,12,deltaR
train_0152,C:\Users\tao20\Desktop\Algorithm\AIPlayerDesktop\data\蔡扬的\train\train_0152.json,30,3,False,2,1,2,0, ,-24.592964826621234,0,11.076923076923077,0.0,3.225806347554634,14,0.0,100,12,pathLen
train_0152,C:\Users\tao20\Desktop\Algorithm\AIPlayerDesktop\data\蔡扬的\train\train_0152.json,30,4,False,1,9,1,8,T,-51.947803621626434,-30,11.076923076923077,0.0,3.225806347554634,13,0.0,70,12,pathLen
train_0152,C:\Users\tao20\Desktop\Algorithm\AIPlayerDesktop\data\蔡扬的\train\train_0152.json,30,5,False,2,9,2,8, ,-54.592964826621234,-30,11.076923076923077,0.0,3.225806347554634,14,0.0,70,12,pathLen
train_0152,C:\Users\tao20\Desktop\Algorithm\AIPlayerDesktop\data\蔡扬的\train\train_0152.json,31,1,True,8,7,8,6, ,9.85588756087674,0,11.076923076923077,0.0,3.1249999023437534,1,0.0,100,12,Iproxy
train_0152,C:\Users\tao20\Desktop\Algorithm\AIPlayerDesktop\data\蔡扬的\train\train_0152.json,31,2,False,2,1,2,0, ,-20.89411147818579,0,11.076923076923077,0.0,3.1249999023437534,13,0.0,100,12,pathLen
train_0152,C:\Users\tao20\Desktop\Algorithm\AIPlayerDesktop\data\蔡扬的\train\train_0152.json,31,3,False,8,9,8,8,T,-25.269112278967015,-30,11.076923076923077,0.0,3.1249999023437534,3,0.0,70,12,deltaR
train_0152,C:\Users\tao20\Desktop\Algorithm\AIPlayerDesktop\data\蔡扬的\train\train_0152.json,31,4,False,1,9,1,8,T,-48.331611558263916,-30,11.076923076923077,0.0,3.1249999023437534,12,0.0,70,12,pathLen
train_0152,C:\Users\tao20\Desktop\Algorithm\AIPlayerDesktop\data\蔡扬的\train\train_0152.json,31,5,False,2,9,2,8, ,-50.89411147818579,-30,11.076923076923077,0.0,3.1249999023437534,13,0.0,70,12,pathLen
train_0152,C:\Users\tao20\Desktop\Algorithm\AIPlayerDesktop\data\蔡扬的\train\train_0152.json,32,1,True,9,7,9,6, ,9.444465675274632,0,10.666666666666664,0.0,3.0303029384756686,1,0.0,100,12,Iproxy
train_0152,C:\Users\tao20\Desktop\Algorithm\AIPlayerDesktop\data\蔡扬的\train\train_0152.json,32,2,False,9,6,9,5, ,6.959617265724584,0,10.666666666666664,0.0,3.0303029384756686,2,0.0,100,12,Iproxy
train_0152,C:\Users\tao20\Desktop\Algorithm\AIPlayerDesktop\data\蔡扬的\train\train_0152.json,32,3,False,2,1,2,0, ,-22.858563648875993,0,10.666666666666664,0.0,3.0303029384756686,14,0.0,100,12,pathLen
train_0152,C:\Users\tao20\Desktop\Algorithm\AIPlayerDesktop\data\蔡扬的\train\train_0152.json,32,4,False,8,9,8,8,T,-28.010079553375512,-30,10.666666666666664,0.0,3.0303029384756686,4,0.0,70,12,deltaR
train_0152,C:\Users\tao20\Desktop\Algorithm\AIPlayerDesktop\data\蔡扬的\train\train_0152.json,32,5,False,1,9,1,8,T,-50.37371523932594,-30,10.666666666666664,0.0,3.0303029384756686,13,0.0,70,12,pathLen
train_0152,C:\Users\tao20\Desktop\Algorithm\AIPlayerDesktop\data\蔡扬的\train\train_0152.json,32,6,False,2,9,2,8, ,-52.85856364887599,-30,10.666666666666664,0.0,3.0303029384756686,14,0.0,70,12,pathLen
train_0152,C:\Users\tao20\Desktop\Algorithm\AIPlayerDesktop\data\蔡扬的\train\train_0152.json,33,1,True,9,6,9,5, ,9.056022420964274,0,10.285714285714285,0.0,2.9411763840830476,1,0.0,100,12,Iproxy
train_0152,C:\Users\tao20\Desktop\Algorithm\AIPlayerDesktop\data\蔡扬的\train\train_0152.json,33,2,False,10,7,10,6, ,9.056022420964274,0,10.285714285714285,0.0,2.9411763840830476,1,0.0,100,12,Iproxy
train_0152,C:\Users\tao20\Desktop\Algorithm\AIPlayerDesktop\data\蔡扬的\train\train_0152.json,33,3,False,2,1,2,0, ,-24.708682468309107,0,10.285714285714285,0.0,2.9411763840830476,15,0.0,100,12,pathLen
train_0152,C:\Users\tao20\Desktop\Algorithm\AIPlayerDesktop\data\蔡扬的\train\train_0152.json,33,4,False,8,9,8,8,T,-30.59103611882812,-30,10.285714285714285,0.0,2.9411763840830476,5,0.0,70,12,deltaR
train_0152,C:\Users\tao20\Desktop\Algorithm\AIPlayerDesktop\data\蔡扬的\train\train_0152.json,33,5,False,1,9,1,8,T,-52.29691783336101,-30,10.285714285714285,0.0,2.9411763840830476,14,0.0,70,12,pathLen
train_0152,C:\Users\tao20\Desktop\Algorithm\AIPlayerDesktop\data\蔡扬的\train\train_0152.json,33,6,False,2,9,2,8, ,-54.70868246830911,-30,10.285714285714285,0.0,2.9411763840830476,15,0.0,70,12,pathLen
train_0152,C:\Users\tao20\Desktop\Algorithm\AIPlayerDesktop\data\蔡扬的\train\train_0152.json,34,1,True,9,5,9,4, ,8.689140400861998,0,9.931034482758617,0.0,2.857142775510207,1,0.0,100,12,Iproxy
train_0152,C:\Users\tao20\Desktop\Algorithm\AIPlayerDesktop\data\蔡扬的\train\train_0152.json,34,2,False,10,5,10,4, ,6.346283324943628,0,9.931034482758617,0.0,2.857142775510207,2,0.0,100,12,Iproxy
train_0152,C:\Users\tao20\Desktop\Algorithm\AIPlayerDesktop\data\蔡扬的\train\train_0152.json,34,3,False,10,7,10,6, ,6.346283324943628,0,9.931034482758617,0.0,2.857142775510207,2,0.0,100,12,Iproxy
train_0152,C:\Users\tao20\Desktop\Algorithm\AIPlayerDesktop\data\蔡扬的\train\train_0152.json,34,4,False,2,1,2,0, ,-26.45371573791354,0,9.931034482758617,0.0,2.857142775510207,16,0.0,100,12,pathLen
train_0152,C:\Users\tao20\Desktop\Algorithm\AIPlayerDesktop\data\蔡扬的\train\train_0152.json,34,5,False,8,9,8,8,T,-33.02514497872985,-30,9.931034482758617,0.0,2.857142775510207,6,0.0,70,12,deltaR
train_0152,C:\Users\tao20\Desktop\Algorithm\AIPlayerDesktop\data\蔡扬的\train\train_0152.json,34,6,False,1,9,1,8,T,-54.110858661995174,-30,9.931034482758617,0.0,2.857142775510207,15,0.0,70,12,pathLen
train_0152,C:\Users\tao20\Desktop\Algorithm\AIPlayerDesktop\data\蔡扬的\train\train_0152.json,34,7,False,2,9,2,8, ,-56.45371573791354,-30,9.931034482758617,0.0,2.857142775510207,16,0.0,70,12,pathLen
train_0152,C:\Users\tao20\Desktop\Algorithm\AIPlayerDesktop\data\蔡扬的\train\train_0152.json,35,1,True,10,5,10,4, ,8.34243366753731,0,9.6,0.0,2.7777777006172863,1,0.0,100,12,Iproxy
train_0152,C:\Users\tao20\Desktop\Algorithm\AIPlayerDesktop\data\蔡扬的\train\train_0152.json,35,2,False,10,7,10,6, ,3.786878238524962,0,9.6,0.0,2.7777777006172863,3,0.0,100,12,Iproxy
train_0152,C:\Users\tao20\Desktop\Algorithm\AIPlayerDesktop\data\蔡扬的\train\train_0152.json,35,3,False,2,1,2,0, ,-28.10200976456148,0,9.6,0.0,2.7777777006172863,17,0.0,100,12,pathLen
train_0152,C:\Users\tao20\Desktop\Algorithm\AIPlayerDesktop\data\蔡扬的\train\train_0152.json,35,4,False,8,9,8,8,T,-35.32423261949974,-30,9.6,0.0,2.7777777006172863,7,0.0,70,12,deltaR
train_0152,C:\Users\tao20\Desktop\Algorithm\AIPlayerDesktop\data\蔡扬的\train\train_0152.json,35,5,False,1,9,1,8,T,-55.82423205005531,-30,9.6,0.0,2.7777777006172863,16,0.0,70,12,pathLen
train_0152,C:\Users\tao20\Desktop\Algorithm\AIPlayerDesktop\data\蔡扬的\train\train_0152.json,35,6,False,2,9,2,8, ,-58.10200976456148,-30,9.6,0.0,2.7777777006172863,17,0.0,70,12,pathLen
train_0152,C:\Users\tao20\Desktop\Algorithm\AIPlayerDesktop\data\蔡扬的\train\train_0152.json,36,1,True,10,7,10,6, ,-3.773223042700729,0,4.645161290322576,0.0,2.702702629656686,4,0.0,100,12,pathLen
train_0152,C:\Users\tao20\Desktop\Algorithm\AIPlayerDesktop\data\蔡扬的\train\train_0152.json,36,2,False,11,5,11,4,T,-27.12457457374528,-30,4.645161290322576,0.0,2.702702629656686,1,0.0,70,12,deltaR
train_0152,C:\Users\tao20\Desktop\Algorithm\AIPlayerDesktop\data\蔡扬的\train\train_0152.json,36,3,False,2,1,2,0, ,-34.800249231159476,0,4.645161290322576,0.0,2.702702629656686,18,0.0,100,12,pathLen
train_0152,C:\Users\tao20\Desktop\Algorithm\AIPlayerDesktop\data\蔡扬的\train\train_0152.json,36,4,False,8,9,8,8,T,-42.63808766797466,-30,4.645161290322576,0.0,2.702702629656686,8,0.0,70,12,deltaR
train_0152,C:\Users\tao20\Desktop\Algorithm\AIPlayerDesktop\data\蔡扬的\train\train_0152.json,36,5,False,1,9,1,8,T,-62.584033074841,-30,4.645161290322576,0.0,2.702702629656686,17,0.0,70,12,pathLen
train_0152,C:\Users\tao20\Desktop\Algorithm\AIPlayerDesktop\data\蔡扬的\train\train_0152.json,36,6,False,2,9,2,8, ,-64.80024923115948,-30,4.645161290322576,0.0,2.702702629656686,18,0.0,70,12,pathLen
train_0152,C:\Users\tao20\Desktop\Algorithm\AIPlayerDesktop\data\蔡扬的\train\train_0152.json,37,1,True,10,7,10,6, ,-1.4197787587770865,0,4.645161290322576,0.0,2.6315788781163456,3,0.0,100,12,pathLen
train_0152,C:\Users\tao20\Desktop\Algorithm\AIPlayerDesktop\data\蔡扬的\train\train_0152.json,37,2,False,11,5,11,4,T,-29.261884078721682,-30,4.645161290322576,0.0,2.6315788781163456,2,0.0,70,12,deltaR
train_0152,C:\Users\tao20\Desktop\Algorithm\AIPlayerDesktop\data\蔡扬的\train\train_0152.json,37,3,False,2,1,2,0, ,-31.630304279552735,0,4.645161290322576,0.0,2.6315788781163456,17,0.0,100,12,pathLen
train_0152,C:\Users\tao20\Desktop\Algorithm\AIPlayerDesktop\data\蔡扬的\train\train_0152.json,37,4,False,8,9,8,8,T,-40.051357478998696,-30,4.645161290322576,0.0,2.6315788781163456,7,0.0,70,12,deltaR
train_0152,C:\Users\tao20\Desktop\Algorithm\AIPlayerDesktop\data\蔡扬的\train\train_0152.json,37,5,False,1,9,1,8,T,-59.472409599497325,-30,4.645161290322576,0.0,2.6315788781163456,16,0.0,70,12,pathLen
train_0152,C:\Users\tao20\Desktop\Algorithm\AIPlayerDesktop\data\蔡扬的\train\train_0152.json,37,6,False,2,9,2,8, ,-61.63030427955273,-30,4.645161290322576,0.0,2.6315788781163456,17,0.0,70,12,pathLen
train_0152,C:\Users\tao20\Desktop\Algorithm\AIPlayerDesktop\data\蔡扬的\train\train_0152.json,38,1,True,10,7,10,6, ,0.8185881431374558,0,4.645161290322576,0.0,2.5641024983563465,2,0.0,100,12,pathLen
train_0152,C:\Users\tao20\Desktop\Algorithm\AIPlayerDesktop\data\蔡扬的\train\train_0152.json,38,2,False,2,1,2,0, ,-28.617308537993402,0,4.645161290322576,0.0,2.5641024983563465,16,0.0,100,12,pathLen
train_0152,C:\Users\tao20\Desktop\Algorithm\AIPlayerDesktop\data\蔡扬的\train\train_0152.json,38,3,False,11,5,11,4,T,-31.283975905514747,-30,4.645161290322576,0.0,2.5641024983563465,3,0.0,70,12,deltaR
train_0152,C:\Users\tao20\Desktop\Algorithm\AIPlayerDesktop\data\蔡扬的\train\train_0152.json,38,4,False,8,9,8,8,T,-37.59166805147136,-30,4.645161290322576,0.0,2.5641024983563465,6,0.0,70,12,deltaR
train_0152,C:\Users\tao20\Desktop\Algorithm\AIPlayerDesktop\data\蔡扬的\train\train_0152.json,38,5,False,1,9,1,8,T,-56.5147444893412,-30,4.645161290322576,0.0,2.5641024983563465,15,0.0,70,12,pathLen
train_0152,C:\Users\tao20\Desktop\Algorithm\AIPlayerDesktop\data\蔡扬的\train\train_0152.json,38,6,False,2,9,2,8, ,-58.6173085379934,-30,4.645161290322576,0.0,2.5641024983563465,16,0.0,70,12,pathLen
train_0152,C:\Users\tao20\Desktop\Algorithm\AIPlayerDesktop\data\蔡扬的\train\train_0152.json,39,1,True,10,7,10,6, ,2.9495650589340543,0,4.645161290322576,0.0,2.499999937500002,1,0.0,100,12,Iproxy
train_0152,C:\Users\tao20\Desktop\Algorithm\AIPlayerDesktop\data\蔡扬的\train\train_0152.json,39,2,False,2,1,2,0, ,-25.750434223565964,0,4.645161290322576,0.0,2.499999937500002,15,0.0,100,12,pathLen
train_0152,C:\Users\tao20\Desktop\Algorithm\AIPlayerDesktop\data\蔡扬的\train\train_0152.json,39,3,False,11,5,11,4,T,-33.20043478731595,-30,4.645161290322576,0.0,2.499999937500002,4,0.0,70,12,deltaR
train_0152,C:\Users\tao20\Desktop\Algorithm\AIPlayerDesktop\data\蔡扬的\train\train_0152.json,39,4,False,8,9,8,8,T,-35.250434736065955,-30,4.645161290322576,0.0,2.499999937500002,5,0.0,70,12,deltaR
train_0152,C:\Users\tao20\Desktop\Algorithm\AIPlayerDesktop\data\蔡扬的\train\train_0152.json,39,5,False,1,9,1,8,T,-53.70043427481596,-30,4.645161290322576,0.0,2.499999937500002,14,0.0,70,12,pathLen
train_0152,C:\Users\tao20\Desktop\Algorithm\AIPlayerDesktop\data\蔡扬的\train\train_0152.json,39,6,False,2,9,2,8, ,-55.75043422356596,-30,4.645161290322576,0.0,2.499999937500002,15,0.0,70,12,pathLen
train_0152,C:\Users\tao20\Desktop\Algorithm\AIPlayerDesktop\data\蔡扬的\train\train_0152.json,40,1,True,11,7,11,6, ,2.871701077588306,0,4.547368421052632,0.0,2.439024330755504,1,0.0,100,12,Iproxy
train_0152,C:\Users\tao20\Desktop\Algorithm\AIPlayerDesktop\data\蔡扬的\train\train_0152.json,40,2,False,2,1,2,0, ,-27.128298190704392,0,4.547368421052632,0.0,2.439024330755504,16,0.0,100,12,pathLen
train_0152,C:\Users\tao20\Desktop\Algorithm\AIPlayerDesktop\data\蔡扬的\train\train_0152.json,40,3,False,11,5,11,4,T,-35.128298727289746,-30,4.547368421052632,0.0,2.439024330755504,5,0.0,70,12,deltaR
train_0152,C:\Users\tao20\Desktop\Algorithm\AIPlayerDesktop\data\蔡扬的\train\train_0152.json,40,4,False,8,9,8,8,T,-37.12829867850926,-30,4.547368421052632,0.0,2.439024330755504,6,0.0,70,12,deltaR
train_0152,C:\Users\tao20\Desktop\Algorithm\AIPlayerDesktop\data\蔡扬的\train\train_0152.json,40,5,False,1,9,1,8,T,-55.12829823948488,-30,4.547368421052632,0.0,2.439024330755504,15,0.0,70,12,pathLen
train_0152,C:\Users\tao20\Desktop\Algorithm\AIPlayerDesktop\data\蔡扬的\train\train_0152.json,40,6,False,2,9,2,8, ,-57.12829819070439,-30,4.547368421052632,0.0,2.439024330755504,16,0.0,70,12,pathLen
train_0152,C:\Users\tao20\Desktop\Algorithm\AIPlayerDesktop\data\蔡扬的\train\train_0152.json,41,1,True,12,7,12,6, ,2.7471435731258507,0,4.408163265306124,0.0,2.38095232426304,1,0.0,100,12,Iproxy
train_0152,C:\Users\tao20\Desktop\Algorithm\AIPlayerDesktop\data\蔡扬的\train\train_0152.json,41,2,False,2,1,2,0, ,-28.490950921205236,0,4.408163265306124,0.0,2.38095232426304,17,0.0,100,12,pathLen
train_0152,C:\Users\tao20\Desktop\Algorithm\AIPlayerDesktop\data\蔡扬的\train\train_0152.json,41,3,False,11,5,11,4,T,-37.01476095635262,-30,4.408163265306124,0.0,2.38095232426304,6,0.0,70,12,deltaR
train_0152,C:\Users\tao20\Desktop\Algorithm\AIPlayerDesktop\data\蔡扬的\train\train_0152.json,41,4,False,8,9,8,8,T,-38.967141862248305,-30,4.408163265306124,0.0,2.38095232426304,7,0.0,70,12,deltaR
train_0152,C:\Users\tao20\Desktop\Algorithm\AIPlayerDesktop\data\蔡扬的\train\train_0152.json,41,5,False,1,9,1,8,T,-56.538570015309546,-30,4.408163265306124,0.0,2.38095232426304,16,0.0,70,12,pathLen
train_0152,C:\Users\tao20\Desktop\Algorithm\AIPlayerDesktop\data\蔡扬的\train\train_0152.json,41,6,False,2,9,2,8, ,-58.49095092120524,-30,4.408163265306124,0.0,2.38095232426304,17,0.0,70,12,pathLen
train_0152,C:\Users\tao20\Desktop\Algorithm\AIPlayerDesktop\data\蔡扬的\train\train_0152.json,42,1,True,13,7,13,6, ,2.6295809882289656,0,4.2772277227722775,0.0,2.32558134126555,1,0.0,100,12,Iproxy
train_0152,C:\Users\tao20\Desktop\Algorithm\AIPlayerDesktop\data\蔡扬的\train\train_0152.json,42,2,False,13,6,13,5, ,0.7226042883912145,0,4.2772277227722775,0.0,2.32558134126555,2,0.0,100,12,pathLen
train_0152,C:\Users\tao20\Desktop\Algorithm\AIPlayerDesktop\data\蔡扬的\train\train_0152.json,42,3,False,2,1,2,0, ,-29.789022909012807,0,4.2772277227722775,0.0,2.32558134126555,18,0.0,100,12,pathLen
train_0152,C:\Users\tao20\Desktop\Algorithm\AIPlayerDesktop\data\蔡扬的\train\train_0152.json,42,4,False,11,5,11,4,T,-38.81227921079754,-30,4.2772277227722775,0.0,2.32558134126555,7,0.0,70,12,deltaR
train_0152,C:\Users\tao20\Desktop\Algorithm\AIPlayerDesktop\data\蔡扬的\train\train_0152.json,42,5,False,8,9,8,8,T,-40.7192559106353,-30,4.2772277227722775,0.0,2.32558134126555,8,0.0,70,12,deltaR
train_0152,C:\Users\tao20\Desktop\Algorithm\AIPlayerDesktop\data\蔡扬的\train\train_0152.json,42,6,False,1,9,1,8,T,-57.88204620917505,-30,4.2772277227722775,0.0,2.32558134126555,17,0.0,70,12,pathLen
train_0152,C:\Users\tao20\Desktop\Algorithm\AIPlayerDesktop\data\蔡扬的\train\train_0152.json,42,7,False,2,9,2,8, ,-59.78902290901281,-30,4.2772277227722775,0.0,2.32558134126555,18,0.0,70,12,pathLen
train_0152,C:\Users\tao20\Desktop\Algorithm\AIPlayerDesktop\data\蔡扬的\train\train_0152.json,43,1,True,13,6,13,5, ,2.518435420986224,0,4.1538461538461515,0.0,2.2727272210743816,1,0.0,100,12,Iproxy
train_0152,C:\Users\tao20\Desktop\Algorithm\AIPlayerDesktop\data\蔡扬的\train\train_0152.json,43,2,False,2,1,2,0, ,-31.02701836207165,0,4.1538461538461515,0.0,2.2727272210743816,19,0.0,100,12,pathLen
train_0152,C:\Users\tao20\Desktop\Algorithm\AIPlayerDesktop\data\蔡扬的\train\train_0152.json,43,3,False,11,5,11,4,T,-40.527018827980726,-30,4.1538461538461515,0.0,2.2727272210743816,8,0.0,70,12,deltaR
train_0152,C:\Users\tao20\Desktop\Algorithm\AIPlayerDesktop\data\蔡扬的\train\train_0152.json,43,4,False,8,9,8,8,T,-42.39065514926172,-30,4.1538461538461515,0.0,2.2727272210743816,9,0.0,70,12,deltaR
train_0152,C:\Users\tao20\Desktop\Algorithm\AIPlayerDesktop\data\蔡扬的\train\train_0152.json,43,5,False,1,9,1,8,T,-59.16338204079066,-30,4.1538461538461515,0.0,2.2727272210743816,18,0.0,70,12,pathLen
train_0152,C:\Users\tao20\Desktop\Algorithm\AIPlayerDesktop\data\蔡扬的\train\train_0152.json,43,6,False,2,9,2,8, ,-61.02701836207165,-30,4.1538461538461515,0.0,2.2727272210743816,19,0.0,70,12,pathLen
train_0152,C:\Users\tao20\Desktop\Algorithm\AIPlayerDesktop\data\蔡扬的\train\train_0152.json,44,1,True,13,5,13,4, ,2.41319392798414,0,4.037383177570094,0.0,2.2222221728395075,1,0.0,100,12,Iproxy
train_0152,C:\Users\tao20\Desktop\Algorithm\AIPlayerDesktop\data\蔡扬的\train\train_0152.json,44,2,False,2,1,2,0, ,-32.20902752485539,0,4.037383177570094,0.0,2.2222221728395075,20,0.0,100,12,pathLen
train_0152,C:\Users\tao20\Desktop\Algorithm\AIPlayerDesktop\data\蔡扬的\train\train_0152.json,44,3,False,8,9,8,8,T,-43.98680570757143,-30,4.037383177570094,0.0,2.2222221728395075,10,0.0,70,12,deltaR
train_0152,C:\Users\tao20\Desktop\Algorithm\AIPlayerDesktop\data\蔡扬的\train\train_0152.json,44,4,False,11,5,11,4,T,-46.39999963555557,-30,0.0,0.0,2.2222221728395075,9,0.0,70,0,deltaR
train_0152,C:\Users\tao20\Desktop\Algorithm\AIPlayerDesktop\data\蔡扬的\train\train_0152.json,44,5,False,1,9,1,8,T,-60.386805343126994,-30,4.037383177570094,0.0,2.2222221728395075,19,0.0,70,12,pathLen
train_0152,C:\Users\tao20\Desktop\Algorithm\AIPlayerDesktop\data\蔡扬的\train\train_0152.json,44,6,False,2,9,2,8, ,-62.20902752485539,-30,4.037383177570094,0.0,2.2222221728395075,20,0.0,70,12,pathLen
train_0152,C:\Users\tao20\Desktop\Algorithm\AIPlayerDesktop\data\蔡扬的\train\train_0152.json,45,1,True,2,1,2,0, ,-33.3387741646199,0,3.927272727272727,0.0,2.1739129962192827,21,0.0,100,12,pathLen
train_0152,C:\Users\tao20\Desktop\Algorithm\AIPlayerDesktop\data\蔡扬的\train\train_0152.json,45,2,False,8,9,8,8,T,-45.512687595621784,-30,3.927272727272727,0.0,2.1739129962192827,11,0.0,70,12,deltaR
train_0152,C:\Users\tao20\Desktop\Algorithm\AIPlayerDesktop\data\蔡扬的\train\train_0152.json,45,3,False,11,5,11,4,T,-47.826086568998115,-30,0.0,0.0,2.1739129962192827,10,0.0,70,0,deltaR
train_0152,C:\Users\tao20\Desktop\Algorithm\AIPlayerDesktop\data\蔡扬的\train\train_0152.json,45,4,False,1,9,1,8,T,-61.55616550772008,-30,3.927272727272727,0.0,2.1739129962192827,20,0.0,70,12,pathLen
train_0152,C:\Users\tao20\Desktop\Algorithm\AIPlayerDesktop\data\蔡扬的\train\train_0152.json,45,5,False,2,9,2,8, ,-63.338774164619906,-30,3.927272727272727,0.0,2.1739129962192827,21,0.0,70,12,pathLen
train_0152,C:\Users\tao20\Desktop\Algorithm\AIPlayerDesktop\data\蔡扬的\train\train_0152.json,46,1,True,2,1,2,0, ,-30.81672635337483,0,3.927272727272727,0.0,2.1276595291987337,20,0.0,100,12,pathLen
train_0152,C:\Users\tao20\Desktop\Algorithm\AIPlayerDesktop\data\蔡扬的\train\train_0152.json,46,2,False,8,9,8,8,T,-43.36991821394521,-30,3.927272727272727,0.0,2.1276595291987337,10,0.0,70,12,deltaR
train_0152,C:\Users\tao20\Desktop\Algorithm\AIPlayerDesktop\data\蔡扬的\train\train_0152.json,46,3,False,11,5,11,4,T,-45.70212732548666,-30,0.0,0.0,2.1276595291987337,9,0.0,70,0,deltaR
train_0152,C:\Users\tao20\Desktop\Algorithm\AIPlayerDesktop\data\蔡扬的\train\train_0152.json,46,4,False,1,9,1,8,T,-59.07204553943187,-30,3.927272727272727,0.0,2.1276595291987337,19,0.0,70,12,pathLen
train_0152,C:\Users\tao20\Desktop\Algorithm\AIPlayerDesktop\data\蔡扬的\train\train_0152.json,46,5,False,2,9,2,8, ,-60.81672635337483,-30,3.927272727272727,0.0,2.1276595291987337,20,0.0,70,12,pathLen
train_0152,C:\Users\tao20\Desktop\Algorithm\AIPlayerDesktop\data\蔡扬的\train\train_0152.json,47,1,True,2,1,2,0, ,-28.396736895467072,0,3.927272727272727,0.0,2.0833332899305566,19,0.0,100,12,pathLen
train_0152,C:\Users\tao20\Desktop\Algorithm\AIPlayerDesktop\data\蔡扬的\train\train_0152.json,47,2,False,8,9,8,8,T,-41.31340391803651,-30,3.927272727272727,0.0,2.0833332899305566,9,0.0,70,12,deltaR
train_0152,C:\Users\tao20\Desktop\Algorithm\AIPlayerDesktop\data\蔡扬的\train\train_0152.json,47,3,False,11,5,11,4,T,-43.66666638194445,-30,0.0,0.0,2.0833332899305566,8,0.0,70,0,deltaR
train_0152,C:\Users\tao20\Desktop\Algorithm\AIPlayerDesktop\data\蔡扬的\train\train_0152.json,47,4,False,1,9,1,8,T,-56.68840359772402,-30,3.927272727272727,0.0,2.0833332899305566,18,0.0,70,12,pathLen
train_0152,C:\Users\tao20\Desktop\Algorithm\AIPlayerDesktop\data\蔡扬的\train\train_0152.json,47,5,False,2,9,2,8, ,-58.39673689546707,-30,3.927272727272727,0.0,2.0833332899305566,19,0.0,70,12,pathLen
train_0152,C:\Users\tao20\Desktop\Algorithm\AIPlayerDesktop\data\蔡扬的\train\train_0152.json,48,1,True,2,1,2,0, ,-26.073087934263707,0,3.927272727272727,0.0,2.0408162848813003,18,0.0,100,12,pathLen
train_0152,C:\Users\tao20\Desktop\Algorithm\AIPlayerDesktop\data\蔡扬的\train\train_0152.json,48,2,False,8,9,8,8,T,-39.33839439823704,-30,3.927272727272727,0.0,2.0408162848813003,8,0.0,70,12,deltaR
train_0152,C:\Users\tao20\Desktop\Algorithm\AIPlayerDesktop\data\蔡扬的\train\train_0152.json,48,3,False,11,5,11,4,T,-41.71428547521866,-30,0.0,0.0,2.0408162848813003,7,0.0,70,0,deltaR
train_0152,C:\Users\tao20\Desktop\Algorithm\AIPlayerDesktop\data\蔡扬的\train\train_0152.json,48,4,False,1,9,1,8,T,-54.39961858066104,-30,3.927272727272727,0.0,2.0408162848813003,17,0.0,70,12,pathLen
train_0152,C:\Users\tao20\Desktop\Algorithm\AIPlayerDesktop\data\蔡扬的\train\train_0152.json,48,5,False,2,9,2,8, ,-56.07308793426371,-30,3.927272727272727,0.0,2.0408162848813003,18,0.0,70,12,pathLen
train_0152,C:\Users\tao20\Desktop\Algorithm\AIPlayerDesktop\data\蔡扬的\train\train_0152.json,49,1,True,2,1,2,0, ,-23.840427276669104,0,3.927272727272727,0.0,1.999999960000001,17,0.0,100,12,pathLen
train_0152,C:\Users\tao20\Desktop\Algorithm\AIPlayerDesktop\data\蔡扬的\train\train_0152.json,49,2,False,8,9,8,8,T,-37.4404276046691,-30,3.927272727272727,0.0,1.999999960000001,7,0.0,70,12,deltaR
train_0152,C:\Users\tao20\Desktop\Algorithm\AIPlayerDesktop\data\蔡扬的\train\train_0152.json,49,3,False,11,5,11,4,T,-39.8399998032,-30,0.0,0.0,1.999999960000001,6,0.0,70,0,deltaR
train_0152,C:\Users\tao20\Desktop\Algorithm\AIPlayerDesktop\data\蔡扬的\train\train_0152.json,49,4,False,1,9,1,8,T,-52.200427309469106,-30,3.927272727272727,0.0,1.999999960000001,16,0.0,70,12,pathLen
train_0152,C:\Users\tao20\Desktop\Algorithm\AIPlayerDesktop\data\蔡扬的\train\train_0152.json,49,5,False,2,9,2,8, ,-53.840427276669104,-30,3.927272727272727,0.0,1.999999960000001,17,0.0,70,12,pathLen
train_0152,C:\Users\tao20\Desktop\Algorithm\AIPlayerDesktop\data\蔡扬的\train\train_0152.json,50,1,True,2,1,2,0, ,-21.69374813780886,0,3.927272727272727,0.0,1.9607842752787399,16,0.0,100,12,pathLen
train_0152,C:\Users\tao20\Desktop\Algorithm\AIPlayerDesktop\data\蔡扬的\train\train_0152.json,50,2,False,8,9,8,8,T,-35.6153170805232,-30,3.927272727272727,0.0,1.9607842752787399,6,0.0,70,12,deltaR
train_0152,C:\Users\tao20\Desktop\Algorithm\AIPlayerDesktop\data\蔡扬的\train\train_0152.json,50,3,False,11,5,11,4,T,-38.039215528642835,-30,0.0,0.0,1.9607842752787399,5,0.0,70,0,deltaR
train_0152,C:\Users\tao20\Desktop\Algorithm\AIPlayerDesktop\data\蔡扬的\train\train_0152.json,50,4,False,1,9,1,8,T,-50.08590503208029,-30,3.927272727272727,0.0,1.9607842752787399,15,0.0,70,12,deltaR
train_0152,C:\Users\tao20\Desktop\Algorithm\AIPlayerDesktop\data\蔡扬的\train\train_0152.json,50,5,False,2,9,2,8, ,-51.69374813780886,-30,3.927272727272727,0.0,1.9607842752787399,16,0.0,70,12,pathLen
train_0152,C:\Users\tao20\Desktop\Algorithm\AIPlayerDesktop\data\蔡扬的\train\train_0152.json,51,1,True,2,1,2,0, ,-19.628368634622458,0,3.927272727272727,0.0,1.9230768860946754,15,0.0,100,12,pathLen
train_0152,C:\Users\tao20\Desktop\Algorithm\AIPlayerDesktop\data\蔡扬的\train\train_0152.json,51,2,False,8,9,8,8,T,-33.85913816864612,-30,3.927272727272727,0.0,1.9230768860946754,5,0.0,70,12,deltaR
train_0152,C:\Users\tao20\Desktop\Algorithm\AIPlayerDesktop\data\蔡扬的\train\train_0152.json,51,3,False,11,5,11,4,T,-36.30769218639053,-30,0.0,0.0,1.9230768860946754,4,0.0,70,0,deltaR
train_0152,C:\Users\tao20\Desktop\Algorithm\AIPlayerDesktop\data\蔡扬的\train\train_0152.json,51,4,False,1,9,1,8,T,-48.051445588024826,-30,3.927272727272727,0.0,1.9230768860946754,14,0.0,70,12,deltaR
train_0152,C:\Users\tao20\Desktop\Algorithm\AIPlayerDesktop\data\蔡扬的\train\train_0152.json,51,5,False,2,9,2,8, ,-49.62836863462246,-30,3.927272727272727,0.0,1.9230768860946754,15,0.0,70,12,deltaR
train_0152,C:\Users\tao20\Desktop\Algorithm\AIPlayerDesktop\data\蔡扬的\train\train_0152.json,52,1,True,2,1,2,0, ,-17.639911477067088,0,3.927272727272727,0.0,1.8867924172303319,14,0.0,100,12,pathLen
train_0152,C:\Users\tao20\Desktop\Algorithm\AIPlayerDesktop\data\蔡扬的\train\train_0152.json,52,2,False,8,9,8,8,T,-32.168213655778366,-30,3.927272727272727,0.0,1.8867924172303319,4,0.0,70,12,deltaR
train_0152,C:\Users\tao20\Desktop\Algorithm\AIPlayerDesktop\data\蔡扬的\train\train_0152.json,52,3,False,11,5,11,4,T,-37.735848910644364,-30,0.0,0.0,1.8867924172303319,5,0.0,70,0,deltaR
train_0152,C:\Users\tao20\Desktop\Algorithm\AIPlayerDesktop\data\蔡扬的\train\train_0152.json,52,4,False,1,9,1,8,T,-46.09274169493821,-30,3.927272727272727,0.0,1.8867924172303319,13,0.0,70,12,deltaR
train_0152,C:\Users\tao20\Desktop\Algorithm\AIPlayerDesktop\data\蔡扬的\train\train_0152.json,52,5,False,2,9,2,8, ,-47.63991147706709,-30,3.927272727272727,0.0,1.8867924172303319,14,0.0,70,12,deltaR
train_0152,C:\Users\tao20\Desktop\Algorithm\AIPlayerDesktop\data\蔡扬的\train\train_0152.json,53,1,True,2,1,2,0, ,-15.724284175718294,0,3.927272727272727,0.0,1.8518518175582999,13,0.0,100,12,pathLen
train_0152,C:\Users\tao20\Desktop\Algorithm\AIPlayerDesktop\data\蔡扬的\train\train_0152.json,53,2,False,8,9,8,8,T,-30.539099271740234,-30,3.927272727272727,0.0,1.8518518175582999,3,0.0,70,12,deltaR
train_0152,C:\Users\tao20\Desktop\Algorithm\AIPlayerDesktop\data\蔡扬的\train\train_0152.json,53,3,False,11,5,11,4,T,-39.11111094238683,-30,0.0,0.0,1.8518518175582999,6,0.0,70,0,deltaR
train_0152,C:\Users\tao20\Desktop\Algorithm\AIPlayerDesktop\data\蔡扬的\train\train_0152.json,53,4,False,1,9,1,8,T,-44.205765685320486,-30,3.927272727272727,0.0,1.8518518175582999,12,0.0,70,12,deltaR
train_0152,C:\Users\tao20\Desktop\Algorithm\AIPlayerDesktop\data\蔡扬的\train\train_0152.json,53,5,False,2,9,2,8, ,-45.724284175718296,-30,3.927272727272727,0.0,1.8518518175582999,13,0.0,70,12,deltaR
train_0152,C:\Users\tao20\Desktop\Algorithm\AIPlayerDesktop\data\蔡扬的\train\train_0152.json,54,1,True,2,1,2,0, ,-13.877659984793816,0,3.927272727272727,0.0,1.8181817851239677,12,0.0,100,12,pathLen
train_0152,C:\Users\tao20\Desktop\Algorithm\AIPlayerDesktop\data\蔡扬的\train\train_0152.json,54,2,False,8,9,8,8,T,-31.950387474380587,-30,3.927272727272727,0.0,1.8181817851239677,4,0.0,70,12,deltaR
train_0152,C:\Users\tao20\Desktop\Algorithm\AIPlayerDesktop\data\蔡扬的\train\train_0152.json,54,3,False,11,5,11,4,T,-40.43636344661157,-30,0.0,0.0,1.8181817851239677,7,0.0,70,0,deltaR
train_0152,C:\Users\tao20\Desktop\Algorithm\AIPlayerDesktop\data\蔡扬的\train\train_0152.json,54,4,False,1,9,1,8,T,-42.38675092099216,-30,3.927272727272727,0.0,1.8181817851239677,11,0.0,70,12,deltaR
train_0152,C:\Users\tao20\Desktop\Algorithm\AIPlayerDesktop\data\蔡扬的\train\train_0152.json,54,5,False,2,9,2,8, ,-43.877659984793816,-30,3.927272727272727,0.0,1.8181817851239677,12,0.0,70,12,deltaR
train_0152,C:\Users\tao20\Desktop\Algorithm\AIPlayerDesktop\data\蔡扬的\train\train_0152.json,55,1,True,2,1,2,0, ,-12.096459723591014,0,3.927272727272727,0.0,1.7857142538265314,11,0.0,100,12,pathLen
train_0152,C:\Users\tao20\Desktop\Algorithm\AIPlayerDesktop\data\蔡扬的\train\train_0152.json,55,2,False,8,9,8,8,T,-33.31074559476448,-30,3.927272727272727,0.0,1.7857142538265314,5,0.0,70,12,deltaR
train_0152,C:\Users\tao20\Desktop\Algorithm\AIPlayerDesktop\data\蔡扬的\train\train_0152.json,55,3,False,1,9,1,8,T,-40.63217403545326,-30,3.927272727272727,0.0,1.7857142538265314,10,0.0,70,12,deltaR
train_0152,C:\Users\tao20\Desktop\Algorithm\AIPlayerDesktop\data\蔡扬的\train\train_0152.json,55,4,False,11,5,11,4,T,-41.71428550510205,-30,0.0,0.0,1.7857142538265314,8,0.0,70,0,deltaR
train_0152,C:\Users\tao20\Desktop\Algorithm\AIPlayerDesktop\data\蔡扬的\train\train_0152.json,55,5,False,2,9,2,8, ,-42.09645972359101,-30,3.927272727272727,0.0,1.7857142538265314,11,0.0,70,12,deltaR
train_0152,C:\Users\tao20\Desktop\Algorithm\AIPlayerDesktop\data\蔡扬的\train\train_0152.json,56,1,True,2,1,2,0, ,-10.377334561892432,0,3.927272727272727,0.0,1.7543859341335801,10,0.0,100,12,pathLen
train_0152,C:\Users\tao20\Desktop\Algorithm\AIPlayerDesktop\data\蔡扬的\train\train_0152.json,56,2,False,8,9,8,8,T,-34.62294869793429,-30,3.927272727272727,0.0,1.7543859341335801,6,0.0,70,12,deltaR
train_0152,C:\Users\tao20\Desktop\Algorithm\AIPlayerDesktop\data\蔡扬的\train\train_0152.json,56,3,False,1,9,1,8,T,-38.93873809590289,-30,3.927272727272727,0.0,1.7543859341335801,9,0.0,70,12,deltaR
train_0152,C:\Users\tao20\Desktop\Algorithm\AIPlayerDesktop\data\蔡扬的\train\train_0152.json,56,4,False,2,9,2,8, ,-40.37733456189243,-30,3.927272727272727,0.0,1.7543859341335801,10,0.0,70,12,deltaR
train_0152,C:\Users\tao20\Desktop\Algorithm\AIPlayerDesktop\data\蔡扬的\train\train_0152.json,56,5,False,11,5,11,4,T,-42.94736819390582,-30,0.0,0.0,1.7543859341335801,9,0.0,70,0,deltaR
train_0152,C:\Users\tao20\Desktop\Algorithm\AIPlayerDesktop\data\蔡扬的\train\train_0152.json,57,1,True,2,1,2,0, ,-8.717149811986978,0,3.927272727272727,0.0,1.7241379013079674,9,0.0,100,12,pathLen
train_0152,C:\Users\tao20\Desktop\Algorithm\AIPlayerDesktop\data\蔡扬的\train\train_0152.json,57,2,False,8,9,8,8,T,-35.88956365384191,-30,3.927272727272727,0.0,1.7241379013079674,7,0.0,70,12,deltaR
train_0152,C:\Users\tao20\Desktop\Algorithm\AIPlayerDesktop\data\蔡扬的\train\train_0152.json,57,3,False,1,9,1,8,T,-37.303356732914445,-30,3.927272727272727,0.0,1.7241379013079674,8,0.0,70,12,deltaR
train_0152,C:\Users\tao20\Desktop\Algorithm\AIPlayerDesktop\data\蔡扬的\train\train_0152.json,57,4,False,2,9,2,8, ,-38.71714981198698,-30,3.927272727272727,0.0,1.7241379013079674,9,0.0,70,12,deltaR
train_0152,C:\Users\tao20\Desktop\Algorithm\AIPlayerDesktop\data\蔡扬的\train\train_0152.json,57,5,False,11,5,11,4,T,-44.137930790725335,-30,0.0,0.0,1.7241379013079674,10,0.0,70,0,deltaR
train_0152,C:\Users\tao20\Desktop\Algorithm\AIPlayerDesktop\data\蔡扬的\train\train_0152.json,58,1,True,2,1,2,0, ,-7.1129697383488795,0,3.927272727272727,0.0,1.6949152255099116,8,0.0,100,12,pathLen
train_0152,C:\Users\tao20\Desktop\Algorithm\AIPlayerDesktop\data\蔡扬的\train\train_0152.json,58,2,False,1,9,1,8,T,-35.72313925343075,-30,3.927272727272727,0.0,1.6949152255099116,7,0.0,70,12,deltaR
train_0152,C:\Users\tao20\Desktop\Algorithm\AIPlayerDesktop\data\蔡扬的\train\train_0152.json,58,3,False,2,9,2,8, ,-37.11296973834888,-30,3.927272727272727,0.0,1.6949152255099116,8,0.0,70,12,deltaR
train_0152,C:\Users\tao20\Desktop\Algorithm\AIPlayerDesktop\data\蔡扬的\train\train_0152.json,58,4,False,8,9,8,8,T,-37.11296973834888,-30,3.927272727272727,0.0,1.6949152255099116,8,0.0,70,12,deltaR
train_0152,C:\Users\tao20\Desktop\Algorithm\AIPlayerDesktop\data\蔡扬的\train\train_0152.json,58,5,False,11,5,11,4,T,-45.2881353340994,-30,0.0,0.0,1.6949152255099116,11,0.0,70,0,deltaR
train_0152,C:\Users\tao20\Desktop\Algorithm\AIPlayerDesktop\data\蔡扬的\train\train_0152.json,59,1,True,2,1,2,0, ,-5.562043373161832,0,3.927272727272727,0.0,1.6666666388888893,7,0.0,100,12,pathLen
train_0152,C:\Users\tao20\Desktop\Algorithm\AIPlayerDesktop\data\蔡扬的\train\train_0152.json,59,2,False,1,9,1,8,T,-34.195376729272944,-30,3.927272727272727,0.0,1.6666666388888893,6,0.0,70,12,deltaR
train_0152,C:\Users\tao20\Desktop\Algorithm\AIPlayerDesktop\data\蔡扬的\train\train_0152.json,59,3,False,2,9,2,8, ,-35.562043373161835,-30,3.927272727272727,0.0,1.6666666388888893,7,0.0,70,12,deltaR
train_0152,C:\Users\tao20\Desktop\Algorithm\AIPlayerDesktop\data\蔡扬的\train\train_0152.json,59,4,False,8,9,8,8,T,-38.29537666093961,-30,3.927272727272727,0.0,1.6666666388888893,9,0.0,70,12,deltaR
train_0152,C:\Users\tao20\Desktop\Algorithm\AIPlayerDesktop\data\蔡扬的\train\train_0152.json,59,5,False,11,5,11,4,T,-46.39999972666667,-30,0.0,0.0,1.6666666388888893,12,0.0,70,0,deltaR
train_0152,C:\Users\tao20\Desktop\Algorithm\AIPlayerDesktop\data\蔡扬的\train\train_0152.json,60,1,True,2,1,2,0, ,-4.061791309757487,0,3.927272727272727,0.0,1.6393442354205863,6,0.0,100,12,pathLen
train_0152,C:\Users\tao20\Desktop\Algorithm\AIPlayerDesktop\data\蔡扬的\train\train_0152.json,60,2,False,1,9,1,8,T,-32.717529036712605,-30,3.927272727272727,0.0,1.6393442354205863,5,0.0,70,12,deltaR
train_0152,C:\Users\tao20\Desktop\Algorithm\AIPlayerDesktop\data\蔡扬的\train\train_0152.json,60,3,False,2,9,2,8, ,-34.06179130975749,-30,3.927272727272727,0.0,1.6393442354205863,6,0.0,70,12,deltaR
train_0152,C:\Users\tao20\Desktop\Algorithm\AIPlayerDesktop\data\蔡扬的\train\train_0152.json,60,4,False,8,9,8,8,T,-39.43884040193701,-30,3.927272727272727,0.0,1.6393442354205863,10,0.0,70,12,deltaR
train_0152,C:\Users\tao20\Desktop\Algorithm\AIPlayerDesktop\data\蔡扬的\train\train_0152.json,60,5,False,11,5,11,4,T,-47.475409549583446,-30,0.0,0.0,1.6393442354205863,13,0.0,70,0,deltaR
train_0152,C:\Users\tao20\Desktop\Algorithm\AIPlayerDesktop\data\蔡扬的\train\train_0152.json,61,1,True,2,1,2,0, ,-2.6097934350738043,0,3.927272727272727,0.0,1.612903199791884,5,0.0,100,12,pathLen
train_0152,C:\Users\tao20\Desktop\Algorithm\AIPlayerDesktop\data\蔡扬的\train\train_0152.json,61,2,False,1,9,1,8,T,-31.287212811244462,-30,3.927272727272727,0.0,1.612903199791884,4,0.0,70,12,deltaR
train_0152,C:\Users\tao20\Desktop\Algorithm\AIPlayerDesktop\data\蔡扬的\train\train_0152.json,61,3,False,2,9,2,8, ,-32.609793435073804,-30,3.927272727272727,0.0,1.612903199791884,5,0.0,70,12,deltaR
train_0152,C:\Users\tao20\Desktop\Algorithm\AIPlayerDesktop\data\蔡扬的\train\train_0152.json,61,4,False,8,9,8,8,T,-40.54527717804987,-30,3.927272727272727,0.0,1.612903199791884,11,0.0,70,12,deltaR
train_0152,C:\Users\tao20\Desktop\Algorithm\AIPlayerDesktop\data\蔡扬的\train\train_0152.json,61,5,False,11,5,11,4,T,-48.51612873361083,-30,0.0,0.0,1.612903199791884,14,0.0,70,0,deltaR
train_0152,C:\Users\tao20\Desktop\Algorithm\AIPlayerDesktop\data\蔡扬的\train\train_0152.json,62,1,True,2,1,2,0, ,-1.2037775551869263,0,3.927272727272727,0.0,1.5873015621063244,4,0.0,100,12,pathLen
train_0152,C:\Users\tao20\Desktop\Algorithm\AIPlayerDesktop\data\蔡扬的\train\train_0152.json,62,2,False,1,9,1,8,T,-32.50536483611411,-30,3.927272727272727,0.0,1.5873015621063244,5,0.0,70,12,deltaR
train_0152,C:\Users\tao20\Desktop\Algorithm\AIPlayerDesktop\data\蔡扬的\train\train_0152.json,62,3,False,2,9,2,8, ,-33.8069521170413,-30,3.927272727272727,0.0,1.5873015621063244,6,0.0,70,12,deltaR
train_0152,C:\Users\tao20\Desktop\Algorithm\AIPlayerDesktop\data\蔡扬的\train\train_0152.json,62,4,False,8,9,8,8,T,-41.61647580260441,-30,3.927272727272727,0.0,1.5873015621063244,12,0.0,70,12,deltaR
train_0152,C:\Users\tao20\Desktop\Algorithm\AIPlayerDesktop\data\蔡扬的\train\train_0152.json,62,5,False,11,5,11,4,T,-49.52380921390779,-30,0.0,0.0,1.5873015621063244,15,0.0,70,0,deltaR
train_0152,C:\Users\tao20\Desktop\Algorithm\AIPlayerDesktop\data\蔡扬的\train\train_0152.json,63,1,True,2,1,2,0, ,0.15839113613952982,0,3.927272727272727,0.0,1.562499975585938,3,0.0,100,12,pathLen
train_0152,C:\Users\tao20\Desktop\Algorithm\AIPlayerDesktop\data\蔡扬的\train\train_0152.json,63,2,False,1,9,1,8,T,-33.685358803801876,-30,3.927272727272727,0.0,1.562499975585938,6,0.0,70,12,deltaR
train_0152,C:\Users\tao20\Desktop\Algorithm\AIPlayerDesktop\data\蔡扬的\train\train_0152.json,63,3,False,2,9,2,8, ,-34.96660878378235,-30,3.927272727272727,0.0,1.562499975585938,7,0.0,70,12,deltaR
train_0152,C:\Users\tao20\Desktop\Algorithm\AIPlayerDesktop\data\蔡扬的\train\train_0152.json,63,4,False,8,9,8,8,T,-42.654108663665156,-30,3.927272727272727,0.0,1.562499975585938,13,0.0,70,12,deltaR
train_0152,C:\Users\tao20\Desktop\Algorithm\AIPlayerDesktop\data\蔡扬的\train\train_0152.json,63,5,False,11,5,11,4,T,-50.499999679687505,-30,0.0,0.0,1.562499975585938,16,0.0,70,0,deltaR
train_0152,C:\Users\tao20\Desktop\Algorithm\AIPlayerDesktop\data\蔡扬的\train\train_0152.json,64,1,True,2,1,2,0, ,1.478719797867876,0,3.927272727272727,0.0,1.5384615147929,2,0.0,100,12,Iproxy
train_0152,C:\Users\tao20\Desktop\Algorithm\AIPlayerDesktop\data\蔡扬的\train\train_0152.json,64,2,False,1,9,1,8,T,-34.82897241278302,-30,3.927272727272727,0.0,1.5384615147929,7,0.0,70,12,deltaR
train_0152,C:\Users\tao20\Desktop\Algorithm\AIPlayerDesktop\data\蔡扬的\train\train_0152.json,64,3,False,2,9,2,8, ,-36.09051085491319,-30,3.927272727272727,0.0,1.5384615147929,8,0.0,70,12,deltaR
train_0152,C:\Users\tao20\Desktop\Algorithm\AIPlayerDesktop\data\蔡扬的\train\train_0152.json,64,4,False,8,9,8,8,T,-43.659741507694264,-30,3.927272727272727,0.0,1.5384615147929,14,0.0,70,12,deltaR
train_0152,C:\Users\tao20\Desktop\Algorithm\AIPlayerDesktop\data\蔡扬的\train\train_0152.json,64,5,False,11,5,11,4,T,-51.44615351621302,-30,0.0,0.0,1.5384615147929,17,0.0,70,0,deltaR
train_0152,C:\Users\tao20\Desktop\Algorithm\AIPlayerDesktop\data\蔡扬的\train\train_0152.json,65,1,True,2,1,2,0, ,2.7590969433664343,0,3.927272727272727,0.0,1.5151514921946745,1,0.0,100,12,Iproxy
train_0152,C:\Users\tao20\Desktop\Algorithm\AIPlayerDesktop\data\蔡扬的\train\train_0152.json,65,2,False,1,9,1,8,T,-35.937872621831,-30,3.927272727272727,0.0,1.5151514921946745,8,0.0,70,12,deltaR
train_0152,C:\Users\tao20\Desktop\Algorithm\AIPlayerDesktop\data\蔡扬的\train\train_0152.json,65,3,False,2,9,2,8, ,-37.18029684543063,-30,3.927272727272727,0.0,1.5151514921946745,9,0.0,70,12,deltaR
train_0152,C:\Users\tao20\Desktop\Algorithm\AIPlayerDesktop\data\蔡扬的\train\train_0152.json,65,4,False,8,9,8,8,T,-44.634842187028426,-30,3.927272727272727,0.0,1.5151514921946745,15,0.0,70,12,deltaR
train_0152,C:\Users\tao20\Desktop\Algorithm\AIPlayerDesktop\data\蔡扬的\train\train_0152.json,65,5,False,11,5,11,4,T,-52.363636024793394,-30,0.0,0.0,1.5151514921946745,18,0.0,70,0,deltaR
train_0152,C:\Users\tao20\Desktop\Algorithm\AIPlayerDesktop\data\蔡扬的\train\train_0152.json,66,1,True,3,1,3,0, ,2.6658584826031317,0,3.8230088495575245,0.0,1.4925372911561599,1,0.0,100,12,Iproxy
train_0152,C:\Users\tao20\Desktop\Algorithm\AIPlayerDesktop\data\蔡扬的\train\train_0152.json,66,2,False,3,2,3,1, ,1.441977903855081,0,3.8230088495575245,0.0,1.4925372911561599,2,0.0,100,12,Iproxy
train_0152,C:\Users\tao20\Desktop\Algorithm\AIPlayerDesktop\data\蔡扬的\train\train_0152.json,66,3,False,1,9,1,8,T,-37.12518614738128,-30,3.8230088495575245,0.0,1.4925372911561599,9,0.0,70,12,deltaR
train_0152,C:\Users\tao20\Desktop\Algorithm\AIPlayerDesktop\data\蔡扬的\train\train_0152.json,66,4,False,2,9,2,8, ,-38.34906672612932,-30,3.8230088495575245,0.0,1.4925372911561599,10,0.0,70,12,deltaR
train_0152,C:\Users\tao20\Desktop\Algorithm\AIPlayerDesktop\data\蔡扬的\train\train_0152.json,66,5,False,8,9,8,8,T,-45.69235019861763,-30,3.8230088495575245,0.0,1.4925372911561599,16,0.0,70,12,deltaR
train_0152,C:\Users\tao20\Desktop\Algorithm\AIPlayerDesktop\data\蔡扬的\train\train_0152.json,66,6,False,11,5,11,4,T,-53.253730996212965,-30,0.0,0.0,1.4925372911561599,19,0.0,70,0,deltaR
train_0152,C:\Users\tao20\Desktop\Algorithm\AIPlayerDesktop\data\蔡扬的\train\train_0152.json,67,1,True,3,2,3,1, ,2.5736575829043296,0,3.7241379310344818,0.0,1.4705882136678203,1,0.0,100,12,Iproxy
train_0152,C:\Users\tao20\Desktop\Algorithm\AIPlayerDesktop\data\蔡扬的\train\train_0152.json,67,2,False,1,9,1,8,T,-38.27928343396418,-30,3.7241379310344818,0.0,1.4705882136678203,10,0.0,70,12,deltaR
train_0152,C:\Users\tao20\Desktop\Algorithm\AIPlayerDesktop\data\蔡扬的\train\train_0152.json,67,3,False,2,9,2,8, ,-39.4851657691718,-30,3.7241379310344818,0.0,1.4705882136678203,11,0.0,70,12,deltaR
train_0152,C:\Users\tao20\Desktop\Algorithm\AIPlayerDesktop\data\蔡扬的\train\train_0152.json,67,4,False,8,9,8,8,T,-46.72045978041747,-30,3.7241379310344818,0.0,1.4705882136678203,17,0.0,70,12,deltaR
train_0152,C:\Users\tao20\Desktop\Algorithm\AIPlayerDesktop\data\蔡扬的\train\train_0152.json,67,5,False,11,5,11,4,T,-54.11764670415225,-30,0.0,0.0,1.4705882136678203,20,0.0,70,0,deltaR
train_0152,C:\Users\tao20\Desktop\Algorithm\AIPlayerDesktop\data\蔡扬的\train\train_0152.json,68,1,True,4,3,4,2, ,1.3276130538096522,0,3.6610169491525455,0.0,1.4492753413148503,2,0.0,100,12,Iproxy
train_0152,C:\Users\tao20\Desktop\Algorithm\AIPlayerDesktop\data\蔡扬的\train\train_0152.json,68,2,False,1,9,1,8,T,-39.368038965093945,-30,3.6610169491525455,0.0,1.4492753413148503,11,0.0,70,12,deltaR
train_0152,C:\Users\tao20\Desktop\Algorithm\AIPlayerDesktop\data\蔡扬的\train\train_0152.json,68,3,False,2,9,2,8, ,-40.55644474497212,-30,3.6610169491525455,0.0,1.4492753413148503,12,0.0,70,12,deltaR
train_0152,C:\Users\tao20\Desktop\Algorithm\AIPlayerDesktop\data\蔡扬的\train\train_0152.json,68,4,False,8,9,8,8,T,-47.686879424241184,-30,3.6610169491525455,0.0,1.4492753413148503,18,0.0,70,12,deltaR
train_0152,C:\Users\tao20\Desktop\Algorithm\AIPlayerDesktop\data\蔡扬的\train\train_0152.json,68,5,False,11,5,11,4,T,-54.95652137744172,-30,0.0,0.0,1.4492753413148503,21,0.0,70,0,pathLen
train_0152,C:\Users\tao20\Desktop\Algorithm\AIPlayerDesktop\data\蔡扬的\train\train_0152.json,68,6,False,3,3,3,2, ,-1e+18,0,0.0,0.0,1.4492753413148503,1,0.0,100,0,pathLen
train_0152,C:\Users\tao20\Desktop\Algorithm\AIPlayerDesktop\data\蔡扬的\train\train_0152.json,69,1,True,4,3,4,2, ,2.5241518141250294,0,3.6610169491525455,0.0,1.4285714081632657,1,0.0,100,12,Iproxy
train_0152,C:\Users\tao20\Desktop\Algorithm\AIPlayerDesktop\data\蔡扬的\train\train_0152.json,69,2,False,1,9,1,8,T,-40.361562287507624,-30,3.6610169491525455,0.0,1.4285714081632657,12,0.0,70,12,deltaR
train_0152,C:\Users\tao20\Desktop\Algorithm\AIPlayerDesktop\data\蔡扬的\train\train_0152.json,69,3,False,2,9,2,8, ,-41.53299084220151,-30,3.6610169491525455,0.0,1.4285714081632657,13,0.0,70,12,deltaR
train_0152,C:\Users\tao20\Desktop\Algorithm\AIPlayerDesktop\data\蔡扬的\train\train_0152.json,69,4,False,8,9,8,8,T,-48.56156217036477,-30,3.6610169491525455,0.0,1.4285714081632657,19,0.0,70,12,deltaR
train_0152,C:\Users\tao20\Desktop\Algorithm\AIPlayerDesktop\data\蔡扬的\train\train_0152.json,69,5,False,11,5,11,4,T,-55.771428203265316,-30,0.0,0.0,1.4285714081632657,22,0.0,70,0,pathLen
train_0152,C:\Users\tao20\Desktop\Algorithm\AIPlayerDesktop\data\蔡扬的\train\train_0152.json,70,1,True,5,3,5,2, ,2.436940174167902,0,3.5702479338842985,0.0,1.4084506843880187,1,0.0,100,12,Iproxy
train_0152,C:\Users\tao20\Desktop\Algorithm\AIPlayerDesktop\data\蔡扬的\train\train_0152.json,70,2,False,5,2,5,1, ,1.2820106129697266,0,3.5702479338842985,0.0,1.4084506843880187,2,0.0,100,12,Iproxy
train_0152,C:\Users\tao20\Desktop\Algorithm\AIPlayerDesktop\data\蔡扬的\train\train_0152.json,70,3,False,5,4,5,3, ,1.2820106129697266,0,3.5702479338842985,0.0,1.4084506843880187,2,0.0,100,12,Iproxy
train_0152,C:\Users\tao20\Desktop\Algorithm\AIPlayerDesktop\data\蔡扬的\train\train_0152.json,70,4,False,1,9,1,8,T,-41.4222145602102,-30,3.5702479338842985,0.0,1.4084506843880187,13,0.0,70,12,deltaR
train_0152,C:\Users\tao20\Desktop\Algorithm\AIPlayerDesktop\data\蔡扬的\train\train_0152.json,70,5,False,2,9,2,8, ,-42.57714412140838,-30,3.5702479338842985,0.0,1.4084506843880187,14,0.0,70,12,deltaR
train_0152,C:\Users\tao20\Desktop\Algorithm\AIPlayerDesktop\data\蔡扬的\train\train_0152.json,70,6,False,8,9,8,8,T,-49.50672148859743,-30,3.5702479338842985,0.0,1.4084506843880187,20,0.0,70,12,deltaR
train_0152,C:\Users\tao20\Desktop\Algorithm\AIPlayerDesktop\data\蔡扬的\train\train_0152.json,70,7,False,11,5,11,4,T,-56.56337990755803,-30,0.0,0.0,1.4084506843880187,23,0.0,70,0,pathLen
train_0152,C:\Users\tao20\Desktop\Algorithm\AIPlayerDesktop\data\蔡扬的\train\train_0152.json,71,1,True,5,2,5,1, ,2.3515220464435274,0,3.4838709677419355,0.0,1.3888888695987658,1,0.0,100,12,Iproxy
train_0152,C:\Users\tao20\Desktop\Algorithm\AIPlayerDesktop\data\蔡扬的\train\train_0152.json,71,2,False,5,4,5,3, ,2.3515220464435274,0,3.4838709677419355,0.0,1.3888888695987658,1,0.0,100,12,Iproxy
train_0152,C:\Users\tao20\Desktop\Algorithm\AIPlayerDesktop\data\蔡扬的\train\train_0152.json,71,3,False,6,3,6,2, ,2.3515220464435274,0,3.4838709677419355,0.0,1.3888888695987658,1,0.0,100,12,Iproxy
train_0152,C:\Users\tao20\Desktop\Algorithm\AIPlayerDesktop\data\蔡扬的\train\train_0152.json,71,4,False,1,9,1,8,T,-42.454033303479314,-30,3.4838709677419355,0.0,1.3888888695987658,14,0.0,70,12,deltaR
train_0152,C:\Users\tao20\Desktop\Algorithm\AIPlayerDesktop\data\蔡扬的\train\train_0152.json,71,5,False,2,9,2,8, ,-43.5929221765503,-30,3.4838709677419355,0.0,1.3888888695987658,15,0.0,70,12,deltaR
train_0152,C:\Users\tao20\Desktop\Algorithm\AIPlayerDesktop\data\蔡扬的\train\train_0152.json,71,6,False,8,9,8,8,T,-50.426255414976225,-30,3.4838709677419355,0.0,1.3888888695987658,21,0.0,70,12,deltaR
train_0152,C:\Users\tao20\Desktop\Algorithm\AIPlayerDesktop\data\蔡扬的\train\train_0152.json,71,7,False,11,5,11,4,T,-57.33333295370371,-30,0.0,0.0,1.3888888695987658,24,0.0,70,0,pathLen
train_0152,C:\Users\tao20\Desktop\Algorithm\AIPlayerDesktop\data\蔡扬的\train\train_0152.json,72,1,True,5,1,5,0, ,2.2968616850052856,0,3.428571428571429,0.0,1.3698629949333836,1,0.0,100,12,Iproxy
train_0152,C:\Users\tao20\Desktop\Algorithm\AIPlayerDesktop\data\蔡扬的\train\train_0152.json,72,2,False,5,4,5,3, ,1.1735740291599113,0,3.428571428571429,0.0,1.3698629949333836,2,0.0,100,12,Iproxy
train_0152,C:\Users\tao20\Desktop\Algorithm\AIPlayerDesktop\data\蔡扬的\train\train_0152.json,72,3,False,6,1,6,0, ,1.1735740291599113,0,3.428571428571429,0.0,1.3698629949333836,2,0.0,100,12,Iproxy
train_0152,C:\Users\tao20\Desktop\Algorithm\AIPlayerDesktop\data\蔡扬的\train\train_0152.json,72,4,False,6,3,6,2, ,1.1735740291599113,0,3.428571428571429,0.0,1.3698629949333836,2,0.0,100,12,Iproxy
train_0152,C:\Users\tao20\Desktop\Algorithm\AIPlayerDesktop\data\蔡扬的\train\train_0152.json,72,5,False,1,9,1,8,T,-43.42916549682995,-30,3.428571428571429,0.0,1.3698629949333836,15,0.0,70,12,deltaR
train_0152,C:\Users\tao20\Desktop\Algorithm\AIPlayerDesktop\data\蔡扬的\train\train_0152.json,72,6,False,2,9,2,8, ,-44.55245315267533,-30,3.428571428571429,0.0,1.3698629949333836,16,0.0,70,12,deltaR
train_0152,C:\Users\tao20\Desktop\Algorithm\AIPlayerDesktop\data\蔡扬的\train\train_0152.json,72,7,False,8,9,8,8,T,-51.29217908774758,-30,3.428571428571429,0.0,1.3698629949333836,22,0.0,70,12,pathLen
train_0152,C:\Users\tao20\Desktop\Algorithm\AIPlayerDesktop\data\蔡扬的\train\train_0152.json,72,8,False,11,5,11,4,T,-58.08219139613436,-30,0.0,0.0,1.3698629949333836,25,0.0,70,0,pathLen
train_0152,C:\Users\tao20\Desktop\Algorithm\AIPlayerDesktop\data\蔡扬的\train\train_0152.json,73,1,True,6,1,6,0, ,2.243532306903867,0,3.3749999999999996,0.0,1.351351333089847,1,0.0,100,12,Iproxy
train_0152,C:\Users\tao20\Desktop\Algorithm\AIPlayerDesktop\data\蔡扬的\train\train_0152.json,73,2,False,5,4,5,3, ,0.027316120636518004,0,3.3749999999999996,0.0,1.351351333089847,3,0.0,100,12,pathLen
train_0152,C:\Users\tao20\Desktop\Algorithm\AIPlayerDesktop\data\蔡扬的\train\train_0152.json,73,3,False,6,3,6,2, ,0.027316120636518004,0,3.3749999999999996,0.0,1.351351333089847,3,0.0,100,12,pathLen
train_0152,C:\Users\tao20\Desktop\Algorithm\AIPlayerDesktop\data\蔡扬的\train\train_0152.json,73,4,False,1,9,1,8,T,-44.37808909010125,-30,3.3749999999999996,0.0,1.351351333089847,16,0.0,70,12,deltaR
train_0152,C:\Users\tao20\Desktop\Algorithm\AIPlayerDesktop\data\蔡扬的\train\train_0152.json,73,5,False,2,9,2,8, ,-45.48619718323492,-30,3.3749999999999996,0.0,1.351351333089847,17,0.0,70,12,deltaR
train_0152,C:\Users\tao20\Desktop\Algorithm\AIPlayerDesktop\data\蔡扬的\train\train_0152.json,73,6,False,8,9,8,8,T,-52.13484574203697,-30,3.3749999999999996,0.0,1.351351333089847,23,0.0,70,12,pathLen
train_0152,C:\Users\tao20\Desktop\Algorithm\AIPlayerDesktop\data\蔡扬的\train\train_0152.json,73,7,False,11,5,11,4,T,-58.81081042147554,-30,0.0,0.0,1.351351333089847,26,0.0,70,0,pathLen
train_0152,C:\Users\tao20\Desktop\Algorithm\AIPlayerDesktop\data\蔡扬的\train\train_0152.json,74,1,True,7,1,7,0, ,2.164792223447439,0,3.297709923664121,0.0,1.3333333155555558,1,0.0,100,12,Iproxy
train_0152,C:\Users\tao20\Desktop\Algorithm\AIPlayerDesktop\data\蔡扬的\train\train_0152.json,74,2,False,5,4,5,3, ,-1.1152077328192278,0,3.297709923664121,0.0,1.3333333155555558,4,0.0,100,12,pathLen
train_0152,C:\Users\tao20\Desktop\Algorithm\AIPlayerDesktop\data\蔡扬的\train\train_0152.json,74,3,False,6,3,6,2, ,-1.1152077328192278,0,3.297709923664121,0.0,1.3333333155555558,4,0.0,100,12,pathLen
train_0152,C:\Users\tao20\Desktop\Algorithm\AIPlayerDesktop\data\蔡扬的\train\train_0152.json,74,4,False,1,9,1,8,T,-45.328540876641455,-30,3.297709923664121,0.0,1.3333333155555558,17,0.0,70,12,deltaR
train_0152,C:\Users\tao20\Desktop\Algorithm\AIPlayerDesktop\data\蔡扬的\train\train_0152.json,74,5,False,2,9,2,8, ,-46.42187419539701,-30,3.297709923664121,0.0,1.3333333155555558,18,0.0,70,12,deltaR
train_0152,C:\Users\tao20\Desktop\Algorithm\AIPlayerDesktop\data\蔡扬的\train\train_0152.json,74,6,False,8,9,8,8,T,-52.98187410793034,-30,3.297709923664121,0.0,1.3333333155555558,24,0.0,70,12,pathLen
train_0152,C:\Users\tao20\Desktop\Algorithm\AIPlayerDesktop\data\蔡扬的\train\train_0152.json,74,7,False,11,5,11,4,T,-59.519999606400006,-30,0.0,0.0,1.3333333155555558,27,0.0,70,0,pathLen
train_0152,C:\Users\tao20\Desktop\Algorithm\AIPlayerDesktop\data\蔡扬的\train\train_0152.json,75,1,True,8,1,8,0, ,2.0882099018639173,0,3.2238805970149236,0.0,1.3157894563711914,1,0.0,100,12,Iproxy
train_0152,C:\Users\tao20\Desktop\Algorithm\AIPlayerDesktop\data\蔡扬的\train\train_0152.json,75,2,False,5,4,5,3, ,-2.2275795150335904,0,3.2238805970149236,0.0,1.3157894563711914,5,0.0,100,12,pathLen
train_0152,C:\Users\tao20\Desktop\Algorithm\AIPlayerDesktop\data\蔡扬的\train\train_0152.json,75,3,False,6,3,6,2, ,-2.2275795150335904,0,3.2238805970149236,0.0,1.3157894563711914,5,0.0,100,12,pathLen
train_0152,C:\Users\tao20\Desktop\Algorithm\AIPlayerDesktop\data\蔡扬的\train\train_0152.json,75,4,False,1,9,1,8,T,-46.253895119950485,-30,3.2238805970149236,0.0,1.3157894563711914,18,0.0,70,12,deltaR
train_0152,C:\Users\tao20\Desktop\Algorithm\AIPlayerDesktop\data\蔡扬的\train\train_0152.json,75,5,False,2,9,2,8, ,-47.33284247417487,-30,3.2238805970149236,0.0,1.3157894563711914,19,0.0,70,12,deltaR
train_0152,C:\Users\tao20\Desktop\Algorithm\AIPlayerDesktop\data\蔡扬的\train\train_0152.json,75,6,False,8,9,8,8,T,-53.80652659952112,-30,3.2238805970149236,0.0,1.3157894563711914,25,0.0,70,12,pathLen
train_0152,C:\Users\tao20\Desktop\Algorithm\AIPlayerDesktop\data\蔡扬的\train\train_0152.json,75,7,False,11,5,11,4,T,-60.21052591828255,-30,0.0,0.0,1.3157894563711914,28,0.0,70,0,pathLen
train_0152,C:\Users\tao20\Desktop\Algorithm\AIPlayerDesktop\data\蔡扬的\train\train_0152.json,76,1,True,9,1,9,0, ,2.0139096097881115,0,3.1532846715328477,0.0,1.2987012818350483,1,0.0,100,12,Iproxy
train_0152,C:\Users\tao20\Desktop\Algorithm\AIPlayerDesktop\data\蔡扬的\train\train_0152.json,76,2,False,5,4,5,3, ,-3.3107656457355863,0,3.1532846715328477,0.0,1.2987012818350483,6,0.0,100,12,pathLen
train_0152,C:\Users\tao20\Desktop\Algorithm\AIPlayerDesktop\data\蔡扬的\train\train_0152.json,76,3,False,6,3,6,2, ,-3.3107656457355863,0,3.1532846715328477,0.0,1.2987012818350483,6,0.0,100,12,pathLen
train_0152,C:\Users\tao20\Desktop\Algorithm\AIPlayerDesktop\data\蔡扬的\train\train_0152.json,76,4,False,1,9,1,8,T,-47.154921310097194,-30,3.1532846715328477,0.0,1.2987012818350483,19,0.0,70,12,deltaR
train_0152,C:\Users\tao20\Desktop\Algorithm\AIPlayerDesktop\data\蔡扬的\train\train_0152.json,76,5,False,2,9,2,8, ,-48.219856361201934,-30,3.1532846715328477,0.0,1.2987012818350483,20,0.0,70,12,deltaR
train_0152,C:\Users\tao20\Desktop\Algorithm\AIPlayerDesktop\data\蔡扬的\train\train_0152.json,76,6,False,8,9,8,8,T,-54.609466667830375,-30,3.1532846715328477,0.0,1.2987012818350483,26,0.0,70,12,pathLen
train_0152,C:\Users\tao20\Desktop\Algorithm\AIPlayerDesktop\data\蔡扬的\train\train_0152.json,76,7,False,11,5,11,4,T,-60.88311648203745,-30,0.0,0.0,1.2987012818350483,29,0.0,70,0,pathLen
train_0152,C:\Users\tao20\Desktop\Algorithm\AIPlayerDesktop\data\蔡扬的\train\train_0152.json,77,1,True,10,1,10,0, ,1.9419540372640105,0,3.0857142857142863,0.0,1.2820512656147274,1,0.0,100,12,Iproxy
train_0152,C:\Users\tao20\Desktop\Algorithm\AIPlayerDesktop\data\蔡扬的\train\train_0152.json,77,2,False,5,4,5,3, ,-4.365738189560448,0,3.0857142857142863,0.0,1.2820512656147274,7,0.0,100,12,pathLen
train_0152,C:\Users\tao20\Desktop\Algorithm\AIPlayerDesktop\data\蔡扬的\train\train_0152.json,77,3,False,6,3,6,2, ,-4.365738189560448,0,3.0857142857142863,0.0,1.2820512656147274,7,0.0,100,12,pathLen
train_0152,C:\Users\tao20\Desktop\Algorithm\AIPlayerDesktop\data\蔡扬的\train\train_0152.json,77,4,False,1,9,1,8,T,-48.032404681013446,-30,3.0857142857142863,0.0,1.2820512656147274,20,0.0,70,12,deltaR
train_0152,C:\Users\tao20\Desktop\Algorithm\AIPlayerDesktop\data\蔡扬的\train\train_0152.json,77,5,False,2,9,2,8, ,-49.08368671881752,-30,3.0857142857142863,0.0,1.2820512656147274,21,0.0,70,12,deltaR
train_0152,C:\Users\tao20\Desktop\Algorithm\AIPlayerDesktop\data\蔡扬的\train\train_0152.json,77,6,False,8,9,8,8,T,-55.391378945641975,-30,3.0857142857142863,0.0,1.2820512656147274,27,0.0,70,12,pathLen
train_0152,C:\Users\tao20\Desktop\Algorithm\AIPlayerDesktop\data\蔡扬的\train\train_0152.json,77,7,False,11,5,11,4,T,-61.53846113412229,-30,0.0,0.0,1.2820512656147274,30,0.0,70,0,pathLen
train_0152,C:\Users\tao20\Desktop\Algorithm\AIPlayerDesktop\data\蔡扬的\train\train_0152.json,78,1,True,11,1,11,0, ,1.872360591093781,0,3.020979020979021,0.0,1.2658227687870536,1,0.0,100,12,Iproxy
train_0152,C:\Users\tao20\Desktop\Algorithm\AIPlayerDesktop\data\蔡扬的\train\train_0152.json,78,2,False,11,2,11,1, ,0.8343859206883972,0,3.020979020979021,0.0,1.2658227687870536,2,0.0,100,12,Iproxy
train_0152,C:\Users\tao20\Desktop\Algorithm\AIPlayerDesktop\data\蔡扬的\train\train_0152.json,78,3,False,5,4,5,3, ,-5.393462101743905,0,3.020979020979021,0.0,1.2658227687870536,8,0.0,100,12,pathLen
train_0152,C:\Users\tao20\Desktop\Algorithm\AIPlayerDesktop\data\蔡扬的\train\train_0152.json,78,4,False,6,3,6,2, ,-5.393462101743905,0,3.020979020979021,0.0,1.2658227687870536,8,0.0,100,12,pathLen
train_0152,C:\Users\tao20\Desktop\Algorithm\AIPlayerDesktop\data\蔡扬的\train\train_0152.json,78,5,False,1,9,1,8,T,-48.88713281701389,-30,3.020979020979021,0.0,1.2658227687870536,21,0.0,70,12,deltaR
train_0152,C:\Users\tao20\Desktop\Algorithm\AIPlayerDesktop\data\蔡扬的\train\train_0152.json,78,6,False,2,9,2,8, ,-49.92510748741928,-30,3.020979020979021,0.0,1.2658227687870536,22,0.0,70,12,deltaR
train_0152,C:\Users\tao20\Desktop\Algorithm\AIPlayerDesktop\data\蔡扬的\train\train_0152.json,78,7,False,8,9,8,8,T,-56.15295550985158,-30,3.020979020979021,0.0,1.2658227687870536,28,0.0,70,12,pathLen
train_0152,C:\Users\tao20\Desktop\Algorithm\AIPlayerDesktop\data\蔡扬的\train\train_0152.json,78,8,False,11,5,11,4,T,-62.1772147825669,-30,0.0,0.0,1.2658227687870536,31,0.0,70,0,pathLen
train_0152,C:\Users\tao20\Desktop\Algorithm\AIPlayerDesktop\data\蔡扬的\train\train_0152.json,79,1,True,11,2,11,1, ,1.8051137693944097,0,2.95890410958904,0.0,1.2499999843750003,1,0.0,100,12,Iproxy
train_0152,C:\Users\tao20\Desktop\Algorithm\AIPlayerDesktop\data\蔡扬的\train\train_0152.json,79,2,False,5,4,5,3, ,-6.394886128105592,0,2.95890410958904,0.0,1.2499999843750003,9,0.0,100,12,pathLen
train_0152,C:\Users\tao20\Desktop\Algorithm\AIPlayerDesktop\data\蔡扬的\train\train_0152.json,79,3,False,6,3,6,2, ,-6.394886128105592,0,2.95890410958904,0.0,1.2499999843750003,9,0.0,100,12,pathLen
train_0152,C:\Users\tao20\Desktop\Algorithm\AIPlayerDesktop\data\蔡扬的\train\train_0152.json,79,4,False,1,9,1,8,T,-49.7198859615431,-30,2.95890410958904,0.0,1.2499999843750003,22,0.0,70,12,deltaR
train_0152,C:\Users\tao20\Desktop\Algorithm\AIPlayerDesktop\data\蔡扬的\train\train_0152.json,79,5,False,2,9,2,8, ,-50.7448859487306,-30,2.95890410958904,0.0,1.2499999843750003,23,0.0,70,12,deltaR
train_0152,C:\Users\tao20\Desktop\Algorithm\AIPlayerDesktop\data\蔡扬的\train\train_0152.json,79,6,False,8,9,8,8,T,-56.89488587185559,-30,2.95890410958904,0.0,1.2499999843750003,29,0.0,70,12,pathLen
train_0152,C:\Users\tao20\Desktop\Algorithm\AIPlayerDesktop\data\蔡扬的\train\train_0152.json,79,7,False,11,5,11,4,T,-62.799999590000006,-30,0.0,0.0,1.2499999843750003,32,0.0,70,0,pathLen
train_0152,C:\Users\tao20\Desktop\Algorithm\AIPlayerDesktop\data\蔡扬的\train\train_0152.json,80,1,True,12,3,12,2, ,-1.3431972890428208,0,0.72,0.0,1.2345678859929892,2,0.0,100,12,pathLen
train_0152,C:\Users\tao20\Desktop\Algorithm\AIPlayerDesktop\data\蔡扬的\train\train_0152.json,80,2,False,5,4,5,3, ,-9.72591847281753,0,0.42,0.0,1.2345678859929892,10,0.0,100,7,pathLen
train_0152,C:\Users\tao20\Desktop\Algorithm\AIPlayerDesktop\data\蔡扬的\train\train_0152.json,80,3,False,6,3,6,2, ,-9.72591847281753,0,0.42,0.0,1.2345678859929892,10,0.0,100,7,pathLen
train_0152,C:\Users\tao20\Desktop\Algorithm\AIPlayerDesktop\data\蔡扬的\train\train_0152.json,80,4,False,10,3,10,2,T,-31.627153140703523,-30,0.42,0.0,1.2345678859929892,2,0.0,70,7,deltaR
train_0152,C:\Users\tao20\Desktop\Algorithm\AIPlayerDesktop\data\蔡扬的\train\train_0152.json,80,5,False,1,9,1,8,T,-52.602456285842095,-30,0.72,0.0,1.2345678859929892,23,0.0,70,12,deltaR
train_0152,C:\Users\tao20\Desktop\Algorithm\AIPlayerDesktop\data\蔡扬的\train\train_0152.json,80,6,False,2,9,2,8, ,-53.614801952356345,-30,0.72,0.0,1.2345678859929892,24,0.0,70,12,deltaR
train_0152,C:\Users\tao20\Desktop\Algorithm\AIPlayerDesktop\data\蔡扬的\train\train_0152.json,80,7,False,8,9,8,8,T,-59.688875951441844,-30,0.72,0.0,1.2345678859929892,30,0.0,70,12,pathLen
train_0152,C:\Users\tao20\Desktop\Algorithm\AIPlayerDesktop\data\蔡扬的\train\train_0152.json,80,8,False,11,5,11,4,T,-63.40740699497028,-30,0.0,0.0,1.2345678859929892,33,0.0,70,0,pathLen
train_0152,C:\Users\tao20\Desktop\Algorithm\AIPlayerDesktop\data\蔡扬的\train\train_0152.json,80,9,False,11,3,11,2, ,-1e+18,0,0.0,0.0,1.2345678859929892,1,0.0,100,0,pathLen
train_0152,C:\Users\tao20\Desktop\Algorithm\AIPlayerDesktop\data\蔡扬的\train\train_0152.json,81,1,True,12,3,12,2, ,-0.3242395199119307,0,0.72,0.0,1.2195121802498514,1,0.0,100,12,pathLen
train_0152,C:\Users\tao20\Desktop\Algorithm\AIPlayerDesktop\data\蔡扬的\train\train_0152.json,81,2,False,5,4,5,3, ,-10.605806259582774,0,0.42,0.0,1.2195121802498514,11,0.0,100,7,pathLen
train_0152,C:\Users\tao20\Desktop\Algorithm\AIPlayerDesktop\data\蔡扬的\train\train_0152.json,81,3,False,6,3,6,2, ,-10.605806259582774,0,0.42,0.0,1.2195121802498514,11,0.0,100,7,pathLen
train_0152,C:\Users\tao20\Desktop\Algorithm\AIPlayerDesktop\data\蔡扬的\train\train_0152.json,81,4,False,10,3,10,2,T,-30.60580638153399,-30,0.42,0.0,1.2195121802498514,1,0.0,70,7,deltaR
train_0152,C:\Users\tao20\Desktop\Algorithm\AIPlayerDesktop\data\蔡扬的\train\train_0152.json,81,5,False,1,9,1,8,T,-53.32423923942413,-30,0.72,0.0,1.2195121802498514,24,0.0,70,12,deltaR
train_0152,C:\Users\tao20\Desktop\Algorithm\AIPlayerDesktop\data\蔡扬的\train\train_0152.json,81,6,False,2,9,2,8, ,-54.32423922722901,-30,0.72,0.0,1.2195121802498514,25,0.0,70,12,pathLen
train_0152,C:\Users\tao20\Desktop\Algorithm\AIPlayerDesktop\data\蔡扬的\train\train_0152.json,81,7,False,8,9,8,8,T,-60.324239154058276,-30,0.72,0.0,1.2195121802498514,31,0.0,70,12,pathLen
train_0152,C:\Users\tao20\Desktop\Algorithm\AIPlayerDesktop\data\蔡扬的\train\train_0152.json,81,8,False,11,5,11,4,T,-63.999999585365856,-30,0.0,0.0,1.2195121802498514,34,0.0,70,0,pathLen
train_0152,C:\Users\tao20\Desktop\Algorithm\AIPlayerDesktop\data\蔡扬的\train\train_0152.json,82,1,True,13,3,13,2, ,-0.3175096818810893,0,0.72,0.0,1.2048192625925391,1,0.0,100,12,pathLen
train_0152,C:\Users\tao20\Desktop\Algorithm\AIPlayerDesktop\data\蔡扬的\train\train_0152.json,82,2,False,13,2,13,1, ,-1.3054614772069715,0,0.72,0.0,1.2048192625925391,2,0.0,100,12,pathLen
train_0152,C:\Users\tao20\Desktop\Algorithm\AIPlayerDesktop\data\蔡扬的\train\train_0152.json,82,3,False,5,4,5,3, ,-11.464330311067789,0,0.42,0.0,1.2048192625925391,12,0.0,100,7,pathLen
train_0152,C:\Users\tao20\Desktop\Algorithm\AIPlayerDesktop\data\蔡扬的\train\train_0152.json,82,4,False,6,3,6,2, ,-11.464330311067789,0,0.42,0.0,1.2048192625925391,12,0.0,100,7,pathLen
train_0152,C:\Users\tao20\Desktop\Algorithm\AIPlayerDesktop\data\蔡扬的\train\train_0152.json,82,5,False,10,3,10,2,T,-31.584812357808968,-30,0.42,0.0,1.2048192625925391,2,0.0,70,7,deltaR
train_0152,C:\Users\tao20\Desktop\Algorithm\AIPlayerDesktop\data\蔡扬的\train\train_0152.json,82,6,False,1,9,1,8,T,-54.02835276970226,-30,0.72,0.0,1.2048192625925391,25,0.0,70,12,pathLen
train_0152,C:\Users\tao20\Desktop\Algorithm\AIPlayerDesktop\data\蔡扬的\train\train_0152.json,82,7,False,2,9,2,8, ,-55.016304565028136,-30,0.72,0.0,1.2048192625925391,26,0.0,70,12,pathLen
train_0152,C:\Users\tao20\Desktop\Algorithm\AIPlayerDesktop\data\蔡扬的\train\train_0152.json,82,8,False,8,9,8,8,T,-60.94401533698343,-30,0.72,0.0,1.2048192625925391,32,0.0,70,12,pathLen
train_0152,C:\Users\tao20\Desktop\Algorithm\AIPlayerDesktop\data\蔡扬的\train\train_0152.json,82,9,False,11,5,11,4,T,-64.57831283640587,-30,0.0,0.0,1.2048192625925391,35,0.0,70,0,pathLen
train_0152,C:\Users\tao20\Desktop\Algorithm\AIPlayerDesktop\data\蔡扬的\train\train_0152.json,83,1,True,13,2,13,1, ,-0.31073856522436993,0,0.72,0.0,1.1904761763038552,1,0.0,100,12,pathLen
train_0152,C:\Users\tao20\Desktop\Algorithm\AIPlayerDesktop\data\蔡扬的\train\train_0152.json,83,2,False,5,4,5,3, ,-12.302295764781299,0,0.42,0.0,1.1904761763038552,13,0.0,100,7,pathLen
train_0152,C:\Users\tao20\Desktop\Algorithm\AIPlayerDesktop\data\蔡扬的\train\train_0152.json,83,3,False,6,3,6,2, ,-12.302295764781299,0,0.42,0.0,1.1904761763038552,13,0.0,100,7,pathLen
train_0152,C:\Users\tao20\Desktop\Algorithm\AIPlayerDesktop\data\蔡扬的\train\train_0152.json,83,4,False,10,3,10,2,T,-32.54039111908969,-30,0.42,0.0,1.1904761763038552,3,0.0,70,7,deltaR
train_0152,C:\Users\tao20\Desktop\Algorithm\AIPlayerDesktop\data\蔡扬的\train\train_0152.json,83,5,False,1,9,1,8,T,-54.7155001794534,-30,0.72,0.0,1.1904761763038552,26,0.0,70,12,pathLen
train_0152,C:\Users\tao20\Desktop\Algorithm\AIPlayerDesktop\data\蔡扬的\train\train_0152.json,83,6,False,2,9,2,8, ,-55.69169064402256,-30,0.72,0.0,1.1904761763038552,27,0.0,70,12,pathLen
train_0152,C:\Users\tao20\Desktop\Algorithm\AIPlayerDesktop\data\蔡扬的\train\train_0152.json,83,7,False,8,9,8,8,T,-61.54883343143753,-30,0.72,0.0,1.1904761763038552,33,0.0,70,12,pathLen
train_0152,C:\Users\tao20\Desktop\Algorithm\AIPlayerDesktop\data\蔡扬的\train\train_0152.json,83,8,False,11,5,11,4,T,-65.1428567244898,-30,0.0,0.0,1.1904761763038552,36,0.0,70,0,pathLen
train_0152,C:\Users\tao20\Desktop\Algorithm\AIPlayerDesktop\data\蔡扬的\train\train_0152.json,84,1,True,13,1,13,0, ,-0.30398556364883955,0,0.72,0.0,1.176470574394464,1,0.0,100,12,pathLen
train_0152,C:\Users\tao20\Desktop\Algorithm\AIPlayerDesktop\data\蔡扬的\train\train_0152.json,84,2,False,5,4,5,3, ,-13.120462014758251,0,0.42,0.0,1.176470574394464,14,0.0,100,7,pathLen
train_0152,C:\Users\tao20\Desktop\Algorithm\AIPlayerDesktop\data\蔡扬的\train\train_0152.json,84,3,False,6,3,6,2, ,-13.120462014758251,0,0.42,0.0,1.176470574394464,14,0.0,100,7,pathLen
train_0152,C:\Users\tao20\Desktop\Algorithm\AIPlayerDesktop\data\蔡扬的\train\train_0152.json,84,4,False,10,3,10,2,T,-33.47340330472365,-30,0.42,0.0,1.176470574394464,4,0.0,70,7,deltaR
train_0152,C:\Users\tao20\Desktop\Algorithm\AIPlayerDesktop\data\蔡扬的\train\train_0152.json,84,5,False,1,9,1,8,T,-55.38633820973881,-30,0.72,0.0,1.176470574394464,27,0.0,70,12,pathLen
train_0152,C:\Users\tao20\Desktop\Algorithm\AIPlayerDesktop\data\蔡扬的\train\train_0152.json,84,6,False,2,9,2,8, ,-56.35104408074227,-30,0.72,0.0,1.176470574394464,28,0.0,70,12,pathLen
train_0152,C:\Users\tao20\Desktop\Algorithm\AIPlayerDesktop\data\蔡扬的\train\train_0152.json,84,7,False,8,9,8,8,T,-62.13927930676303,-30,0.72,0.0,1.176470574394464,34,0.0,70,12,pathLen
train_0152,C:\Users\tao20\Desktop\Algorithm\AIPlayerDesktop\data\蔡扬的\train\train_0152.json,84,8,False,11,5,11,4,T,-65.69411722712803,-30,0.0,0.0,1.176470574394464,37,0.0,70,0,pathLen
train_0152,C:\Users\tao20\Desktop\Algorithm\AIPlayerDesktop\data\蔡扬的\train\train_0152.json,85,1,True,5,4,5,3, ,-13.91954682854331,0,0.42,0.0,1.1627906841535967,15,0.0,100,7,pathLen
train_0152,C:\Users\tao20\Desktop\Algorithm\AIPlayerDesktop\data\蔡扬的\train\train_0152.json,85,2,False,6,3,6,2, ,-13.91954682854331,0,0.42,0.0,1.1627906841535967,15,0.0,100,7,pathLen
train_0152,C:\Users\tao20\Desktop\Algorithm\AIPlayerDesktop\data\蔡扬的\train\train_0152.json,85,3,False,10,3,10,2,T,-34.384663218483816,-30,0.42,0.0,1.1627906841535967,5,0.0,70,7,deltaR
train_0152,C:\Users\tao20\Desktop\Algorithm\AIPlayerDesktop\data\蔡扬的\train\train_0152.json,85,4,False,1,9,1,8,T,-56.04148224551642,-30,0.72,0.0,1.1627906841535967,28,0.0,70,12,pathLen
train_0152,C:\Users\tao20\Desktop\Algorithm\AIPlayerDesktop\data\蔡扬的\train\train_0152.json,85,5,False,2,9,2,8, ,-56.994970606522365,-30,0.72,0.0,1.1627906841535967,29,0.0,70,12,pathLen
train_0152,C:\Users\tao20\Desktop\Algorithm\AIPlayerDesktop\data\蔡扬的\train\train_0152.json,85,6,False,8,9,8,8,T,-62.71590077255806,-30,0.72,0.0,1.1627906841535967,35,0.0,70,12,pathLen
train_0152,C:\Users\tao20\Desktop\Algorithm\AIPlayerDesktop\data\蔡扬的\train\train_0152.json,85,7,False,11,5,11,4,T,-66.23255771822608,-30,0.0,0.0,1.1627906841535967,38,0.0,70,0,pathLen
train_0152,C:\Users\tao20\Desktop\Algorithm\AIPlayerDesktop\data\蔡扬的\train\train_0152.json,86,1,True,5,4,5,3, ,-12.814736834828771,0,0.42,0.0,1.1494252741445372,14,0.0,100,7,pathLen
train_0152,C:\Users\tao20\Desktop\Algorithm\AIPlayerDesktop\data\蔡扬的\train\train_0152.json,86,2,False,6,3,6,2, ,-12.814736834828771,0,0.42,0.0,1.1494252741445372,14,0.0,100,7,pathLen
train_0152,C:\Users\tao20\Desktop\Algorithm\AIPlayerDesktop\data\蔡扬的\train\train_0152.json,86,3,False,10,3,10,2,T,-33.38944958684357,-30,0.42,0.0,1.1494252741445372,4,0.0,70,7,deltaR
train_0152,C:\Users\tao20\Desktop\Algorithm\AIPlayerDesktop\data\蔡扬的\train\train_0152.json,86,4,False,1,9,1,8,T,-54.79570646267345,-30,0.72,0.0,1.1494252741445372,27,0.0,70,12,pathLen
train_0152,C:\Users\tao20\Desktop\Algorithm\AIPlayerDesktop\data\蔡扬的\train\train_0152.json,86,5,False,2,9,2,8, ,-55.73823518747197,-30,0.72,0.0,1.1494252741445372,28,0.0,70,12,pathLen
train_0152,C:\Users\tao20\Desktop\Algorithm\AIPlayerDesktop\data\蔡扬的\train\train_0152.json,86,6,False,8,9,8,8,T,-61.3934075362631,-30,0.72,0.0,1.1494252741445372,34,0.0,70,12,pathLen
train_0152,C:\Users\tao20\Desktop\Algorithm\AIPlayerDesktop\data\蔡扬的\train\train_0152.json,86,7,False,11,5,11,4,T,-64.87356281754526,-30,0.0,0.0,1.1494252741445372,37,0.0,70,0,pathLen
train_0152,C:\Users\tao20\Desktop\Algorithm\AIPlayerDesktop\data\蔡扬的\train\train_0152.json,87,1,True,5,4,5,3, ,-11.734661532987221,0,0.42,0.0,1.1363636234504133,13,0.0,100,7,pathLen
train_0152,C:\Users\tao20\Desktop\Algorithm\AIPlayerDesktop\data\蔡扬的\train\train_0152.json,87,2,False,6,3,6,2, ,-11.734661532987221,0,0.42,0.0,1.1363636234504133,13,0.0,100,7,pathLen
train_0152,C:\Users\tao20\Desktop\Algorithm\AIPlayerDesktop\data\蔡扬的\train\train_0152.json,87,3,False,10,3,10,2,T,-32.41647982069383,-30,0.42,0.0,1.1363636234504133,3,0.0,70,7,deltaR
train_0152,C:\Users\tao20\Desktop\Algorithm\AIPlayerDesktop\data\蔡扬的\train\train_0152.json,87,4,False,1,9,1,8,T,-53.57760154968707,-30,0.72,0.0,1.1363636234504133,26,0.0,70,12,deltaR
train_0152,C:\Users\tao20\Desktop\Algorithm\AIPlayerDesktop\data\蔡扬的\train\train_0152.json,87,5,False,2,9,2,8, ,-54.509419720916405,-30,0.72,0.0,1.1363636234504133,27,0.0,70,12,pathLen
train_0152,C:\Users\tao20\Desktop\Algorithm\AIPlayerDesktop\data\蔡扬的\train\train_0152.json,87,6,False,8,9,8,8,T,-60.10032874829244,-30,0.72,0.0,1.1363636234504133,33,0.0,70,12,pathLen
train_0152,C:\Users\tao20\Desktop\Algorithm\AIPlayerDesktop\data\蔡扬的\train\train_0152.json,87,7,False,11,5,11,4,T,-63.5454541642562,-30,0.0,0.0,1.1363636234504133,36,0.0,70,0,pathLen
train_0152,C:\Users\tao20\Desktop\Algorithm\AIPlayerDesktop\data\蔡扬的\train\train_0152.json,88,1,True,5,4,5,3, ,-10.678557453545041,0,0.42,0.0,1.1235954929933092,12,0.0,100,7,pathLen
train_0152,C:\Users\tao20\Desktop\Algorithm\AIPlayerDesktop\data\蔡扬的\train\train_0152.json,88,2,False,6,3,6,2, ,-10.678557453545041,0,0.42,0.0,1.1235954929933092,12,0.0,100,7,pathLen
train_0152,C:\Users\tao20\Desktop\Algorithm\AIPlayerDesktop\data\蔡扬的\train\train_0152.json,88,3,False,10,3,10,2,T,-31.465074410999907,-30,0.42,0.0,1.1235954929933092,2,0.0,70,7,deltaR
train_0152,C:\Users\tao20\Desktop\Algorithm\AIPlayerDesktop\data\蔡扬的\train\train_0152.json,88,4,False,1,9,1,8,T,-52.38635526777578,-30,0.72,0.0,1.1235954929933092,25,0.0,70,12,deltaR
train_0152,C:\Users\tao20\Desktop\Algorithm\AIPlayerDesktop\data\蔡扬的\train\train_0152.json,88,5,False,2,9,2,8, ,-53.30770357203029,-30,0.72,0.0,1.1235954929933092,26,0.0,70,12,deltaR
train_0152,C:\Users\tao20\Desktop\Algorithm\AIPlayerDesktop\data\蔡扬的\train\train_0152.json,88,6,False,8,9,8,8,T,-58.83579339755737,-30,0.72,0.0,1.1235954929933092,32,0.0,70,12,pathLen
train_0152,C:\Users\tao20\Desktop\Algorithm\AIPlayerDesktop\data\蔡扬的\train\train_0152.json,88,7,False,11,5,11,4,T,-62.247190648907974,-30,0.0,0.0,1.1235954929933092,35,0.0,70,0,pathLen
train_0152,C:\Users\tao20\Desktop\Algorithm\AIPlayerDesktop\data\蔡扬的\train\train_0152.json,89,1,True,5,4,5,3, ,-9.645681909743129,0,0.42,0.0,1.1111110987654322,11,0.0,100,7,pathLen
train_0152,C:\Users\tao20\Desktop\Algorithm\AIPlayerDesktop\data\蔡扬的\train\train_0152.json,89,2,False,6,3,6,2, ,-9.645681909743129,0,0.42,0.0,1.1111110987654322,11,0.0,100,7,pathLen
train_0152,C:\Users\tao20\Desktop\Algorithm\AIPlayerDesktop\data\蔡扬的\train\train_0152.json,89,3,False,10,3,10,2,T,-30.534570899866583,-30,0.42,0.0,1.1111110987654322,1,0.0,70,7,deltaR
train_0152,C:\Users\tao20\Desktop\Algorithm\AIPlayerDesktop\data\蔡扬的\train\train_0152.json,89,4,False,1,9,1,8,T,-51.221168936067585,-30,0.72,0.0,1.1111110987654322,24,0.0,70,12,deltaR
train_0152,C:\Users\tao20\Desktop\Algorithm\AIPlayerDesktop\data\蔡扬的\train\train_0152.json,89,5,False,2,9,2,8, ,-52.13228003705524,-30,0.72,0.0,1.1111110987654322,25,0.0,70,12,deltaR
train_0152,C:\Users\tao20\Desktop\Algorithm\AIPlayerDesktop\data\蔡扬的\train\train_0152.json,89,6,False,8,9,8,8,T,-57.59894664298117,-30,0.72,0.0,1.1111110987654322,31,0.0,70,12,pathLen
train_0152,C:\Users\tao20\Desktop\Algorithm\AIPlayerDesktop\data\蔡扬的\train\train_0152.json,89,7,False,11,5,11,4,T,-60.97777743358024,-30,0.0,0.0,1.1111110987654322,34,0.0,70,0,pathLen
train_0152,C:\Users\tao20\Desktop\Algorithm\AIPlayerDesktop\data\蔡扬的\train\train_0152.json,90,1,True,5,4,5,3, ,-8.635314307956527,0,0.42,0.0,1.0989010868252629,10,0.0,100,7,pathLen
train_0152,C:\Users\tao20\Desktop\Algorithm\AIPlayerDesktop\data\蔡扬的\train\train_0152.json,90,2,False,6,3,6,2, ,-8.635314307956527,0,0.42,0.0,1.0989010868252629,10,0.0,100,7,pathLen
train_0152,C:\Users\tao20\Desktop\Algorithm\AIPlayerDesktop\data\蔡扬的\train\train_0152.json,90,3,False,10,3,10,2,T,-31.426523178382805,-30,0.42,0.0,1.0989010868252629,2,0.0,70,7,deltaR
train_0152,C:\Users\tao20\Desktop\Algorithm\AIPlayerDesktop\data\蔡扬的\train\train_0152.json,90,4,False,1,9,1,8,T,-50.08126089064909,-30,0.72,0.0,1.0989010868252629,23,0.0,70,12,deltaR
train_0152,C:\Users\tao20\Desktop\Algorithm\AIPlayerDesktop\data\蔡扬的\train\train_0152.json,90,5,False,2,9,2,8, ,-50.98235978184581,-30,0.72,0.0,1.0989010868252629,24,0.0,70,12,deltaR
train_0152,C:\Users\tao20\Desktop\Algorithm\AIPlayerDesktop\data\蔡扬的\train\train_0152.json,90,6,False,8,9,8,8,T,-56.388953129026106,-30,0.72,0.0,1.0989010868252629,30,0.0,70,12,pathLen
train_0152,C:\Users\tao20\Desktop\Algorithm\AIPlayerDesktop\data\蔡扬的\train\train_0152.json,90,7,False,11,5,11,4,T,-59.73626340949161,-30,0.0,0.0,1.0989010868252629,33,0.0,70,0,pathLen
train_0152,C:\Users\tao20\Desktop\Algorithm\AIPlayerDesktop\data\蔡扬的\train\train_0152.json,91,1,True,5,4,5,3, ,-7.646756916919692,0,0.42,0.0,1.0869565099243859,9,0.0,100,7,pathLen
train_0152,C:\Users\tao20\Desktop\Algorithm\AIPlayerDesktop\data\蔡扬的\train\train_0152.json,91,2,False,6,3,6,2, ,-7.646756916919692,0,0.42,0.0,1.0869565099243859,9,0.0,100,7,pathLen
train_0152,C:\Users\tao20\Desktop\Algorithm\AIPlayerDesktop\data\蔡扬的\train\train_0152.json,91,3,False,10,3,10,2,T,-32.29893088809172,-30,0.42,0.0,1.0869565099243859,3,0.0,70,7,deltaR
train_0152,C:\Users\tao20\Desktop\Algorithm\AIPlayerDesktop\data\蔡扬的\train\train_0152.json,91,4,False,1,9,1,8,T,-48.96586893676916,-30,0.72,0.0,1.0869565099243859,22,0.0,70,12,deltaR
train_0152,C:\Users\tao20\Desktop\Algorithm\AIPlayerDesktop\data\蔡扬的\train\train_0152.json,91,5,False,2,9,2,8, ,-49.857173274907154,-30,0.72,0.0,1.0869565099243859,23,0.0,70,12,deltaR
train_0152,C:\Users\tao20\Desktop\Algorithm\AIPlayerDesktop\data\蔡扬的\train\train_0152.json,91,6,False,8,9,8,8,T,-55.204999303735136,-30,0.72,0.0,1.0869565099243859,29,0.0,70,12,pathLen
train_0152,C:\Users\tao20\Desktop\Algorithm\AIPlayerDesktop\data\蔡扬的\train\train_0152.json,91,7,False,11,5,11,4,T,-58.521738820415884,-30,0.0,0.0,1.0869565099243859,32,0.0,70,0,pathLen
train_0152,C:\Users\tao20\Desktop\Algorithm\AIPlayerDesktop\data\蔡扬的\train\train_0152.json,92,1,True,5,4,5,3, ,-6.679335220841706,0,0.42,0.0,1.075268805642271,8,0.0,100,7,pathLen
train_0152,C:\Users\tao20\Desktop\Algorithm\AIPlayerDesktop\data\蔡扬的\train\train_0152.json,92,2,False,6,3,6,2, ,-6.679335220841706,0,0.42,0.0,1.075268805642271,8,0.0,100,7,pathLen
train_0152,C:\Users\tao20\Desktop\Algorithm\AIPlayerDesktop\data\蔡扬的\train\train_0152.json,92,3,False,10,3,10,2,T,-33.15245353833506,-30,0.42,0.0,1.075268805642271,4,0.0,70,7,deltaR
train_0152,C:\Users\tao20\Desktop\Algorithm\AIPlayerDesktop\data\蔡扬的\train\train_0152.json,92,4,False,1,9,1,8,T,-47.87425201458004,-30,0.72,0.0,1.075268805642271,21,0.0,70,12,deltaR
train_0152,C:\Users\tao20\Desktop\Algorithm\AIPlayerDesktop\data\蔡扬的\train\train_0152.json,92,5,False,2,9,2,8, ,-48.7559724352067,-30,0.72,0.0,1.075268805642271,22,0.0,70,12,deltaR
train_0152,C:\Users\tao20\Desktop\Algorithm\AIPlayerDesktop\data\蔡扬的\train\train_0152.json,92,6,False,8,9,8,8,T,-54.04629495896667,-30,0.72,0.0,1.075268805642271,28,0.0,70,12,pathLen
train_0152,C:\Users\tao20\Desktop\Algorithm\AIPlayerDesktop\data\蔡扬的\train\train_0152.json,92,7,False,11,5,11,4,T,-57.33333303942653,-30,0.0,0.0,1.075268805642271,31,0.0,70,0,pathLen
train_0152,C:\Users\tao20\Desktop\Algorithm\AIPlayerDesktop\data\蔡扬的\train\train_0152.json,93,1,True,5,4,5,3, ,-5.732397955310838,0,0.42,0.0,1.0638297759167046,7,0.0,100,7,pathLen
train_0152,C:\Users\tao20\Desktop\Algorithm\AIPlayerDesktop\data\蔡扬的\train\train_0152.json,93,2,False,6,3,6,2, ,-5.732397955310838,0,0.42,0.0,1.0638297759167046,7,0.0,100,7,pathLen
train_0152,C:\Users\tao20\Desktop\Algorithm\AIPlayerDesktop\data\蔡扬的\train\train_0152.json,93,3,False,10,3,10,2,T,-33.98771712280744,-30,0.42,0.0,1.0638297759167046,5,0.0,70,7,deltaR
train_0152,C:\Users\tao20\Desktop\Algorithm\AIPlayerDesktop\data\蔡扬的\train\train_0152.json,93,4,False,1,9,1,8,T,-46.80569125340359,-30,0.72,0.0,1.0638297759167046,20,0.0,70,12,deltaR
train_0152,C:\Users\tao20\Desktop\Algorithm\AIPlayerDesktop\data\蔡扬的\train\train_0152.json,93,5,False,2,9,2,8, ,-47.67803166965528,-30,0.72,0.0,1.0638297759167046,21,0.0,70,12,deltaR
train_0152,C:\Users\tao20\Desktop\Algorithm\AIPlayerDesktop\data\蔡扬的\train\train_0152.json,93,6,False,8,9,8,8,T,-52.91207416716547,-30,0.72,0.0,1.0638297759167046,27,0.0,70,12,deltaR
train_0152,C:\Users\tao20\Desktop\Algorithm\AIPlayerDesktop\data\蔡扬的\train\train_0152.json,93,7,False,11,5,11,4,T,-56.17021248755093,-30,0.0,0.0,1.0638297759167046,30,0.0,70,0,pathLen
train_0152,C:\Users\tao20\Desktop\Algorithm\AIPlayerDesktop\data\蔡扬的\train\train_0152.json,94,1,True,5,4,5,3, ,-4.8053169040312085,0,0.42,0.0,1.0526315678670362,6,0.0,100,7,pathLen
train_0152,C:\Users\tao20\Desktop\Algorithm\AIPlayerDesktop\data\蔡扬的\train\train_0152.json,94,2,False,6,3,6,2, ,-4.8053169040312085,0,0.42,0.0,1.0526315678670362,6,0.0,100,7,pathLen
train_0152,C:\Users\tao20\Desktop\Algorithm\AIPlayerDesktop\data\蔡扬的\train\train_0152.json,94,3,False,10,3,10,2,T,-34.80531690403121,-30,0.42,0.0,1.0526315678670362,6,0.0,70,7,deltaR
train_0152,C:\Users\tao20\Desktop\Algorithm\AIPlayerDesktop\data\蔡扬的\train\train_0152.json,94,4,False,1,9,1,8,T,-45.75949055329767,-30,0.72,0.0,1.0526315678670362,19,0.0,70,12,deltaR
train_0152,C:\Users\tao20\Desktop\Algorithm\AIPlayerDesktop\data\蔡扬的\train\train_0152.json,94,5,False,2,9,2,8, ,-46.62264843894863,-30,0.72,0.0,1.0526315678670362,20,0.0,70,12,deltaR
train_0152,C:\Users\tao20\Desktop\Algorithm\AIPlayerDesktop\data\蔡扬的\train\train_0152.json,94,6,False,8,9,8,8,T,-51.80159575285445,-30,0.72,0.0,1.0526315678670362,26,0.0,70,12,deltaR
train_0152,C:\Users\tao20\Desktop\Algorithm\AIPlayerDesktop\data\蔡扬的\train\train_0152.json,94,7,False,11,5,11,4,T,-55.031578683878124,-30,0.0,0.0,1.0526315678670362,29,0.0,70,0,pathLen
train_0152,C:\Users\tao20\Desktop\Algorithm\AIPlayerDesktop\data\蔡扬的\train\train_0152.json,95,1,True,5,4,5,3, ,-3.897486517832027,0,0.42,0.0,1.0416666558159724,5,0.0,100,7,pathLen
train_0152,C:\Users\tao20\Desktop\Algorithm\AIPlayerDesktop\data\蔡扬的\train\train_0152.json,95,2,False,6,3,6,2, ,-3.897486517832027,0,0.42,0.0,1.0416666558159724,5,0.0,100,7,pathLen
train_0152,C:\Users\tao20\Desktop\Algorithm\AIPlayerDesktop\data\蔡扬的\train\train_0152.json,95,3,False,10,3,10,2,T,-35.60581983337022,-30,0.42,0.0,1.0416666558159724,7,0.0,70,7,deltaR
train_0152,C:\Users\tao20\Desktop\Algorithm\AIPlayerDesktop\data\蔡扬的\train\train_0152.json,95,4,False,1,9,1,8,T,-44.73497680382068,-30,0.72,0.0,1.0416666558159724,18,0.0,70,12,deltaR
train_0152,C:\Users\tao20\Desktop\Algorithm\AIPlayerDesktop\data\蔡扬的\train\train_0152.json,95,5,False,2,9,2,8, ,-45.58914346158977,-30,0.72,0.0,1.0416666558159724,19,0.0,70,12,deltaR
train_0152,C:\Users\tao20\Desktop\Algorithm\AIPlayerDesktop\data\蔡扬的\train\train_0152.json,95,6,False,8,9,8,8,T,-50.71414340820436,-30,0.72,0.0,1.0416666558159724,25,0.0,70,12,deltaR
train_0152,C:\Users\tao20\Desktop\Algorithm\AIPlayerDesktop\data\蔡扬的\train\train_0152.json,95,7,False,11,5,11,4,T,-53.91666641753473,-30,0.0,0.0,1.0416666558159724,28,0.0,70,0,deltaR
train_0152,C:\Users\tao20\Desktop\Algorithm\AIPlayerDesktop\data\蔡扬的\train\train_0152.json,96,1,True,5,4,5,3, ,-3.008323404184292,0,0.42,0.0,1.0309278244234246,4,0.0,100,7,pathLen
train_0152,C:\Users\tao20\Desktop\Algorithm\AIPlayerDesktop\data\蔡扬的\train\train_0152.json,96,2,False,6,3,6,2, ,-3.008323404184292,0,0.42,0.0,1.0309278244234246,4,0.0,100,7,pathLen
train_0152,C:\Users\tao20\Desktop\Algorithm\AIPlayerDesktop\data\蔡扬的\train\train_0152.json,96,3,False,10,3,10,2,T,-36.38976666829313,-30,0.42,0.0,1.0309278244234246,8,0.0,70,7,deltaR
train_0152,C:\Users\tao20\Desktop\Algorithm\AIPlayerDesktop\data\蔡扬的\train\train_0152.json,96,4,False,1,9,1,8,T,-43.73149982687761,-30,0.72,0.0,1.0309278244234246,17,0.0,70,12,deltaR
train_0152,C:\Users\tao20\Desktop\Algorithm\AIPlayerDesktop\data\蔡扬的\train\train_0152.json,96,5,False,2,9,2,8, ,-44.57686064290482,-30,0.72,0.0,1.0309278244234246,18,0.0,70,12,deltaR
train_0152,C:\Users\tao20\Desktop\Algorithm\AIPlayerDesktop\data\蔡扬的\train\train_0152.json,96,6,False,8,9,8,8,T,-49.64902553906807,-30,0.72,0.0,1.0309278244234246,24,0.0,70,12,deltaR
train_0152,C:\Users\tao20\Desktop\Algorithm\AIPlayerDesktop\data\蔡扬的\train\train_0152.json,96,7,False,11,5,11,4,T,-52.82474203273462,-30,0.0,0.0,1.0309278244234246,27,0.0,70,0,deltaR
train_0152,C:\Users\tao20\Desktop\Algorithm\AIPlayerDesktop\data\蔡扬的\train\train_0152.json,97,1,True,5,4,5,3, ,-2.137265724964921,0,0.42,0.0,1.020408152852978,3,0.0,100,7,pathLen
train_0152,C:\Users\tao20\Desktop\Algorithm\AIPlayerDesktop\data\蔡扬的\train\train_0152.json,97,2,False,6,3,6,2, ,-2.137265724964921,0,0.42,0.0,1.020408152852978,3,0.0,100,7,pathLen
train_0152,C:\Users\tao20\Desktop\Algorithm\AIPlayerDesktop\data\蔡扬的\train\train_0152.json,97,3,False,10,3,10,2,T,-37.157673837001575,-30,0.42,0.0,1.020408152852978,9,0.0,70,7,deltaR
train_0152,C:\Users\tao20\Desktop\Algorithm\AIPlayerDesktop\data\蔡扬的\train\train_0152.json,97,4,False,1,9,1,8,T,-42.74843211219667,-30,0.72,0.0,1.020408152852978,16,0.0,70,12,deltaR
train_0152,C:\Users\tao20\Desktop\Algorithm\AIPlayerDesktop\data\蔡扬的\train\train_0152.json,97,5,False,2,9,2,8, ,-43.585166797536104,-30,0.72,0.0,1.020408152852978,17,0.0,70,12,deltaR
train_0152,C:\Users\tao20\Desktop\Algorithm\AIPlayerDesktop\data\蔡扬的\train\train_0152.json,97,6,False,8,9,8,8,T,-48.60557490957275,-30,0.72,0.0,1.020408152852978,23,0.0,70,12,deltaR
train_0152,C:\Users\tao20\Desktop\Algorithm\AIPlayerDesktop\data\蔡扬的\train\train_0152.json,97,7,False,11,5,11,4,T,-51.755101818825494,-30,0.0,0.0,1.020408152852978,26,0.0,70,0,deltaR
train_0152,C:\Users\tao20\Desktop\Algorithm\AIPlayerDesktop\data\蔡扬的\train\train_0152.json,98,1,True,5,4,5,3, ,-1.2837725318761741,0,0.42,0.0,1.0101009998979698,2,0.0,100,7,pathLen
train_0152,C:\Users\tao20\Desktop\Algorithm\AIPlayerDesktop\data\蔡扬的\train\train_0152.json,98,2,False,6,3,6,2, ,-1.2837725318761741,0,0.42,0.0,1.0101009998979698,2,0.0,100,7,pathLen
train_0152,C:\Users\tao20\Desktop\Algorithm\AIPlayerDesktop\data\蔡扬的\train\train_0152.json,98,3,False,10,3,10,2,T,-37.91003509120685,-30,0.42,0.0,1.0101009998979698,10,0.0,70,7,deltaR
train_0152,C:\Users\tao20\Desktop\Algorithm\AIPlayerDesktop\data\蔡扬的\train\train_0152.json,98,4,False,1,9,1,8,T,-41.78516839939103,-30,0.72,0.0,1.0101009998979698,15,0.0,70,12,deltaR
train_0152,C:\Users\tao20\Desktop\Algorithm\AIPlayerDesktop\data\蔡扬的\train\train_0152.json,98,5,False,2,9,2,8, ,-42.61345121930737,-30,0.72,0.0,1.0101009998979698,16,0.0,70,12,deltaR
train_0152,C:\Users\tao20\Desktop\Algorithm\AIPlayerDesktop\data\蔡扬的\train\train_0152.json,98,6,False,8,9,8,8,T,-47.583148138805385,-30,0.72,0.0,1.0101009998979698,22,0.0,70,12,deltaR
train_0152,C:\Users\tao20\Desktop\Algorithm\AIPlayerDesktop\data\蔡扬的\train\train_0152.json,98,7,False,11,5,11,4,T,-50.707070497908376,-30,0.0,0.0,1.0101009998979698,25,0.0,70,0,deltaR
train_0152,C:\Users\tao20\Desktop\Algorithm\AIPlayerDesktop\data\蔡扬的\train\train_0152.json,99,1,True,5,4,5,3, ,-0.4473230705210306,0,0.42,0.0,1.0,1,0.0,100,7,pathLen
train_0152,C:\Users\tao20\Desktop\Algorithm\AIPlayerDesktop\data\蔡扬的\train\train_0152.json,99,2,False,6,3,6,2, ,-0.4473230705210306,0,0.42,0.0,1.0,1,0.0,100,7,pathLen
train_0152,C:\Users\tao20\Desktop\Algorithm\AIPlayerDesktop\data\蔡扬的\train\train_0152.json,99,3,False,10,3,10,2,T,-38.647323070521026,-30,0.42,0.0,1.0,11,0.0,70,7,deltaR
train_0152,C:\Users\tao20\Desktop\Algorithm\AIPlayerDesktop\data\蔡扬的\train\train_0152.json,99,4,False,1,9,1,8,T,-40.841125263750335,-30,0.72,0.0,1.0,14,0.0,70,12,deltaR
train_0152,C:\Users\tao20\Desktop\Algorithm\AIPlayerDesktop\data\蔡扬的\train\train_0152.json,99,5,False,2,9,2,8, ,-41.661125263750336,-30,0.72,0.0,1.0,15,0.0,70,12,deltaR
train_0152,C:\Users\tao20\Desktop\Algorithm\AIPlayerDesktop\data\蔡扬的\train\train_0152.json,99,6,False,8,9,8,8,T,-46.58112526375034,-30,0.72,0.0,1.0,21,0.0,70,12,deltaR
train_0152,C:\Users\tao20\Desktop\Algorithm\AIPlayerDesktop\data\蔡扬的\train\train_0152.json,99,7,False,11,5,11,4,T,-49.68,-30,0.0,0.0,1.0,24,0.0,70,0,deltaR
train_0152,C:\Users\tao20\Desktop\Algorithm\AIPlayerDesktop\data\蔡扬的\train\train_0152.json,100,1,True,6,3,6,2, ,-1.3741797427491265,0,0.3,0.0,1.0,2,0.0,100,5,pathLen
train_0152,C:\Users\tao20\Desktop\Algorithm\AIPlayerDesktop\data\蔡扬的\train\train_0152.json,100,2,False,10,3,10,2,T,-39.57417974274912,-30,0.3,0.0,1.0,12,0.0,70,5,deltaR
train_0152,C:\Users\tao20\Desktop\Algorithm\AIPlayerDesktop\data\蔡扬的\train\train_0152.json,100,3,False,1,9,1,8,T,-41.6620313825979,-30,0.72,0.0,1.0,15,0.0,70,12,deltaR
train_0152,C:\Users\tao20\Desktop\Algorithm\AIPlayerDesktop\data\蔡扬的\train\train_0152.json,100,4,False,2,9,2,8, ,-42.4820313825979,-30,0.72,0.0,1.0,16,0.0,70,12,deltaR
train_0152,C:\Users\tao20\Desktop\Algorithm\AIPlayerDesktop\data\蔡扬的\train\train_0152.json,100,5,False,8,9,8,8,T,-47.402031382597904,-30,0.72,0.0,1.0,22,0.0,70,12,deltaR
train_0152,C:\Users\tao20\Desktop\Algorithm\AIPlayerDesktop\data\蔡扬的\train\train_0152.json,100,6,False,11,5,11,4,T,-50.5,-30,0.0,0.0,1.0,25,0.0,70,0,deltaR
train_0152,C:\Users\tao20\Desktop\Algorithm\AIPlayerDesktop\data\蔡扬的\train\train_0152.json,100,7,False,5,5,5,4, ,-1e+18,0,0.0,0.0,1.0,1,0.0,100,0,pathLen
train_0152,C:\Users\tao20\Desktop\Algorithm\AIPlayerDesktop\data\蔡扬的\train\train_0152.json,101,1,True,6,3,6,2, ,-0.5544817823649817,0,0.3,0.0,1.0,1,0.0,100,5,pathLen
train_0152,C:\Users\tao20\Desktop\Algorithm\AIPlayerDesktop\data\蔡扬的\train\train_0152.json,101,2,False,10,3,10,2,T,-38.75448178236498,-30,0.3,0.0,1.0,11,0.0,70,5,deltaR
train_0152,C:\Users\tao20\Desktop\Algorithm\AIPlayerDesktop\data\蔡扬的\train\train_0152.json,101,3,False,1,9,1,8,T,-40.84275627767595,-30,0.72,0.0,1.0,14,0.0,70,12,deltaR
train_0152,C:\Users\tao20\Desktop\Algorithm\AIPlayerDesktop\data\蔡扬的\train\train_0152.json,101,4,False,2,9,2,8, ,-41.66275627767595,-30,0.72,0.0,1.0,15,0.0,70,12,deltaR
train_0152,C:\Users\tao20\Desktop\Algorithm\AIPlayerDesktop\data\蔡扬的\train\train_0152.json,101,5,False,8,9,8,8,T,-46.582756277675955,-30,0.72,0.0,1.0,21,0.0,70,12,deltaR
train_0152,C:\Users\tao20\Desktop\Algorithm\AIPlayerDesktop\data\蔡扬的\train\train_0152.json,101,6,False,11,5,11,4,T,-49.68,-30,0.0,0.0,1.0,24,0.0,70,0,deltaR
train_0152,C:\Users\tao20\Desktop\Algorithm\AIPlayerDesktop\data\蔡扬的\train\train_0152.json,101,7,False,5,5,5,4, ,-1e+18,0,0.0,0.0,1.0,2,0.0,100,0,pathLen
train_0152,C:\Users\tao20\Desktop\Algorithm\AIPlayerDesktop\data\蔡扬的\train\train_0152.json,102,1,True,7,3,7,2, ,-0.7140144120721937,0,0.12,0.0,1.0,1,0.0,100,2,pathLen
train_0152,C:\Users\tao20\Desktop\Algorithm\AIPlayerDesktop\data\蔡扬的\train\train_0152.json,102,2,False,7,4,7,3, ,-1.5870072060360967,0,0.06,0.0,1.0,2,0.0,100,1,pathLen
train_0152,C:\Users\tao20\Desktop\Algorithm\AIPlayerDesktop\data\蔡扬的\train\train_0152.json,102,3,False,10,3,10,2,T,-39.7340144120722,-30,0.12,0.0,1.0,12,0.0,70,2,deltaR
train_0152,C:\Users\tao20\Desktop\Algorithm\AIPlayerDesktop\data\蔡扬的\train\train_0152.json,102,4,False,1,9,1,8,T,-41.66408647243316,-30,0.72,0.0,1.0,15,0.0,70,12,deltaR
train_0152,C:\Users\tao20\Desktop\Algorithm\AIPlayerDesktop\data\蔡扬的\train\train_0152.json,102,5,False,2,9,2,8, ,-42.48408647243316,-30,0.72,0.0,1.0,16,0.0,70,12,deltaR
train_0152,C:\Users\tao20\Desktop\Algorithm\AIPlayerDesktop\data\蔡扬的\train\train_0152.json,102,6,False,8,9,8,8,T,-47.404086472433164,-30,0.72,0.0,1.0,22,0.0,70,12,deltaR
train_0152,C:\Users\tao20\Desktop\Algorithm\AIPlayerDesktop\data\蔡扬的\train\train_0152.json,102,7,False,11,5,11,4,T,-50.5,-30,0.0,0.0,1.0,25,0.0,70,0,deltaR
train_0152,C:\Users\tao20\Desktop\Algorithm\AIPlayerDesktop\data\蔡扬的\train\train_0152.json,102,8,False,5,5,5,4, ,-1e+18,0,0.0,0.0,1.0,3,0.0,100,0,pathLen
train_0152,C:\Users\tao20\Desktop\Algorithm\AIPlayerDesktop\data\蔡扬的\train\train_0152.json,103,1,True,7,4,7,3, ,-0.7671272532009705,0,0.06,0.0,1.0,1,0.0,100,1,pathLen
train_0152,C:\Users\tao20\Desktop\Algorithm\AIPlayerDesktop\data\蔡扬的\train\train_0152.json,103,2,False,10,3,10,2,T,-40.60712725320097,-30,0.06,0.0,1.0,13,0.0,70,1,deltaR
train_0152,C:\Users\tao20\Desktop\Algorithm\AIPlayerDesktop\data\蔡扬的\train\train_0152.json,103,3,False,1,9,1,8,T,-42.48552703841165,-30,0.72,0.0,1.0,16,0.0,70,12,deltaR
train_0152,C:\Users\tao20\Desktop\Algorithm\AIPlayerDesktop\data\蔡扬的\train\train_0152.json,103,4,False,2,9,2,8, ,-43.30552703841165,-30,0.72,0.0,1.0,17,0.0,70,12,deltaR
train_0152,C:\Users\tao20\Desktop\Algorithm\AIPlayerDesktop\data\蔡扬的\train\train_0152.json,103,5,False,8,9,8,8,T,-48.22552703841164,-30,0.72,0.0,1.0,23,0.0,70,12,deltaR
train_0152,C:\Users\tao20\Desktop\Algorithm\AIPlayerDesktop\data\蔡扬的\train\train_0152.json,103,6,False,11,5,11,4,T,-51.32,-30,0.0,0.0,1.0,26,0.0,70,0,deltaR
train_0152,C:\Users\tao20\Desktop\Algorithm\AIPlayerDesktop\data\蔡扬的\train\train_0152.json,103,7,False,5,5,5,4, ,-1e+18,0,0.0,0.0,1.0,4,0.0,100,0,pathLen
train_0152,C:\Users\tao20\Desktop\Algorithm\AIPlayerDesktop\data\蔡扬的\train\train_0152.json,104,1,True,10,3,10,2,T,-41.42725472741627,-30,0.06,0.0,1.0,14,0.0,70,1,deltaR
train_0152,C:\Users\tao20\Desktop\Algorithm\AIPlayerDesktop\data\蔡扬的\train\train_0152.json,104,2,False,1,9,1,8,T,-43.307056728995214,-30,0.72,0.0,1.0,17,0.0,70,12,deltaR
train_0152,C:\Users\tao20\Desktop\Algorithm\AIPlayerDesktop\data\蔡扬的\train\train_0152.json,104,3,False,2,9,2,8, ,-44.127056728995214,-30,0.72,0.0,1.0,18,0.0,70,12,deltaR
train_0152,C:\Users\tao20\Desktop\Algorithm\AIPlayerDesktop\data\蔡扬的\train\train_0152.json,104,4,False,8,9,8,8,T,-49.047056728995216,-30,0.72,0.0,1.0,24,0.0,70,12,deltaR
train_0152,C:\Users\tao20\Desktop\Algorithm\AIPlayerDesktop\data\蔡扬的\train\train_0152.json,104,5,False,11,5,11,4,T,-52.14,-30,0.0,0.0,1.0,27,0.0,70,0,deltaR
train_0152,C:\Users\tao20\Desktop\Algorithm\AIPlayerDesktop\data\蔡扬的\train\train_0152.json,104,6,False,5,5,5,4, ,-1e+18,0,0.0,0.0,1.0,5,0.0,100,0,pathLen
train_0152,C:\Users\tao20\Desktop\Algorithm\AIPlayerDesktop\data\蔡扬的\train\train_0152.json,104,7,False,7,5,7,4, ,-1e+18,0,0.0,0.0,1.0,1,0.0,100,0,pathLen
train_0152,C:\Users\tao20\Desktop\Algorithm\AIPlayerDesktop\data\蔡扬的\train\train_0152.json,105,1,True,10,3,10,2,T,-40.60735670678851,-30,0.06,0.0,1.0,13,0.0,70,1,deltaR
train_0152,C:\Users\tao20\Desktop\Algorithm\AIPlayerDesktop\data\蔡扬的\train\train_0152.json,105,2,False,1,9,1,8,T,-42.48828048146206,-30,0.72,0.0,1.0,16,0.0,70,12,deltaR
train_0152,C:\Users\tao20\Desktop\Algorithm\AIPlayerDesktop\data\蔡扬的\train\train_0152.json,105,3,False,2,9,2,8, ,-43.30828048146206,-30,0.72,0.0,1.0,17,0.0,70,12,deltaR
train_0152,C:\Users\tao20\Desktop\Algorithm\AIPlayerDesktop\data\蔡扬的\train\train_0152.json,105,4,False,8,9,8,8,T,-48.228280481462065,-30,0.72,0.0,1.0,23,0.0,70,12,deltaR
train_0152,C:\Users\tao20\Desktop\Algorithm\AIPlayerDesktop\data\蔡扬的\train\train_0152.json,105,5,False,11,5,11,4,T,-51.32,-30,0.0,0.0,1.0,26,0.0,70,0,deltaR
train_0152,C:\Users\tao20\Desktop\Algorithm\AIPlayerDesktop\data\蔡扬的\train\train_0152.json,105,6,False,5,5,5,4, ,-1e+18,0,0.0,0.0,1.0,4,0.0,100,0,pathLen
train_0152,C:\Users\tao20\Desktop\Algorithm\AIPlayerDesktop\data\蔡扬的\train\train_0152.json,105,7,False,7,5,7,4, ,-1e+18,0,0.0,0.0,1.0,2,0.0,100,0,pathLen
train_0152,C:\Users\tao20\Desktop\Algorithm\AIPlayerDesktop\data\蔡扬的\train\train_0152.json,106,1,True,10,3,10,2,T,-39.787438290286296,-30,0.06,0.0,1.0,12,0.0,70,1,deltaR
train_0152,C:\Users\tao20\Desktop\Algorithm\AIPlayerDesktop\data\蔡扬的\train\train_0152.json,106,2,False,1,9,1,8,T,-41.669259483435546,-30,0.72,0.0,1.0,15,0.0,70,12,deltaR
train_0152,C:\Users\tao20\Desktop\Algorithm\AIPlayerDesktop\data\蔡扬的\train\train_0152.json,106,3,False,2,9,2,8, ,-42.489259483435546,-30,0.72,0.0,1.0,16,0.0,70,12,deltaR
train_0152,C:\Users\tao20\Desktop\Algorithm\AIPlayerDesktop\data\蔡扬的\train\train_0152.json,106,4,False,8,9,8,8,T,-47.40925948343555,-30,0.72,0.0,1.0,22,0.0,70,12,deltaR
train_0152,C:\Users\tao20\Desktop\Algorithm\AIPlayerDesktop\data\蔡扬的\train\train_0152.json,106,5,False,11,5,11,4,T,-50.5,-30,0.0,0.0,1.0,25,0.0,70,0,deltaR
train_0152,C:\Users\tao20\Desktop\Algorithm\AIPlayerDesktop\data\蔡扬的\train\train_0152.json,106,6,False,5,5,5,4, ,-1e+18,0,0.0,0.0,1.0,3,0.0,100,0,pathLen
train_0152,C:\Users\tao20\Desktop\Algorithm\AIPlayerDesktop\data\蔡扬的\train\train_0152.json,106,7,False,7,5,7,4, ,-1e+18,0,0.0,0.0,1.0,3,0.0,100,0,pathLen
train_0152,C:\Users\tao20\Desktop\Algorithm\AIPlayerDesktop\data\蔡扬的\train\train_0152.json,107,1,True,10,3,10,2,T,-38.96750355708453,-30,0.06,0.0,1.0,11,0.0,70,1,deltaR
train_0152,C:\Users\tao20\Desktop\Algorithm\AIPlayerDesktop\data\蔡扬的\train\train_0152.json,107,2,False,1,9,1,8,T,-40.85004268501434,-30,0.72,0.0,1.0,14,0.0,70,12,deltaR
train_0152,C:\Users\tao20\Desktop\Algorithm\AIPlayerDesktop\data\蔡扬的\train\train_0152.json,107,3,False,2,9,2,8, ,-41.67004268501434,-30,0.72,0.0,1.0,15,0.0,70,12,deltaR
train_0152,C:\Users\tao20\Desktop\Algorithm\AIPlayerDesktop\data\蔡扬的\train\train_0152.json,107,4,False,8,9,8,8,T,-46.59004268501434,-30,0.72,0.0,1.0,21,0.0,70,12,deltaR
train_0152,C:\Users\tao20\Desktop\Algorithm\AIPlayerDesktop\data\蔡扬的\train\train_0152.json,107,5,False,11,5,11,4,T,-49.68,-30,0.0,0.0,1.0,24,0.0,70,0,deltaR
train_0152,C:\Users\tao20\Desktop\Algorithm\AIPlayerDesktop\data\蔡扬的\train\train_0152.json,107,6,False,5,5,5,4, ,-1e+18,0,0.0,0.0,1.0,2,0.0,100,0,pathLen
train_0152,C:\Users\tao20\Desktop\Algorithm\AIPlayerDesktop\data\蔡扬的\train\train_0152.json,107,7,False,7,5,7,4, ,-1e+18,0,0.0,0.0,1.0,4,0.0,100,0,pathLen
train_0152,C:\Users\tao20\Desktop\Algorithm\AIPlayerDesktop\data\蔡扬的\train\train_0152.json,108,1,True,10,3,10,2,T,-38.14755577052311,-30,0.06,0.0,1.0,10,0.0,70,1,deltaR
train_0152,C:\Users\tao20\Desktop\Algorithm\AIPlayerDesktop\data\蔡扬的\train\train_0152.json,108,2,False,1,9,1,8,T,-41.67066924627736,-30,0.72,0.0,1.0,15,0.0,70,12,deltaR
train_0152,C:\Users\tao20\Desktop\Algorithm\AIPlayerDesktop\data\蔡扬的\train\train_0152.json,108,3,False,2,9,2,8, ,-42.49066924627736,-30,0.72,0.0,1.0,16,0.0,70,12,deltaR
train_0152,C:\Users\tao20\Desktop\Algorithm\AIPlayerDesktop\data\蔡扬的\train\train_0152.json,108,4,False,8,9,8,8,T,-47.410669246277365,-30,0.72,0.0,1.0,22,0.0,70,12,deltaR
train_0152,C:\Users\tao20\Desktop\Algorithm\AIPlayerDesktop\data\蔡扬的\train\train_0152.json,108,5,False,11,5,11,4,T,-50.5,-30,0.0,0.0,1.0,25,0.0,70,0,deltaR
train_0152,C:\Users\tao20\Desktop\Algorithm\AIPlayerDesktop\data\蔡扬的\train\train_0152.json,108,6,False,5,5,5,4, ,-1e+18,0,0.0,0.0,1.0,3,0.0,100,0,pathLen
train_0152,C:\Users\tao20\Desktop\Algorithm\AIPlayerDesktop\data\蔡扬的\train\train_0152.json,108,7,False,7,5,7,4, ,-1e+18,0,0.0,0.0,1.0,5,0.0,100,0,pathLen
train_0152,C:\Users\tao20\Desktop\Algorithm\AIPlayerDesktop\data\蔡扬的\train\train_0152.json,109,1,True,10,3,10,2,T,-37.32759754127398,-30,0.06,0.0,1.0,9,0.0,70,1,deltaR
train_0152,C:\Users\tao20\Desktop\Algorithm\AIPlayerDesktop\data\蔡扬的\train\train_0152.json,109,2,False,1,9,1,8,T,-42.49117049528779,-30,0.72,0.0,1.0,16,0.0,70,12,deltaR
train_0152,C:\Users\tao20\Desktop\Algorithm\AIPlayerDesktop\data\蔡扬的\train\train_0152.json,109,3,False,2,9,2,8, ,-43.31117049528779,-30,0.72,0.0,1.0,17,0.0,70,12,deltaR
train_0152,C:\Users\tao20\Desktop\Algorithm\AIPlayerDesktop\data\蔡扬的\train\train_0152.json,109,4,False,8,9,8,8,T,-48.231170495287785,-30,0.72,0.0,1.0,23,0.0,70,12,deltaR
train_0152,C:\Users\tao20\Desktop\Algorithm\AIPlayerDesktop\data\蔡扬的\train\train_0152.json,109,5,False,11,5,11,4,T,-51.32,-30,0.0,0.0,1.0,26,0.0,70,0,deltaR
train_0152,C:\Users\tao20\Desktop\Algorithm\AIPlayerDesktop\data\蔡扬的\train\train_0152.json,109,6,False,5,5,5,4, ,-1e+18,0,0.0,0.0,1.0,4,0.0,100,0,pathLen
train_0152,C:\Users\tao20\Desktop\Algorithm\AIPlayerDesktop\data\蔡扬的\train\train_0152.json,109,7,False,7,5,7,4, ,-1e+18,0,0.0,0.0,1.0,6,0.0,100,0,pathLen
train_0152,C:\Users\tao20\Desktop\Algorithm\AIPlayerDesktop\data\蔡扬的\train\train_0152.json,110,1,True,10,3,10,2,T,-36.507630957874674,-30,0.06,0.0,1.0,8,0.0,70,1,deltaR
train_0152,C:\Users\tao20\Desktop\Algorithm\AIPlayerDesktop\data\蔡扬的\train\train_0152.json,110,2,False,1,9,1,8,T,-43.31157149449613,-30,0.72,0.0,1.0,17,0.0,70,12,deltaR
train_0152,C:\Users\tao20\Desktop\Algorithm\AIPlayerDesktop\data\蔡扬的\train\train_0152.json,110,3,False,2,9,2,8, ,-44.13157149449613,-30,0.72,0.0,1.0,18,0.0,70,12,deltaR
train_0152,C:\Users\tao20\Desktop\Algorithm\AIPlayerDesktop\data\蔡扬的\train\train_0152.json,110,4,False,8,9,8,8,T,-49.05157149449613,-30,0.72,0.0,1.0,24,0.0,70,12,deltaR
train_0152,C:\Users\tao20\Desktop\Algorithm\AIPlayerDesktop\data\蔡扬的\train\train_0152.json,110,5,False,11,5,11,4,T,-52.14,-30,0.0,0.0,1.0,27,0.0,70,0,deltaR
train_0152,C:\Users\tao20\Desktop\Algorithm\AIPlayerDesktop\data\蔡扬的\train\train_0152.json,110,6,False,5,5,5,4, ,-1e+18,0,0.0,0.0,1.0,5,0.0,100,0,pathLen
train_0152,C:\Users\tao20\Desktop\Algorithm\AIPlayerDesktop\data\蔡扬的\train\train_0152.json,110,7,False,7,5,7,4, ,-1e+18,0,0.0,0.0,1.0,7,0.0,100,0,pathLen
train_0152,C:\Users\tao20\Desktop\Algorithm\AIPlayerDesktop\data\蔡扬的\train\train_0152.json,111,1,True,10,3,10,2,T,-35.68765769115523,-30,0.06,0.0,1.0,7,0.0,70,1,deltaR
train_0152,C:\Users\tao20\Desktop\Algorithm\AIPlayerDesktop\data\蔡扬的\train\train_0152.json,111,2,False,1,9,1,8,T,-44.1318922938628,-30,0.72,0.0,1.0,18,0.0,70,12,deltaR
train_0152,C:\Users\tao20\Desktop\Algorithm\AIPlayerDesktop\data\蔡扬的\train\train_0152.json,111,3,False,2,9,2,8, ,-44.9518922938628,-30,0.72,0.0,1.0,19,0.0,70,12,deltaR
train_0152,C:\Users\tao20\Desktop\Algorithm\AIPlayerDesktop\data\蔡扬的\train\train_0152.json,111,4,False,8,9,8,8,T,-49.8718922938628,-30,0.72,0.0,1.0,25,0.0,70,12,deltaR
train_0152,C:\Users\tao20\Desktop\Algorithm\AIPlayerDesktop\data\蔡扬的\train\train_0152.json,111,5,False,11,5,11,4,T,-52.959999999999994,-30,0.0,0.0,1.0,28,0.0,70,0,deltaR
train_0152,C:\Users\tao20\Desktop\Algorithm\AIPlayerDesktop\data\蔡扬的\train\train_0152.json,111,6,False,5,5,5,4, ,-1e+18,0,0.0,0.0,1.0,6,0.0,100,0,pathLen
train_0152,C:\Users\tao20\Desktop\Algorithm\AIPlayerDesktop\data\蔡扬的\train\train_0152.json,111,7,False,7,5,7,4, ,-1e+18,0,0.0,0.0,1.0,8,0.0,100,0,pathLen
train_0152,C:\Users\tao20\Desktop\Algorithm\AIPlayerDesktop\data\蔡扬的\train\train_0152.json,112,1,True,10,3,10,2,T,-34.86767907777968,-30,0.06,0.0,1.0,6,0.0,70,1,deltaR
train_0152,C:\Users\tao20\Desktop\Algorithm\AIPlayerDesktop\data\蔡扬的\train\train_0152.json,112,2,False,1,9,1,8,T,-44.95214893335613,-30,0.72,0.0,1.0,19,0.0,70,12,deltaR
train_0152,C:\Users\tao20\Desktop\Algorithm\AIPlayerDesktop\data\蔡扬的\train\train_0152.json,112,3,False,2,9,2,8, ,-45.772148933356135,-30,0.72,0.0,1.0,20,0.0,70,12,deltaR
train_0152,C:\Users\tao20\Desktop\Algorithm\AIPlayerDesktop\data\蔡扬的\train\train_0152.json,112,4,False,8,9,8,8,T,-50.69214893335614,-30,0.72,0.0,1.0,26,0.0,70,12,deltaR
train_0152,C:\Users\tao20\Desktop\Algorithm\AIPlayerDesktop\data\蔡扬的\train\train_0152.json,112,5,False,11,5,11,4,T,-53.78,-30,0.0,0.0,1.0,29,0.0,70,0,deltaR
train_0152,C:\Users\tao20\Desktop\Algorithm\AIPlayerDesktop\data\蔡扬的\train\train_0152.json,112,6,False,5,5,5,4, ,-1e+18,0,0.0,0.0,1.0,7,0.0,100,0,pathLen
train_0152,C:\Users\tao20\Desktop\Algorithm\AIPlayerDesktop\data\蔡扬的\train\train_0152.json,112,7,False,7,5,7,4, ,-1e+18,0,0.0,0.0,1.0,9,0.0,100,0,pathLen
train_0152,C:\Users\tao20\Desktop\Algorithm\AIPlayerDesktop\data\蔡扬的\train\train_0152.json,113,1,True,10,3,10,2,T,-34.04769618707923,-30,0.06,0.0,1.0,5,0.0,70,1,deltaR
train_0152,C:\Users\tao20\Desktop\Algorithm\AIPlayerDesktop\data\蔡扬的\train\train_0152.json,113,2,False,1,9,1,8,T,-45.772354244950805,-30,0.72,0.0,1.0,20,0.0,70,12,deltaR
train_0152,C:\Users\tao20\Desktop\Algorithm\AIPlayerDesktop\data\蔡扬的\train\train_0152.json,113,3,False,2,9,2,8, ,-46.5923542449508,-30,0.72,0.0,1.0,21,0.0,70,12,deltaR
train_0152,C:\Users\tao20\Desktop\Algorithm\AIPlayerDesktop\data\蔡扬的\train\train_0152.json,113,4,False,8,9,8,8,T,-51.5123542449508,-30,0.72,0.0,1.0,27,0.0,70,12,deltaR
train_0152,C:\Users\tao20\Desktop\Algorithm\AIPlayerDesktop\data\蔡扬的\train\train_0152.json,113,5,False,11,5,11,4,T,-54.599999999999994,-30,0.0,0.0,1.0,30,0.0,70,0,deltaR
train_0152,C:\Users\tao20\Desktop\Algorithm\AIPlayerDesktop\data\蔡扬的\train\train_0152.json,113,6,False,5,5,5,4, ,-1e+18,0,0.0,0.0,1.0,8,0.0,100,0,pathLen
train_0152,C:\Users\tao20\Desktop\Algorithm\AIPlayerDesktop\data\蔡扬的\train\train_0152.json,113,7,False,7,5,7,4, ,-1e+18,0,0.0,0.0,1.0,10,0.0,100,0,pathLen
train_0152,C:\Users\tao20\Desktop\Algorithm\AIPlayerDesktop\data\蔡扬的\train\train_0152.json,114,1,True,10,3,10,2,T,-33.22770987451888,-30,0.06,0.0,1.0,4,0.0,70,1,deltaR
train_0152,C:\Users\tao20\Desktop\Algorithm\AIPlayerDesktop\data\蔡扬的\train\train_0152.json,114,2,False,1,9,1,8,T,-46.59251849422654,-30,0.72,0.0,1.0,21,0.0,70,12,deltaR
train_0152,C:\Users\tao20\Desktop\Algorithm\AIPlayerDesktop\data\蔡扬的\train\train_0152.json,114,3,False,2,9,2,8, ,-47.41251849422653,-30,0.72,0.0,1.0,22,0.0,70,12,deltaR
train_0152,C:\Users\tao20\Desktop\Algorithm\AIPlayerDesktop\data\蔡扬的\train\train_0152.json,114,4,False,8,9,8,8,T,-52.332518494226534,-30,0.72,0.0,1.0,28,0.0,70,12,deltaR
train_0152,C:\Users\tao20\Desktop\Algorithm\AIPlayerDesktop\data\蔡扬的\train\train_0152.json,114,5,False,11,5,11,4,T,-55.42,-30,0.0,0.0,1.0,31,0.0,70,0,pathLen
train_0152,C:\Users\tao20\Desktop\Algorithm\AIPlayerDesktop\data\蔡扬的\train\train_0152.json,114,6,False,5,5,5,4, ,-1e+18,0,0.0,0.0,1.0,9,0.0,100,0,pathLen
train_0152,C:\Users\tao20\Desktop\Algorithm\AIPlayerDesktop\data\蔡扬的\train\train_0152.json,114,7,False,7,5,7,4, ,-1e+18,0,0.0,0.0,1.0,11,0.0,100,0,pathLen
train_0152,C:\Users\tao20\Desktop\Algorithm\AIPlayerDesktop\data\蔡扬的\train\train_0152.json,115,1,True,10,3,10,2,T,-32.407720824470594,-30,0.06,0.0,1.0,3,0.0,70,1,deltaR
train_0152,C:\Users\tao20\Desktop\Algorithm\AIPlayerDesktop\data\蔡扬的\train\train_0152.json,115,2,False,1,9,1,8,T,-47.41264989364713,-30,0.72,0.0,1.0,22,0.0,70,12,deltaR
train_0152,C:\Users\tao20\Desktop\Algorithm\AIPlayerDesktop\data\蔡扬的\train\train_0152.json,115,3,False,2,9,2,8, ,-48.23264989364712,-30,0.72,0.0,1.0,23,0.0,70,12,deltaR
train_0152,C:\Users\tao20\Desktop\Algorithm\AIPlayerDesktop\data\蔡扬的\train\train_0152.json,115,4,False,8,9,8,8,T,-53.15264989364712,-30,0.72,0.0,1.0,29,0.0,70,12,deltaR
train_0152,C:\Users\tao20\Desktop\Algorithm\AIPlayerDesktop\data\蔡扬的\train\train_0152.json,115,5,False,11,5,11,4,T,-56.239999999999995,-30,0.0,0.0,1.0,32,0.0,70,0,pathLen
train_0152,C:\Users\tao20\Desktop\Algorithm\AIPlayerDesktop\data\蔡扬的\train\train_0152.json,115,6,False,5,5,5,4, ,-1e+18,0,0.0,0.0,1.0,10,0.0,100,0,pathLen
train_0152,C:\Users\tao20\Desktop\Algorithm\AIPlayerDesktop\data\蔡扬的\train\train_0152.json,115,7,False,7,5,7,4, ,-1e+18,0,0.0,0.0,1.0,12,0.0,100,0,pathLen
train_0152,C:\Users\tao20\Desktop\Algorithm\AIPlayerDesktop\data\蔡扬的\train\train_0152.json,116,1,True,10,3,10,2,T,-31.587729584431965,-30,0.06,0.0,1.0,2,0.0,70,1,deltaR
train_0152,C:\Users\tao20\Desktop\Algorithm\AIPlayerDesktop\data\蔡扬的\train\train_0152.json,116,2,False,1,9,1,8,T,-48.23275501318359,-30,0.72,0.0,1.0,23,0.0,70,12,deltaR
train_0152,C:\Users\tao20\Desktop\Algorithm\AIPlayerDesktop\data\蔡扬的\train\train_0152.json,116,3,False,2,9,2,8, ,-49.0527550131836,-30,0.72,0.0,1.0,24,0.0,70,12,deltaR
train_0152,C:\Users\tao20\Desktop\Algorithm\AIPlayerDesktop\data\蔡扬的\train\train_0152.json,116,4,False,8,9,8,8,T,-53.972755013183594,-30,0.72,0.0,1.0,30,0.0,70,12,deltaR
train_0152,C:\Users\tao20\Desktop\Algorithm\AIPlayerDesktop\data\蔡扬的\train\train_0152.json,116,5,False,11,5,11,4,T,-57.06,-30,0.0,0.0,1.0,33,0.0,70,0,pathLen
train_0152,C:\Users\tao20\Desktop\Algorithm\AIPlayerDesktop\data\蔡扬的\train\train_0152.json,116,6,False,5,5,5,4, ,-1e+18,0,0.0,0.0,1.0,11,0.0,100,0,pathLen
train_0152,C:\Users\tao20\Desktop\Algorithm\AIPlayerDesktop\data\蔡扬的\train\train_0152.json,116,7,False,7,5,7,4, ,-1e+18,0,0.0,0.0,1.0,13,0.0,100,0,pathLen
train_0152,C:\Users\tao20\Desktop\Algorithm\AIPlayerDesktop\data\蔡扬的\train\train_0152.json,117,1,True,10,3,10,2,T,-30.767736592401064,-30,0.06,0.0,1.0,1,0.0,70,1,deltaR
train_0152,C:\Users\tao20\Desktop\Algorithm\AIPlayerDesktop\data\蔡扬的\train\train_0152.json,117,2,False,1,9,1,8,T,-49.052839108812776,-30,0.72,0.0,1.0,24,0.0,70,12,deltaR
train_0152,C:\Users\tao20\Desktop\Algorithm\AIPlayerDesktop\data\蔡扬的\train\train_0152.json,117,3,False,2,9,2,8, ,-49.87283910881277,-30,0.72,0.0,1.0,25,0.0,70,12,deltaR
train_0152,C:\Users\tao20\Desktop\Algorithm\AIPlayerDesktop\data\蔡扬的\train\train_0152.json,117,4,False,8,9,8,8,T,-54.79283910881277,-30,0.72,0.0,1.0,31,0.0,70,12,pathLen
train_0152,C:\Users\tao20\Desktop\Algorithm\AIPlayerDesktop\data\蔡扬的\train\train_0152.json,117,5,False,11,5,11,4,T,-57.879999999999995,-30,0.0,0.0,1.0,34,0.0,70,0,pathLen
train_0152,C:\Users\tao20\Desktop\Algorithm\AIPlayerDesktop\data\蔡扬的\train\train_0152.json,117,6,False,5,5,5,4, ,-1e+18,0,0.0,0.0,1.0,12,0.0,100,0,pathLen
train_0152,C:\Users\tao20\Desktop\Algorithm\AIPlayerDesktop\data\蔡扬的\train\train_0152.json,117,7,False,7,5,7,4, ,-1e+18,0,0.0,0.0,1.0,14,0.0,100,0,pathLen
train_0152,C:\Users\tao20\Desktop\Algorithm\AIPlayerDesktop\data\蔡扬的\train\train_0152.json,118,1,True,9,3,9,2,G,49.18,50,0.0,0.0,1.0,1,0.0,120,0,deltaR
train_0152,C:\Users\tao20\Desktop\Algorithm\AIPlayerDesktop\data\蔡扬的\train\train_0152.json,118,2,False,5,5,5,4, ,-6.56,0,0.0,3.3333333333333335,1.0,13,0.0,70,0,pathLen
train_0152,C:\Users\tao20\Desktop\Algorithm\AIPlayerDesktop\data\蔡扬的\train\train_0152.json,118,3,False,7,5,7,4, ,-8.68235294117647,0,0.0,2.9411764705882355,1.0,15,0.0,70,0,pathLen
train_0152,C:\Users\tao20\Desktop\Algorithm\AIPlayerDesktop\data\蔡扬的\train\train_0152.json,118,4,False,1,9,1,8,T,-44.3972534791166,-30,4.390243902439025,1.8518518518518519,1.0,25,0.0,40,12,deltaR
train_0152,C:\Users\tao20\Desktop\Algorithm\AIPlayerDesktop\data\蔡扬的\train\train_0152.json,118,5,False,2,9,2,8, ,-45.29860268546581,-30,4.390243902439025,1.7857142857142858,1.0,26,0.0,40,12,deltaR
train_0152,C:\Users\tao20\Desktop\Algorithm\AIPlayerDesktop\data\蔡扬的\train\train_0152.json,118,6,False,8,9,8,8,T,-50.60620772748261,-30,4.390243902439025,1.4705882352941178,1.0,32,0.0,40,12,pathLen
train_0152,C:\Users\tao20\Desktop\Algorithm\AIPlayerDesktop\data\蔡扬的\train\train_0152.json,118,7,False,11,5,11,4,T,-57.03783783783784,-30,0.0,1.3513513513513513,1.0,35,0.0,40,0,pathLen
train_0152,C:\Users\tao20\Desktop\Algorithm\AIPlayerDesktop\data\蔡扬的\train\train_0152.json,119,1,True,1,9,1,8,T,-47.49437768283538,-30,4.390243902439025,0.0,1.0,26,0.0,90,12,deltaR
train_0152,C:\Users\tao20\Desktop\Algorithm\AIPlayerDesktop\data\蔡扬的\train\train_0152.json,119,2,False,2,9,2,8, ,-48.31437768283538,-30,4.390243902439025,0.0,1.0,27,0.0,90,12,deltaR
train_0152,C:\Users\tao20\Desktop\Algorithm\AIPlayerDesktop\data\蔡扬的\train\train_0152.json,119,3,False,8,9,8,8,T,-53.23437768283538,-30,4.390243902439025,0.0,1.0,33,0.0,90,12,pathLen
train_0152,C:\Users\tao20\Desktop\Algorithm\AIPlayerDesktop\data\蔡扬的\train\train_0152.json,119,4,False,11,5,11,4,T,-59.519999999999996,-30,0.0,0.0,1.0,36,0.0,90,0,pathLen
train_0152,C:\Users\tao20\Desktop\Algorithm\AIPlayerDesktop\data\蔡扬的\train\train_0152.json,119,5,False,5,5,5,4, ,-1e+18,0,0.0,0.0,1.0,14,0.0,120,0,pathLen
train_0152,C:\Users\tao20\Desktop\Algorithm\AIPlayerDesktop\data\蔡扬的\train\train_0152.json,119,6,False,7,5,7,4, ,-1e+18,0,0.0,0.0,1.0,16,0.0,120,0,pathLen
train_0152,C:\Users\tao20\Desktop\Algorithm\AIPlayerDesktop\data\蔡扬的\train\train_0152.json,120,1,True,1,9,1,8,T,-46.67385482358819,-30,4.390243902439025,0.0,1.0,25,0.0,90,12,deltaR
train_0152,C:\Users\tao20\Desktop\Algorithm\AIPlayerDesktop\data\蔡扬的\train\train_0152.json,120,2,False,2,9,2,8, ,-47.49385482358818,-30,4.390243902439025,0.0,1.0,26,0.0,90,12,deltaR
train_0152,C:\Users\tao20\Desktop\Algorithm\AIPlayerDesktop\data\蔡扬的\train\train_0152.json,120,3,False,8,9,8,8,T,-52.41385482358818,-30,4.390243902439025,0.0,1.0,32,0.0,90,12,pathLen
train_0152,C:\Users\tao20\Desktop\Algorithm\AIPlayerDesktop\data\蔡扬的\train\train_0152.json,120,4,False,11,5,11,4,T,-58.7,-30,0.0,0.0,1.0,35,0.0,90,0,pathLen
train_0152,C:\Users\tao20\Desktop\Algorithm\AIPlayerDesktop\data\蔡扬的\train\train_0152.json,120,5,False,5,5,5,4, ,-1e+18,0,0.0,0.0,1.0,13,0.0,120,0,pathLen
train_0152,C:\Users\tao20\Desktop\Algorithm\AIPlayerDesktop\data\蔡扬的\train\train_0152.json,120,6,False,7,5,7,4, ,-1e+18,0,0.0,0.0,1.0,15,0.0,120,0,pathLen
train_0152,C:\Users\tao20\Desktop\Algorithm\AIPlayerDesktop\data\蔡扬的\train\train_0152.json,121,1,True,1,9,1,8,T,-45.85343653619042,-30,4.390243902439025,0.0,1.0,24,0.0,90,12,deltaR
train_0152,C:\Users\tao20\Desktop\Algorithm\AIPlayerDesktop\data\蔡扬的\train\train_0152.json,121,2,False,2,9,2,8, ,-46.67343653619042,-30,4.390243902439025,0.0,1.0,25,0.0,90,12,deltaR
train_0152,C:\Users\tao20\Desktop\Algorithm\AIPlayerDesktop\data\蔡扬的\train\train_0152.json,121,3,False,8,9,8,8,T,-51.593436536190424,-30,4.390243902439025,0.0,1.0,31,0.0,90,12,pathLen
train_0152,C:\Users\tao20\Desktop\Algorithm\AIPlayerDesktop\data\蔡扬的\train\train_0152.json,121,4,False,11,5,11,4,T,-57.879999999999995,-30,0.0,0.0,1.0,34,0.0,90,0,pathLen
train_0152,C:\Users\tao20\Desktop\Algorithm\AIPlayerDesktop\data\蔡扬的\train\train_0152.json,121,5,False,5,5,5,4, ,-1e+18,0,0.0,0.0,1.0,12,0.0,120,0,pathLen
train_0152,C:\Users\tao20\Desktop\Algorithm\AIPlayerDesktop\data\蔡扬的\train\train_0152.json,121,6,False,7,5,7,4, ,-1e+18,0,0.0,0.0,1.0,14,0.0,120,0,pathLen
train_0152,C:\Users\tao20\Desktop\Algorithm\AIPlayerDesktop\data\蔡扬的\train\train_0152.json,122,1,True,1,9,1,8,T,-45.033101906272215,-30,4.390243902439025,0.0,1.0,23,0.0,90,12,deltaR
train_0152,C:\Users\tao20\Desktop\Algorithm\AIPlayerDesktop\data\蔡扬的\train\train_0152.json,122,2,False,2,9,2,8, ,-45.853101906272215,-30,4.390243902439025,0.0,1.0,24,0.0,90,12,deltaR
train_0152,C:\Users\tao20\Desktop\Algorithm\AIPlayerDesktop\data\蔡扬的\train\train_0152.json,122,3,False,8,9,8,8,T,-50.77310190627222,-30,4.390243902439025,0.0,1.0,30,0.0,90,12,deltaR
train_0152,C:\Users\tao20\Desktop\Algorithm\AIPlayerDesktop\data\蔡扬的\train\train_0152.json,122,4,False,11,5,11,4,T,-57.06,-30,0.0,0.0,1.0,33,0.0,90,0,pathLen
train_0152,C:\Users\tao20\Desktop\Algorithm\AIPlayerDesktop\data\蔡扬的\train\train_0152.json,122,5,False,5,5,5,4, ,-1e+18,0,0.0,0.0,1.0,11,0.0,120,0,pathLen
train_0152,C:\Users\tao20\Desktop\Algorithm\AIPlayerDesktop\data\蔡扬的\train\train_0152.json,122,6,False,7,5,7,4, ,-1e+18,0,0.0,0.0,1.0,13,0.0,120,0,pathLen
train_0152,C:\Users\tao20\Desktop\Algorithm\AIPlayerDesktop\data\蔡扬的\train\train_0152.json,123,1,True,1,9,1,8,T,-44.212834202337646,-30,4.390243902439025,0.0,1.0,22,0.0,90,12,deltaR
train_0152,C:\Users\tao20\Desktop\Algorithm\AIPlayerDesktop\data\蔡扬的\train\train_0152.json,123,2,False,2,9,2,8, ,-45.032834202337646,-30,4.390243902439025,0.0,1.0,23,0.0,90,12,deltaR
train_0152,C:\Users\tao20\Desktop\Algorithm\AIPlayerDesktop\data\蔡扬的\train\train_0152.json,123,3,False,8,9,8,8,T,-49.95283420233764,-30,4.390243902439025,0.0,1.0,29,0.0,90,12,deltaR
train_0152,C:\Users\tao20\Desktop\Algorithm\AIPlayerDesktop\data\蔡扬的\train\train_0152.json,123,4,False,11,5,11,4,T,-56.239999999999995,-30,0.0,0.0,1.0,32,0.0,90,0,pathLen
train_0152,C:\Users\tao20\Desktop\Algorithm\AIPlayerDesktop\data\蔡扬的\train\train_0152.json,123,5,False,5,5,5,4, ,-1e+18,0,0.0,0.0,1.0,10,0.0,120,0,pathLen
train_0152,C:\Users\tao20\Desktop\Algorithm\AIPlayerDesktop\data\蔡扬的\train\train_0152.json,123,6,False,7,5,7,4, ,-1e+18,0,0.0,0.0,1.0,12,0.0,120,0,pathLen
train_0152,C:\Users\tao20\Desktop\Algorithm\AIPlayerDesktop\data\蔡扬的\train\train_0152.json,124,1,True,1,9,1,8,T,-43.39262003918999,-30,4.390243902439025,0.0,1.0,21,0.0,90,12,deltaR
train_0152,C:\Users\tao20\Desktop\Algorithm\AIPlayerDesktop\data\蔡扬的\train\train_0152.json,124,2,False,2,9,2,8, ,-44.21262003918999,-30,4.390243902439025,0.0,1.0,22,0.0,90,12,deltaR
train_0152,C:\Users\tao20\Desktop\Algorithm\AIPlayerDesktop\data\蔡扬的\train\train_0152.json,124,3,False,8,9,8,8,T,-49.13262003918999,-30,4.390243902439025,0.0,1.0,28,0.0,90,12,deltaR
train_0152,C:\Users\tao20\Desktop\Algorithm\AIPlayerDesktop\data\蔡扬的\train\train_0152.json,124,4,False,11,5,11,4,T,-55.42,-30,0.0,0.0,1.0,31,0.0,90,0,pathLen
train_0152,C:\Users\tao20\Desktop\Algorithm\AIPlayerDesktop\data\蔡扬的\train\train_0152.json,124,5,False,5,5,5,4, ,-1e+18,0,0.0,0.0,1.0,9,0.0,120,0,pathLen
train_0152,C:\Users\tao20\Desktop\Algorithm\AIPlayerDesktop\data\蔡扬的\train\train_0152.json,124,6,False,7,5,7,4, ,-1e+18,0,0.0,0.0,1.0,11,0.0,120,0,pathLen
train_0152,C:\Users\tao20\Desktop\Algorithm\AIPlayerDesktop\data\蔡扬的\train\train_0152.json,125,1,True,1,9,1,8,T,-42.57244870867187,-30,4.390243902439025,0.0,1.0,20,0.0,90,12,deltaR
train_0152,C:\Users\tao20\Desktop\Algorithm\AIPlayerDesktop\data\蔡扬的\train\train_0152.json,125,2,False,2,9,2,8, ,-43.39244870867187,-30,4.390243902439025,0.0,1.0,21,0.0,90,12,deltaR
train_0152,C:\Users\tao20\Desktop\Algorithm\AIPlayerDesktop\data\蔡扬的\train\train_0152.json,125,3,False,8,9,8,8,T,-48.312448708671866,-30,4.390243902439025,0.0,1.0,27,0.0,90,12,deltaR
train_0152,C:\Users\tao20\Desktop\Algorithm\AIPlayerDesktop\data\蔡扬的\train\train_0152.json,125,4,False,11,5,11,4,T,-54.599999999999994,-30,0.0,0.0,1.0,30,0.0,90,0,deltaR
train_0152,C:\Users\tao20\Desktop\Algorithm\AIPlayerDesktop\data\蔡扬的\train\train_0152.json,125,5,False,5,5,5,4, ,-1e+18,0,0.0,0.0,1.0,8,0.0,120,0,pathLen
train_0152,C:\Users\tao20\Desktop\Algorithm\AIPlayerDesktop\data\蔡扬的\train\train_0152.json,125,6,False,7,5,7,4, ,-1e+18,0,0.0,0.0,1.0,10,0.0,120,0,pathLen
train_0152,C:\Users\tao20\Desktop\Algorithm\AIPlayerDesktop\data\蔡扬的\train\train_0152.json,126,1,True,1,9,1,8,T,-41.752311644257375,-30,4.390243902439025,0.0,1.0,19,0.0,90,12,deltaR
train_0152,C:\Users\tao20\Desktop\Algorithm\AIPlayerDesktop\data\蔡扬的\train\train_0152.json,126,2,False,2,9,2,8, ,-42.572311644257375,-30,4.390243902439025,0.0,1.0,20,0.0,90,12,deltaR
train_0152,C:\Users\tao20\Desktop\Algorithm\AIPlayerDesktop\data\蔡扬的\train\train_0152.json,126,3,False,8,9,8,8,T,-47.49231164425738,-30,4.390243902439025,0.0,1.0,26,0.0,90,12,deltaR
train_0152,C:\Users\tao20\Desktop\Algorithm\AIPlayerDesktop\data\蔡扬的\train\train_0152.json,126,4,False,11,5,11,4,T,-53.78,-30,0.0,0.0,1.0,29,0.0,90,0,deltaR
train_0152,C:\Users\tao20\Desktop\Algorithm\AIPlayerDesktop\data\蔡扬的\train\train_0152.json,126,5,False,5,5,5,4, ,-1e+18,0,0.0,0.0,1.0,7,0.0,120,0,pathLen
train_0152,C:\Users\tao20\Desktop\Algorithm\AIPlayerDesktop\data\蔡扬的\train\train_0152.json,126,6,False,7,5,7,4, ,-1e+18,0,0.0,0.0,1.0,9,0.0,120,0,pathLen
train_0152,C:\Users\tao20\Desktop\Algorithm\AIPlayerDesktop\data\蔡扬的\train\train_0152.json,127,1,True,1,9,1,8,T,-40.93220199272578,-30,4.390243902439025,0.0,1.0,18,0.0,90,12,deltaR
train_0152,C:\Users\tao20\Desktop\Algorithm\AIPlayerDesktop\data\蔡扬的\train\train_0152.json,127,2,False,2,9,2,8, ,-41.75220199272577,-30,4.390243902439025,0.0,1.0,19,0.0,90,12,deltaR
train_0152,C:\Users\tao20\Desktop\Algorithm\AIPlayerDesktop\data\蔡扬的\train\train_0152.json,127,3,False,8,9,8,8,T,-46.672201992725775,-30,4.390243902439025,0.0,1.0,25,0.0,90,12,deltaR
train_0152,C:\Users\tao20\Desktop\Algorithm\AIPlayerDesktop\data\蔡扬的\train\train_0152.json,127,4,False,11,5,11,4,T,-52.959999999999994,-30,0.0,0.0,1.0,28,0.0,90,0,deltaR
train_0152,C:\Users\tao20\Desktop\Algorithm\AIPlayerDesktop\data\蔡扬的\train\train_0152.json,127,5,False,5,5,5,4, ,-1e+18,0,0.0,0.0,1.0,6,0.0,120,0,pathLen
train_0152,C:\Users\tao20\Desktop\Algorithm\AIPlayerDesktop\data\蔡扬的\train\train_0152.json,127,6,False,7,5,7,4, ,-1e+18,0,0.0,0.0,1.0,8,0.0,120,0,pathLen
train_0152,C:\Users\tao20\Desktop\Algorithm\AIPlayerDesktop\data\蔡扬的\train\train_0152.json,128,1,True,1,9,1,8,T,-40.112114271500495,-30,4.390243902439025,0.0,1.0,17,0.0,90,12,deltaR
train_0152,C:\Users\tao20\Desktop\Algorithm\AIPlayerDesktop\data\蔡扬的\train\train_0152.json,128,2,False,2,9,2,8, ,-40.932114271500495,-30,4.390243902439025,0.0,1.0,18,0.0,90,12,deltaR
train_0152,C:\Users\tao20\Desktop\Algorithm\AIPlayerDesktop\data\蔡扬的\train\train_0152.json,128,3,False,8,9,8,8,T,-45.8521142715005,-30,4.390243902439025,0.0,1.0,24,0.0,90,12,deltaR
train_0152,C:\Users\tao20\Desktop\Algorithm\AIPlayerDesktop\data\蔡扬的\train\train_0152.json,128,4,False,11,5,11,4,T,-52.14,-30,0.0,0.0,1.0,27,0.0,90,0,deltaR
train_0152,C:\Users\tao20\Desktop\Algorithm\AIPlayerDesktop\data\蔡扬的\train\train_0152.json,128,5,False,5,5,5,4, ,-1e+18,0,0.0,0.0,1.0,5,0.0,120,0,pathLen
train_0152,C:\Users\tao20\Desktop\Algorithm\AIPlayerDesktop\data\蔡扬的\train\train_0152.json,128,6,False,7,5,7,4, ,-1e+18,0,0.0,0.0,1.0,7,0.0,120,0,pathLen
train_0152,C:\Users\tao20\Desktop\Algorithm\AIPlayerDesktop\data\蔡扬的\train\train_0152.json,129,1,True,1,9,1,8,T,-39.29204409452028,-30,4.390243902439025,0.0,1.0,16,0.0,90,12,deltaR
train_0152,C:\Users\tao20\Desktop\Algorithm\AIPlayerDesktop\data\蔡扬的\train\train_0152.json,129,2,False,2,9,2,8, ,-40.11204409452028,-30,4.390243902439025,0.0,1.0,17,0.0,90,12,deltaR
train_0152,C:\Users\tao20\Desktop\Algorithm\AIPlayerDesktop\data\蔡扬的\train\train_0152.json,129,3,False,8,9,8,8,T,-45.03204409452027,-30,4.390243902439025,0.0,1.0,23,0.0,90,12,deltaR
train_0152,C:\Users\tao20\Desktop\Algorithm\AIPlayerDesktop\data\蔡扬的\train\train_0152.json,129,4,False,11,5,11,4,T,-51.32,-30,0.0,0.0,1.0,26,0.0,90,0,deltaR
train_0152,C:\Users\tao20\Desktop\Algorithm\AIPlayerDesktop\data\蔡扬的\train\train_0152.json,129,5,False,5,5,5,4, ,-1e+18,0,0.0,0.0,1.0,4,0.0,120,0,pathLen
train_0152,C:\Users\tao20\Desktop\Algorithm\AIPlayerDesktop\data\蔡扬的\train\train_0152.json,129,6,False,7,5,7,4, ,-1e+18,0,0.0,0.0,1.0,6,0.0,120,0,pathLen
train_0152,C:\Users\tao20\Desktop\Algorithm\AIPlayerDesktop\data\蔡扬的\train\train_0152.json,130,1,True,1,9,1,8,T,-38.4719879529361,-30,4.390243902439025,0.0,1.0,15,0.0,90,12,deltaR
train_0152,C:\Users\tao20\Desktop\Algorithm\AIPlayerDesktop\data\蔡扬的\train\train_0152.json,130,2,False,2,9,2,8, ,-39.2919879529361,-30,4.390243902439025,0.0,1.0,16,0.0,90,12,deltaR
train_0152,C:\Users\tao20\Desktop\Algorithm\AIPlayerDesktop\data\蔡扬的\train\train_0152.json,130,3,False,8,9,8,8,T,-44.2119879529361,-30,4.390243902439025,0.0,1.0,22,0.0,90,12,deltaR
train_0152,C:\Users\tao20\Desktop\Algorithm\AIPlayerDesktop\data\蔡扬的\train\train_0152.json,130,4,False,11,5,11,4,T,-50.5,-30,0.0,0.0,1.0,25,0.0,90,0,deltaR
train_0152,C:\Users\tao20\Desktop\Algorithm\AIPlayerDesktop\data\蔡扬的\train\train_0152.json,130,5,False,5,5,5,4, ,-1e+18,0,0.0,0.0,1.0,3,0.0,120,0,pathLen
train_0152,C:\Users\tao20\Desktop\Algorithm\AIPlayerDesktop\data\蔡扬的\train\train_0152.json,130,6,False,7,5,7,4, ,-1e+18,0,0.0,0.0,1.0,5,0.0,120,0,pathLen
train_0152,C:\Users\tao20\Desktop\Algorithm\AIPlayerDesktop\data\蔡扬的\train\train_0152.json,131,1,True,1,9,1,8,T,-37.65194303966875,-30,4.390243902439025,0.0,1.0,14,0.0,90,12,deltaR
train_0152,C:\Users\tao20\Desktop\Algorithm\AIPlayerDesktop\data\蔡扬的\train\train_0152.json,131,2,False,2,9,2,8, ,-38.47194303966875,-30,4.390243902439025,0.0,1.0,15,0.0,90,12,deltaR
train_0152,C:\Users\tao20\Desktop\Algorithm\AIPlayerDesktop\data\蔡扬的\train\train_0152.json,131,3,False,8,9,8,8,T,-43.39194303966875,-30,4.390243902439025,0.0,1.0,21,0.0,90,12,deltaR
train_0152,C:\Users\tao20\Desktop\Algorithm\AIPlayerDesktop\data\蔡扬的\train\train_0152.json,131,4,False,11,5,11,4,T,-49.68,-30,0.0,0.0,1.0,24,0.0,90,0,deltaR
train_0152,C:\Users\tao20\Desktop\Algorithm\AIPlayerDesktop\data\蔡扬的\train\train_0152.json,131,5,False,5,5,5,4, ,-1e+18,0,0.0,0.0,1.0,2,0.0,120,0,pathLen
train_0152,C:\Users\tao20\Desktop\Algorithm\AIPlayerDesktop\data\蔡扬的\train\train_0152.json,131,6,False,7,5,7,4, ,-1e+18,0,0.0,0.0,1.0,4,0.0,120,0,pathLen
train_0152,C:\Users\tao20\Desktop\Algorithm\AIPlayerDesktop\data\蔡扬的\train\train_0152.json,132,1,True,1,9,1,8,T,-36.83190710905488,-30,4.390243902439025,0.0,1.0,13,0.0,90,12,deltaR
train_0152,C:\Users\tao20\Desktop\Algorithm\AIPlayerDesktop\data\蔡扬的\train\train_0152.json,132,2,False,2,9,2,8, ,-37.65190710905488,-30,4.390243902439025,0.0,1.0,14,0.0,90,12,deltaR
train_0152,C:\Users\tao20\Desktop\Algorithm\AIPlayerDesktop\data\蔡扬的\train\train_0152.json,132,3,False,8,9,8,8,T,-42.57190710905488,-30,4.390243902439025,0.0,1.0,20,0.0,90,12,deltaR
train_0152,C:\Users\tao20\Desktop\Algorithm\AIPlayerDesktop\data\蔡扬的\train\train_0152.json,132,4,False,11,5,11,4,T,-48.86,-30,0.0,0.0,1.0,23,0.0,90,0,deltaR
train_0152,C:\Users\tao20\Desktop\Algorithm\AIPlayerDesktop\data\蔡扬的\train\train_0152.json,132,5,False,5,5,5,4, ,-1e+18,0,0.0,0.0,1.0,3,0.0,120,0,pathLen
train_0152,C:\Users\tao20\Desktop\Algorithm\AIPlayerDesktop\data\蔡扬的\train\train_0152.json,132,6,False,7,5,7,4, ,-1e+18,0,0.0,0.0,1.0,5,0.0,120,0,pathLen
train_0152,C:\Users\tao20\Desktop\Algorithm\AIPlayerDesktop\data\蔡扬的\train\train_0152.json,133,1,True,1,9,1,8,T,-36.011878364563785,-30,4.390243902439025,0.0,1.0,12,0.0,90,12,deltaR
train_0152,C:\Users\tao20\Desktop\Algorithm\AIPlayerDesktop\data\蔡扬的\train\train_0152.json,133,2,False,2,9,2,8, ,-36.83187836456378,-30,4.390243902439025,0.0,1.0,13,0.0,90,12,deltaR
train_0152,C:\Users\tao20\Desktop\Algorithm\AIPlayerDesktop\data\蔡扬的\train\train_0152.json,133,3,False,8,9,8,8,T,-41.75187836456378,-30,4.390243902439025,0.0,1.0,19,0.0,90,12,deltaR
train_0152,C:\Users\tao20\Desktop\Algorithm\AIPlayerDesktop\data\蔡扬的\train\train_0152.json,133,4,False,11,5,11,4,T,-48.04,-30,0.0,0.0,1.0,22,0.0,90,0,deltaR
train_0152,C:\Users\tao20\Desktop\Algorithm\AIPlayerDesktop\data\蔡扬的\train\train_0152.json,133,5,False,5,5,5,4, ,-1e+18,0,0.0,0.0,1.0,4,0.0,120,0,pathLen
train_0152,C:\Users\tao20\Desktop\Algorithm\AIPlayerDesktop\data\蔡扬的\train\train_0152.json,133,6,False,7,5,7,4, ,-1e+18,0,0.0,0.0,1.0,6,0.0,120,0,pathLen
train_0152,C:\Users\tao20\Desktop\Algorithm\AIPlayerDesktop\data\蔡扬的\train\train_0152.json,134,1,True,1,9,1,8,T,-35.191855368970906,-30,4.390243902439025,0.0,1.0,11,0.0,90,12,deltaR
train_0152,C:\Users\tao20\Desktop\Algorithm\AIPlayerDesktop\data\蔡扬的\train\train_0152.json,134,2,False,2,9,2,8, ,-36.0118553689709,-30,4.390243902439025,0.0,1.0,12,0.0,90,12,deltaR
train_0152,C:\Users\tao20\Desktop\Algorithm\AIPlayerDesktop\data\蔡扬的\train\train_0152.json,134,3,False,8,9,8,8,T,-40.9318553689709,-30,4.390243902439025,0.0,1.0,18,0.0,90,12,deltaR
train_0152,C:\Users\tao20\Desktop\Algorithm\AIPlayerDesktop\data\蔡扬的\train\train_0152.json,134,4,False,11,5,11,4,T,-47.22,-30,0.0,0.0,1.0,21,0.0,90,0,deltaR
train_0152,C:\Users\tao20\Desktop\Algorithm\AIPlayerDesktop\data\蔡扬的\train\train_0152.json,134,5,False,5,5,5,4, ,-1e+18,0,0.0,0.0,1.0,5,0.0,120,0,pathLen
train_0152,C:\Users\tao20\Desktop\Algorithm\AIPlayerDesktop\data\蔡扬的\train\train_0152.json,134,6,False,7,5,7,4, ,-1e+18,0,0.0,0.0,1.0,7,0.0,120,0,pathLen
train_0152,C:\Users\tao20\Desktop\Algorithm\AIPlayerDesktop\data\蔡扬的\train\train_0152.json,135,1,True,1,9,1,8,T,-34.371836972496595,-30,4.390243902439025,0.0,1.0,10,0.0,90,12,deltaR
train_0152,C:\Users\tao20\Desktop\Algorithm\AIPlayerDesktop\data\蔡扬的\train\train_0152.json,135,2,False,2,9,2,8, ,-35.1918369724966,-30,4.390243902439025,0.0,1.0,11,0.0,90,12,deltaR
train_0152,C:\Users\tao20\Desktop\Algorithm\AIPlayerDesktop\data\蔡扬的\train\train_0152.json,135,3,False,8,9,8,8,T,-40.1118369724966,-30,4.390243902439025,0.0,1.0,17,0.0,90,12,deltaR
train_0152,C:\Users\tao20\Desktop\Algorithm\AIPlayerDesktop\data\蔡扬的\train\train_0152.json,135,4,False,11,5,11,4,T,-46.4,-30,0.0,0.0,1.0,20,0.0,90,0,deltaR
train_0152,C:\Users\tao20\Desktop\Algorithm\AIPlayerDesktop\data\蔡扬的\train\train_0152.json,135,5,False,5,5,5,4, ,-1e+18,0,0.0,0.0,1.0,6,0.0,120,0,pathLen
train_0152,C:\Users\tao20\Desktop\Algorithm\AIPlayerDesktop\data\蔡扬的\train\train_0152.json,135,6,False,7,5,7,4, ,-1e+18,0,0.0,0.0,1.0,8,0.0,120,0,pathLen
train_0152,C:\Users\tao20\Desktop\Algorithm\AIPlayerDesktop\data\蔡扬的\train\train_0152.json,136,1,True,1,9,1,8,T,-33.551822255317155,-30,4.390243902439025,0.0,1.0,9,0.0,90,12,deltaR
train_0152,C:\Users\tao20\Desktop\Algorithm\AIPlayerDesktop\data\蔡扬的\train\train_0152.json,136,2,False,2,9,2,8, ,-34.371822255317156,-30,4.390243902439025,0.0,1.0,10,0.0,90,12,deltaR
train_0152,C:\Users\tao20\Desktop\Algorithm\AIPlayerDesktop\data\蔡扬的\train\train_0152.json,136,3,False,8,9,8,8,T,-39.29182225531716,-30,4.390243902439025,0.0,1.0,16,0.0,90,12,deltaR
train_0152,C:\Users\tao20\Desktop\Algorithm\AIPlayerDesktop\data\蔡扬的\train\train_0152.json,136,4,False,11,5,11,4,T,-45.58,-30,0.0,0.0,1.0,19,0.0,90,0,deltaR
train_0152,C:\Users\tao20\Desktop\Algorithm\AIPlayerDesktop\data\蔡扬的\train\train_0152.json,136,5,False,5,5,5,4, ,-1e+18,0,0.0,0.0,1.0,7,0.0,120,0,pathLen
train_0152,C:\Users\tao20\Desktop\Algorithm\AIPlayerDesktop\data\蔡扬的\train\train_0152.json,136,6,False,7,5,7,4, ,-1e+18,0,0.0,0.0,1.0,9,0.0,120,0,pathLen
train_0152,C:\Users\tao20\Desktop\Algorithm\AIPlayerDesktop\data\蔡扬的\train\train_0152.json,137,1,True,1,9,1,8,T,-32.7318104815736,-30,4.390243902439025,0.0,1.0,8,0.0,90,12,deltaR
train_0152,C:\Users\tao20\Desktop\Algorithm\AIPlayerDesktop\data\蔡扬的\train\train_0152.json,137,2,False,2,9,2,8, ,-33.551810481573604,-30,4.390243902439025,0.0,1.0,9,0.0,90,12,deltaR
train_0152,C:\Users\tao20\Desktop\Algorithm\AIPlayerDesktop\data\蔡扬的\train\train_0152.json,137,3,False,8,9,8,8,T,-38.4718104815736,-30,4.390243902439025,0.0,1.0,15,0.0,90,12,deltaR
train_0152,C:\Users\tao20\Desktop\Algorithm\AIPlayerDesktop\data\蔡扬的\train\train_0152.json,137,4,False,11,5,11,4,T,-44.76,-30,0.0,0.0,1.0,18,0.0,90,0,deltaR
train_0152,C:\Users\tao20\Desktop\Algorithm\AIPlayerDesktop\data\蔡扬的\train\train_0152.json,137,5,False,5,5,5,4, ,-1e+18,0,0.0,0.0,1.0,8,0.0,120,0,pathLen
train_0152,C:\Users\tao20\Desktop\Algorithm\AIPlayerDesktop\data\蔡扬的\train\train_0152.json,137,6,False,7,5,7,4, ,-1e+18,0,0.0,0.0,1.0,10,0.0,120,0,pathLen
train_0152,C:\Users\tao20\Desktop\Algorithm\AIPlayerDesktop\data\蔡扬的\train\train_0152.json,138,1,True,1,9,1,8,T,-31.911801062578757,-30,4.390243902439025,0.0,1.0,7,0.0,90,12,deltaR
train_0152,C:\Users\tao20\Desktop\Algorithm\AIPlayerDesktop\data\蔡扬的\train\train_0152.json,138,2,False,2,9,2,8, ,-32.73180106257876,-30,4.390243902439025,0.0,1.0,8,0.0,90,12,deltaR
train_0152,C:\Users\tao20\Desktop\Algorithm\AIPlayerDesktop\data\蔡扬的\train\train_0152.json,138,3,False,8,9,8,8,T,-37.651801062578755,-30,4.390243902439025,0.0,1.0,14,0.0,90,12,deltaR
train_0152,C:\Users\tao20\Desktop\Algorithm\AIPlayerDesktop\data\蔡扬的\train\train_0152.json,138,4,False,11,5,11,4,T,-43.94,-30,0.0,0.0,1.0,17,0.0,90,0,deltaR
train_0152,C:\Users\tao20\Desktop\Algorithm\AIPlayerDesktop\data\蔡扬的\train\train_0152.json,138,5,False,5,5,5,4, ,-1e+18,0,0.0,0.0,1.0,9,0.0,120,0,pathLen
train_0152,C:\Users\tao20\Desktop\Algorithm\AIPlayerDesktop\data\蔡扬的\train\train_0152.json,138,6,False,7,5,7,4, ,-1e+18,0,0.0,0.0,1.0,11,0.0,120,0,pathLen
train_0152,C:\Users\tao20\Desktop\Algorithm\AIPlayerDesktop\data\蔡扬的\train\train_0152.json,139,1,True,1,9,1,8,T,-31.091793527382883,-30,4.390243902439025,0.0,1.0,6,0.0,90,12,deltaR
train_0152,C:\Users\tao20\Desktop\Algorithm\AIPlayerDesktop\data\蔡扬的\train\train_0152.json,139,2,False,2,9,2,8, ,-31.91179352738288,-30,4.390243902439025,0.0,1.0,7,0.0,90,12,deltaR
train_0152,C:\Users\tao20\Desktop\Algorithm\AIPlayerDesktop\data\蔡扬的\train\train_0152.json,139,3,False,8,9,8,8,T,-36.831793527382885,-30,4.390243902439025,0.0,1.0,13,0.0,90,12,deltaR
train_0152,C:\Users\tao20\Desktop\Algorithm\AIPlayerDesktop\data\蔡扬的\train\train_0152.json,139,4,False,11,5,11,4,T,-43.12,-30,0.0,0.0,1.0,16,0.0,90,0,deltaR
train_0152,C:\Users\tao20\Desktop\Algorithm\AIPlayerDesktop\data\蔡扬的\train\train_0152.json,139,5,False,5,5,5,4, ,-1e+18,0,0.0,0.0,1.0,10,0.0,120,0,pathLen
train_0152,C:\Users\tao20\Desktop\Algorithm\AIPlayerDesktop\data\蔡扬的\train\train_0152.json,139,6,False,7,5,7,4, ,-1e+18,0,0.0,0.0,1.0,12,0.0,120,0,pathLen
train_0152,C:\Users\tao20\Desktop\Algorithm\AIPlayerDesktop\data\蔡扬的\train\train_0152.json,140,1,True,1,9,1,8,T,-30.271787499226186,-30,4.390243902439025,0.0,1.0,5,0.0,90,12,deltaR
train_0152,C:\Users\tao20\Desktop\Algorithm\AIPlayerDesktop\data\蔡扬的\train\train_0152.json,140,2,False,2,9,2,8, ,-31.091787499226186,-30,4.390243902439025,0.0,1.0,6,0.0,90,12,deltaR
train_0152,C:\Users\tao20\Desktop\Algorithm\AIPlayerDesktop\data\蔡扬的\train\train_0152.json,140,3,False,8,9,8,8,T,-36.01178749922619,-30,4.390243902439025,0.0,1.0,12,0.0,90,12,deltaR
train_0152,C:\Users\tao20\Desktop\Algorithm\AIPlayerDesktop\data\蔡扬的\train\train_0152.json,140,4,False,11,5,11,4,T,-42.3,-30,0.0,0.0,1.0,15,0.0,90,0,deltaR
train_0152,C:\Users\tao20\Desktop\Algorithm\AIPlayerDesktop\data\蔡扬的\train\train_0152.json,140,5,False,5,5,5,4, ,-1e+18,0,0.0,0.0,1.0,11,0.0,120,0,pathLen
train_0152,C:\Users\tao20\Desktop\Algorithm\AIPlayerDesktop\data\蔡扬的\train\train_0152.json,140,6,False,7,5,7,4, ,-1e+18,0,0.0,0.0,1.0,13,0.0,120,0,pathLen
train_0152,C:\Users\tao20\Desktop\Algorithm\AIPlayerDesktop\data\蔡扬的\train\train_0152.json,141,1,True,1,9,1,8,T,-29.451782676700823,-30,4.390243902439025,0.0,1.0,4,0.0,90,12,deltaR
train_0152,C:\Users\tao20\Desktop\Algorithm\AIPlayerDesktop\data\蔡扬的\train\train_0152.json,141,2,False,2,9,2,8, ,-30.271782676700823,-30,4.390243902439025,0.0,1.0,5,0.0,90,12,deltaR
train_0152,C:\Users\tao20\Desktop\Algorithm\AIPlayerDesktop\data\蔡扬的\train\train_0152.json,141,3,False,8,9,8,8,T,-35.191782676700825,-30,4.390243902439025,0.0,1.0,11,0.0,90,12,deltaR
train_0152,C:\Users\tao20\Desktop\Algorithm\AIPlayerDesktop\data\蔡扬的\train\train_0152.json,141,4,False,11,5,11,4,T,-41.48,-30,0.0,0.0,1.0,14,0.0,90,0,deltaR
train_0152,C:\Users\tao20\Desktop\Algorithm\AIPlayerDesktop\data\蔡扬的\train\train_0152.json,141,5,False,5,5,5,4, ,-1e+18,0,0.0,0.0,1.0,12,0.0,120,0,pathLen
train_0152,C:\Users\tao20\Desktop\Algorithm\AIPlayerDesktop\data\蔡扬的\train\train_0152.json,141,6,False,7,5,7,4, ,-1e+18,0,0.0,0.0,1.0,14,0.0,120,0,pathLen
train_0152,C:\Users\tao20\Desktop\Algorithm\AIPlayerDesktop\data\蔡扬的\train\train_0152.json,142,1,True,1,9,1,8,T,-28.631778818680537,-30,4.390243902439025,0.0,1.0,3,0.0,90,12,deltaR
train_0152,C:\Users\tao20\Desktop\Algorithm\AIPlayerDesktop\data\蔡扬的\train\train_0152.json,142,2,False,2,9,2,8, ,-29.451778818680538,-30,4.390243902439025,0.0,1.0,4,0.0,90,12,deltaR
train_0152,C:\Users\tao20\Desktop\Algorithm\AIPlayerDesktop\data\蔡扬的\train\train_0152.json,142,3,False,8,9,8,8,T,-36.01177881868054,-30,4.390243902439025,0.0,1.0,12,0.0,90,12,deltaR
train_0152,C:\Users\tao20\Desktop\Algorithm\AIPlayerDesktop\data\蔡扬的\train\train_0152.json,142,4,False,11,5,11,4,T,-42.3,-30,0.0,0.0,1.0,15,0.0,90,0,deltaR
train_0152,C:\Users\tao20\Desktop\Algorithm\AIPlayerDesktop\data\蔡扬的\train\train_0152.json,142,5,False,5,5,5,4, ,-1e+18,0,0.0,0.0,1.0,13,0.0,120,0,pathLen
train_0152,C:\Users\tao20\Desktop\Algorithm\AIPlayerDesktop\data\蔡扬的\train\train_0152.json,142,6,False,7,5,7,4, ,-1e+18,0,0.0,0.0,1.0,15,0.0,120,0,pathLen
train_0152,C:\Users\tao20\Desktop\Algorithm\AIPlayerDesktop\data\蔡扬的\train\train_0152.json,143,1,True,1,9,1,8,T,-27.811775732264305,-30,4.390243902439025,0.0,1.0,2,0.0,90,12,deltaR
train_0152,C:\Users\tao20\Desktop\Algorithm\AIPlayerDesktop\data\蔡扬的\train\train_0152.json,143,2,False,2,9,2,8, ,-28.631775732264305,-30,4.390243902439025,0.0,1.0,3,0.0,90,12,deltaR
train_0152,C:\Users\tao20\Desktop\Algorithm\AIPlayerDesktop\data\蔡扬的\train\train_0152.json,143,3,False,8,9,8,8,T,-36.831775732264305,-30,4.390243902439025,0.0,1.0,13,0.0,90,12,deltaR
train_0152,C:\Users\tao20\Desktop\Algorithm\AIPlayerDesktop\data\蔡扬的\train\train_0152.json,143,4,False,11,5,11,4,T,-43.12,-30,0.0,0.0,1.0,16,0.0,90,0,deltaR
train_0152,C:\Users\tao20\Desktop\Algorithm\AIPlayerDesktop\data\蔡扬的\train\train_0152.json,143,5,False,5,5,5,4, ,-1e+18,0,0.0,0.0,1.0,14,0.0,120,0,pathLen
train_0152,C:\Users\tao20\Desktop\Algorithm\AIPlayerDesktop\data\蔡扬的\train\train_0152.json,143,6,False,7,5,7,4, ,-1e+18,0,0.0,0.0,1.0,16,0.0,120,0,pathLen
train_0152,C:\Users\tao20\Desktop\Algorithm\AIPlayerDesktop\data\蔡扬的\train\train_0152.json,144,1,True,1,9,1,8,T,-26.99177326313132,-30,4.390243902439025,0.0,1.0,1,0.0,90,12,deltaR
train_0152,C:\Users\tao20\Desktop\Algorithm\AIPlayerDesktop\data\蔡扬的\train\train_0152.json,144,2,False,2,9,2,8, ,-27.81177326313132,-30,4.390243902439025,0.0,1.0,2,0.0,90,12,deltaR
train_0152,C:\Users\tao20\Desktop\Algorithm\AIPlayerDesktop\data\蔡扬的\train\train_0152.json,144,3,False,8,9,8,8,T,-37.65177326313132,-30,4.390243902439025,0.0,1.0,14,0.0,90,12,deltaR
train_0152,C:\Users\tao20\Desktop\Algorithm\AIPlayerDesktop\data\蔡扬的\train\train_0152.json,144,4,False,11,5,11,4,T,-43.94,-30,0.0,0.0,1.0,17,0.0,90,0,deltaR
train_0152,C:\Users\tao20\Desktop\Algorithm\AIPlayerDesktop\data\蔡扬的\train\train_0152.json,144,5,False,5,5,5,4, ,-1e+18,0,0.0,0.0,1.0,15,0.0,120,0,pathLen
train_0152,C:\Users\tao20\Desktop\Algorithm\AIPlayerDesktop\data\蔡扬的\train\train_0152.json,144,6,False,7,5,7,4, ,-1e+18,0,0.0,0.0,1.0,17,0.0,120,0,pathLen
train_0152,C:\Users\tao20\Desktop\Algorithm\AIPlayerDesktop\data\蔡扬的\train\train_0152.json,145,1,True,1,10,1,9, ,2.932579606017093,0,4.311377245508984,0.0,1.0,1,0.0,90,12,Iproxy
train_0152,C:\Users\tao20\Desktop\Algorithm\AIPlayerDesktop\data\蔡扬的\train\train_0152.json,145,2,False,2,9,2,8, ,2.932579606017093,0,4.311377245508984,0.0,1.0,1,0.0,90,12,Iproxy
train_0152,C:\Users\tao20\Desktop\Algorithm\AIPlayerDesktop\data\蔡扬的\train\train_0152.json,145,3,False,8,9,8,8,T,-38.547420393982904,-30,4.311377245508984,0.0,1.0,15,0.0,60,12,deltaR
train_0152,C:\Users\tao20\Desktop\Algorithm\AIPlayerDesktop\data\蔡扬的\train\train_0152.json,145,4,False,11,5,11,4,T,-44.76,-30,0.0,0.0,1.0,18,0.0,60,0,deltaR
train_0152,C:\Users\tao20\Desktop\Algorithm\AIPlayerDesktop\data\蔡扬的\train\train_0152.json,145,5,False,5,5,5,4, ,-1e+18,0,0.0,0.0,1.0,16,0.0,90,0,pathLen
train_0152,C:\Users\tao20\Desktop\Algorithm\AIPlayerDesktop\data\蔡扬的\train\train_0152.json,145,6,False,7,5,7,4, ,-1e+18,0,0.0,0.0,1.0,18,0.0,90,0,pathLen
train_0152,C:\Users\tao20\Desktop\Algorithm\AIPlayerDesktop\data\蔡扬的\train\train_0152.json,146,1,True,1,11,1,10, ,2.8541579858006227,0,4.235294117647061,0.0,1.0,1,0.0,90,12,Iproxy
train_0152,C:\Users\tao20\Desktop\Algorithm\AIPlayerDesktop\data\蔡扬的\train\train_0152.json,146,2,False,2,9,2,8, ,2.034157985800623,0,4.235294117647061,0.0,1.0,2,0.0,90,12,Iproxy
train_0152,C:\Users\tao20\Desktop\Algorithm\AIPlayerDesktop\data\蔡扬的\train\train_0152.json,146,3,False,2,11,2,10, ,2.034157985800623,0,4.235294117647061,0.0,1.0,2,0.0,90,12,Iproxy
train_0152,C:\Users\tao20\Desktop\Algorithm\AIPlayerDesktop\data\蔡扬的\train\train_0152.json,146,4,False,8,9,8,8,T,-39.44584201419938,-30,4.235294117647061,0.0,1.0,16,0.0,60,12,deltaR
train_0152,C:\Users\tao20\Desktop\Algorithm\AIPlayerDesktop\data\蔡扬的\train\train_0152.json,146,5,False,11,5,11,4,T,-45.58,-30,0.0,0.0,1.0,19,0.0,60,0,deltaR
train_0152,C:\Users\tao20\Desktop\Algorithm\AIPlayerDesktop\data\蔡扬的\train\train_0152.json,146,6,False,5,5,5,4, ,-1e+18,0,0.0,0.0,1.0,17,0.0,90,0,pathLen
train_0152,C:\Users\tao20\Desktop\Algorithm\AIPlayerDesktop\data\蔡扬的\train\train_0152.json,146,7,False,7,5,7,4, ,-1e+18,0,0.0,0.0,1.0,19,0.0,90,0,pathLen
train_0152,C:\Users\tao20\Desktop\Algorithm\AIPlayerDesktop\data\蔡扬的\train\train_0152.json,147,1,True,1,12,1,11, ,2.774140432439616,0,4.161849710982657,0.0,1.0,1,0.0,90,12,Iproxy
train_0152,C:\Users\tao20\Desktop\Algorithm\AIPlayerDesktop\data\蔡扬的\train\train_0152.json,147,2,False,2,11,2,10, ,2.774140432439616,0,4.161849710982657,0.0,1.0,1,0.0,90,12,Iproxy
train_0152,C:\Users\tao20\Desktop\Algorithm\AIPlayerDesktop\data\蔡扬的\train\train_0152.json,147,3,False,2,9,2,8, ,1.134140432439616,0,4.161849710982657,0.0,1.0,3,0.0,90,12,Iproxy
train_0152,C:\Users\tao20\Desktop\Algorithm\AIPlayerDesktop\data\蔡扬的\train\train_0152.json,147,4,False,8,9,8,8,T,-40.34585956756038,-30,4.161849710982657,0.0,1.0,17,0.0,60,12,deltaR
train_0152,C:\Users\tao20\Desktop\Algorithm\AIPlayerDesktop\data\蔡扬的\train\train_0152.json,147,5,False,11,5,11,4,T,-46.4,-30,0.0,0.0,1.0,20,0.0,60,0,deltaR
train_0152,C:\Users\tao20\Desktop\Algorithm\AIPlayerDesktop\data\蔡扬的\train\train_0152.json,147,6,False,5,5,5,4, ,-1e+18,0,0.0,0.0,1.0,18,0.0,90,0,pathLen
train_0152,C:\Users\tao20\Desktop\Algorithm\AIPlayerDesktop\data\蔡扬的\train\train_0152.json,147,7,False,7,5,7,4, ,-1e+18,0,0.0,0.0,1.0,20,0.0,90,0,pathLen
train_0152,C:\Users\tao20\Desktop\Algorithm\AIPlayerDesktop\data\蔡扬的\train\train_0152.json,148,1,True,1,13,1,12,G,56.213005417157476,50,8.181818181818182,0.0,1.0,1,0.0,140,12,deltaR
train_0152,C:\Users\tao20\Desktop\Algorithm\AIPlayerDesktop\data\蔡扬的\train\train_0152.json,148,2,False,2,11,2,10, ,20.76800541715748,0,8.181818181818182,12.5,1.0,2,0.0,90,12,tailGain
train_0152,C:\Users\tao20\Desktop\Algorithm\AIPlayerDesktop\data\蔡扬的\train\train_0152.json,148,3,False,2,9,2,8, ,14.00300541715748,0,8.181818181818182,8.333333333333334,1.0,4,0.0,90,12,tailGain
train_0152,C:\Users\tao20\Desktop\Algorithm\AIPlayerDesktop\data\蔡扬的\train\train_0152.json,148,4,False,5,5,5,4, ,-12.65142857142857,0,0.0,2.380952380952381,1.0,19,0.0,90,0,pathLen
train_0152,C:\Users\tao20\Desktop\Algorithm\AIPlayerDesktop\data\蔡扬的\train\train_0152.json,148,5,False,7,5,7,4, ,-14.546086956521737,0,0.0,2.1739130434782608,1.0,21,0.0,90,0,pathLen
train_0152,C:\Users\tao20\Desktop\Algorithm\AIPlayerDesktop\data\蔡扬的\train\train_0152.json,148,6,False,8,9,8,8,T,-34.65199458284252,-30,8.181818181818182,2.5,1.0,18,0.0,60,12,deltaR
train_0152,C:\Users\tao20\Desktop\Algorithm\AIPlayerDesktop\data\蔡扬的\train\train_0152.json,148,7,False,11,5,11,4,T,-44.546086956521734,-30,0.0,2.1739130434782608,1.0,21,0.0,60,0,deltaR
train_0152,C:\Users\tao20\Desktop\Algorithm\AIPlayerDesktop\data\蔡扬的\train\train_0152.json,149,1,True,2,11,2,10, ,4.416173265852653,0,8.04469273743017,0.0,1.0,3,0.0,140,12,Iproxy
train_0152,C:\Users\tao20\Desktop\Algorithm\AIPlayerDesktop\data\蔡扬的\train\train_0152.json,149,2,False,2,9,2,8, ,2.7761732658526537,0,8.04469273743017,0.0,1.0,5,0.0,140,12,Iproxy
train_0152,C:\Users\tao20\Desktop\Algorithm\AIPlayerDesktop\data\蔡扬的\train\train_0152.json,149,3,False,8,9,8,8,T,-38.70382673414734,-30,8.04469273743017,0.0,1.0,19,0.0,110,12,deltaR
train_0152,C:\Users\tao20\Desktop\Algorithm\AIPlayerDesktop\data\蔡扬的\train\train_0152.json,149,4,False,11,5,11,4,T,-48.04,-30,0.0,0.0,1.0,22,0.0,110,0,deltaR
train_0152,C:\Users\tao20\Desktop\Algorithm\AIPlayerDesktop\data\蔡扬的\train\train_0152.json,149,5,False,5,5,5,4, ,-1e+18,0,0.0,0.0,1.0,20,0.0,140,0,pathLen
train_0152,C:\Users\tao20\Desktop\Algorithm\AIPlayerDesktop\data\蔡扬的\train\train_0152.json,149,6,False,7,5,7,4, ,-1e+18,0,0.0,0.0,1.0,22,0.0,140,0,pathLen
train_0152,C:\Users\tao20\Desktop\Algorithm\AIPlayerDesktop\data\蔡扬的\train\train_0152.json,150,1,True,2,11,2,10, ,5.205004824144982,0,8.04469273743017,0.0,1.0,2,0.0,140,12,Iproxy
train_0152,C:\Users\tao20\Desktop\Algorithm\AIPlayerDesktop\data\蔡扬的\train\train_0152.json,150,2,False,2,9,2,8, ,3.565004824144982,0,8.04469273743017,0.0,1.0,4,0.0,140,12,Iproxy
train_0152,C:\Users\tao20\Desktop\Algorithm\AIPlayerDesktop\data\蔡扬的\train\train_0152.json,150,3,False,8,9,8,8,T,-37.91499517585502,-30,8.04469273743017,0.0,1.0,18,0.0,110,12,deltaR
train_0152,C:\Users\tao20\Desktop\Algorithm\AIPlayerDesktop\data\蔡扬的\train\train_0152.json,150,4,False,11,5,11,4,T,-47.22,-30,0.0,0.0,1.0,21,0.0,110,0,deltaR
train_0152,C:\Users\tao20\Desktop\Algorithm\AIPlayerDesktop\data\蔡扬的\train\train_0152.json,150,5,False,5,5,5,4, ,-1e+18,0,0.0,0.0,1.0,19,0.0,140,0,pathLen
train_0152,C:\Users\tao20\Desktop\Algorithm\AIPlayerDesktop\data\蔡扬的\train\train_0152.json,150,6,False,7,5,7,4, ,-1e+18,0,0.0,0.0,1.0,21,0.0,140,0,pathLen
train_0152,C:\Users\tao20\Desktop\Algorithm\AIPlayerDesktop\data\蔡扬的\train\train_0152.json,151,1,True,2,11,2,10, ,6.000070070778846,0,8.04469273743017,0.0,1.0,1,0.0,140,12,Iproxy
train_0152,C:\Users\tao20\Desktop\Algorithm\AIPlayerDesktop\data\蔡扬的\train\train_0152.json,151,2,False,2,9,2,8, ,4.360070070778846,0,8.04469273743017,0.0,1.0,3,0.0,140,12,Iproxy
train_0152,C:\Users\tao20\Desktop\Algorithm\AIPlayerDesktop\data\蔡扬的\train\train_0152.json,151,3,False,8,9,8,8,T,-37.11992992922115,-30,8.04469273743017,0.0,1.0,17,0.0,110,12,deltaR
train_0152,C:\Users\tao20\Desktop\Algorithm\AIPlayerDesktop\data\蔡扬的\train\train_0152.json,151,4,False,11,5,11,4,T,-46.4,-30,0.0,0.0,1.0,20,0.0,110,0,deltaR
train_0152,C:\Users\tao20\Desktop\Algorithm\AIPlayerDesktop\data\蔡扬的\train\train_0152.json,151,5,False,5,5,5,4, ,-1e+18,0,0.0,0.0,1.0,18,0.0,140,0,pathLen
train_0152,C:\Users\tao20\Desktop\Algorithm\AIPlayerDesktop\data\蔡扬的\train\train_0152.json,151,6,False,7,5,7,4, ,-1e+18,0,0.0,0.0,1.0,20,0.0,140,0,pathLen
train_0152,C:\Users\tao20\Desktop\Algorithm\AIPlayerDesktop\data\蔡扬的\train\train_0152.json,152,1,True,3,11,3,10, ,5.854992861550533,0,7.912087912087912,0.0,1.0,1,0.0,140,12,Iproxy
train_0152,C:\Users\tao20\Desktop\Algorithm\AIPlayerDesktop\data\蔡扬的\train\train_0152.json,152,2,False,3,12,3,11, ,5.034992861550534,0,7.912087912087912,0.0,1.0,2,0.0,140,12,Iproxy
train_0152,C:\Users\tao20\Desktop\Algorithm\AIPlayerDesktop\data\蔡扬的\train\train_0152.json,152,3,False,2,9,2,8, ,-2.7237505948707885,0,0.6593406593406594,0.0,1.0,4,0.0,140,1,pathLen
train_0152,C:\Users\tao20\Desktop\Algorithm\AIPlayerDesktop\data\蔡扬的\train\train_0152.json,152,4,False,8,9,8,8,T,-38.08500713844946,-30,7.912087912087912,0.0,1.0,18,0.0,110,12,deltaR
train_0152,C:\Users\tao20\Desktop\Algorithm\AIPlayerDesktop\data\蔡扬的\train\train_0152.json,152,5,False,11,5,11,4,T,-47.22,-30,0.0,0.0,1.0,21,0.0,110,0,deltaR
train_0152,C:\Users\tao20\Desktop\Algorithm\AIPlayerDesktop\data\蔡扬的\train\train_0152.json,152,6,False,5,5,5,4, ,-1e+18,0,0.0,0.0,1.0,19,0.0,140,0,pathLen
train_0152,C:\Users\tao20\Desktop\Algorithm\AIPlayerDesktop\data\蔡扬的\train\train_0152.json,152,7,False,7,5,7,4, ,-1e+18,0,0.0,0.0,1.0,21,0.0,140,0,pathLen
train_0152,C:\Users\tao20\Desktop\Algorithm\AIPlayerDesktop\data\蔡扬的\train\train_0152.json,153,1,True,3,12,3,11, ,5.747967905773783,0,7.82608695652174,0.0,1.0,1,0.0,140,12,Iproxy
train_0152,C:\Users\tao20\Desktop\Algorithm\AIPlayerDesktop\data\蔡扬的\train\train_0152.json,153,2,False,4,11,4,10, ,5.747967905773783,0,7.82608695652174,0.0,1.0,1,0.0,140,12,Iproxy
train_0152,C:\Users\tao20\Desktop\Algorithm\AIPlayerDesktop\data\蔡扬的\train\train_0152.json,153,3,False,2,9,2,8, ,-3.552669341185518,0,0.6521739130434784,0.0,1.0,5,0.0,140,1,pathLen
train_0152,C:\Users\tao20\Desktop\Algorithm\AIPlayerDesktop\data\蔡扬的\train\train_0152.json,153,4,False,8,9,8,8,T,-39.012032094226214,-30,7.82608695652174,0.0,1.0,19,0.0,110,12,deltaR
train_0152,C:\Users\tao20\Desktop\Algorithm\AIPlayerDesktop\data\蔡扬的\train\train_0152.json,153,5,False,11,5,11,4,T,-48.04,-30,0.0,0.0,1.0,22,0.0,110,0,deltaR
train_0152,C:\Users\tao20\Desktop\Algorithm\AIPlayerDesktop\data\蔡扬的\train\train_0152.json,153,6,False,5,5,5,4, ,-1e+18,0,0.0,0.0,1.0,20,0.0,140,0,pathLen
train_0152,C:\Users\tao20\Desktop\Algorithm\AIPlayerDesktop\data\蔡扬的\train\train_0152.json,153,7,False,7,5,7,4, ,-1e+18,0,0.0,0.0,1.0,22,0.0,140,0,pathLen
train_0152,C:\Users\tao20\Desktop\Algorithm\AIPlayerDesktop\data\蔡扬的\train\train_0152.json,154,1,True,3,13,3,12, ,5.641507012372738,0,7.741935483870966,0.0,1.0,1,0.0,140,12,Iproxy
train_0152,C:\Users\tao20\Desktop\Algorithm\AIPlayerDesktop\data\蔡扬的\train\train_0152.json,154,2,False,4,11,4,10, ,4.821507012372739,0,7.741935483870966,0.0,1.0,2,0.0,140,12,Iproxy
train_0152,C:\Users\tao20\Desktop\Algorithm\AIPlayerDesktop\data\蔡扬的\train\train_0152.json,154,3,False,2,9,2,8, ,-4.381541082302272,0,0.6451612903225805,0.0,1.0,6,0.0,140,1,pathLen
train_0152,C:\Users\tao20\Desktop\Algorithm\AIPlayerDesktop\data\蔡扬的\train\train_0152.json,154,4,False,8,9,8,8,T,-39.93849298762726,-30,7.741935483870966,0.0,1.0,20,0.0,110,12,deltaR
train_0152,C:\Users\tao20\Desktop\Algorithm\AIPlayerDesktop\data\蔡扬的\train\train_0152.json,154,5,False,11,5,11,4,T,-48.86,-30,0.0,0.0,1.0,23,0.0,110,0,deltaR
train_0152,C:\Users\tao20\Desktop\Algorithm\AIPlayerDesktop\data\蔡扬的\train\train_0152.json,154,6,False,5,5,5,4, ,-1e+18,0,0.0,0.0,1.0,21,0.0,140,0,pathLen
train_0152,C:\Users\tao20\Desktop\Algorithm\AIPlayerDesktop\data\蔡扬的\train\train_0152.json,154,7,False,7,5,7,4, ,-1e+18,0,0.0,0.0,1.0,23,0.0,140,0,pathLen
train_0152,C:\Users\tao20\Desktop\Algorithm\AIPlayerDesktop\data\蔡扬的\train\train_0152.json,155,1,True,4,11,4,10, ,3.895914469195427,0,7.659574468085106,0.0,1.0,3,0.0,140,12,Iproxy
train_0152,C:\Users\tao20\Desktop\Algorithm\AIPlayerDesktop\data\蔡扬的\train\train_0152.json,155,2,False,2,9,2,8, ,-5.2103404609003805,0,0.6382978723404256,0.0,1.0,7,0.0,140,1,pathLen
train_0152,C:\Users\tao20\Desktop\Algorithm\AIPlayerDesktop\data\蔡扬的\train\train_0152.json,155,3,False,8,9,8,8,T,-40.86408553080457,-30,7.659574468085106,0.0,1.0,21,0.0,110,12,deltaR
train_0152,C:\Users\tao20\Desktop\Algorithm\AIPlayerDesktop\data\蔡扬的\train\train_0152.json,155,4,False,11,5,11,4,T,-49.68,-30,0.0,0.0,1.0,24,0.0,110,0,deltaR
train_0152,C:\Users\tao20\Desktop\Algorithm\AIPlayerDesktop\data\蔡扬的\train\train_0152.json,155,5,False,5,5,5,4, ,-1e+18,0,0.0,0.0,1.0,22,0.0,140,0,pathLen
train_0152,C:\Users\tao20\Desktop\Algorithm\AIPlayerDesktop\data\蔡扬的\train\train_0152.json,155,6,False,7,5,7,4, ,-1e+18,0,0.0,0.0,1.0,24,0.0,140,0,pathLen
train_0152,C:\Users\tao20\Desktop\Algorithm\AIPlayerDesktop\data\蔡扬的\train\train_0152.json,156,1,True,4,11,4,10, ,4.686431983695049,0,7.659574468085106,0.0,1.0,2,0.0,140,12,Iproxy
train_0152,C:\Users\tao20\Desktop\Algorithm\AIPlayerDesktop\data\蔡扬的\train\train_0152.json,156,2,False,2,9,2,8, ,-4.392797334692079,0,0.6382978723404256,0.0,1.0,6,0.0,140,1,pathLen
train_0152,C:\Users\tao20\Desktop\Algorithm\AIPlayerDesktop\data\蔡扬的\train\train_0152.json,156,3,False,8,9,8,8,T,-40.07356801630495,-30,7.659574468085106,0.0,1.0,20,0.0,110,12,deltaR
train_0152,C:\Users\tao20\Desktop\Algorithm\AIPlayerDesktop\data\蔡扬的\train\train_0152.json,156,4,False,11,5,11,4,T,-48.86,-30,0.0,0.0,1.0,23,0.0,110,0,deltaR
train_0152,C:\Users\tao20\Desktop\Algorithm\AIPlayerDesktop\data\蔡扬的\train\train_0152.json,156,5,False,5,5,5,4, ,-1e+18,0,0.0,0.0,1.0,21,0.0,140,0,pathLen
train_0152,C:\Users\tao20\Desktop\Algorithm\AIPlayerDesktop\data\蔡扬的\train\train_0152.json,156,6,False,7,5,7,4, ,-1e+18,0,0.0,0.0,1.0,23,0.0,140,0,pathLen
train_0152,C:\Users\tao20\Desktop\Algorithm\AIPlayerDesktop\data\蔡扬的\train\train_0152.json,157,1,True,4,11,4,10, ,5.482845995294745,0,7.659574468085106,0.0,1.0,1,0.0,140,12,Iproxy
train_0152,C:\Users\tao20\Desktop\Algorithm\AIPlayerDesktop\data\蔡扬的\train\train_0152.json,157,2,False,2,9,2,8, ,-3.5747628337254373,0,0.6382978723404256,0.0,1.0,5,0.0,140,1,pathLen
train_0152,C:\Users\tao20\Desktop\Algorithm\AIPlayerDesktop\data\蔡扬的\train\train_0152.json,157,3,False,8,9,8,8,T,-39.27715400470525,-30,7.659574468085106,0.0,1.0,19,0.0,110,12,deltaR
train_0152,C:\Users\tao20\Desktop\Algorithm\AIPlayerDesktop\data\蔡扬的\train\train_0152.json,157,4,False,11,5,11,4,T,-48.04,-30,0.0,0.0,1.0,22,0.0,110,0,deltaR
train_0152,C:\Users\tao20\Desktop\Algorithm\AIPlayerDesktop\data\蔡扬的\train\train_0152.json,157,5,False,5,5,5,4, ,-1e+18,0,0.0,0.0,1.0,20,0.0,140,0,pathLen
train_0152,C:\Users\tao20\Desktop\Algorithm\AIPlayerDesktop\data\蔡扬的\train\train_0152.json,157,6,False,7,5,7,4, ,-1e+18,0,0.0,0.0,1.0,22,0.0,140,0,pathLen
train_0152,C:\Users\tao20\Desktop\Algorithm\AIPlayerDesktop\data\蔡扬的\train\train_0152.json,158,1,True,5,12,5,11,G,57.68207398178155,50,11.368421052631579,0.0,1.0,2,0.0,190,12,deltaR
train_0152,C:\Users\tao20\Desktop\Algorithm\AIPlayerDesktop\data\蔡扬的\train\train_0152.json,158,2,False,5,11,5,10, ,29.93,0,0.0,25.0,1.0,1,0.0,140,0,tailGain
train_0152,C:\Users\tao20\Desktop\Algorithm\AIPlayerDesktop\data\蔡扬的\train\train_0152.json,158,3,False,2,9,2,8, ,2.6901728318151292,0,0.9473684210526316,5.555555555555555,1.0,6,0.0,140,1,pathLen
train_0152,C:\Users\tao20\Desktop\Algorithm\AIPlayerDesktop\data\蔡扬的\train\train_0152.json,158,4,False,5,5,5,4, ,-14.657499999999999,0,0.0,2.0833333333333335,1.0,21,0.0,140,0,pathLen
train_0152,C:\Users\tao20\Desktop\Algorithm\AIPlayerDesktop\data\蔡扬的\train\train_0152.json,158,5,False,7,5,7,4, ,-16.494615384615383,0,0.0,1.9230769230769231,1.0,23,0.0,140,0,pathLen
train_0152,C:\Users\tao20\Desktop\Algorithm\AIPlayerDesktop\data\蔡扬的\train\train_0152.json,158,6,False,8,9,8,8,T,-34.40401297474018,-30,11.368421052631579,2.1739130434782608,1.0,20,0.0,110,12,deltaR
train_0152,C:\Users\tao20\Desktop\Algorithm\AIPlayerDesktop\data\蔡扬的\train\train_0152.json,158,7,False,11,5,11,4,T,-46.494615384615386,-30,0.0,1.9230769230769231,1.0,23,0.0,110,0,deltaR
train_0152,C:\Users\tao20\Desktop\Algorithm\AIPlayerDesktop\data\蔡扬的\train\train_0152.json,159,1,True,5,12,5,11,G,58.47593286963576,50,11.368421052631579,0.0,1.0,1,0.0,190,12,deltaR
train_0152,C:\Users\tao20\Desktop\Algorithm\AIPlayerDesktop\data\蔡扬的\train\train_0152.json,159,2,False,2,9,2,8, ,1.867994405802981,0,0.9473684210526316,5.555555555555555,1.0,7,0.0,140,1,pathLen
train_0152,C:\Users\tao20\Desktop\Algorithm\AIPlayerDesktop\data\蔡扬的\train\train_0152.json,159,3,False,5,5,5,4, ,-15.4775,0,0.0,2.0833333333333335,1.0,22,0.0,140,0,pathLen
train_0152,C:\Users\tao20\Desktop\Algorithm\AIPlayerDesktop\data\蔡扬的\train\train_0152.json,159,4,False,7,5,7,4, ,-17.314615384615383,0,0.0,1.9230769230769231,1.0,24,0.0,140,0,pathLen
train_0152,C:\Users\tao20\Desktop\Algorithm\AIPlayerDesktop\data\蔡扬的\train\train_0152.json,159,5,False,8,9,8,8,T,-35.25015408688597,-30,11.368421052631579,2.1739130434782608,1.0,21,0.0,110,12,deltaR
train_0152,C:\Users\tao20\Desktop\Algorithm\AIPlayerDesktop\data\蔡扬的\train\train_0152.json,159,6,False,11,5,11,4,T,-47.31461538461538,-30,0.0,1.9230769230769231,1.0,24,0.0,110,0,deltaR
train_0152,C:\Users\tao20\Desktop\Algorithm\AIPlayerDesktop\data\蔡扬的\train\train_0152.json,160,1,True,5,13,5,12, ,8.198098133098378,0,11.25,0.0,1.1801242162725205,1,0.0,190,12,Iproxy
train_0152,C:\Users\tao20\Desktop\Algorithm\AIPlayerDesktop\data\蔡扬的\train\train_0152.json,160,2,False,6,13,6,12, ,7.230396275754912,0,11.25,0.0,1.1801242162725205,2,0.0,190,12,Iproxy
train_0152,C:\Users\tao20\Desktop\Algorithm\AIPlayerDesktop\data\蔡扬的\train\train_0152.json,160,3,False,2,9,2,8, ,-6.9777981928775805,0,0.9375,0.0,1.1801242162725205,8,0.0,190,1,pathLen
train_0152,C:\Users\tao20\Desktop\Algorithm\AIPlayerDesktop\data\蔡扬的\train\train_0152.json,160,4,False,8,9,8,8,T,-42.12364087111442,-30,11.25,0.0,1.1801242162725205,22,0.0,160,12,deltaR
train_0152,C:\Users\tao20\Desktop\Algorithm\AIPlayerDesktop\data\蔡扬的\train\train_0152.json,160,5,False,11,5,11,4,T,-54.19254643358667,-30,0.0,0.0,1.1801242162725205,25,0.0,160,0,deltaR
train_0152,C:\Users\tao20\Desktop\Algorithm\AIPlayerDesktop\data\蔡扬的\train\train_0152.json,160,6,False,5,5,5,4, ,-1e+18,0,0.0,0.0,1.1801242162725205,23,0.0,190,0,pathLen
train_0152,C:\Users\tao20\Desktop\Algorithm\AIPlayerDesktop\data\蔡扬的\train\train_0152.json,160,7,False,7,5,7,4, ,-1e+18,0,0.0,0.0,1.1801242162725205,25,0.0,190,0,pathLen
train_0152,C:\Users\tao20\Desktop\Algorithm\AIPlayerDesktop\data\蔡扬的\train\train_0152.json,161,1,True,6,13,6,12, ,8.070710948364784,0,11.134020618556702,0.0,1.1728394989330895,1,0.0,190,12,Iproxy
train_0152,C:\Users\tao20\Desktop\Algorithm\AIPlayerDesktop\data\蔡扬的\train\train_0152.json,161,2,False,2,9,2,8, ,-7.90285222400204,0,0.9278350515463919,0.0,1.1728394989330895,9,0.0,190,1,pathLen
train_0152,C:\Users\tao20\Desktop\Algorithm\AIPlayerDesktop\data\蔡扬的\train\train_0152.json,161,3,False,8,9,8,8,T,-43.087313612388144,-30,11.134020618556702,0.0,1.1728394989330895,23,0.0,160,12,deltaR
train_0152,C:\Users\tao20\Desktop\Algorithm\AIPlayerDesktop\data\蔡扬的\train\train_0152.json,161,4,False,11,5,11,4,T,-55.00493811725347,-30,0.0,0.0,1.1728394989330895,26,0.0,160,0,pathLen
train_0152,C:\Users\tao20\Desktop\Algorithm\AIPlayerDesktop\data\蔡扬的\train\train_0152.json,161,5,False,5,5,5,4, ,-1e+18,0,0.0,0.0,1.1728394989330895,24,0.0,190,0,pathLen
train_0152,C:\Users\tao20\Desktop\Algorithm\AIPlayerDesktop\data\蔡扬的\train\train_0152.json,161,6,False,7,5,7,4, ,-1e+18,0,0.0,0.0,1.1728394989330895,26,0.0,190,0,pathLen
train_0152,C:\Users\tao20\Desktop\Algorithm\AIPlayerDesktop\data\蔡扬的\train\train_0152.json,162,1,True,7,13,7,12, ,7.941265616656497,0,11.020408163265303,0.0,1.1656441646279498,1,0.0,190,12,Iproxy
train_0152,C:\Users\tao20\Desktop\Algorithm\AIPlayerDesktop\data\蔡扬的\train\train_0152.json,162,2,False,2,9,2,8, ,-8.816857663978237,0,0.9183673469387753,0.0,1.1656441646279498,10,0.0,190,1,pathLen
train_0152,C:\Users\tao20\Desktop\Algorithm\AIPlayerDesktop\data\蔡扬的\train\train_0152.json,162,3,False,8,9,8,8,T,-44.04278332822663,-30,11.020408163265303,0.0,1.1656441646279498,24,0.0,160,12,deltaR
train_0152,C:\Users\tao20\Desktop\Algorithm\AIPlayerDesktop\data\蔡扬的\train\train_0152.json,162,4,False,11,5,11,4,T,-55.80736180486281,-30,0.0,0.0,1.1656441646279498,27,0.0,160,0,pathLen
train_0152,C:\Users\tao20\Desktop\Algorithm\AIPlayerDesktop\data\蔡扬的\train\train_0152.json,162,5,False,5,5,5,4, ,-1e+18,0,0.0,0.0,1.1656441646279498,25,0.0,190,0,pathLen
train_0152,C:\Users\tao20\Desktop\Algorithm\AIPlayerDesktop\data\蔡扬的\train\train_0152.json,162,6,False,7,5,7,4, ,-1e+18,0,0.0,0.0,1.1656441646279498,27,0.0,190,0,pathLen
train_0152,C:\Users\tao20\Desktop\Algorithm\AIPlayerDesktop\data\蔡扬的\train\train_0152.json,163,1,True,8,13,8,12, ,7.810730412334349,0,10.90909090909091,0.0,1.1585365783016062,1,0.0,190,12,Iproxy
train_0152,C:\Users\tao20\Desktop\Algorithm\AIPlayerDesktop\data\蔡扬的\train\train_0152.json,163,2,False,2,9,2,8, ,-9.71993906906868,0,0.9090909090909092,0.0,1.1585365783016062,11,0.0,190,1,pathLen
train_0152,C:\Users\tao20\Desktop\Algorithm\AIPlayerDesktop\data\蔡扬的\train\train_0152.json,163,3,False,8,9,8,8,T,-44.98926944864125,-30,10.90909090909091,0.0,1.1585365783016062,25,0.0,160,12,deltaR
train_0152,C:\Users\tao20\Desktop\Algorithm\AIPlayerDesktop\data\蔡扬的\train\train_0152.json,163,4,False,11,5,11,4,T,-56.59999983780487,-30,0.0,0.0,1.1585365783016062,28,0.0,160,0,pathLen
train_0152,C:\Users\tao20\Desktop\Algorithm\AIPlayerDesktop\data\蔡扬的\train\train_0152.json,163,5,False,5,5,5,4, ,-1e+18,0,0.0,0.0,1.1585365783016062,26,0.0,190,0,pathLen
train_0152,C:\Users\tao20\Desktop\Algorithm\AIPlayerDesktop\data\蔡扬的\train\train_0152.json,163,6,False,7,5,7,4, ,-1e+18,0,0.0,0.0,1.1585365783016062,28,0.0,190,0,pathLen
train_0152,C:\Users\tao20\Desktop\Algorithm\AIPlayerDesktop\data\蔡扬的\train\train_0152.json,164,1,True,9,13,9,12, ,7.630870923292479,0,10.746268656716415,0.0,1.151515144536272,1,0.0,190,12,Iproxy
train_0152,C:\Users\tao20\Desktop\Algorithm\AIPlayerDesktop\data\蔡扬的\train\train_0152.json,164,2,False,2,9,2,8, ,-10.616316243752562,0,0.8955223880597013,0.0,1.151515144536272,12,0.0,190,1,pathLen
train_0152,C:\Users\tao20\Desktop\Algorithm\AIPlayerDesktop\data\蔡扬的\train\train_0152.json,164,3,False,8,9,8,8,T,-45.97518953970109,-30,10.746268656716415,0.0,1.151515144536272,26,0.0,160,12,deltaR
train_0152,C:\Users\tao20\Desktop\Algorithm\AIPlayerDesktop\data\蔡扬的\train\train_0152.json,164,4,False,11,5,11,4,T,-57.383030137072545,-30,0.0,0.0,1.151515144536272,29,0.0,160,0,pathLen
train_0152,C:\Users\tao20\Desktop\Algorithm\AIPlayerDesktop\data\蔡扬的\train\train_0152.json,164,5,False,5,5,5,4, ,-1e+18,0,0.0,0.0,1.151515144536272,27,0.0,190,0,pathLen
train_0152,C:\Users\tao20\Desktop\Algorithm\AIPlayerDesktop\data\蔡扬的\train\train_0152.json,164,6,False,7,5,7,4, ,-1e+18,0,0.0,0.0,1.151515144536272,29,0.0,190,0,pathLen
train_0152,C:\Users\tao20\Desktop\Algorithm\AIPlayerDesktop\data\蔡扬的\train\train_0152.json,165,1,True,10,13,10,12, ,7.44920912550465,0,10.588235294117647,0.0,1.144578306357962,1,0.0,190,12,Iproxy
train_0152,C:\Users\tao20\Desktop\Algorithm\AIPlayerDesktop\data\蔡扬的\train\train_0152.json,165,2,False,2,9,2,8, ,-11.502224467716026,0,0.8823529411764705,0.0,1.144578306357962,13,0.0,190,1,pathLen
train_0152,C:\Users\tao20\Desktop\Algorithm\AIPlayerDesktop\data\蔡扬的\train\train_0152.json,165,3,False,8,9,8,8,T,-46.9532003660471,-30,10.588235294117647,0.0,1.144578306357962,27,0.0,160,12,pathLen
train_0152,C:\Users\tao20\Desktop\Algorithm\AIPlayerDesktop\data\蔡扬的\train\train_0152.json,165,4,False,11,5,11,4,T,-58.156626336405864,-30,0.0,0.0,1.144578306357962,30,0.0,160,0,pathLen
train_0152,C:\Users\tao20\Desktop\Algorithm\AIPlayerDesktop\data\蔡扬的\train\train_0152.json,165,5,False,5,5,5,4, ,-1e+18,0,0.0,0.0,1.144578306357962,28,0.0,190,0,pathLen
train_0152,C:\Users\tao20\Desktop\Algorithm\AIPlayerDesktop\data\蔡扬的\train\train_0152.json,165,6,False,7,5,7,4, ,-1e+18,0,0.0,0.0,1.144578306357962,30,0.0,190,0,pathLen
train_0152,C:\Users\tao20\Desktop\Algorithm\AIPlayerDesktop\data\蔡扬的\train\train_0152.json,166,1,True,11,13,11,12, ,7.267191208605181,0,10.434782608695652,0.0,1.1377245440854817,1,0.0,190,12,Iproxy
train_0152,C:\Users\tao20\Desktop\Algorithm\AIPlayerDesktop\data\蔡扬的\train\train_0152.json,166,2,False,2,9,2,8, ,-12.377733988205057,0,0.8695652173913043,0.0,1.1377245440854817,14,0.0,190,1,pathLen
train_0152,C:\Users\tao20\Desktop\Algorithm\AIPlayerDesktop\data\蔡扬的\train\train_0152.json,166,3,False,8,9,8,8,T,-47.922030197447384,-30,10.434782608695652,0.0,1.1377245440854817,28,0.0,160,12,pathLen
train_0152,C:\Users\tao20\Desktop\Algorithm\AIPlayerDesktop\data\蔡扬的\train\train_0152.json,166,4,False,11,5,11,4,T,-58.920957910652945,-30,0.0,0.0,1.1377245440854817,31,0.0,160,0,pathLen
train_0152,C:\Users\tao20\Desktop\Algorithm\AIPlayerDesktop\data\蔡扬的\train\train_0152.json,166,5,False,5,5,5,4, ,-1e+18,0,0.0,0.0,1.1377245440854817,29,0.0,190,0,pathLen
train_0152,C:\Users\tao20\Desktop\Algorithm\AIPlayerDesktop\data\蔡扬的\train\train_0152.json,166,6,False,7,5,7,4, ,-1e+18,0,0.0,0.0,1.1377245440854817,31,0.0,190,0,pathLen
train_0152,C:\Users\tao20\Desktop\Algorithm\AIPlayerDesktop\data\蔡扬的\train\train_0152.json,167,1,True,12,13,12,12, ,7.0859126937409975,0,10.285714285714288,0.0,1.1309523742205216,1,0.0,190,12,Iproxy
train_0152,C:\Users\tao20\Desktop\Algorithm\AIPlayerDesktop\data\蔡扬的\train\train_0152.json,167,2,False,2,9,2,8, ,-13.242939732862265,0,0.8571428571428573,0.0,1.1309523742205216,15,0.0,190,1,pathLen
train_0152,C:\Users\tao20\Desktop\Algorithm\AIPlayerDesktop\data\蔡扬的\train\train_0152.json,167,3,False,8,9,8,8,T,-48.88075381836218,-30,10.285714285714288,0.0,1.1309523742205216,29,0.0,160,12,pathLen
train_0152,C:\Users\tao20\Desktop\Algorithm\AIPlayerDesktop\data\蔡扬的\train\train_0152.json,167,4,False,11,5,11,4,T,-59.67619029954649,-30,0.0,0.0,1.1309523742205216,32,0.0,160,0,pathLen
train_0152,C:\Users\tao20\Desktop\Algorithm\AIPlayerDesktop\data\蔡扬的\train\train_0152.json,167,5,False,5,5,5,4, ,-1e+18,0,0.0,0.0,1.1309523742205216,30,0.0,190,0,pathLen
train_0152,C:\Users\tao20\Desktop\Algorithm\AIPlayerDesktop\data\蔡扬的\train\train_0152.json,167,6,False,7,5,7,4, ,-1e+18,0,0.0,0.0,1.1309523742205216,32,0.0,190,0,pathLen
train_0152,C:\Users\tao20\Desktop\Algorithm\AIPlayerDesktop\data\蔡扬的\train\train_0152.json,168,1,True,13,13,13,12, ,6.916978263498626,0,10.140845070422538,0.0,1.1111111046133855,1,0.0,190,12,Iproxy
train_0152,C:\Users\tao20\Desktop\Algorithm\AIPlayerDesktop\data\蔡扬的\train\train_0152.json,168,2,False,2,9,2,8, ,-13.92543691175415,0,0.8450704225352115,0.0,1.1111111046133855,16,0.0,190,1,pathLen
train_0152,C:\Users\tao20\Desktop\Algorithm\AIPlayerDesktop\data\蔡扬的\train\train_0152.json,168,3,False,8,9,8,8,T,-49.50524380420768,-30,10.140845070422538,0.0,1.1111111046133855,30,0.0,160,12,pathLen
train_0152,C:\Users\tao20\Desktop\Algorithm\AIPlayerDesktop\data\蔡扬的\train\train_0152.json,168,4,False,11,5,11,4,T,-60.06666649083821,-30,0.0,0.0,1.1111111046133855,33,0.0,160,0,pathLen
train_0152,C:\Users\tao20\Desktop\Algorithm\AIPlayerDesktop\data\蔡扬的\train\train_0152.json,168,5,False,5,5,5,4, ,-1e+18,0,0.0,0.0,1.1111111046133855,31,0.0,190,0,pathLen
train_0152,C:\Users\tao20\Desktop\Algorithm\AIPlayerDesktop\data\蔡扬的\train\train_0152.json,168,6,False,7,5,7,4, ,-1e+18,0,0.0,0.0,1.1111111046133855,33,0.0,190,0,pathLen
train_0152,C:\Users\tao20\Desktop\Algorithm\AIPlayerDesktop\data\蔡扬的\train\train_0152.json,169,1,False,2,9,2,8, ,-14.851795378040629,0,0.8333333333333333,0.0,1.1111111046133855,17,0.0,190,1,pathLen
train_0152,C:\Users\tao20\Desktop\Algorithm\AIPlayerDesktop\data\蔡扬的\train\train_0152.json,169,2,False,8,9,8,8,T,-50.5993232360327,-30,10.0,0.0,1.1111111046133855,31,0.0,160,12,pathLen
train_0152,C:\Users\tao20\Desktop\Algorithm\AIPlayerDesktop\data\蔡扬的\train\train_0152.json,169,3,False,11,5,11,4,T,-60.97777759662118,-30,0.0,0.0,1.1111111046133855,34,0.0,160,0,pathLen
train_0152,C:\Users\tao20\Desktop\Algorithm\AIPlayerDesktop\data\蔡扬的\train\train_0152.json,169,4,False,5,5,5,4, ,-1e+18,0,0.0,0.0,1.1111111046133855,32,0.0,190,0,pathLen
train_0152,C:\Users\tao20\Desktop\Algorithm\AIPlayerDesktop\data\蔡扬的\train\train_0152.json,169,5,False,7,5,7,4, ,-1e+18,0,0.0,0.0,1.1111111046133855,34,0.0,190,0,pathLen
